direction,query,candidate,image_id,caption,p_match,pred_yes
t2i,Three people standing next to a large elephant,562207,562207,Three people standing next to a large elephant,0.000069,0
t2i,Three people standing next to a large elephant,132796,132796,Three people standing next to a large elephant,0.000118,0
t2i,Three people standing next to a large elephant,384468,384468,Three people standing next to a large elephant,0.000105,0
t2i,Three people standing next to a large elephant,183437,183437,Three people standing next to a large elephant,0.000048,0
t2i,Three people standing next to a large elephant,369037,369037,Three people standing next to a large elephant,0.000260,0
t2i,Three people standing next to a large elephant,183648,183648,Three people standing next to a large elephant,0.000181,0
t2i,Three people standing next to a large elephant,21903,21903,Three people standing next to a large elephant,0.000063,0
t2i,Three people standing next to a large elephant,347456,347456,Three people standing next to a large elephant,0.000031,0
t2i,Three people standing next to a large elephant,58384,58384,Three people standing next to a large elephant,0.000044,0
t2i,Three people standing next to a large elephant,415748,415748,Three people standing next to a large elephant,0.000051,0
t2i,Three people standing next to a large elephant,103723,103723,Three people standing next to a large elephant,0.000122,0
t2i,Three people standing next to a large elephant,368961,368961,Three people standing next to a large elephant,0.000067,0
t2i,Three people standing next to a large elephant,440171,440171,Three people standing next to a large elephant,0.000057,0
t2i,Three people standing next to a large elephant,346905,346905,Three people standing next to a large elephant,0.000174,0
t2i,Three people standing next to a large elephant,83113,83113,Three people standing next to a large elephant,0.000062,0
t2i,Three people standing next to a large elephant,414795,414795,Three people standing next to a large elephant,0.000037,0
t2i,Three people standing next to a large elephant,535156,535156,Three people standing next to a large elephant,0.000137,0
t2i,Three people standing next to a large elephant,24919,24919,Three people standing next to a large elephant,0.000039,0
t2i,Three people standing next to a large elephant,158945,158945,Three people standing next to a large elephant,0.000104,0
t2i,Three people standing next to a large elephant,320743,320743,Three people standing next to a large elephant,0.000064,0
t2i,Three people standing next to a large elephant,107851,107851,Three people standing next to a large elephant,0.000092,0
t2i,Three people standing next to a large elephant,356125,356125,Three people standing next to a large elephant,0.000040,0
t2i,Three people standing next to a large elephant,267191,267191,Three people standing next to a large elephant,0.000053,0
t2i,Three people standing next to a large elephant,48504,48504,Three people standing next to a large elephant,0.000051,0
t2i,Three people standing next to a large elephant,173799,173799,Three people standing next to a large elephant,0.000063,0
t2i,Three people standing next to a large elephant,445248,445248,Three people standing next to a large elephant,0.000148,0
t2i,Three people standing next to a large elephant,389316,389316,Three people standing next to a large elephant,0.000044,0
t2i,Three people standing next to a large elephant,170739,170739,Three people standing next to a large elephant,0.000041,0
t2i,Three people standing next to a large elephant,465180,465180,Three people standing next to a large elephant,0.000031,0
t2i,Cute little boy with hat playing on laptop computer,358525,358525,Cute little boy with hat playing on laptop computer,0.003121,0
t2i,Cute little boy with hat playing on laptop computer,51610,51610,Cute little boy with hat playing on laptop computer,0.012773,0
t2i,Cute little boy with hat playing on laptop computer,86582,86582,Cute little boy with hat playing on laptop computer,0.000444,0
t2i,Cute little boy with hat playing on laptop computer,14226,14226,Cute little boy with hat playing on laptop computer,0.000413,0
t2i,Cute little boy with hat playing on laptop computer,414034,414034,Cute little boy with hat playing on laptop computer,0.000113,0
t2i,Cute little boy with hat playing on laptop computer,529148,529148,Cute little boy with hat playing on laptop computer,0.000783,0
t2i,Cute little boy with hat playing on laptop computer,459153,459153,Cute little boy with hat playing on laptop computer,0.000916,0
t2i,Cute little boy with hat playing on laptop computer,190637,190637,Cute little boy with hat playing on laptop computer,0.000343,0
t2i,Cute little boy with hat playing on laptop computer,178469,178469,Cute little boy with hat playing on laptop computer,0.000167,0
t2i,Cute little boy with hat playing on laptop computer,369310,369310,Cute little boy with hat playing on laptop computer,0.000114,0
t2i,Cute little boy with hat playing on laptop computer,451155,451155,Cute little boy with hat playing on laptop computer,0.002267,0
t2i,Cute little boy with hat playing on laptop computer,119365,119365,Cute little boy with hat playing on laptop computer,0.000344,0
t2i,Cute little boy with hat playing on laptop computer,9400,9400,Cute little boy with hat playing on laptop computer,0.000112,0
t2i,Cute little boy with hat playing on laptop computer,433103,433103,Cute little boy with hat playing on laptop computer,0.000243,0
t2i,Cute little boy with hat playing on laptop computer,310980,310980,Cute little boy with hat playing on laptop computer,0.002640,0
t2i,Cute little boy with hat playing on laptop computer,497344,497344,Cute little boy with hat playing on laptop computer,0.000273,0
t2i,Cute little boy with hat playing on laptop computer,565877,565877,Cute little boy with hat playing on laptop computer,0.001193,0
t2i,Cute little boy with hat playing on laptop computer,492110,492110,Cute little boy with hat playing on laptop computer,0.002090,0
t2i,Cute little boy with hat playing on laptop computer,232684,232684,Cute little boy with hat playing on laptop computer,0.001037,0
t2i,Cute little boy with hat playing on laptop computer,546717,546717,Cute little boy with hat playing on laptop computer,0.000807,0
t2i,Cute little boy with hat playing on laptop computer,147415,147415,Cute little boy with hat playing on laptop computer,0.001563,0
t2i,Cute little boy with hat playing on laptop computer,108026,108026,Cute little boy with hat playing on laptop computer,0.001619,0
t2i,Cute little boy with hat playing on laptop computer,166478,166478,Cute little boy with hat playing on laptop computer,0.000371,0
t2i,Cute little boy with hat playing on laptop computer,60899,60899,Cute little boy with hat playing on laptop computer,0.000102,0
t2i,Cute little boy with hat playing on laptop computer,553788,553788,Cute little boy with hat playing on laptop computer,0.001216,0
t2i,Cute little boy with hat playing on laptop computer,168974,168974,Cute little boy with hat playing on laptop computer,0.000059,0
t2i,Cute little boy with hat playing on laptop computer,144984,144984,Cute little boy with hat playing on laptop computer,0.000094,0
t2i,Cute little boy with hat playing on laptop computer,311928,311928,Cute little boy with hat playing on laptop computer,0.000397,0
t2i,Cute little boy with hat playing on laptop computer,320490,320490,Cute little boy with hat playing on laptop computer,0.000314,0
t2i,There is a white coffee cup with a skull and bones on it next to a knife,2592,2592,There is a white coffee cup with a skull and bones on it next to a knife,0.000850,0
t2i,There is a white coffee cup with a skull and bones on it next to a knife,550322,550322,There is a white coffee cup with a skull and bones on it next to a knife,0.000104,0
t2i,There is a white coffee cup with a skull and bones on it next to a knife,562843,562843,There is a white coffee cup with a skull and bones on it next to a knife,0.000495,0
t2i,There is a white coffee cup with a skull and bones on it next to a knife,290619,290619,There is a white coffee cup with a skull and bones on it next to a knife,0.000138,0
t2i,There is a white coffee cup with a skull and bones on it next to a knife,320664,320664,There is a white coffee cup with a skull and bones on it next to a knife,0.000163,0
t2i,There is a white coffee cup with a skull and bones on it next to a knife,375078,375078,There is a white coffee cup with a skull and bones on it next to a knife,0.000121,0
t2i,There is a white coffee cup with a skull and bones on it next to a knife,465806,465806,There is a white coffee cup with a skull and bones on it next to a knife,0.000029,0
t2i,There is a white coffee cup with a skull and bones on it next to a knife,253452,253452,There is a white coffee cup with a skull and bones on it next to a knife,0.000030,0
t2i,There is a white coffee cup with a skull and bones on it next to a knife,417285,417285,There is a white coffee cup with a skull and bones on it next to a knife,0.000025,0
t2i,There is a white coffee cup with a skull and bones on it next to a knife,116825,116825,There is a white coffee cup with a skull and bones on it next to a knife,0.000044,0
t2i,There is a white coffee cup with a skull and bones on it next to a knife,255824,255824,There is a white coffee cup with a skull and bones on it next to a knife,0.000059,0
t2i,There is a white coffee cup with a skull and bones on it next to a knife,283412,283412,There is a white coffee cup with a skull and bones on it next to a knife,0.000073,0
t2i,There is a white coffee cup with a skull and bones on it next to a knife,2431,2431,There is a white coffee cup with a skull and bones on it next to a knife,0.000050,0
t2i,There is a white coffee cup with a skull and bones on it next to a knife,66706,66706,There is a white coffee cup with a skull and bones on it next to a knife,0.000142,0
t2i,There is a white coffee cup with a skull and bones on it next to a knife,192904,192904,There is a white coffee cup with a skull and bones on it next to a knife,0.000894,0
t2i,There is a white coffee cup with a skull and bones on it next to a knife,265518,265518,There is a white coffee cup with a skull and bones on it next to a knife,0.000080,0
t2i,There is a white coffee cup with a skull and bones on it next to a knife,305343,305343,There is a white coffee cup with a skull and bones on it next to a knife,0.000050,0
t2i,There is a white coffee cup with a skull and bones on it next to a knife,256407,256407,There is a white coffee cup with a skull and bones on it next to a knife,0.000143,0
t2i,There is a white coffee cup with a skull and bones on it next to a knife,121506,121506,There is a white coffee cup with a skull and bones on it next to a knife,0.000061,0
t2i,There is a white coffee cup with a skull and bones on it next to a knife,312406,312406,There is a white coffee cup with a skull and bones on it next to a knife,0.000134,0
t2i,There is a white coffee cup with a skull and bones on it next to a knife,231237,231237,There is a white coffee cup with a skull and bones on it next to a knife,0.000050,0
t2i,There is a white coffee cup with a skull and bones on it next to a knife,365385,365385,There is a white coffee cup with a skull and bones on it next to a knife,0.000197,0
t2i,There is a white coffee cup with a skull and bones on it next to a knife,344100,344100,There is a white coffee cup with a skull and bones on it next to a knife,0.000048,0
t2i,There is a white coffee cup with a skull and bones on it next to a knife,487583,487583,There is a white coffee cup with a skull and bones on it next to a knife,0.000053,0
t2i,There is a white coffee cup with a skull and bones on it next to a knife,407403,407403,There is a white coffee cup with a skull and bones on it next to a knife,0.000098,0
t2i,There is a white coffee cup with a skull and bones on it next to a knife,502737,502737,There is a white coffee cup with a skull and bones on it next to a knife,0.000044,0
t2i,There is a white coffee cup with a skull and bones on it next to a knife,378605,378605,There is a white coffee cup with a skull and bones on it next to a knife,0.000039,0
t2i,There is a white coffee cup with a skull and bones on it next to a knife,54605,54605,There is a white coffee cup with a skull and bones on it next to a knife,0.000044,0
t2i,There is a white coffee cup with a skull and bones on it next to a knife,183965,183965,There is a white coffee cup with a skull and bones on it next to a knife,0.000062,0
t2i,There is a white coffee cup with a skull and bones on it next to a knife,521601,521601,There is a white coffee cup with a skull and bones on it next to a knife,0.000051,0
t2i,There is a white coffee cup with a skull and bones on it next to a knife,95786,95786,There is a white coffee cup with a skull and bones on it next to a knife,0.000114,0
t2i,There is a white coffee cup with a skull and bones on it next to a knife,242060,242060,There is a white coffee cup with a skull and bones on it next to a knife,0.000025,0
t2i,There is a white coffee cup with a skull and bones on it next to a knife,414638,414638,There is a white coffee cup with a skull and bones on it next to a knife,0.000058,0
t2i,There is a white coffee cup with a skull and bones on it next to a knife,456292,456292,There is a white coffee cup with a skull and bones on it next to a knife,0.000038,0
t2i,There is a white coffee cup with a skull and bones on it next to a knife,108244,108244,There is a white coffee cup with a skull and bones on it next to a knife,0.000041,0
t2i,There is a white coffee cup with a skull and bones on it next to a knife,536073,536073,There is a white coffee cup with a skull and bones on it next to a knife,0.000062,0
t2i,There is a white coffee cup with a skull and bones on it next to a knife,484978,484978,There is a white coffee cup with a skull and bones on it next to a knife,0.000086,0
t2i,Many surfboards are propped against a rail on the beach.,164115,164115,Many surfboards are propped against a rail on the beach.,0.000142,0
t2i,Many surfboards are propped against a rail on the beach.,529939,529939,Many surfboards are propped against a rail on the beach.,0.000100,0
t2i,Many surfboards are propped against a rail on the beach.,127517,127517,Many surfboards are propped against a rail on the beach.,0.000978,0
t2i,Many surfboards are propped against a rail on the beach.,177539,177539,Many surfboards are propped against a rail on the beach.,0.000124,0
t2i,Many surfboards are propped against a rail on the beach.,98497,98497,Many surfboards are propped against a rail on the beach.,0.000031,0
t2i,Many surfboards are propped against a rail on the beach.,193674,193674,Many surfboards are propped against a rail on the beach.,0.000026,0
t2i,Many surfboards are propped against a rail on the beach.,540932,540932,Many surfboards are propped against a rail on the beach.,0.000024,0
t2i,Many surfboards are propped against a rail on the beach.,74200,74200,Many surfboards are propped against a rail on the beach.,0.000818,0
t2i,Many surfboards are propped against a rail on the beach.,512985,512985,Many surfboards are propped against a rail on the beach.,0.000026,0
t2i,Many surfboards are propped against a rail on the beach.,520659,520659,Many surfboards are propped against a rail on the beach.,0.000150,0
t2i,Many surfboards are propped against a rail on the beach.,355677,355677,Many surfboards are propped against a rail on the beach.,0.000039,0
t2i,Many surfboards are propped against a rail on the beach.,154004,154004,Many surfboards are propped against a rail on the beach.,0.000033,0
t2i,Many surfboards are propped against a rail on the beach.,16451,16451,Many surfboards are propped against a rail on the beach.,0.000070,0
t2i,Many surfboards are propped against a rail on the beach.,570756,570756,Many surfboards are propped against a rail on the beach.,0.000023,0
t2i,Many surfboards are propped against a rail on the beach.,312237,312237,Many surfboards are propped against a rail on the beach.,0.000031,0
t2i,Many surfboards are propped against a rail on the beach.,353518,353518,Many surfboards are propped against a rail on the beach.,0.000029,0
t2i,Many surfboards are propped against a rail on the beach.,234757,234757,Many surfboards are propped against a rail on the beach.,0.000206,0
t2i,Many surfboards are propped against a rail on the beach.,274460,274460,Many surfboards are propped against a rail on the beach.,0.000041,0
t2i,Many surfboards are propped against a rail on the beach.,204329,204329,Many surfboards are propped against a rail on the beach.,0.000056,0
t2i,Many surfboards are propped against a rail on the beach.,209972,209972,Many surfboards are propped against a rail on the beach.,0.000047,0
t2i,Many surfboards are propped against a rail on the beach.,246883,246883,Many surfboards are propped against a rail on the beach.,0.000025,0
t2i,Many surfboards are propped against a rail on the beach.,209829,209829,Many surfboards are propped against a rail on the beach.,0.000029,0
t2i,Many surfboards are propped against a rail on the beach.,74457,74457,Many surfboards are propped against a rail on the beach.,0.000041,0
t2i,Many surfboards are propped against a rail on the beach.,332351,332351,Many surfboards are propped against a rail on the beach.,0.000034,0
t2i,Many surfboards are propped against a rail on the beach.,377882,377882,Many surfboards are propped against a rail on the beach.,0.000023,0
t2i,Many surfboards are propped against a rail on the beach.,326174,326174,Many surfboards are propped against a rail on the beach.,0.000026,0
t2i,A person kicking up on their skateboard at the top of a ramp.,187990,187990,A person kicking up on their skateboard at the top of a ramp.,0.004933,0
t2i,A person kicking up on their skateboard at the top of a ramp.,535306,535306,A person kicking up on their skateboard at the top of a ramp.,0.002480,0
t2i,A person kicking up on their skateboard at the top of a ramp.,349860,349860,A person kicking up on their skateboard at the top of a ramp.,0.004394,0
t2i,A person kicking up on their skateboard at the top of a ramp.,128699,128699,A person kicking up on their skateboard at the top of a ramp.,0.001266,0
t2i,A person kicking up on their skateboard at the top of a ramp.,473118,473118,A person kicking up on their skateboard at the top of a ramp.,0.001448,0
t2i,A person kicking up on their skateboard at the top of a ramp.,336209,336209,A person kicking up on their skateboard at the top of a ramp.,0.001443,0
t2i,A person kicking up on their skateboard at the top of a ramp.,132703,132703,A person kicking up on their skateboard at the top of a ramp.,0.001438,0
t2i,A person kicking up on their skateboard at the top of a ramp.,576566,576566,A person kicking up on their skateboard at the top of a ramp.,0.009922,0
t2i,A person kicking up on their skateboard at the top of a ramp.,292415,292415,A person kicking up on their skateboard at the top of a ramp.,0.019684,0
t2i,A person kicking up on their skateboard at the top of a ramp.,434204,434204,A person kicking up on their skateboard at the top of a ramp.,0.000090,0
t2i,A person kicking up on their skateboard at the top of a ramp.,176799,176799,A person kicking up on their skateboard at the top of a ramp.,0.000155,0
t2i,A person kicking up on their skateboard at the top of a ramp.,378673,378673,A person kicking up on their skateboard at the top of a ramp.,0.000427,0
t2i,A person kicking up on their skateboard at the top of a ramp.,424521,424521,A person kicking up on their skateboard at the top of a ramp.,0.001556,0
t2i,A person kicking up on their skateboard at the top of a ramp.,190841,190841,A person kicking up on their skateboard at the top of a ramp.,0.000290,0
t2i,A person kicking up on their skateboard at the top of a ramp.,146831,146831,A person kicking up on their skateboard at the top of a ramp.,0.000246,0
t2i,A person kicking up on their skateboard at the top of a ramp.,161799,161799,A person kicking up on their skateboard at the top of a ramp.,0.001559,0
t2i,A person kicking up on their skateboard at the top of a ramp.,288862,288862,A person kicking up on their skateboard at the top of a ramp.,0.001787,0
t2i,A person kicking up on their skateboard at the top of a ramp.,87038,87038,A person kicking up on their skateboard at the top of a ramp.,0.000202,0
t2i,A person kicking up on their skateboard at the top of a ramp.,18519,18519,A person kicking up on their skateboard at the top of a ramp.,0.002718,0
t2i,A person kicking up on their skateboard at the top of a ramp.,581357,581357,A person kicking up on their skateboard at the top of a ramp.,0.002688,0
t2i,A person kicking up on their skateboard at the top of a ramp.,448365,448365,A person kicking up on their skateboard at the top of a ramp.,0.025291,0
t2i,A person kicking up on their skateboard at the top of a ramp.,373315,373315,A person kicking up on their skateboard at the top of a ramp.,0.013626,0
t2i,A person kicking up on their skateboard at the top of a ramp.,13201,13201,A person kicking up on their skateboard at the top of a ramp.,0.000481,0
t2i,A person kicking up on their skateboard at the top of a ramp.,31093,31093,A person kicking up on their skateboard at the top of a ramp.,0.001149,0
t2i,A person kicking up on their skateboard at the top of a ramp.,572620,572620,A person kicking up on their skateboard at the top of a ramp.,0.000519,0
t2i,A person kicking up on their skateboard at the top of a ramp.,68628,68628,A person kicking up on their skateboard at the top of a ramp.,0.007186,0
t2i,A person kicking up on their skateboard at the top of a ramp.,22479,22479,A person kicking up on their skateboard at the top of a ramp.,0.001150,0
t2i,A person kicking up on their skateboard at the top of a ramp.,3553,3553,A person kicking up on their skateboard at the top of a ramp.,0.001119,0
t2i,A person kicking up on their skateboard at the top of a ramp.,13546,13546,A person kicking up on their skateboard at the top of a ramp.,0.000847,0
t2i,A person kicking up on their skateboard at the top of a ramp.,377635,377635,A person kicking up on their skateboard at the top of a ramp.,0.001830,0
t2i,A person kicking up on their skateboard at the top of a ramp.,291551,291551,A person kicking up on their skateboard at the top of a ramp.,0.004919,0
t2i,A person kicking up on their skateboard at the top of a ramp.,192964,192964,A person kicking up on their skateboard at the top of a ramp.,0.005454,0
t2i,A person kicking up on their skateboard at the top of a ramp.,169356,169356,A person kicking up on their skateboard at the top of a ramp.,0.017460,0
t2i,A person kicking up on their skateboard at the top of a ramp.,450559,450559,A person kicking up on their skateboard at the top of a ramp.,0.001468,0
t2i,A person kicking up on their skateboard at the top of a ramp.,72281,72281,A person kicking up on their skateboard at the top of a ramp.,0.001194,0
t2i,A person kicking up on their skateboard at the top of a ramp.,370813,370813,A person kicking up on their skateboard at the top of a ramp.,0.002238,0
t2i,A person kicking up on their skateboard at the top of a ramp.,257084,257084,A person kicking up on their skateboard at the top of a ramp.,0.005968,0
t2i,A person kicking up on their skateboard at the top of a ramp.,428111,428111,A person kicking up on their skateboard at the top of a ramp.,0.001864,0
t2i,A person kicking up on their skateboard at the top of a ramp.,327306,327306,A person kicking up on their skateboard at the top of a ramp.,0.001896,0
t2i,A person kicking up on their skateboard at the top of a ramp.,67310,67310,A person kicking up on their skateboard at the top of a ramp.,0.000290,0
t2i,A close up picture of a table with some good food on it.,376264,376264,A close up picture of a table with some good food on it.,0.004554,0
t2i,A close up picture of a table with some good food on it.,273711,273711,A close up picture of a table with some good food on it.,0.000563,0
t2i,A close up picture of a table with some good food on it.,344100,344100,A close up picture of a table with some good food on it.,0.000945,0
t2i,A close up picture of a table with some good food on it.,170670,170670,A close up picture of a table with some good food on it.,0.001560,0
t2i,A close up picture of a table with some good food on it.,88040,88040,A close up picture of a table with some good food on it.,0.000506,0
t2i,A close up picture of a table with some good food on it.,320664,320664,A close up picture of a table with some good food on it.,0.005212,0
t2i,A close up picture of a table with some good food on it.,419312,419312,A close up picture of a table with some good food on it.,0.001542,0
t2i,A close up picture of a table with some good food on it.,106266,106266,A close up picture of a table with some good food on it.,0.000858,0
t2i,A close up picture of a table with some good food on it.,231822,231822,A close up picture of a table with some good food on it.,0.000494,0
t2i,A close up picture of a table with some good food on it.,276285,276285,A close up picture of a table with some good food on it.,0.002099,0
t2i,A close up picture of a table with some good food on it.,231097,231097,A close up picture of a table with some good food on it.,0.000139,0
t2i,A close up picture of a table with some good food on it.,496571,496571,A close up picture of a table with some good food on it.,0.001934,0
t2i,A close up picture of a table with some good food on it.,2431,2431,A close up picture of a table with some good food on it.,0.001099,0
t2i,A close up picture of a table with some good food on it.,405691,405691,A close up picture of a table with some good food on it.,0.004177,0
t2i,A close up picture of a table with some good food on it.,127394,127394,A close up picture of a table with some good food on it.,0.002970,0
t2i,A close up picture of a table with some good food on it.,210520,210520,A close up picture of a table with some good food on it.,0.001610,0
t2i,A close up picture of a table with some good food on it.,237517,237517,A close up picture of a table with some good food on it.,0.002889,0
t2i,A close up picture of a table with some good food on it.,376322,376322,A close up picture of a table with some good food on it.,0.000304,0
t2i,A close up picture of a table with some good food on it.,64084,64084,A close up picture of a table with some good food on it.,0.000792,0
t2i,A close up picture of a table with some good food on it.,173371,173371,A close up picture of a table with some good food on it.,0.013206,0
t2i,A close up picture of a table with some good food on it.,305609,305609,A close up picture of a table with some good food on it.,0.004639,0
t2i,A close up picture of a table with some good food on it.,533958,533958,A close up picture of a table with some good food on it.,0.001603,0
t2i,A close up picture of a table with some good food on it.,559513,559513,A close up picture of a table with some good food on it.,0.002372,0
t2i,A close up picture of a table with some good food on it.,347335,347335,A close up picture of a table with some good food on it.,0.002293,0
t2i,A close up picture of a table with some good food on it.,25986,25986,A close up picture of a table with some good food on it.,0.001253,0
t2i,A close up picture of a table with some good food on it.,84664,84664,A close up picture of a table with some good food on it.,0.001022,0
t2i,A close up picture of a table with some good food on it.,132116,132116,A close up picture of a table with some good food on it.,0.000417,0
t2i,A close up picture of a table with some good food on it.,99039,99039,A close up picture of a table with some good food on it.,0.000357,0
t2i,A close up picture of a table with some good food on it.,331817,331817,A close up picture of a table with some good food on it.,0.000573,0
t2i,A close up picture of a table with some good food on it.,17714,17714,A close up picture of a table with some good food on it.,0.000465,0
t2i,A close up picture of a table with some good food on it.,92053,92053,A close up picture of a table with some good food on it.,0.000242,0
t2i,A close up picture of a table with some good food on it.,166426,166426,A close up picture of a table with some good food on it.,0.000843,0
t2i,A close up picture of a table with some good food on it.,181796,181796,A close up picture of a table with some good food on it.,0.000509,0
t2i,A close up picture of a table with some good food on it.,312192,312192,A close up picture of a table with some good food on it.,0.000813,0
t2i,A close up picture of a table with some good food on it.,460494,460494,A close up picture of a table with some good food on it.,0.000456,0
t2i,A close up picture of a table with some good food on it.,153632,153632,A close up picture of a table with some good food on it.,0.001134,0
t2i,A close up picture of a table with some good food on it.,138241,138241,A close up picture of a table with some good food on it.,0.001031,0
t2i,A close up picture of a table with some good food on it.,147205,147205,A close up picture of a table with some good food on it.,0.000908,0
t2i,A close up picture of a table with some good food on it.,378284,378284,A close up picture of a table with some good food on it.,0.000558,0
t2i,A close up picture of a table with some good food on it.,493799,493799,A close up picture of a table with some good food on it.,0.002161,0
t2i,A baby elephant stands near to four larger adult elephants.,126216,126216,A baby elephant stands near to four larger adult elephants.,0.000079,0
t2i,A baby elephant stands near to four larger adult elephants.,268375,268375,A baby elephant stands near to four larger adult elephants.,0.000155,0
t2i,A baby elephant stands near to four larger adult elephants.,57027,57027,A baby elephant stands near to four larger adult elephants.,0.000361,0
t2i,A baby elephant stands near to four larger adult elephants.,383921,383921,A baby elephant stands near to four larger adult elephants.,0.000435,0
t2i,A baby elephant stands near to four larger adult elephants.,237864,237864,A baby elephant stands near to four larger adult elephants.,0.000081,0
t2i,A baby elephant stands near to four larger adult elephants.,201025,201025,A baby elephant stands near to four larger adult elephants.,0.000432,0
t2i,A baby elephant stands near to four larger adult elephants.,347456,347456,A baby elephant stands near to four larger adult elephants.,0.000071,0
t2i,A baby elephant stands near to four larger adult elephants.,167128,167128,A baby elephant stands near to four larger adult elephants.,0.000784,0
t2i,A baby elephant stands near to four larger adult elephants.,346905,346905,A baby elephant stands near to four larger adult elephants.,0.000821,0
t2i,A baby elephant stands near to four larger adult elephants.,445248,445248,A baby elephant stands near to four larger adult elephants.,0.000621,0
t2i,A baby elephant stands near to four larger adult elephants.,493284,493284,A baby elephant stands near to four larger adult elephants.,0.000701,0
t2i,A baby elephant stands near to four larger adult elephants.,391144,391144,A baby elephant stands near to four larger adult elephants.,0.000817,0
t2i,A baby elephant stands near to four larger adult elephants.,405972,405972,A baby elephant stands near to four larger adult elephants.,0.000075,0
t2i,A baby elephant stands near to four larger adult elephants.,7108,7108,A baby elephant stands near to four larger adult elephants.,0.000117,0
t2i,A baby elephant stands near to four larger adult elephants.,101780,101780,A baby elephant stands near to four larger adult elephants.,0.000051,0
t2i,A baby elephant stands near to four larger adult elephants.,83113,83113,A baby elephant stands near to four larger adult elephants.,0.000073,0
t2i,A baby elephant stands near to four larger adult elephants.,110638,110638,A baby elephant stands near to four larger adult elephants.,0.000265,0
t2i,A baby elephant stands near to four larger adult elephants.,28449,28449,A baby elephant stands near to four larger adult elephants.,0.000242,0
t2i,A baby elephant stands near to four larger adult elephants.,162543,162543,A baby elephant stands near to four larger adult elephants.,0.000119,0
t2i,A baby elephant stands near to four larger adult elephants.,433374,433374,A baby elephant stands near to four larger adult elephants.,0.000184,0
t2i,A baby elephant stands near to four larger adult elephants.,389316,389316,A baby elephant stands near to four larger adult elephants.,0.000045,0
t2i,A baby elephant stands near to four larger adult elephants.,514979,514979,A baby elephant stands near to four larger adult elephants.,0.000094,0
t2i,A baby elephant stands near to four larger adult elephants.,80274,80274,A baby elephant stands near to four larger adult elephants.,0.000063,0
t2i,a brown bear is lying asleep in a hammock,205776,205776,a brown bear is lying asleep in a hammock,0.000042,0
t2i,a brown bear is lying asleep in a hammock,532071,532071,a brown bear is lying asleep in a hammock,0.000430,0
t2i,a brown bear is lying asleep in a hammock,308753,308753,a brown bear is lying asleep in a hammock,0.000053,0
t2i,a brown bear is lying asleep in a hammock,446703,446703,a brown bear is lying asleep in a hammock,0.000173,0
t2i,a brown bear is lying asleep in a hammock,513484,513484,a brown bear is lying asleep in a hammock,0.000105,0
t2i,a brown bear is lying asleep in a hammock,235064,235064,a brown bear is lying asleep in a hammock,0.000123,0
t2i,a brown bear is lying asleep in a hammock,285,285,a brown bear is lying asleep in a hammock,0.000223,0
t2i,a brown bear is lying asleep in a hammock,530624,530624,a brown bear is lying asleep in a hammock,0.000038,0
t2i,a brown bear is lying asleep in a hammock,307658,307658,a brown bear is lying asleep in a hammock,0.000116,0
t2i,a brown bear is lying asleep in a hammock,549136,549136,a brown bear is lying asleep in a hammock,0.000026,0
t2i,a brown bear is lying asleep in a hammock,65288,65288,a brown bear is lying asleep in a hammock,0.000037,0
t2i,a brown bear is lying asleep in a hammock,562561,562561,a brown bear is lying asleep in a hammock,0.000029,0
t2i,a brown bear is lying asleep in a hammock,453981,453981,a brown bear is lying asleep in a hammock,0.000310,0
t2i,a brown bear is lying asleep in a hammock,23937,23937,a brown bear is lying asleep in a hammock,0.000054,0
t2i,a brown bear is lying asleep in a hammock,175443,175443,a brown bear is lying asleep in a hammock,0.000049,0
t2i,a brown bear is lying asleep in a hammock,410880,410880,a brown bear is lying asleep in a hammock,0.000053,0
t2i,a brown bear is lying asleep in a hammock,223747,223747,a brown bear is lying asleep in a hammock,0.000054,0
t2i,a brown bear is lying asleep in a hammock,537802,537802,a brown bear is lying asleep in a hammock,0.000073,0
t2i,a brown bear is lying asleep in a hammock,109827,109827,a brown bear is lying asleep in a hammock,0.000047,0
t2i,a brown bear is lying asleep in a hammock,349480,349480,a brown bear is lying asleep in a hammock,0.000084,0
t2i,a brown bear is lying asleep in a hammock,322844,322844,a brown bear is lying asleep in a hammock,0.000069,0
t2i,a brown bear is lying asleep in a hammock,276921,276921,a brown bear is lying asleep in a hammock,0.000047,0
t2i,a brown bear is lying asleep in a hammock,203546,203546,a brown bear is lying asleep in a hammock,0.001027,0
t2i,a brown bear is lying asleep in a hammock,217948,217948,a brown bear is lying asleep in a hammock,0.000048,0
t2i,a brown bear is lying asleep in a hammock,375015,375015,a brown bear is lying asleep in a hammock,0.000075,0
t2i,a brown bear is lying asleep in a hammock,417465,417465,a brown bear is lying asleep in a hammock,0.000102,0
t2i,a brown bear is lying asleep in a hammock,414261,414261,a brown bear is lying asleep in a hammock,0.000086,0
t2i,a brown bear is lying asleep in a hammock,79144,79144,a brown bear is lying asleep in a hammock,0.000046,0
t2i,a brown bear is lying asleep in a hammock,170278,170278,a brown bear is lying asleep in a hammock,0.000050,0
t2i,a brown bear is lying asleep in a hammock,345385,345385,a brown bear is lying asleep in a hammock,0.000040,0
t2i,A view of a modern building with skylight and a fire hydrant.,523194,523194,A view of a modern building with skylight and a fire hydrant.,0.000080,0
t2i,A view of a modern building with skylight and a fire hydrant.,266082,266082,A view of a modern building with skylight and a fire hydrant.,0.000053,0
t2i,A view of a modern building with skylight and a fire hydrant.,138639,138639,A view of a modern building with skylight and a fire hydrant.,0.000020,0
t2i,A view of a modern building with skylight and a fire hydrant.,193717,193717,A view of a modern building with skylight and a fire hydrant.,0.000025,0
t2i,A view of a modern building with skylight and a fire hydrant.,171050,171050,A view of a modern building with skylight and a fire hydrant.,0.000023,0
t2i,A view of a modern building with skylight and a fire hydrant.,45596,45596,A view of a modern building with skylight and a fire hydrant.,0.000030,0
t2i,A view of a modern building with skylight and a fire hydrant.,439623,439623,A view of a modern building with skylight and a fire hydrant.,0.000027,0
t2i,A view of a modern building with skylight and a fire hydrant.,38048,38048,A view of a modern building with skylight and a fire hydrant.,0.000062,0
t2i,A view of a modern building with skylight and a fire hydrant.,138550,138550,A view of a modern building with skylight and a fire hydrant.,0.000017,0
t2i,A view of a modern building with skylight and a fire hydrant.,109441,109441,A view of a modern building with skylight and a fire hydrant.,0.000024,0
t2i,A view of a modern building with skylight and a fire hydrant.,106563,106563,A view of a modern building with skylight and a fire hydrant.,0.000099,0
t2i,A view of a modern building with skylight and a fire hydrant.,306437,306437,A view of a modern building with skylight and a fire hydrant.,0.000045,0
t2i,A view of a modern building with skylight and a fire hydrant.,170545,170545,A view of a modern building with skylight and a fire hydrant.,0.000057,0
t2i,A view of a modern building with skylight and a fire hydrant.,354829,354829,A view of a modern building with skylight and a fire hydrant.,0.000029,0
t2i,A view of a modern building with skylight and a fire hydrant.,400922,400922,A view of a modern building with skylight and a fire hydrant.,0.000020,0
t2i,A view of a modern building with skylight and a fire hydrant.,8899,8899,A view of a modern building with skylight and a fire hydrant.,0.000033,0
t2i,A view of a modern building with skylight and a fire hydrant.,402334,402334,A view of a modern building with skylight and a fire hydrant.,0.000032,0
t2i,A view of a modern building with skylight and a fire hydrant.,87875,87875,A view of a modern building with skylight and a fire hydrant.,0.000085,0
t2i,A view of a modern building with skylight and a fire hydrant.,312263,312263,A view of a modern building with skylight and a fire hydrant.,0.000610,0
t2i,A view of a modern building with skylight and a fire hydrant.,528980,528980,A view of a modern building with skylight and a fire hydrant.,0.000054,0
t2i,A view of a modern building with skylight and a fire hydrant.,158744,158744,A view of a modern building with skylight and a fire hydrant.,0.000224,0
t2i,A view of a modern building with skylight and a fire hydrant.,412531,412531,A view of a modern building with skylight and a fire hydrant.,0.000036,0
t2i,A view of a modern building with skylight and a fire hydrant.,76211,76211,A view of a modern building with skylight and a fire hydrant.,0.000031,0
t2i,A view of a modern building with skylight and a fire hydrant.,373705,373705,A view of a modern building with skylight and a fire hydrant.,0.000025,0
t2i,A view of a modern building with skylight and a fire hydrant.,168337,168337,A view of a modern building with skylight and a fire hydrant.,0.000018,0
t2i,A view of a modern building with skylight and a fire hydrant.,537355,537355,A view of a modern building with skylight and a fire hydrant.,0.000031,0
t2i,A view of a modern building with skylight and a fire hydrant.,245102,245102,A view of a modern building with skylight and a fire hydrant.,0.000061,0
t2i,A view of a modern building with skylight and a fire hydrant.,569030,569030,A view of a modern building with skylight and a fire hydrant.,0.000025,0
t2i,A view of a modern building with skylight and a fire hydrant.,87244,87244,A view of a modern building with skylight and a fire hydrant.,0.000028,0
t2i,A view of a modern building with skylight and a fire hydrant.,541291,541291,A view of a modern building with skylight and a fire hydrant.,0.000026,0
t2i,A view of a modern building with skylight and a fire hydrant.,293474,293474,A view of a modern building with skylight and a fire hydrant.,0.000021,0
t2i,A view of a modern building with skylight and a fire hydrant.,189226,189226,A view of a modern building with skylight and a fire hydrant.,0.000019,0
t2i,A view of a modern building with skylight and a fire hydrant.,338560,338560,A view of a modern building with skylight and a fire hydrant.,0.000020,0
t2i,A view of a modern building with skylight and a fire hydrant.,28993,28993,A view of a modern building with skylight and a fire hydrant.,0.000171,0
t2i,A view of a modern building with skylight and a fire hydrant.,105912,105912,A view of a modern building with skylight and a fire hydrant.,0.000017,0
t2i,A view of a modern building with skylight and a fire hydrant.,417779,417779,A view of a modern building with skylight and a fire hydrant.,0.000017,0
t2i,A view of a modern building with skylight and a fire hydrant.,240767,240767,A view of a modern building with skylight and a fire hydrant.,0.000021,0
t2i,A view of a modern building with skylight and a fire hydrant.,255718,255718,A view of a modern building with skylight and a fire hydrant.,0.000018,0
t2i,A view of a modern building with skylight and a fire hydrant.,307074,307074,A view of a modern building with skylight and a fire hydrant.,0.000059,0
t2i,A view of a modern building with skylight and a fire hydrant.,499768,499768,A view of a modern building with skylight and a fire hydrant.,0.000018,0
t2i,A large knife is sitting in front of a mug has a skull and crossbones.,2592,2592,A large knife is sitting in front of a mug has a skull and crossbones.,0.000502,0
t2i,A large knife is sitting in front of a mug has a skull and crossbones.,550322,550322,A large knife is sitting in front of a mug has a skull and crossbones.,0.000074,0
t2i,A large knife is sitting in front of a mug has a skull and crossbones.,562843,562843,A large knife is sitting in front of a mug has a skull and crossbones.,0.000152,0
t2i,A large knife is sitting in front of a mug has a skull and crossbones.,290619,290619,A large knife is sitting in front of a mug has a skull and crossbones.,0.000059,0
t2i,A large knife is sitting in front of a mug has a skull and crossbones.,509131,509131,A large knife is sitting in front of a mug has a skull and crossbones.,0.000033,0
t2i,A large knife is sitting in front of a mug has a skull and crossbones.,189451,189451,A large knife is sitting in front of a mug has a skull and crossbones.,0.000035,0
t2i,A large knife is sitting in front of a mug has a skull and crossbones.,375078,375078,A large knife is sitting in front of a mug has a skull and crossbones.,0.000170,0
t2i,A large knife is sitting in front of a mug has a skull and crossbones.,340930,340930,A large knife is sitting in front of a mug has a skull and crossbones.,0.000083,0
t2i,A large knife is sitting in front of a mug has a skull and crossbones.,555972,555972,A large knife is sitting in front of a mug has a skull and crossbones.,0.000057,0
t2i,A large knife is sitting in front of a mug has a skull and crossbones.,546826,546826,A large knife is sitting in front of a mug has a skull and crossbones.,0.000094,0
t2i,A large knife is sitting in front of a mug has a skull and crossbones.,533206,533206,A large knife is sitting in front of a mug has a skull and crossbones.,0.000045,0
t2i,A large knife is sitting in front of a mug has a skull and crossbones.,452084,452084,A large knife is sitting in front of a mug has a skull and crossbones.,0.000110,0
t2i,A large knife is sitting in front of a mug has a skull and crossbones.,359219,359219,A large knife is sitting in front of a mug has a skull and crossbones.,0.000114,0
t2i,A large knife is sitting in front of a mug has a skull and crossbones.,66841,66841,A large knife is sitting in front of a mug has a skull and crossbones.,0.000037,0
t2i,A large knife is sitting in front of a mug has a skull and crossbones.,173383,173383,A large knife is sitting in front of a mug has a skull and crossbones.,0.000034,0
t2i,A large knife is sitting in front of a mug has a skull and crossbones.,2431,2431,A large knife is sitting in front of a mug has a skull and crossbones.,0.000037,0
t2i,A large knife is sitting in front of a mug has a skull and crossbones.,15079,15079,A large knife is sitting in front of a mug has a skull and crossbones.,0.000054,0
t2i,A large knife is sitting in front of a mug has a skull and crossbones.,265518,265518,A large knife is sitting in front of a mug has a skull and crossbones.,0.000044,0
t2i,A large knife is sitting in front of a mug has a skull and crossbones.,102707,102707,A large knife is sitting in front of a mug has a skull and crossbones.,0.000087,0
t2i,A large knife is sitting in front of a mug has a skull and crossbones.,231237,231237,A large knife is sitting in front of a mug has a skull and crossbones.,0.000033,0
t2i,A large knife is sitting in front of a mug has a skull and crossbones.,96001,96001,A large knife is sitting in front of a mug has a skull and crossbones.,0.000065,0
t2i,A large knife is sitting in front of a mug has a skull and crossbones.,257169,257169,A large knife is sitting in front of a mug has a skull and crossbones.,0.000177,0
t2i,A large knife is sitting in front of a mug has a skull and crossbones.,129113,129113,A large knife is sitting in front of a mug has a skull and crossbones.,0.000201,0
t2i,A large knife is sitting in front of a mug has a skull and crossbones.,502737,502737,A large knife is sitting in front of a mug has a skull and crossbones.,0.000032,0
t2i,A large knife is sitting in front of a mug has a skull and crossbones.,512657,512657,A large knife is sitting in front of a mug has a skull and crossbones.,0.000028,0
t2i,A large knife is sitting in front of a mug has a skull and crossbones.,371677,371677,A large knife is sitting in front of a mug has a skull and crossbones.,0.000023,0
t2i,A large knife is sitting in front of a mug has a skull and crossbones.,243204,243204,A large knife is sitting in front of a mug has a skull and crossbones.,0.000047,0
t2i,A large knife is sitting in front of a mug has a skull and crossbones.,351096,351096,A large knife is sitting in front of a mug has a skull and crossbones.,0.000308,0
t2i,A large knife is sitting in front of a mug has a skull and crossbones.,279714,279714,A large knife is sitting in front of a mug has a skull and crossbones.,0.000027,0
t2i,A large knife is sitting in front of a mug has a skull and crossbones.,119828,119828,A large knife is sitting in front of a mug has a skull and crossbones.,0.000049,0
t2i,A large knife is sitting in front of a mug has a skull and crossbones.,536073,536073,A large knife is sitting in front of a mug has a skull and crossbones.,0.000038,0
t2i,A large knife is sitting in front of a mug has a skull and crossbones.,153632,153632,A large knife is sitting in front of a mug has a skull and crossbones.,0.000033,0
t2i,A large knife is sitting in front of a mug has a skull and crossbones.,25096,25096,A large knife is sitting in front of a mug has a skull and crossbones.,0.000032,0
t2i,A large knife is sitting in front of a mug has a skull and crossbones.,504711,504711,A large knife is sitting in front of a mug has a skull and crossbones.,0.000034,0
t2i,A large knife is sitting in front of a mug has a skull and crossbones.,48396,48396,A large knife is sitting in front of a mug has a skull and crossbones.,0.000030,0
t2i,A large knife is sitting in front of a mug has a skull and crossbones.,116825,116825,A large knife is sitting in front of a mug has a skull and crossbones.,0.000037,0
t2i,A large knife is sitting in front of a mug has a skull and crossbones.,108244,108244,A large knife is sitting in front of a mug has a skull and crossbones.,0.000030,0
t2i,A large knife is sitting in front of a mug has a skull and crossbones.,414638,414638,A large knife is sitting in front of a mug has a skull and crossbones.,0.000044,0
t2i,A large knife is sitting in front of a mug has a skull and crossbones.,419974,419974,A large knife is sitting in front of a mug has a skull and crossbones.,0.000041,0
t2i,The bathroom is a mess with sports gear.,42276,42276,The bathroom is a mess with sports gear.,0.008632,0
t2i,The bathroom is a mess with sports gear.,241319,241319,The bathroom is a mess with sports gear.,0.000833,0
t2i,The bathroom is a mess with sports gear.,51598,51598,The bathroom is a mess with sports gear.,0.000173,0
t2i,The bathroom is a mess with sports gear.,34760,34760,The bathroom is a mess with sports gear.,0.000076,0
t2i,The bathroom is a mess with sports gear.,292005,292005,The bathroom is a mess with sports gear.,0.000045,0
t2i,The bathroom is a mess with sports gear.,195165,195165,The bathroom is a mess with sports gear.,0.000829,0
t2i,The bathroom is a mess with sports gear.,17379,17379,The bathroom is a mess with sports gear.,0.000517,0
t2i,The bathroom is a mess with sports gear.,197796,197796,The bathroom is a mess with sports gear.,0.000457,0
t2i,The bathroom is a mess with sports gear.,314177,314177,The bathroom is a mess with sports gear.,0.000119,0
t2i,The bathroom is a mess with sports gear.,144798,144798,The bathroom is a mess with sports gear.,0.000093,0
t2i,The bathroom is a mess with sports gear.,257169,257169,The bathroom is a mess with sports gear.,0.000514,0
t2i,The bathroom is a mess with sports gear.,112298,112298,The bathroom is a mess with sports gear.,0.000086,0
t2i,The bathroom is a mess with sports gear.,202228,202228,The bathroom is a mess with sports gear.,0.000104,0
t2i,The bathroom is a mess with sports gear.,403385,403385,The bathroom is a mess with sports gear.,0.000110,0
t2i,The bathroom is a mess with sports gear.,408696,408696,The bathroom is a mess with sports gear.,0.000097,0
t2i,The bathroom is a mess with sports gear.,547816,547816,The bathroom is a mess with sports gear.,0.000067,0
t2i,The bathroom is a mess with sports gear.,154718,154718,The bathroom is a mess with sports gear.,0.000633,0
t2i,The bathroom is a mess with sports gear.,537812,537812,The bathroom is a mess with sports gear.,0.000991,0
t2i,The bathroom is a mess with sports gear.,315492,315492,The bathroom is a mess with sports gear.,0.001003,0
t2i,The bathroom is a mess with sports gear.,68078,68078,The bathroom is a mess with sports gear.,0.001173,0
t2i,The bathroom is a mess with sports gear.,492878,492878,The bathroom is a mess with sports gear.,0.005000,0
t2i,The bathroom is a mess with sports gear.,416745,416745,The bathroom is a mess with sports gear.,0.002706,0
t2i,The bathroom is a mess with sports gear.,187243,187243,The bathroom is a mess with sports gear.,0.000077,0
t2i,The bathroom is a mess with sports gear.,32817,32817,The bathroom is a mess with sports gear.,0.000445,0
t2i,The bathroom is a mess with sports gear.,286907,286907,The bathroom is a mess with sports gear.,0.000071,0
t2i,The bathroom is a mess with sports gear.,255401,255401,The bathroom is a mess with sports gear.,0.000320,0
t2i,The bathroom is a mess with sports gear.,32285,32285,The bathroom is a mess with sports gear.,0.000055,0
t2i,The bathroom is a mess with sports gear.,466085,466085,The bathroom is a mess with sports gear.,0.000103,0
t2i,The bathroom is a mess with sports gear.,200252,200252,The bathroom is a mess with sports gear.,0.000112,0
t2i,The bathroom is a mess with sports gear.,363784,363784,The bathroom is a mess with sports gear.,0.000044,0
t2i,The bathroom is a mess with sports gear.,239041,239041,The bathroom is a mess with sports gear.,0.000385,0
t2i,There's a warning not to park under this tree.,152771,152771,There's a warning not to park under this tree.,0.003526,0
t2i,There's a warning not to park under this tree.,203488,203488,There's a warning not to park under this tree.,0.002673,0
t2i,There's a warning not to park under this tree.,42888,42888,There's a warning not to park under this tree.,0.001628,0
t2i,There's a warning not to park under this tree.,341094,341094,There's a warning not to park under this tree.,0.000576,0
t2i,There's a warning not to park under this tree.,512648,512648,There's a warning not to park under this tree.,0.052922,0
t2i,There's a warning not to park under this tree.,412531,412531,There's a warning not to park under this tree.,0.002059,0
t2i,There's a warning not to park under this tree.,297681,297681,There's a warning not to park under this tree.,0.001027,0
t2i,There's a warning not to park under this tree.,336587,336587,There's a warning not to park under this tree.,0.004433,0
t2i,There's a warning not to park under this tree.,474452,474452,There's a warning not to park under this tree.,0.003536,0
t2i,There's a warning not to park under this tree.,402096,402096,There's a warning not to park under this tree.,0.000719,0
t2i,There's a warning not to park under this tree.,314914,314914,There's a warning not to park under this tree.,0.003640,0
t2i,There's a warning not to park under this tree.,236845,236845,There's a warning not to park under this tree.,0.002062,0
t2i,There's a warning not to park under this tree.,447789,447789,There's a warning not to park under this tree.,0.006413,0
t2i,There's a warning not to park under this tree.,724,724,There's a warning not to park under this tree.,0.048808,0
t2i,There's a warning not to park under this tree.,109827,109827,There's a warning not to park under this tree.,0.000967,0
t2i,There's a warning not to park under this tree.,176037,176037,There's a warning not to park under this tree.,0.000199,0
t2i,There's a warning not to park under this tree.,289594,289594,There's a warning not to park under this tree.,0.002385,0
t2i,There's a warning not to park under this tree.,551350,551350,There's a warning not to park under this tree.,0.000534,0
t2i,There's a warning not to park under this tree.,561679,561679,There's a warning not to park under this tree.,0.002641,0
t2i,There's a warning not to park under this tree.,365745,365745,There's a warning not to park under this tree.,0.000674,0
t2i,There's a warning not to park under this tree.,161128,161128,There's a warning not to park under this tree.,0.008442,0
t2i,There's a warning not to park under this tree.,227511,227511,There's a warning not to park under this tree.,0.001293,0
t2i,There's a warning not to park under this tree.,506454,506454,There's a warning not to park under this tree.,0.087461,0
t2i,There's a warning not to park under this tree.,369751,369751,There's a warning not to park under this tree.,0.001110,0
t2i,There's a warning not to park under this tree.,172330,172330,There's a warning not to park under this tree.,0.000297,0
t2i,There's a warning not to park under this tree.,269682,269682,There's a warning not to park under this tree.,0.002183,0
t2i,There's a warning not to park under this tree.,314251,314251,There's a warning not to park under this tree.,0.002242,0
t2i,There's a warning not to park under this tree.,542625,542625,There's a warning not to park under this tree.,0.000492,0
t2i,There's a warning not to park under this tree.,166509,166509,There's a warning not to park under this tree.,0.002017,0
t2i,A group of people on a sidewalk with their mobile phones.,326541,326541,A group of people on a sidewalk with their mobile phones.,0.000081,0
t2i,A group of people on a sidewalk with their mobile phones.,281687,281687,A group of people on a sidewalk with their mobile phones.,0.000266,0
t2i,A group of people on a sidewalk with their mobile phones.,399205,399205,A group of people on a sidewalk with their mobile phones.,0.000087,0
t2i,A group of people on a sidewalk with their mobile phones.,323263,323263,A group of people on a sidewalk with their mobile phones.,0.000024,0
t2i,A group of people on a sidewalk with their mobile phones.,478420,478420,A group of people on a sidewalk with their mobile phones.,0.000051,0
t2i,A group of people on a sidewalk with their mobile phones.,151000,151000,A group of people on a sidewalk with their mobile phones.,0.000046,0
t2i,A group of people on a sidewalk with their mobile phones.,363188,363188,A group of people on a sidewalk with their mobile phones.,0.000667,0
t2i,A group of people on a sidewalk with their mobile phones.,100624,100624,A group of people on a sidewalk with their mobile phones.,0.000215,0
t2i,A group of people on a sidewalk with their mobile phones.,388903,388903,A group of people on a sidewalk with their mobile phones.,0.000080,0
t2i,A group of people on a sidewalk with their mobile phones.,523194,523194,A group of people on a sidewalk with their mobile phones.,0.000028,0
t2i,A group of people on a sidewalk with their mobile phones.,380913,380913,A group of people on a sidewalk with their mobile phones.,0.000227,0
t2i,A group of people on a sidewalk with their mobile phones.,301135,301135,A group of people on a sidewalk with their mobile phones.,0.000162,0
t2i,A group of people on a sidewalk with their mobile phones.,395801,395801,A group of people on a sidewalk with their mobile phones.,0.000021,0
t2i,A group of people on a sidewalk with their mobile phones.,284445,284445,A group of people on a sidewalk with their mobile phones.,0.000071,0
t2i,A group of people on a sidewalk with their mobile phones.,12670,12670,A group of people on a sidewalk with their mobile phones.,0.000811,0
t2i,A group of people on a sidewalk with their mobile phones.,441553,441553,A group of people on a sidewalk with their mobile phones.,0.000124,0
t2i,A group of people on a sidewalk with their mobile phones.,266981,266981,A group of people on a sidewalk with their mobile phones.,0.000037,0
t2i,A group of people on a sidewalk with their mobile phones.,190923,190923,A group of people on a sidewalk with their mobile phones.,0.000110,0
t2i,A group of people on a sidewalk with their mobile phones.,297578,297578,A group of people on a sidewalk with their mobile phones.,0.000101,0
t2i,A group of people on a sidewalk with their mobile phones.,174371,174371,A group of people on a sidewalk with their mobile phones.,0.000161,0
t2i,A group of people on a sidewalk with their mobile phones.,150265,150265,A group of people on a sidewalk with their mobile phones.,0.000076,0
t2i,A group of people on a sidewalk with their mobile phones.,361103,361103,A group of people on a sidewalk with their mobile phones.,0.000030,0
t2i,A group of people on a sidewalk with their mobile phones.,463918,463918,A group of people on a sidewalk with their mobile phones.,0.000023,0
t2i,A group of people on a sidewalk with their mobile phones.,229216,229216,A group of people on a sidewalk with their mobile phones.,0.000048,0
t2i,A group of people on a sidewalk with their mobile phones.,183709,183709,A group of people on a sidewalk with their mobile phones.,0.000062,0
t2i,A group of people on a sidewalk with their mobile phones.,326970,326970,A group of people on a sidewalk with their mobile phones.,0.000042,0
t2i,A group of people on a sidewalk with their mobile phones.,89648,89648,A group of people on a sidewalk with their mobile phones.,0.000202,0
t2i,A group of people on a sidewalk with their mobile phones.,563882,563882,A group of people on a sidewalk with their mobile phones.,0.000081,0
t2i,a street corner is boarded by painted walls,385190,385190,a street corner is boarded by painted walls,0.001567,0
t2i,a street corner is boarded by painted walls,544605,544605,a street corner is boarded by painted walls,0.017946,0
t2i,a street corner is boarded by painted walls,523194,523194,a street corner is boarded by painted walls,0.001690,0
t2i,a street corner is boarded by painted walls,328683,328683,a street corner is boarded by painted walls,0.000138,0
t2i,a street corner is boarded by painted walls,424975,424975,a street corner is boarded by painted walls,0.000680,0
t2i,a street corner is boarded by painted walls,51961,51961,a street corner is boarded by painted walls,0.001514,0
t2i,a street corner is boarded by painted walls,320232,320232,a street corner is boarded by painted walls,0.000374,0
t2i,a street corner is boarded by painted walls,203580,203580,a street corner is boarded by painted walls,0.000680,0
t2i,a street corner is boarded by painted walls,8211,8211,a street corner is boarded by painted walls,0.000118,0
t2i,a street corner is boarded by painted walls,356387,356387,a street corner is boarded by painted walls,0.000170,0
t2i,a street corner is boarded by painted walls,333697,333697,a street corner is boarded by painted walls,0.002061,0
t2i,a street corner is boarded by painted walls,276720,276720,a street corner is boarded by painted walls,0.000127,0
t2i,a street corner is boarded by painted walls,565563,565563,a street corner is boarded by painted walls,0.000200,0
t2i,a street corner is boarded by painted walls,8899,8899,a street corner is boarded by painted walls,0.000456,0
t2i,a street corner is boarded by painted walls,476491,476491,a street corner is boarded by painted walls,0.000473,0
t2i,a street corner is boarded by painted walls,212072,212072,a street corner is boarded by painted walls,0.000226,0
t2i,a street corner is boarded by painted walls,528977,528977,a street corner is boarded by painted walls,0.006280,0
t2i,a street corner is boarded by painted walls,426166,426166,a street corner is boarded by painted walls,0.011914,0
t2i,a street corner is boarded by painted walls,189226,189226,a street corner is boarded by painted walls,0.000858,0
t2i,a street corner is boarded by painted walls,335800,335800,a street corner is boarded by painted walls,0.002393,0
t2i,a street corner is boarded by painted walls,261796,261796,a street corner is boarded by painted walls,0.001145,0
t2i,a street corner is boarded by painted walls,105923,105923,a street corner is boarded by painted walls,0.000414,0
t2i,a street corner is boarded by painted walls,252559,252559,a street corner is boarded by painted walls,0.000080,0
t2i,a street corner is boarded by painted walls,542073,542073,a street corner is boarded by painted walls,0.000080,0
t2i,a street corner is boarded by painted walls,278006,278006,a street corner is boarded by painted walls,0.001124,0
t2i,a street corner is boarded by painted walls,240767,240767,a street corner is boarded by painted walls,0.000596,0
t2i,a street corner is boarded by painted walls,221754,221754,a street corner is boarded by painted walls,0.000247,0
t2i,a street corner is boarded by painted walls,402096,402096,a street corner is boarded by painted walls,0.000504,0
t2i,a street corner is boarded by painted walls,32941,32941,a street corner is boarded by painted walls,0.000072,0
t2i,a street corner is boarded by painted walls,427055,427055,a street corner is boarded by painted walls,0.000123,0
t2i,a street corner is boarded by painted walls,244019,244019,a street corner is boarded by painted walls,0.000095,0
t2i,a street corner is boarded by painted walls,127092,127092,a street corner is boarded by painted walls,0.000142,0
t2i,Two men and one woman in front of an elephant.,562207,562207,Two men and one woman in front of an elephant.,0.000040,0
t2i,Two men and one woman in front of an elephant.,384468,384468,Two men and one woman in front of an elephant.,0.000044,0
t2i,Two men and one woman in front of an elephant.,132796,132796,Two men and one woman in front of an elephant.,0.000052,0
t2i,Two men and one woman in front of an elephant.,415748,415748,Two men and one woman in front of an elephant.,0.000038,0
t2i,Two men and one woman in front of an elephant.,369037,369037,Two men and one woman in front of an elephant.,0.000117,0
t2i,Two men and one woman in front of an elephant.,183648,183648,Two men and one woman in front of an elephant.,0.000121,0
t2i,Two men and one woman in front of an elephant.,21903,21903,Two men and one woman in front of an elephant.,0.000040,0
t2i,Two men and one woman in front of an elephant.,183437,183437,Two men and one woman in front of an elephant.,0.000030,0
t2i,Two men and one woman in front of an elephant.,58384,58384,Two men and one woman in front of an elephant.,0.000022,0
t2i,Two men and one woman in front of an elephant.,347456,347456,Two men and one woman in front of an elephant.,0.000025,0
t2i,Two men and one woman in front of an elephant.,368961,368961,Two men and one woman in front of an elephant.,0.000040,0
t2i,Two men and one woman in front of an elephant.,440171,440171,Two men and one woman in front of an elephant.,0.000038,0
t2i,Two men and one woman in front of an elephant.,103723,103723,Two men and one woman in front of an elephant.,0.000054,0
t2i,Two men and one woman in front of an elephant.,346905,346905,Two men and one woman in front of an elephant.,0.000100,0
t2i,Two men and one woman in front of an elephant.,24919,24919,Two men and one woman in front of an elephant.,0.000034,0
t2i,Two men and one woman in front of an elephant.,330790,330790,Two men and one woman in front of an elephant.,0.000023,0
t2i,Two men and one woman in front of an elephant.,237864,237864,Two men and one woman in front of an elephant.,0.000039,0
t2i,Two men and one woman in front of an elephant.,293300,293300,Two men and one woman in front of an elephant.,0.000031,0
t2i,Two men and one woman in front of an elephant.,320743,320743,Two men and one woman in front of an elephant.,0.000039,0
t2i,Two men and one woman in front of an elephant.,107851,107851,Two men and one woman in front of an elephant.,0.000046,0
t2i,Two men and one woman in front of an elephant.,389316,389316,Two men and one woman in front of an elephant.,0.000028,0
t2i,Two men and one woman in front of an elephant.,173799,173799,Two men and one woman in front of an elephant.,0.000042,0
t2i,Two men and one woman in front of an elephant.,267191,267191,Two men and one woman in front of an elephant.,0.000032,0
t2i,Two men and one woman in front of an elephant.,6894,6894,Two men and one woman in front of an elephant.,0.000070,0
t2i,Two men and one woman in front of an elephant.,106757,106757,Two men and one woman in front of an elephant.,0.000069,0
t2i,Two men and one woman in front of an elephant.,519208,519208,Two men and one woman in front of an elephant.,0.000178,0
t2i,A persons arm reaching over a table filled with food.,273711,273711,A persons arm reaching over a table filled with food.,0.000753,0
t2i,A persons arm reaching over a table filled with food.,376264,376264,A persons arm reaching over a table filled with food.,0.001142,0
t2i,A persons arm reaching over a table filled with food.,383337,383337,A persons arm reaching over a table filled with food.,0.000090,0
t2i,A persons arm reaching over a table filled with food.,331817,331817,A persons arm reaching over a table filled with food.,0.000337,0
t2i,A persons arm reaching over a table filled with food.,419312,419312,A persons arm reaching over a table filled with food.,0.000299,0
t2i,A persons arm reaching over a table filled with food.,489305,489305,A persons arm reaching over a table filled with food.,0.000170,0
t2i,A persons arm reaching over a table filled with food.,236721,236721,A persons arm reaching over a table filled with food.,0.000143,0
t2i,A persons arm reaching over a table filled with food.,363666,363666,A persons arm reaching over a table filled with food.,0.000492,0
t2i,A persons arm reaching over a table filled with food.,248314,248314,A persons arm reaching over a table filled with food.,0.000038,0
t2i,A persons arm reaching over a table filled with food.,64084,64084,A persons arm reaching over a table filled with food.,0.000163,0
t2i,A persons arm reaching over a table filled with food.,182611,182611,A persons arm reaching over a table filled with food.,0.000494,0
t2i,A persons arm reaching over a table filled with food.,496571,496571,A persons arm reaching over a table filled with food.,0.000696,0
t2i,A persons arm reaching over a table filled with food.,309678,309678,A persons arm reaching over a table filled with food.,0.000772,0
t2i,A persons arm reaching over a table filled with food.,422998,422998,A persons arm reaching over a table filled with food.,0.000380,0
t2i,A persons arm reaching over a table filled with food.,17899,17899,A persons arm reaching over a table filled with food.,0.000052,0
t2i,A persons arm reaching over a table filled with food.,470773,470773,A persons arm reaching over a table filled with food.,0.000091,0
t2i,A persons arm reaching over a table filled with food.,233238,233238,A persons arm reaching over a table filled with food.,0.000803,0
t2i,A persons arm reaching over a table filled with food.,297084,297084,A persons arm reaching over a table filled with food.,0.000311,0
t2i,A persons arm reaching over a table filled with food.,570471,570471,A persons arm reaching over a table filled with food.,0.000190,0
t2i,A persons arm reaching over a table filled with food.,105335,105335,A persons arm reaching over a table filled with food.,0.000205,0
t2i,A persons arm reaching over a table filled with food.,261116,261116,A persons arm reaching over a table filled with food.,0.000495,0
t2i,A persons arm reaching over a table filled with food.,294831,294831,A persons arm reaching over a table filled with food.,0.002754,0
t2i,A persons arm reaching over a table filled with food.,307172,307172,A persons arm reaching over a table filled with food.,0.008469,0
t2i,A persons arm reaching over a table filled with food.,385029,385029,A persons arm reaching over a table filled with food.,0.001436,0
t2i,A persons arm reaching over a table filled with food.,279730,279730,A persons arm reaching over a table filled with food.,0.000946,0
t2i,A persons arm reaching over a table filled with food.,99039,99039,A persons arm reaching over a table filled with food.,0.000129,0
t2i,A persons arm reaching over a table filled with food.,331799,331799,A persons arm reaching over a table filled with food.,0.001376,0
t2i,A persons arm reaching over a table filled with food.,226903,226903,A persons arm reaching over a table filled with food.,0.000060,0
t2i,A persons arm reaching over a table filled with food.,286182,286182,A persons arm reaching over a table filled with food.,0.000191,0
t2i,A persons arm reaching over a table filled with food.,513041,513041,A persons arm reaching over a table filled with food.,0.001164,0
t2i,A persons arm reaching over a table filled with food.,189752,189752,A persons arm reaching over a table filled with food.,0.000547,0
t2i,A persons arm reaching over a table filled with food.,284764,284764,A persons arm reaching over a table filled with food.,0.000063,0
t2i,A persons arm reaching over a table filled with food.,312192,312192,A persons arm reaching over a table filled with food.,0.002126,0
t2i,A persons arm reaching over a table filled with food.,301718,301718,A persons arm reaching over a table filled with food.,0.000130,0
t2i,A persons arm reaching over a table filled with food.,465806,465806,A persons arm reaching over a table filled with food.,0.000066,0
t2i,A persons arm reaching over a table filled with food.,381587,381587,A persons arm reaching over a table filled with food.,0.000479,0
t2i,A persons arm reaching over a table filled with food.,258883,258883,A persons arm reaching over a table filled with food.,0.003965,0
t2i,A young girl standing in front of a plate of food.,312552,312552,A young girl standing in front of a plate of food.,0.000575,0
t2i,A young girl standing in front of a plate of food.,458992,458992,A young girl standing in front of a plate of food.,0.000661,0
t2i,A young girl standing in front of a plate of food.,473406,473406,A young girl standing in front of a plate of food.,0.000466,0
t2i,A young girl standing in front of a plate of food.,578871,578871,A young girl standing in front of a plate of food.,0.000278,0
t2i,A young girl standing in front of a plate of food.,160012,160012,A young girl standing in front of a plate of food.,0.000716,0
t2i,A young girl standing in front of a plate of food.,54654,54654,A young girl standing in front of a plate of food.,0.000263,0
t2i,A young girl standing in front of a plate of food.,140987,140987,A young girl standing in front of a plate of food.,0.001421,0
t2i,A young girl standing in front of a plate of food.,419312,419312,A young girl standing in front of a plate of food.,0.000112,0
t2i,A young girl standing in front of a plate of food.,374982,374982,A young girl standing in front of a plate of food.,0.000120,0
t2i,A young girl standing in front of a plate of food.,456662,456662,A young girl standing in front of a plate of food.,0.002109,0
t2i,A young girl standing in front of a plate of food.,212166,212166,A young girl standing in front of a plate of food.,0.005626,0
t2i,A young girl standing in front of a plate of food.,48396,48396,A young girl standing in front of a plate of food.,0.000142,0
t2i,A young girl standing in front of a plate of food.,368752,368752,A young girl standing in front of a plate of food.,0.000089,0
t2i,A young girl standing in front of a plate of food.,394940,394940,A young girl standing in front of a plate of food.,0.001559,0
t2i,A young girl standing in front of a plate of food.,280930,280930,A young girl standing in front of a plate of food.,0.004037,0
t2i,A young girl standing in front of a plate of food.,261116,261116,A young girl standing in front of a plate of food.,0.000672,0
t2i,A young girl standing in front of a plate of food.,547854,547854,A young girl standing in front of a plate of food.,0.000903,0
t2i,A young girl standing in front of a plate of food.,265777,265777,A young girl standing in front of a plate of food.,0.001880,0
t2i,A young girl standing in front of a plate of food.,422998,422998,A young girl standing in front of a plate of food.,0.000506,0
t2i,A young girl standing in front of a plate of food.,473237,473237,A young girl standing in front of a plate of food.,0.001542,0
t2i,A young girl standing in front of a plate of food.,485844,485844,A young girl standing in front of a plate of food.,0.002361,0
t2i,A young girl standing in front of a plate of food.,315492,315492,A young girl standing in front of a plate of food.,0.000794,0
t2i,A young girl standing in front of a plate of food.,8844,8844,A young girl standing in front of a plate of food.,0.000062,0
t2i,A young girl standing in front of a plate of food.,356531,356531,A young girl standing in front of a plate of food.,0.000241,0
t2i,A young girl standing in front of a plate of food.,162092,162092,A young girl standing in front of a plate of food.,0.000091,0
t2i,A young girl standing in front of a plate of food.,226147,226147,A young girl standing in front of a plate of food.,0.000080,0
t2i,A young girl standing in front of a plate of food.,481386,481386,A young girl standing in front of a plate of food.,0.001690,0
t2i,A young girl standing in front of a plate of food.,530061,530061,A young girl standing in front of a plate of food.,0.000120,0
t2i,A young girl standing in front of a plate of food.,99810,99810,A young girl standing in front of a plate of food.,0.000260,0
t2i,A young girl standing in front of a plate of food.,336053,336053,A young girl standing in front of a plate of food.,0.000168,0
t2i,A young girl standing in front of a plate of food.,273711,273711,A young girl standing in front of a plate of food.,0.000553,0
t2i,a red fire hydrant with a building in the background,193717,193717,a red fire hydrant with a building in the background,0.000042,0
t2i,a red fire hydrant with a building in the background,105912,105912,a red fire hydrant with a building in the background,0.000033,0
t2i,a red fire hydrant with a building in the background,38048,38048,a red fire hydrant with a building in the background,0.000187,0
t2i,a red fire hydrant with a building in the background,384616,384616,a red fire hydrant with a building in the background,0.000045,0
t2i,a red fire hydrant with a building in the background,439623,439623,a red fire hydrant with a building in the background,0.000034,0
t2i,a red fire hydrant with a building in the background,417779,417779,a red fire hydrant with a building in the background,0.000025,0
t2i,a red fire hydrant with a building in the background,138550,138550,a red fire hydrant with a building in the background,0.000027,0
t2i,a red fire hydrant with a building in the background,189226,189226,a red fire hydrant with a building in the background,0.000029,0
t2i,a red fire hydrant with a building in the background,523194,523194,a red fire hydrant with a building in the background,0.000177,0
t2i,a red fire hydrant with a building in the background,293474,293474,a red fire hydrant with a building in the background,0.000033,0
t2i,a red fire hydrant with a building in the background,266082,266082,a red fire hydrant with a building in the background,0.000050,0
t2i,a red fire hydrant with a building in the background,255718,255718,a red fire hydrant with a building in the background,0.000034,0
t2i,a red fire hydrant with a building in the background,537355,537355,a red fire hydrant with a building in the background,0.000112,0
t2i,a red fire hydrant with a building in the background,343315,343315,a red fire hydrant with a building in the background,0.000050,0
t2i,a red fire hydrant with a building in the background,516804,516804,a red fire hydrant with a building in the background,0.000022,0
t2i,a red fire hydrant with a building in the background,168330,168330,a red fire hydrant with a building in the background,0.000038,0
t2i,a red fire hydrant with a building in the background,88432,88432,a red fire hydrant with a building in the background,0.000031,0
t2i,a red fire hydrant with a building in the background,441468,441468,a red fire hydrant with a building in the background,0.000031,0
t2i,a red fire hydrant with a building in the background,87875,87875,a red fire hydrant with a building in the background,0.000035,0
t2i,a red fire hydrant with a building in the background,152465,152465,a red fire hydrant with a building in the background,0.000031,0
t2i,a red fire hydrant with a building in the background,15746,15746,a red fire hydrant with a building in the background,0.000036,0
t2i,a red fire hydrant with a building in the background,293071,293071,a red fire hydrant with a building in the background,0.000032,0
t2i,a red fire hydrant with a building in the background,344909,344909,a red fire hydrant with a building in the background,0.000035,0
t2i,a red fire hydrant with a building in the background,373705,373705,a red fire hydrant with a building in the background,0.000047,0
t2i,a red fire hydrant with a building in the background,171050,171050,a red fire hydrant with a building in the background,0.000044,0
t2i,a red fire hydrant with a building in the background,168337,168337,a red fire hydrant with a building in the background,0.000047,0
t2i,a red fire hydrant with a building in the background,338560,338560,a red fire hydrant with a building in the background,0.000041,0
t2i,a red fire hydrant with a building in the background,87244,87244,a red fire hydrant with a building in the background,0.000031,0
t2i,Decorated coffee cup and knife sitting on a patterned surface.,2592,2592,Decorated coffee cup and knife sitting on a patterned surface.,0.000323,0
t2i,Decorated coffee cup and knife sitting on a patterned surface.,562843,562843,Decorated coffee cup and knife sitting on a patterned surface.,0.000364,0
t2i,Decorated coffee cup and knife sitting on a patterned surface.,550322,550322,Decorated coffee cup and knife sitting on a patterned surface.,0.000099,0
t2i,Decorated coffee cup and knife sitting on a patterned surface.,546626,546626,Decorated coffee cup and knife sitting on a patterned surface.,0.000863,0
t2i,Decorated coffee cup and knife sitting on a patterned surface.,66841,66841,Decorated coffee cup and knife sitting on a patterned surface.,0.000171,0
t2i,Decorated coffee cup and knife sitting on a patterned surface.,521601,521601,Decorated coffee cup and knife sitting on a patterned surface.,0.000027,0
t2i,Decorated coffee cup and knife sitting on a patterned surface.,290619,290619,Decorated coffee cup and knife sitting on a patterned surface.,0.000126,0
t2i,Decorated coffee cup and knife sitting on a patterned surface.,129113,129113,Decorated coffee cup and knife sitting on a patterned surface.,0.152154,0
t2i,Decorated coffee cup and knife sitting on a patterned surface.,555972,555972,Decorated coffee cup and knife sitting on a patterned surface.,0.000688,0
t2i,Decorated coffee cup and knife sitting on a patterned surface.,176446,176446,Decorated coffee cup and knife sitting on a patterned surface.,0.000183,0
t2i,Decorated coffee cup and knife sitting on a patterned surface.,265518,265518,Decorated coffee cup and knife sitting on a patterned surface.,0.002153,0
t2i,Decorated coffee cup and knife sitting on a patterned surface.,256407,256407,Decorated coffee cup and knife sitting on a patterned surface.,0.000588,0
t2i,Decorated coffee cup and knife sitting on a patterned surface.,66706,66706,Decorated coffee cup and knife sitting on a patterned surface.,0.002261,0
t2i,Decorated coffee cup and knife sitting on a patterned surface.,255824,255824,Decorated coffee cup and knife sitting on a patterned surface.,0.000120,0
t2i,Decorated coffee cup and knife sitting on a patterned surface.,450100,450100,Decorated coffee cup and knife sitting on a patterned surface.,0.000244,0
t2i,Decorated coffee cup and knife sitting on a patterned surface.,95786,95786,Decorated coffee cup and knife sitting on a patterned surface.,0.000202,0
t2i,Decorated coffee cup and knife sitting on a patterned surface.,569700,569700,Decorated coffee cup and knife sitting on a patterned surface.,0.000982,0
t2i,Decorated coffee cup and knife sitting on a patterned surface.,283412,283412,Decorated coffee cup and knife sitting on a patterned surface.,0.000177,0
t2i,Decorated coffee cup and knife sitting on a patterned surface.,184791,184791,Decorated coffee cup and knife sitting on a patterned surface.,0.001388,0
t2i,Decorated coffee cup and knife sitting on a patterned surface.,105014,105014,Decorated coffee cup and knife sitting on a patterned surface.,0.006134,0
t2i,Decorated coffee cup and knife sitting on a patterned surface.,407403,407403,Decorated coffee cup and knife sitting on a patterned surface.,0.056562,0
t2i,Decorated coffee cup and knife sitting on a patterned surface.,365385,365385,Decorated coffee cup and knife sitting on a patterned surface.,0.008085,0
t2i,Decorated coffee cup and knife sitting on a patterned surface.,318114,318114,Decorated coffee cup and knife sitting on a patterned surface.,0.032021,0
t2i,Decorated coffee cup and knife sitting on a patterned surface.,368982,368982,Decorated coffee cup and knife sitting on a patterned surface.,0.000408,0
t2i,Decorated coffee cup and knife sitting on a patterned surface.,335427,335427,Decorated coffee cup and knife sitting on a patterned surface.,0.041788,0
t2i,Decorated coffee cup and knife sitting on a patterned surface.,348012,348012,Decorated coffee cup and knife sitting on a patterned surface.,0.008241,0
t2i,Decorated coffee cup and knife sitting on a patterned surface.,487583,487583,Decorated coffee cup and knife sitting on a patterned surface.,0.000281,0
t2i,Decorated coffee cup and knife sitting on a patterned surface.,157601,157601,Decorated coffee cup and knife sitting on a patterned surface.,0.000077,0
t2i,Decorated coffee cup and knife sitting on a patterned surface.,17714,17714,Decorated coffee cup and knife sitting on a patterned surface.,0.000071,0
t2i,Decorated coffee cup and knife sitting on a patterned surface.,417285,417285,Decorated coffee cup and knife sitting on a patterned surface.,0.000060,0
t2i,Decorated coffee cup and knife sitting on a patterned surface.,183965,183965,Decorated coffee cup and knife sitting on a patterned surface.,0.000083,0
t2i,Decorated coffee cup and knife sitting on a patterned surface.,242060,242060,Decorated coffee cup and knife sitting on a patterned surface.,0.015037,0
t2i,Decorated coffee cup and knife sitting on a patterned surface.,54605,54605,Decorated coffee cup and knife sitting on a patterned surface.,0.000051,0
t2i,Decorated coffee cup and knife sitting on a patterned surface.,192904,192904,Decorated coffee cup and knife sitting on a patterned surface.,0.038439,0
t2i,Decorated coffee cup and knife sitting on a patterned surface.,378605,378605,Decorated coffee cup and knife sitting on a patterned surface.,0.000077,0
t2i,A red fire hydrant embedded in a city sidewalk.,417779,417779,A red fire hydrant embedded in a city sidewalk.,0.000034,0
t2i,A red fire hydrant embedded in a city sidewalk.,193717,193717,A red fire hydrant embedded in a city sidewalk.,0.000078,0
t2i,A red fire hydrant embedded in a city sidewalk.,38048,38048,A red fire hydrant embedded in a city sidewalk.,0.000969,0
t2i,A red fire hydrant embedded in a city sidewalk.,439623,439623,A red fire hydrant embedded in a city sidewalk.,0.000061,0
t2i,A red fire hydrant embedded in a city sidewalk.,189226,189226,A red fire hydrant embedded in a city sidewalk.,0.000049,0
t2i,A red fire hydrant embedded in a city sidewalk.,105912,105912,A red fire hydrant embedded in a city sidewalk.,0.000050,0
t2i,A red fire hydrant embedded in a city sidewalk.,138550,138550,A red fire hydrant embedded in a city sidewalk.,0.000058,0
t2i,A red fire hydrant embedded in a city sidewalk.,523194,523194,A red fire hydrant embedded in a city sidewalk.,0.000561,0
t2i,A red fire hydrant embedded in a city sidewalk.,441468,441468,A red fire hydrant embedded in a city sidewalk.,0.000044,0
t2i,A red fire hydrant embedded in a city sidewalk.,293071,293071,A red fire hydrant embedded in a city sidewalk.,0.000038,0
t2i,A red fire hydrant embedded in a city sidewalk.,343315,343315,A red fire hydrant embedded in a city sidewalk.,0.000193,0
t2i,A red fire hydrant embedded in a city sidewalk.,266082,266082,A red fire hydrant embedded in a city sidewalk.,0.000081,0
t2i,A red fire hydrant embedded in a city sidewalk.,366178,366178,A red fire hydrant embedded in a city sidewalk.,0.000115,0
t2i,A red fire hydrant embedded in a city sidewalk.,88432,88432,A red fire hydrant embedded in a city sidewalk.,0.000036,0
t2i,A red fire hydrant embedded in a city sidewalk.,169169,169169,A red fire hydrant embedded in a city sidewalk.,0.000041,0
t2i,A red fire hydrant embedded in a city sidewalk.,255718,255718,A red fire hydrant embedded in a city sidewalk.,0.000044,0
t2i,A red fire hydrant embedded in a city sidewalk.,32941,32941,A red fire hydrant embedded in a city sidewalk.,0.000031,0
t2i,A red fire hydrant embedded in a city sidewalk.,204871,204871,A red fire hydrant embedded in a city sidewalk.,0.000055,0
t2i,A red fire hydrant embedded in a city sidewalk.,152465,152465,A red fire hydrant embedded in a city sidewalk.,0.000064,0
t2i,A red fire hydrant embedded in a city sidewalk.,26926,26926,A red fire hydrant embedded in a city sidewalk.,0.000058,0
t2i,A red fire hydrant embedded in a city sidewalk.,499768,499768,A red fire hydrant embedded in a city sidewalk.,0.000035,0
t2i,A red fire hydrant embedded in a city sidewalk.,165713,165713,A red fire hydrant embedded in a city sidewalk.,0.000145,0
t2i,A red fire hydrant embedded in a city sidewalk.,373705,373705,A red fire hydrant embedded in a city sidewalk.,0.000088,0
t2i,A red fire hydrant embedded in a city sidewalk.,20107,20107,A red fire hydrant embedded in a city sidewalk.,0.000042,0
t2i,A red fire hydrant embedded in a city sidewalk.,293474,293474,A red fire hydrant embedded in a city sidewalk.,0.000048,0
t2i,A red fire hydrant embedded in a city sidewalk.,338560,338560,A red fire hydrant embedded in a city sidewalk.,0.000061,0
t2i,A red fire hydrant embedded in a city sidewalk.,87244,87244,A red fire hydrant embedded in a city sidewalk.,0.000039,0
t2i,A red fire hydrant embedded in a city sidewalk.,384616,384616,A red fire hydrant embedded in a city sidewalk.,0.000088,0
t2i,A red fire hydrant embedded in a city sidewalk.,344909,344909,A red fire hydrant embedded in a city sidewalk.,0.000049,0
t2i,A red fire hydrant embedded in a city sidewalk.,580757,580757,A red fire hydrant embedded in a city sidewalk.,0.000150,0
t2i,A red fire hydrant embedded in a city sidewalk.,569030,569030,A red fire hydrant embedded in a city sidewalk.,0.000041,0
t2i,A park area with a wooden bench that is under a tree and green grass all around the bench.,506454,506454,A park area with a wooden bench that is under a tree and green grass all around the bench.,0.002407,0
t2i,A park area with a wooden bench that is under a tree and green grass all around the bench.,314541,314541,A park area with a wooden bench that is under a tree and green grass all around the bench.,0.003038,0
t2i,A park area with a wooden bench that is under a tree and green grass all around the bench.,551350,551350,A park area with a wooden bench that is under a tree and green grass all around the bench.,0.000124,0
t2i,A park area with a wooden bench that is under a tree and green grass all around the bench.,162130,162130,A park area with a wooden bench that is under a tree and green grass all around the bench.,0.008811,0
t2i,A park area with a wooden bench that is under a tree and green grass all around the bench.,461573,461573,A park area with a wooden bench that is under a tree and green grass all around the bench.,0.000852,0
t2i,A park area with a wooden bench that is under a tree and green grass all around the bench.,88951,88951,A park area with a wooden bench that is under a tree and green grass all around the bench.,0.000193,0
t2i,A park area with a wooden bench that is under a tree and green grass all around the bench.,237984,237984,A park area with a wooden bench that is under a tree and green grass all around the bench.,0.001324,0
t2i,A park area with a wooden bench that is under a tree and green grass all around the bench.,413404,413404,A park area with a wooden bench that is under a tree and green grass all around the bench.,0.000057,0
t2i,A park area with a wooden bench that is under a tree and green grass all around the bench.,577182,577182,A park area with a wooden bench that is under a tree and green grass all around the bench.,0.000688,0
t2i,A park area with a wooden bench that is under a tree and green grass all around the bench.,437514,437514,A park area with a wooden bench that is under a tree and green grass all around the bench.,0.000132,0
t2i,A park area with a wooden bench that is under a tree and green grass all around the bench.,195045,195045,A park area with a wooden bench that is under a tree and green grass all around the bench.,0.000055,0
t2i,A park area with a wooden bench that is under a tree and green grass all around the bench.,168619,168619,A park area with a wooden bench that is under a tree and green grass all around the bench.,0.000052,0
t2i,A park area with a wooden bench that is under a tree and green grass all around the bench.,472030,472030,A park area with a wooden bench that is under a tree and green grass all around the bench.,0.000126,0
t2i,A park area with a wooden bench that is under a tree and green grass all around the bench.,310072,310072,A park area with a wooden bench that is under a tree and green grass all around the bench.,0.000335,0
t2i,A park area with a wooden bench that is under a tree and green grass all around the bench.,327890,327890,A park area with a wooden bench that is under a tree and green grass all around the bench.,0.000073,0
t2i,A park area with a wooden bench that is under a tree and green grass all around the bench.,522713,522713,A park area with a wooden bench that is under a tree and green grass all around the bench.,0.000045,0
t2i,A park area with a wooden bench that is under a tree and green grass all around the bench.,78032,78032,A park area with a wooden bench that is under a tree and green grass all around the bench.,0.000071,0
t2i,A park area with a wooden bench that is under a tree and green grass all around the bench.,374545,374545,A park area with a wooden bench that is under a tree and green grass all around the bench.,0.000045,0
t2i,A park area with a wooden bench that is under a tree and green grass all around the bench.,479099,479099,A park area with a wooden bench that is under a tree and green grass all around the bench.,0.000130,0
t2i,A park area with a wooden bench that is under a tree and green grass all around the bench.,395575,395575,A park area with a wooden bench that is under a tree and green grass all around the bench.,0.004674,0
t2i,A park area with a wooden bench that is under a tree and green grass all around the bench.,322829,322829,A park area with a wooden bench that is under a tree and green grass all around the bench.,0.000240,0
t2i,A park area with a wooden bench that is under a tree and green grass all around the bench.,527960,527960,A park area with a wooden bench that is under a tree and green grass all around the bench.,0.000332,0
t2i,A park area with a wooden bench that is under a tree and green grass all around the bench.,417043,417043,A park area with a wooden bench that is under a tree and green grass all around the bench.,0.000067,0
t2i,A park area with a wooden bench that is under a tree and green grass all around the bench.,351589,351589,A park area with a wooden bench that is under a tree and green grass all around the bench.,0.032601,0
t2i,A park area with a wooden bench that is under a tree and green grass all around the bench.,349184,349184,A park area with a wooden bench that is under a tree and green grass all around the bench.,0.000193,0
t2i,A park area with a wooden bench that is under a tree and green grass all around the bench.,60347,60347,A park area with a wooden bench that is under a tree and green grass all around the bench.,0.000366,0
t2i,a cat is standing up to a white toilet,211042,211042,a cat is standing up to a white toilet,0.000246,0
t2i,a cat is standing up to a white toilet,245764,245764,a cat is standing up to a white toilet,0.000844,0
t2i,a cat is standing up to a white toilet,568690,568690,a cat is standing up to a white toilet,0.000726,0
t2i,a cat is standing up to a white toilet,227044,227044,a cat is standing up to a white toilet,0.000164,0
t2i,a cat is standing up to a white toilet,157807,157807,a cat is standing up to a white toilet,0.002074,0
t2i,a cat is standing up to a white toilet,176778,176778,a cat is standing up to a white toilet,0.000089,0
t2i,a cat is standing up to a white toilet,134096,134096,a cat is standing up to a white toilet,0.000096,0
t2i,a cat is standing up to a white toilet,209747,209747,a cat is standing up to a white toilet,0.015043,0
t2i,a cat is standing up to a white toilet,376442,376442,a cat is standing up to a white toilet,0.000979,0
t2i,a cat is standing up to a white toilet,163155,163155,a cat is standing up to a white toilet,0.000186,0
t2i,a cat is standing up to a white toilet,68078,68078,a cat is standing up to a white toilet,0.001212,0
t2i,a cat is standing up to a white toilet,237316,237316,a cat is standing up to a white toilet,0.000306,0
t2i,a cat is standing up to a white toilet,234413,234413,a cat is standing up to a white toilet,0.000420,0
t2i,a cat is standing up to a white toilet,117914,117914,a cat is standing up to a white toilet,0.002741,0
t2i,a cat is standing up to a white toilet,251065,251065,a cat is standing up to a white toilet,0.000147,0
t2i,a cat is standing up to a white toilet,416745,416745,a cat is standing up to a white toilet,0.000205,0
t2i,a cat is standing up to a white toilet,357567,357567,a cat is standing up to a white toilet,0.000123,0
t2i,a cat is standing up to a white toilet,466339,466339,a cat is standing up to a white toilet,0.000049,0
t2i,a cat is standing up to a white toilet,170893,170893,a cat is standing up to a white toilet,0.000242,0
t2i,a cat is standing up to a white toilet,61471,61471,a cat is standing up to a white toilet,0.001495,0
t2i,a cat is standing up to a white toilet,558073,558073,a cat is standing up to a white toilet,0.000144,0
t2i,a cat is standing up to a white toilet,94336,94336,a cat is standing up to a white toilet,0.000081,0
t2i,a cat is standing up to a white toilet,212453,212453,a cat is standing up to a white toilet,0.000265,0
t2i,a cat is standing up to a white toilet,501523,501523,a cat is standing up to a white toilet,0.000261,0
t2i,a cat is standing up to a white toilet,327769,327769,a cat is standing up to a white toilet,0.000478,0
t2i,A toilet sitting in a room surrounded by personal items.,42276,42276,A toilet sitting in a room surrounded by personal items.,0.000333,0
t2i,A toilet sitting in a room surrounded by personal items.,232649,232649,A toilet sitting in a room surrounded by personal items.,0.000047,0
t2i,A toilet sitting in a room surrounded by personal items.,147518,147518,A toilet sitting in a room surrounded by personal items.,0.000075,0
t2i,A toilet sitting in a room surrounded by personal items.,286907,286907,A toilet sitting in a room surrounded by personal items.,0.000057,0
t2i,A toilet sitting in a room surrounded by personal items.,129322,129322,A toilet sitting in a room surrounded by personal items.,0.000030,0
t2i,A toilet sitting in a room surrounded by personal items.,38070,38070,A toilet sitting in a room surrounded by personal items.,0.000076,0
t2i,A toilet sitting in a room surrounded by personal items.,23666,23666,A toilet sitting in a room surrounded by personal items.,0.000032,0
t2i,A toilet sitting in a room surrounded by personal items.,102644,102644,A toilet sitting in a room surrounded by personal items.,0.000103,0
t2i,A toilet sitting in a room surrounded by personal items.,105249,105249,A toilet sitting in a room surrounded by personal items.,0.000041,0
t2i,A toilet sitting in a room surrounded by personal items.,489091,489091,A toilet sitting in a room surrounded by personal items.,0.000045,0
t2i,A toilet sitting in a room surrounded by personal items.,104803,104803,A toilet sitting in a room surrounded by personal items.,0.000457,0
t2i,A toilet sitting in a room surrounded by personal items.,394328,394328,A toilet sitting in a room surrounded by personal items.,0.000151,0
t2i,A toilet sitting in a room surrounded by personal items.,550797,550797,A toilet sitting in a room surrounded by personal items.,0.000302,0
t2i,A toilet sitting in a room surrounded by personal items.,560279,560279,A toilet sitting in a room surrounded by personal items.,0.000619,0
t2i,A toilet sitting in a room surrounded by personal items.,27982,27982,A toilet sitting in a room surrounded by personal items.,0.000074,0
t2i,A toilet sitting in a room surrounded by personal items.,551304,551304,A toilet sitting in a room surrounded by personal items.,0.000037,0
t2i,A toilet sitting in a room surrounded by personal items.,144798,144798,A toilet sitting in a room surrounded by personal items.,0.000095,0
t2i,A toilet sitting in a room surrounded by personal items.,332455,332455,A toilet sitting in a room surrounded by personal items.,0.000189,0
t2i,A toilet sitting in a room surrounded by personal items.,423971,423971,A toilet sitting in a room surrounded by personal items.,0.000422,0
t2i,A toilet sitting in a room surrounded by personal items.,263474,263474,A toilet sitting in a room surrounded by personal items.,0.000065,0
t2i,A toilet sitting in a room surrounded by personal items.,154718,154718,A toilet sitting in a room surrounded by personal items.,0.000228,0
t2i,A toilet sitting in a room surrounded by personal items.,537812,537812,A toilet sitting in a room surrounded by personal items.,0.000157,0
t2i,A toilet sitting in a room surrounded by personal items.,389804,389804,A toilet sitting in a room surrounded by personal items.,0.000373,0
t2i,A toilet sitting in a room surrounded by personal items.,331352,331352,A toilet sitting in a room surrounded by personal items.,0.006660,0
t2i,A toilet sitting in a room surrounded by personal items.,328959,328959,A toilet sitting in a room surrounded by personal items.,0.000169,0
t2i,A toilet sitting in a room surrounded by personal items.,487583,487583,A toilet sitting in a room surrounded by personal items.,0.000177,0
t2i,A toilet sitting in a room surrounded by personal items.,251065,251065,A toilet sitting in a room surrounded by personal items.,0.000124,0
t2i,A toilet sitting in a room surrounded by personal items.,243495,243495,A toilet sitting in a room surrounded by personal items.,0.000068,0
t2i,A toilet sitting in a room surrounded by personal items.,365387,365387,A toilet sitting in a room surrounded by personal items.,0.000120,0
t2i,A toilet sitting in a room surrounded by personal items.,180792,180792,A toilet sitting in a room surrounded by personal items.,0.000048,0
t2i,A toilet sitting in a room surrounded by personal items.,175387,175387,A toilet sitting in a room surrounded by personal items.,0.000076,0
t2i,A toilet sitting in a room surrounded by personal items.,234413,234413,A toilet sitting in a room surrounded by personal items.,0.000414,0
t2i,A toilet sitting in a room surrounded by personal items.,59920,59920,A toilet sitting in a room surrounded by personal items.,0.000108,0
t2i,A toilet sitting in a room surrounded by personal items.,187243,187243,A toilet sitting in a room surrounded by personal items.,0.000041,0
t2i,A toilet sitting in a room surrounded by personal items.,195165,195165,A toilet sitting in a room surrounded by personal items.,0.000104,0
t2i,A toilet sitting in a room surrounded by personal items.,564127,564127,A toilet sitting in a room surrounded by personal items.,0.000206,0
t2i,some people sitting on top of a green truck as another man tries to get in it,18837,18837,some people sitting on top of a green truck as another man tries to get in it,0.000041,0
t2i,some people sitting on top of a green truck as another man tries to get in it,259571,259571,some people sitting on top of a green truck as another man tries to get in it,0.000226,0
t2i,some people sitting on top of a green truck as another man tries to get in it,188439,188439,some people sitting on top of a green truck as another man tries to get in it,0.000031,0
t2i,some people sitting on top of a green truck as another man tries to get in it,167122,167122,some people sitting on top of a green truck as another man tries to get in it,0.000061,0
t2i,some people sitting on top of a green truck as another man tries to get in it,169996,169996,some people sitting on top of a green truck as another man tries to get in it,0.000023,0
t2i,some people sitting on top of a green truck as another man tries to get in it,128051,128051,some people sitting on top of a green truck as another man tries to get in it,0.000039,0
t2i,some people sitting on top of a green truck as another man tries to get in it,394206,394206,some people sitting on top of a green truck as another man tries to get in it,0.000031,0
t2i,some people sitting on top of a green truck as another man tries to get in it,219271,219271,some people sitting on top of a green truck as another man tries to get in it,0.000050,0
t2i,some people sitting on top of a green truck as another man tries to get in it,573943,573943,some people sitting on top of a green truck as another man tries to get in it,0.000108,0
t2i,some people sitting on top of a green truck as another man tries to get in it,183246,183246,some people sitting on top of a green truck as another man tries to get in it,0.000025,0
t2i,some people sitting on top of a green truck as another man tries to get in it,297022,297022,some people sitting on top of a green truck as another man tries to get in it,0.000026,0
t2i,some people sitting on top of a green truck as another man tries to get in it,392722,392722,some people sitting on top of a green truck as another man tries to get in it,0.000024,0
t2i,some people sitting on top of a green truck as another man tries to get in it,442456,442456,some people sitting on top of a green truck as another man tries to get in it,0.000025,0
t2i,some people sitting on top of a green truck as another man tries to get in it,338428,338428,some people sitting on top of a green truck as another man tries to get in it,0.000108,0
t2i,some people sitting on top of a green truck as another man tries to get in it,110784,110784,some people sitting on top of a green truck as another man tries to get in it,0.000027,0
t2i,some people sitting on top of a green truck as another man tries to get in it,126110,126110,some people sitting on top of a green truck as another man tries to get in it,0.001923,0
t2i,some people sitting on top of a green truck as another man tries to get in it,319534,319534,some people sitting on top of a green truck as another man tries to get in it,0.000032,0
t2i,some people sitting on top of a green truck as another man tries to get in it,38829,38829,some people sitting on top of a green truck as another man tries to get in it,0.000039,0
t2i,some people sitting on top of a green truck as another man tries to get in it,97924,97924,some people sitting on top of a green truck as another man tries to get in it,0.000050,0
t2i,some people sitting on top of a green truck as another man tries to get in it,109900,109900,some people sitting on top of a green truck as another man tries to get in it,0.000167,0
t2i,some people sitting on top of a green truck as another man tries to get in it,308328,308328,some people sitting on top of a green truck as another man tries to get in it,0.000094,0
t2i,some people sitting on top of a green truck as another man tries to get in it,448256,448256,some people sitting on top of a green truck as another man tries to get in it,0.000044,0
t2i,some people sitting on top of a green truck as another man tries to get in it,436738,436738,some people sitting on top of a green truck as another man tries to get in it,0.000031,0
t2i,some people sitting on top of a green truck as another man tries to get in it,255536,255536,some people sitting on top of a green truck as another man tries to get in it,0.000041,0
t2i,some people sitting on top of a green truck as another man tries to get in it,445722,445722,some people sitting on top of a green truck as another man tries to get in it,0.000087,0
t2i,some people sitting on top of a green truck as another man tries to get in it,147729,147729,some people sitting on top of a green truck as another man tries to get in it,0.000040,0
t2i,some people sitting on top of a green truck as another man tries to get in it,172648,172648,some people sitting on top of a green truck as another man tries to get in it,0.000043,0
t2i,some people sitting on top of a green truck as another man tries to get in it,329323,329323,some people sitting on top of a green truck as another man tries to get in it,0.000040,0
t2i,some people sitting on top of a green truck as another man tries to get in it,263425,263425,some people sitting on top of a green truck as another man tries to get in it,0.000065,0
t2i,some people sitting on top of a green truck as another man tries to get in it,46872,46872,some people sitting on top of a green truck as another man tries to get in it,0.000204,0
t2i,some people sitting on top of a green truck as another man tries to get in it,467848,467848,some people sitting on top of a green truck as another man tries to get in it,0.000026,0
t2i,some people sitting on top of a green truck as another man tries to get in it,155341,155341,some people sitting on top of a green truck as another man tries to get in it,0.000030,0
t2i,some people sitting on top of a green truck as another man tries to get in it,400815,400815,some people sitting on top of a green truck as another man tries to get in it,0.000054,0
t2i,some people sitting on top of a green truck as another man tries to get in it,445834,445834,some people sitting on top of a green truck as another man tries to get in it,0.000034,0
t2i,some people sitting on top of a green truck as another man tries to get in it,426372,426372,some people sitting on top of a green truck as another man tries to get in it,0.000036,0
t2i,some people sitting on top of a green truck as another man tries to get in it,295420,295420,some people sitting on top of a green truck as another man tries to get in it,0.000030,0
t2i,some people sitting on top of a green truck as another man tries to get in it,414510,414510,some people sitting on top of a green truck as another man tries to get in it,0.000026,0
t2i,A train is traveling underneath a cement bridge.,393093,393093,A train is traveling underneath a cement bridge.,0.000153,0
t2i,A train is traveling underneath a cement bridge.,478286,478286,A train is traveling underneath a cement bridge.,0.000513,0
t2i,A train is traveling underneath a cement bridge.,290293,290293,A train is traveling underneath a cement bridge.,0.000148,0
t2i,A train is traveling underneath a cement bridge.,572303,572303,A train is traveling underneath a cement bridge.,0.003048,0
t2i,A train is traveling underneath a cement bridge.,61268,61268,A train is traveling underneath a cement bridge.,0.000091,0
t2i,A train is traveling underneath a cement bridge.,108440,108440,A train is traveling underneath a cement bridge.,0.000612,0
t2i,A train is traveling underneath a cement bridge.,268000,268000,A train is traveling underneath a cement bridge.,0.000089,0
t2i,A train is traveling underneath a cement bridge.,311883,311883,A train is traveling underneath a cement bridge.,0.000581,0
t2i,A train is traveling underneath a cement bridge.,14380,14380,A train is traveling underneath a cement bridge.,0.000144,0
t2i,A train is traveling underneath a cement bridge.,440508,440508,A train is traveling underneath a cement bridge.,0.000231,0
t2i,A train is traveling underneath a cement bridge.,304365,304365,A train is traveling underneath a cement bridge.,0.000086,0
t2i,A train is traveling underneath a cement bridge.,565778,565778,A train is traveling underneath a cement bridge.,0.000668,0
t2i,A train is traveling underneath a cement bridge.,307598,307598,A train is traveling underneath a cement bridge.,0.000129,0
t2i,A train is traveling underneath a cement bridge.,106281,106281,A train is traveling underneath a cement bridge.,0.001076,0
t2i,A train is traveling underneath a cement bridge.,249643,249643,A train is traveling underneath a cement bridge.,0.000473,0
t2i,A train is traveling underneath a cement bridge.,352491,352491,A train is traveling underneath a cement bridge.,0.000058,0
t2i,A train is traveling underneath a cement bridge.,558421,558421,A train is traveling underneath a cement bridge.,0.000090,0
t2i,A train is traveling underneath a cement bridge.,419096,419096,A train is traveling underneath a cement bridge.,0.001133,0
t2i,A train is traveling underneath a cement bridge.,184400,184400,A train is traveling underneath a cement bridge.,0.000078,0
t2i,A train is traveling underneath a cement bridge.,151857,151857,A train is traveling underneath a cement bridge.,0.000880,0
t2i,A train is traveling underneath a cement bridge.,479030,479030,A train is traveling underneath a cement bridge.,0.000747,0
t2i,A train is traveling underneath a cement bridge.,323828,323828,A train is traveling underneath a cement bridge.,0.000916,0
t2i,A train is traveling underneath a cement bridge.,133000,133000,A train is traveling underneath a cement bridge.,0.000084,0
t2i,A train is traveling underneath a cement bridge.,446206,446206,A train is traveling underneath a cement bridge.,0.000587,0
t2i,A train is traveling underneath a cement bridge.,39670,39670,A train is traveling underneath a cement bridge.,0.000785,0
t2i,A train is traveling underneath a cement bridge.,344816,344816,A train is traveling underneath a cement bridge.,0.000184,0
t2i,A train is traveling underneath a cement bridge.,124277,124277,A train is traveling underneath a cement bridge.,0.000297,0
t2i,A train is traveling underneath a cement bridge.,539143,539143,A train is traveling underneath a cement bridge.,0.000040,0
t2i,A train is traveling underneath a cement bridge.,458109,458109,A train is traveling underneath a cement bridge.,0.000287,0
t2i,A train is traveling underneath a cement bridge.,363072,363072,A train is traveling underneath a cement bridge.,0.000565,0
t2i,A bathroom with blue walls and pink tile.,10977,10977,A bathroom with blue walls and pink tile.,0.000826,0
t2i,A bathroom with blue walls and pink tile.,286907,286907,A bathroom with blue walls and pink tile.,0.000064,0
t2i,A bathroom with blue walls and pink tile.,569917,569917,A bathroom with blue walls and pink tile.,0.000124,0
t2i,A bathroom with blue walls and pink tile.,164637,164637,A bathroom with blue walls and pink tile.,0.000124,0
t2i,A bathroom with blue walls and pink tile.,557501,557501,A bathroom with blue walls and pink tile.,0.000085,0
t2i,A bathroom with blue walls and pink tile.,232649,232649,A bathroom with blue walls and pink tile.,0.000080,0
t2i,A bathroom with blue walls and pink tile.,462614,462614,A bathroom with blue walls and pink tile.,0.001136,0
t2i,A bathroom with blue walls and pink tile.,357567,357567,A bathroom with blue walls and pink tile.,0.000082,0
t2i,A bathroom with blue walls and pink tile.,90108,90108,A bathroom with blue walls and pink tile.,0.000100,0
t2i,A bathroom with blue walls and pink tile.,268831,268831,A bathroom with blue walls and pink tile.,0.341177,0
t2i,A bathroom with blue walls and pink tile.,505169,505169,A bathroom with blue walls and pink tile.,0.000311,0
t2i,A bathroom with blue walls and pink tile.,138819,138819,A bathroom with blue walls and pink tile.,0.000483,0
t2i,A bathroom with blue walls and pink tile.,550797,550797,A bathroom with blue walls and pink tile.,0.000099,0
t2i,A bathroom with blue walls and pink tile.,536343,536343,A bathroom with blue walls and pink tile.,0.003185,0
t2i,A bathroom with blue walls and pink tile.,197796,197796,A bathroom with blue walls and pink tile.,0.000420,0
t2i,A bathroom with blue walls and pink tile.,363784,363784,A bathroom with blue walls and pink tile.,0.000039,0
t2i,A bathroom with blue walls and pink tile.,487583,487583,A bathroom with blue walls and pink tile.,0.000109,0
t2i,A bathroom with blue walls and pink tile.,262440,262440,A bathroom with blue walls and pink tile.,0.000115,0
t2i,A bathroom with blue walls and pink tile.,111951,111951,A bathroom with blue walls and pink tile.,0.000069,0
t2i,A bathroom with blue walls and pink tile.,6213,6213,A bathroom with blue walls and pink tile.,0.000042,0
t2i,A bathroom with blue walls and pink tile.,507893,507893,A bathroom with blue walls and pink tile.,0.000151,0
t2i,A bathroom with blue walls and pink tile.,306733,306733,A bathroom with blue walls and pink tile.,0.000119,0
t2i,A bathroom with blue walls and pink tile.,514914,514914,A bathroom with blue walls and pink tile.,0.000050,0
t2i,A bathroom with blue walls and pink tile.,360564,360564,A bathroom with blue walls and pink tile.,0.000079,0
t2i,A bathroom with blue walls and pink tile.,241602,241602,A bathroom with blue walls and pink tile.,0.000107,0
t2i,A bathroom with blue walls and pink tile.,397327,397327,A bathroom with blue walls and pink tile.,0.000099,0
t2i,A bathroom has red walls with yellow accents.,557501,557501,A bathroom has red walls with yellow accents.,0.000033,0
t2i,A bathroom has red walls with yellow accents.,136033,136033,A bathroom has red walls with yellow accents.,0.000086,0
t2i,A bathroom has red walls with yellow accents.,292005,292005,A bathroom has red walls with yellow accents.,0.000032,0
t2i,A bathroom has red walls with yellow accents.,10977,10977,A bathroom has red walls with yellow accents.,0.000108,0
t2i,A bathroom has red walls with yellow accents.,462614,462614,A bathroom has red walls with yellow accents.,0.000389,0
t2i,A bathroom has red walls with yellow accents.,489091,489091,A bathroom has red walls with yellow accents.,0.000045,0
t2i,A bathroom has red walls with yellow accents.,164637,164637,A bathroom has red walls with yellow accents.,0.000034,0
t2i,A bathroom has red walls with yellow accents.,354072,354072,A bathroom has red walls with yellow accents.,0.000018,0
t2i,A bathroom has red walls with yellow accents.,32285,32285,A bathroom has red walls with yellow accents.,0.000026,0
t2i,A bathroom has red walls with yellow accents.,51598,51598,A bathroom has red walls with yellow accents.,0.000028,0
t2i,A bathroom has red walls with yellow accents.,6213,6213,A bathroom has red walls with yellow accents.,0.000026,0
t2i,A bathroom has red walls with yellow accents.,263796,263796,A bathroom has red walls with yellow accents.,0.000017,0
t2i,A bathroom has red walls with yellow accents.,241602,241602,A bathroom has red walls with yellow accents.,0.000026,0
t2i,A bathroom has red walls with yellow accents.,523229,523229,A bathroom has red walls with yellow accents.,0.000024,0
t2i,A bathroom has red walls with yellow accents.,176778,176778,A bathroom has red walls with yellow accents.,0.000015,0
t2i,A bathroom has red walls with yellow accents.,394328,394328,A bathroom has red walls with yellow accents.,0.000075,0
t2i,A bathroom has red walls with yellow accents.,56127,56127,A bathroom has red walls with yellow accents.,0.000068,0
t2i,A bathroom has red walls with yellow accents.,223789,223789,A bathroom has red walls with yellow accents.,0.000093,0
t2i,A bathroom has red walls with yellow accents.,139,139,A bathroom has red walls with yellow accents.,0.000083,0
t2i,A bathroom has red walls with yellow accents.,268831,268831,A bathroom has red walls with yellow accents.,0.086198,0
t2i,A bathroom has red walls with yellow accents.,547816,547816,A bathroom has red walls with yellow accents.,0.000062,0
t2i,A bathroom has red walls with yellow accents.,435880,435880,A bathroom has red walls with yellow accents.,0.000064,0
t2i,A bathroom has red walls with yellow accents.,306733,306733,A bathroom has red walls with yellow accents.,0.000050,0
t2i,A bathroom has red walls with yellow accents.,111951,111951,A bathroom has red walls with yellow accents.,0.000031,0
t2i,A bathroom has red walls with yellow accents.,262440,262440,A bathroom has red walls with yellow accents.,0.000026,0
t2i,A bathroom has red walls with yellow accents.,103585,103585,A bathroom has red walls with yellow accents.,0.000024,0
t2i,A bathroom has red walls with yellow accents.,34760,34760,A bathroom has red walls with yellow accents.,0.000022,0
t2i,A bathroom has red walls with yellow accents.,210855,210855,A bathroom has red walls with yellow accents.,0.000019,0
t2i,A train is making its way down the tracks.,323828,323828,A train is making its way down the tracks.,0.001858,0
t2i,A train is making its way down the tracks.,440508,440508,A train is making its way down the tracks.,0.001522,0
t2i,A train is making its way down the tracks.,61268,61268,A train is making its way down the tracks.,0.000077,0
t2i,A train is making its way down the tracks.,572303,572303,A train is making its way down the tracks.,0.004065,0
t2i,A train is making its way down the tracks.,311883,311883,A train is making its way down the tracks.,0.002613,0
t2i,A train is making its way down the tracks.,379800,379800,A train is making its way down the tracks.,0.000203,0
t2i,A train is making its way down the tracks.,539445,539445,A train is making its way down the tracks.,0.005167,0
t2i,A train is making its way down the tracks.,57149,57149,A train is making its way down the tracks.,0.000149,0
t2i,A train is making its way down the tracks.,42563,42563,A train is making its way down the tracks.,0.000657,0
t2i,A train is making its way down the tracks.,471023,471023,A train is making its way down the tracks.,0.000422,0
t2i,A train is making its way down the tracks.,287874,287874,A train is making its way down the tracks.,0.000162,0
t2i,A train is making its way down the tracks.,241297,241297,A train is making its way down the tracks.,0.000241,0
t2i,A train is making its way down the tracks.,423229,423229,A train is making its way down the tracks.,0.000674,0
t2i,A train is making its way down the tracks.,316054,316054,A train is making its way down the tracks.,0.000195,0
t2i,A train is making its way down the tracks.,304365,304365,A train is making its way down the tracks.,0.000074,0
t2i,A train is making its way down the tracks.,249643,249643,A train is making its way down the tracks.,0.001408,0
t2i,A train is making its way down the tracks.,396568,396568,A train is making its way down the tracks.,0.004349,0
t2i,A train is making its way down the tracks.,155443,155443,A train is making its way down the tracks.,0.000098,0
t2i,A train is making its way down the tracks.,419096,419096,A train is making its way down the tracks.,0.002146,0
t2i,A train is making its way down the tracks.,30675,30675,A train is making its way down the tracks.,0.063360,0
t2i,A train is making its way down the tracks.,479030,479030,A train is making its way down the tracks.,0.001713,0
t2i,A train is making its way down the tracks.,364587,364587,A train is making its way down the tracks.,0.002580,0
t2i,A train is making its way down the tracks.,440617,440617,A train is making its way down the tracks.,0.006986,0
t2i,A train is making its way down the tracks.,39670,39670,A train is making its way down the tracks.,0.010781,0
t2i,A train is making its way down the tracks.,234660,234660,A train is making its way down the tracks.,0.000575,0
t2i,A train is making its way down the tracks.,566524,566524,A train is making its way down the tracks.,0.000250,0
t2i,A train is making its way down the tracks.,307598,307598,A train is making its way down the tracks.,0.000236,0
t2i,A train is making its way down the tracks.,76625,76625,A train is making its way down the tracks.,0.000083,0
t2i,A train is making its way down the tracks.,393093,393093,A train is making its way down the tracks.,0.000068,0
t2i,A train is making its way down the tracks.,82085,82085,A train is making its way down the tracks.,0.000080,0
t2i,A train is making its way down the tracks.,108440,108440,A train is making its way down the tracks.,0.001084,0
t2i,A train is making its way down the tracks.,263299,263299,A train is making its way down the tracks.,0.002022,0
t2i,A train is making its way down the tracks.,458109,458109,A train is making its way down the tracks.,0.000538,0
t2i,A train is making its way down the tracks.,90155,90155,A train is making its way down the tracks.,0.000687,0
t2i,A train is making its way down the tracks.,558421,558421,A train is making its way down the tracks.,0.000103,0
t2i,A train is making its way down the tracks.,444879,444879,A train is making its way down the tracks.,0.001003,0
t2i,A train is making its way down the tracks.,200162,200162,A train is making its way down the tracks.,0.000349,0
t2i,A train is making its way down the tracks.,201148,201148,A train is making its way down the tracks.,0.000151,0
t2i,A train is making its way down the tracks.,578967,578967,A train is making its way down the tracks.,0.000916,0
t2i,A train is making its way down the tracks.,225946,225946,A train is making its way down the tracks.,0.001182,0
t2i,A train is making its way down the tracks.,546659,546659,A train is making its way down the tracks.,0.000121,0
t2i,a white sheep against a colored background orange blue purple and yellow,528524,528524,a white sheep against a colored background orange blue purple and yellow,0.001011,0
t2i,a white sheep against a colored background orange blue purple and yellow,546556,546556,a white sheep against a colored background orange blue purple and yellow,0.001110,0
t2i,a white sheep against a colored background orange blue purple and yellow,292005,292005,a white sheep against a colored background orange blue purple and yellow,0.000036,0
t2i,a white sheep against a colored background orange blue purple and yellow,397639,397639,a white sheep against a colored background orange blue purple and yellow,0.001550,0
t2i,a white sheep against a colored background orange blue purple and yellow,22589,22589,a white sheep against a colored background orange blue purple and yellow,0.003777,0
t2i,a white sheep against a colored background orange blue purple and yellow,23937,23937,a white sheep against a colored background orange blue purple and yellow,0.000260,0
t2i,a white sheep against a colored background orange blue purple and yellow,340272,340272,a white sheep against a colored background orange blue purple and yellow,0.000504,0
t2i,a white sheep against a colored background orange blue purple and yellow,357081,357081,a white sheep against a colored background orange blue purple and yellow,0.002296,0
t2i,a white sheep against a colored background orange blue purple and yellow,106330,106330,a white sheep against a colored background orange blue purple and yellow,0.000458,0
t2i,a white sheep against a colored background orange blue purple and yellow,318908,318908,a white sheep against a colored background orange blue purple and yellow,0.000121,0
t2i,a white sheep against a colored background orange blue purple and yellow,321887,321887,a white sheep against a colored background orange blue purple and yellow,0.013268,0
t2i,a white sheep against a colored background orange blue purple and yellow,278353,278353,a white sheep against a colored background orange blue purple and yellow,0.000889,0
t2i,a white sheep against a colored background orange blue purple and yellow,46804,46804,a white sheep against a colored background orange blue purple and yellow,0.004357,0
t2i,a white sheep against a colored background orange blue purple and yellow,360325,360325,a white sheep against a colored background orange blue purple and yellow,0.002941,0
t2i,a white sheep against a colored background orange blue purple and yellow,252216,252216,a white sheep against a colored background orange blue purple and yellow,0.000086,0
t2i,a white sheep against a colored background orange blue purple and yellow,410428,410428,a white sheep against a colored background orange blue purple and yellow,0.003690,0
t2i,a white sheep against a colored background orange blue purple and yellow,230166,230166,a white sheep against a colored background orange blue purple and yellow,0.003329,0
t2i,a white sheep against a colored background orange blue purple and yellow,364322,364322,a white sheep against a colored background orange blue purple and yellow,0.000267,0
t2i,a white sheep against a colored background orange blue purple and yellow,209613,209613,a white sheep against a colored background orange blue purple and yellow,0.000186,0
t2i,a white sheep against a colored background orange blue purple and yellow,355610,355610,a white sheep against a colored background orange blue purple and yellow,0.000204,0
t2i,a white sheep against a colored background orange blue purple and yellow,16502,16502,a white sheep against a colored background orange blue purple and yellow,0.028721,0
t2i,a white sheep against a colored background orange blue purple and yellow,461405,461405,a white sheep against a colored background orange blue purple and yellow,0.149630,0
t2i,a white sheep against a colored background orange blue purple and yellow,311950,311950,a white sheep against a colored background orange blue purple and yellow,0.001624,0
t2i,a white sheep against a colored background orange blue purple and yellow,428562,428562,a white sheep against a colored background orange blue purple and yellow,0.000178,0
t2i,a white sheep against a colored background orange blue purple and yellow,154947,154947,a white sheep against a colored background orange blue purple and yellow,0.024066,0
t2i,a white sheep against a colored background orange blue purple and yellow,525155,525155,a white sheep against a colored background orange blue purple and yellow,0.001506,0
t2i,a white sheep against a colored background orange blue purple and yellow,12062,12062,a white sheep against a colored background orange blue purple and yellow,0.000492,0
t2i,a white sheep against a colored background orange blue purple and yellow,176606,176606,a white sheep against a colored background orange blue purple and yellow,0.001381,0
t2i,a white sheep against a colored background orange blue purple and yellow,295231,295231,a white sheep against a colored background orange blue purple and yellow,0.002110,0
t2i,a white sheep against a colored background orange blue purple and yellow,233567,233567,a white sheep against a colored background orange blue purple and yellow,0.000138,0
t2i,a white sheep against a colored background orange blue purple and yellow,44699,44699,a white sheep against a colored background orange blue purple and yellow,0.002012,0
t2i,a white sheep against a colored background orange blue purple and yellow,375763,375763,a white sheep against a colored background orange blue purple and yellow,0.000718,0
t2i,A colorful umbrella sitting outside of a pink building.,203580,203580,A colorful umbrella sitting outside of a pink building.,0.000399,0
t2i,A colorful umbrella sitting outside of a pink building.,360960,360960,A colorful umbrella sitting outside of a pink building.,0.000302,0
t2i,A colorful umbrella sitting outside of a pink building.,122046,122046,A colorful umbrella sitting outside of a pink building.,0.001513,0
t2i,A colorful umbrella sitting outside of a pink building.,121417,121417,A colorful umbrella sitting outside of a pink building.,0.000093,0
t2i,A colorful umbrella sitting outside of a pink building.,540466,540466,A colorful umbrella sitting outside of a pink building.,0.001070,0
t2i,A colorful umbrella sitting outside of a pink building.,308531,308531,A colorful umbrella sitting outside of a pink building.,0.000062,0
t2i,A colorful umbrella sitting outside of a pink building.,198489,198489,A colorful umbrella sitting outside of a pink building.,0.000147,0
t2i,A colorful umbrella sitting outside of a pink building.,455157,455157,A colorful umbrella sitting outside of a pink building.,0.000149,0
t2i,A colorful umbrella sitting outside of a pink building.,360137,360137,A colorful umbrella sitting outside of a pink building.,0.000497,0
t2i,A colorful umbrella sitting outside of a pink building.,402774,402774,A colorful umbrella sitting outside of a pink building.,0.000152,0
t2i,A colorful umbrella sitting outside of a pink building.,521719,521719,A colorful umbrella sitting outside of a pink building.,0.000230,0
t2i,A colorful umbrella sitting outside of a pink building.,408120,408120,A colorful umbrella sitting outside of a pink building.,0.000188,0
t2i,A colorful umbrella sitting outside of a pink building.,289938,289938,A colorful umbrella sitting outside of a pink building.,0.000210,0
t2i,A colorful umbrella sitting outside of a pink building.,313588,313588,A colorful umbrella sitting outside of a pink building.,0.000062,0
t2i,A colorful umbrella sitting outside of a pink building.,426166,426166,A colorful umbrella sitting outside of a pink building.,0.000855,0
t2i,A colorful umbrella sitting outside of a pink building.,66038,66038,A colorful umbrella sitting outside of a pink building.,0.000072,0
t2i,A colorful umbrella sitting outside of a pink building.,425925,425925,A colorful umbrella sitting outside of a pink building.,0.000060,0
t2i,A colorful umbrella sitting outside of a pink building.,512248,512248,A colorful umbrella sitting outside of a pink building.,0.000156,0
t2i,A colorful umbrella sitting outside of a pink building.,231088,231088,A colorful umbrella sitting outside of a pink building.,0.000595,0
t2i,A colorful umbrella sitting outside of a pink building.,528980,528980,A colorful umbrella sitting outside of a pink building.,0.001543,0
t2i,A colorful umbrella sitting outside of a pink building.,292155,292155,A colorful umbrella sitting outside of a pink building.,0.000140,0
t2i,A colorful umbrella sitting outside of a pink building.,161032,161032,A colorful umbrella sitting outside of a pink building.,0.001330,0
t2i,A colorful umbrella sitting outside of a pink building.,265108,265108,A colorful umbrella sitting outside of a pink building.,0.000092,0
t2i,A colorful umbrella sitting outside of a pink building.,401446,401446,A colorful umbrella sitting outside of a pink building.,0.000190,0
t2i,A colorful umbrella sitting outside of a pink building.,370711,370711,A colorful umbrella sitting outside of a pink building.,0.000071,0
t2i,A colorful umbrella sitting outside of a pink building.,256941,256941,A colorful umbrella sitting outside of a pink building.,0.000301,0
t2i,A colorful umbrella sitting outside of a pink building.,530854,530854,A colorful umbrella sitting outside of a pink building.,0.002837,0
t2i,A colorful umbrella sitting outside of a pink building.,441543,441543,A colorful umbrella sitting outside of a pink building.,0.000112,0
t2i,A colorful umbrella sitting outside of a pink building.,500211,500211,A colorful umbrella sitting outside of a pink building.,0.000086,0
t2i,A colorful umbrella sitting outside of a pink building.,503855,503855,A colorful umbrella sitting outside of a pink building.,0.000199,0
t2i,A colorful umbrella sitting outside of a pink building.,416991,416991,A colorful umbrella sitting outside of a pink building.,0.000791,0
t2i,A colorful umbrella sitting outside of a pink building.,233033,233033,A colorful umbrella sitting outside of a pink building.,0.000243,0
t2i,A group of men standing around a sidewalk together.,69213,69213,A group of men standing around a sidewalk together.,0.000126,0
t2i,A group of men standing around a sidewalk together.,523194,523194,A group of men standing around a sidewalk together.,0.000071,0
t2i,A group of men standing around a sidewalk together.,521141,521141,A group of men standing around a sidewalk together.,0.000311,0
t2i,A group of men standing around a sidewalk together.,399205,399205,A group of men standing around a sidewalk together.,0.000154,0
t2i,A group of men standing around a sidewalk together.,183709,183709,A group of men standing around a sidewalk together.,0.000130,0
t2i,A group of men standing around a sidewalk together.,168337,168337,A group of men standing around a sidewalk together.,0.000034,0
t2i,A group of men standing around a sidewalk together.,25393,25393,A group of men standing around a sidewalk together.,0.001576,0
t2i,A group of men standing around a sidewalk together.,40083,40083,A group of men standing around a sidewalk together.,0.000029,0
t2i,A group of men standing around a sidewalk together.,151480,151480,A group of men standing around a sidewalk together.,0.000126,0
t2i,A group of men standing around a sidewalk together.,541055,541055,A group of men standing around a sidewalk together.,0.000630,0
t2i,A group of men standing around a sidewalk together.,140556,140556,A group of men standing around a sidewalk together.,0.000120,0
t2i,A group of men standing around a sidewalk together.,292236,292236,A group of men standing around a sidewalk together.,0.000092,0
t2i,A group of men standing around a sidewalk together.,190676,190676,A group of men standing around a sidewalk together.,0.000303,0
t2i,A group of men standing around a sidewalk together.,545219,545219,A group of men standing around a sidewalk together.,0.000147,0
t2i,A group of men standing around a sidewalk together.,507037,507037,A group of men standing around a sidewalk together.,0.000308,0
t2i,A group of men standing around a sidewalk together.,8211,8211,A group of men standing around a sidewalk together.,0.000043,0
t2i,A group of men standing around a sidewalk together.,505942,505942,A group of men standing around a sidewalk together.,0.000046,0
t2i,A group of men standing around a sidewalk together.,572900,572900,A group of men standing around a sidewalk together.,0.000077,0
t2i,A group of men standing around a sidewalk together.,356387,356387,A group of men standing around a sidewalk together.,0.000132,0
t2i,A group of men standing around a sidewalk together.,433204,433204,A group of men standing around a sidewalk together.,0.000048,0
t2i,A group of men standing around a sidewalk together.,559547,559547,A group of men standing around a sidewalk together.,0.000107,0
t2i,A group of men standing around a sidewalk together.,99114,99114,A group of men standing around a sidewalk together.,0.000594,0
t2i,A group of men standing around a sidewalk together.,521259,521259,A group of men standing around a sidewalk together.,0.000075,0
t2i,A group of men standing around a sidewalk together.,353180,353180,A group of men standing around a sidewalk together.,0.000243,0
t2i,A group of men standing around a sidewalk together.,540414,540414,A group of men standing around a sidewalk together.,0.000045,0
t2i,A group of men standing around a sidewalk together.,284445,284445,A group of men standing around a sidewalk together.,0.000062,0
t2i,A group of men standing around a sidewalk together.,554002,554002,A group of men standing around a sidewalk together.,0.000596,0
t2i,A group of men standing around a sidewalk together.,150265,150265,A group of men standing around a sidewalk together.,0.000120,0
t2i,A group of men standing around a sidewalk together.,289594,289594,A group of men standing around a sidewalk together.,0.000277,0
t2i,A group of men standing around a sidewalk together.,11197,11197,A group of men standing around a sidewalk together.,0.000091,0
t2i,A group of men standing around a sidewalk together.,249180,249180,A group of men standing around a sidewalk together.,0.000080,0
t2i,A group of men standing around a sidewalk together.,577932,577932,A group of men standing around a sidewalk together.,0.000066,0
t2i,A group of men standing around a sidewalk together.,395801,395801,A group of men standing around a sidewalk together.,0.000026,0
t2i,A group of men standing around a sidewalk together.,16249,16249,A group of men standing around a sidewalk together.,0.000262,0
t2i,A group of men standing around a sidewalk together.,296657,296657,A group of men standing around a sidewalk together.,0.000283,0
t2i,A group of men standing around a sidewalk together.,329456,329456,A group of men standing around a sidewalk together.,0.000044,0
t2i,A group of men standing around a sidewalk together.,477288,477288,A group of men standing around a sidewalk together.,0.000077,0
t2i,A group of men standing around a sidewalk together.,566282,566282,A group of men standing around a sidewalk together.,0.000141,0
t2i,a train covered in black dirt sitting in a fancy train station,458109,458109,a train covered in black dirt sitting in a fancy train station,0.000062,0
t2i,a train covered in black dirt sitting in a fancy train station,572303,572303,a train covered in black dirt sitting in a fancy train station,0.000136,0
t2i,a train covered in black dirt sitting in a fancy train station,253835,253835,a train covered in black dirt sitting in a fancy train station,0.000039,0
t2i,a train covered in black dirt sitting in a fancy train station,57244,57244,a train covered in black dirt sitting in a fancy train station,0.000195,0
t2i,a train covered in black dirt sitting in a fancy train station,524742,524742,a train covered in black dirt sitting in a fancy train station,0.000061,0
t2i,a train covered in black dirt sitting in a fancy train station,494863,494863,a train covered in black dirt sitting in a fancy train station,0.000034,0
t2i,a train covered in black dirt sitting in a fancy train station,578093,578093,a train covered in black dirt sitting in a fancy train station,0.000066,0
t2i,a train covered in black dirt sitting in a fancy train station,180188,180188,a train covered in black dirt sitting in a fancy train station,0.000084,0
t2i,a train covered in black dirt sitting in a fancy train station,469246,469246,a train covered in black dirt sitting in a fancy train station,0.000071,0
t2i,a train covered in black dirt sitting in a fancy train station,184321,184321,a train covered in black dirt sitting in a fancy train station,0.000052,0
t2i,a train covered in black dirt sitting in a fancy train station,249643,249643,a train covered in black dirt sitting in a fancy train station,0.000065,0
t2i,a train covered in black dirt sitting in a fancy train station,475387,475387,a train covered in black dirt sitting in a fancy train station,0.000052,0
t2i,a train covered in black dirt sitting in a fancy train station,186624,186624,a train covered in black dirt sitting in a fancy train station,0.000043,0
t2i,a train covered in black dirt sitting in a fancy train station,159684,159684,a train covered in black dirt sitting in a fancy train station,0.000024,0
t2i,a train covered in black dirt sitting in a fancy train station,287874,287874,a train covered in black dirt sitting in a fancy train station,0.000035,0
t2i,a train covered in black dirt sitting in a fancy train station,477623,477623,a train covered in black dirt sitting in a fancy train station,0.000097,0
t2i,a train covered in black dirt sitting in a fancy train station,290293,290293,a train covered in black dirt sitting in a fancy train station,0.000043,0
t2i,a train covered in black dirt sitting in a fancy train station,352491,352491,a train covered in black dirt sitting in a fancy train station,0.000023,0
t2i,a train covered in black dirt sitting in a fancy train station,500423,500423,a train covered in black dirt sitting in a fancy train station,0.000418,0
t2i,a train covered in black dirt sitting in a fancy train station,234660,234660,a train covered in black dirt sitting in a fancy train station,0.000418,0
t2i,a train covered in black dirt sitting in a fancy train station,511999,511999,a train covered in black dirt sitting in a fancy train station,0.000038,0
t2i,a train covered in black dirt sitting in a fancy train station,76625,76625,a train covered in black dirt sitting in a fancy train station,0.000042,0
t2i,a train covered in black dirt sitting in a fancy train station,151857,151857,a train covered in black dirt sitting in a fancy train station,0.000403,0
t2i,a train covered in black dirt sitting in a fancy train station,268000,268000,a train covered in black dirt sitting in a fancy train station,0.000103,0
t2i,a train covered in black dirt sitting in a fancy train station,217400,217400,a train covered in black dirt sitting in a fancy train station,0.000043,0
t2i,a train covered in black dirt sitting in a fancy train station,129135,129135,a train covered in black dirt sitting in a fancy train station,0.000065,0
t2i,a train covered in black dirt sitting in a fancy train station,546659,546659,a train covered in black dirt sitting in a fancy train station,0.000032,0
t2i,a train covered in black dirt sitting in a fancy train station,25181,25181,a train covered in black dirt sitting in a fancy train station,0.000418,0
t2i,a train covered in black dirt sitting in a fancy train station,135902,135902,a train covered in black dirt sitting in a fancy train station,0.000034,0
t2i,a train covered in black dirt sitting in a fancy train station,488664,488664,a train covered in black dirt sitting in a fancy train station,0.000040,0
t2i,a train covered in black dirt sitting in a fancy train station,66135,66135,a train covered in black dirt sitting in a fancy train station,0.000070,0
t2i,a train covered in black dirt sitting in a fancy train station,519338,519338,a train covered in black dirt sitting in a fancy train station,0.000047,0
t2i,a train covered in black dirt sitting in a fancy train station,256195,256195,a train covered in black dirt sitting in a fancy train station,0.000032,0
t2i,a train covered in black dirt sitting in a fancy train station,231169,231169,a train covered in black dirt sitting in a fancy train station,0.000023,0
t2i,a train covered in black dirt sitting in a fancy train station,177383,177383,a train covered in black dirt sitting in a fancy train station,0.000074,0
t2i,a train covered in black dirt sitting in a fancy train station,369675,369675,a train covered in black dirt sitting in a fancy train station,0.000044,0
t2i,a train covered in black dirt sitting in a fancy train station,134722,134722,a train covered in black dirt sitting in a fancy train station,0.000021,0
t2i,a man on a three wheeler following behind a two dogs and a cow,193162,193162,a man on a three wheeler following behind a two dogs and a cow,0.000111,0
t2i,a man on a three wheeler following behind a two dogs and a cow,417085,417085,a man on a three wheeler following behind a two dogs and a cow,0.000706,0
t2i,a man on a three wheeler following behind a two dogs and a cow,356612,356612,a man on a three wheeler following behind a two dogs and a cow,0.000080,0
t2i,a man on a three wheeler following behind a two dogs and a cow,261888,261888,a man on a three wheeler following behind a two dogs and a cow,0.000255,0
t2i,a man on a three wheeler following behind a two dogs and a cow,125072,125072,a man on a three wheeler following behind a two dogs and a cow,0.000039,0
t2i,a man on a three wheeler following behind a two dogs and a cow,7386,7386,a man on a three wheeler following behind a two dogs and a cow,0.000045,0
t2i,a man on a three wheeler following behind a two dogs and a cow,430073,430073,a man on a three wheeler following behind a two dogs and a cow,0.000086,0
t2i,a man on a three wheeler following behind a two dogs and a cow,369442,369442,a man on a three wheeler following behind a two dogs and a cow,0.000375,0
t2i,a man on a three wheeler following behind a two dogs and a cow,455219,455219,a man on a three wheeler following behind a two dogs and a cow,0.000887,0
t2i,a man on a three wheeler following behind a two dogs and a cow,367680,367680,a man on a three wheeler following behind a two dogs and a cow,0.000067,0
t2i,a man on a three wheeler following behind a two dogs and a cow,329447,329447,a man on a three wheeler following behind a two dogs and a cow,0.000364,0
t2i,a man on a three wheeler following behind a two dogs and a cow,87470,87470,a man on a three wheeler following behind a two dogs and a cow,0.000444,0
t2i,a man on a three wheeler following behind a two dogs and a cow,289343,289343,a man on a three wheeler following behind a two dogs and a cow,0.000028,0
t2i,a man on a three wheeler following behind a two dogs and a cow,79229,79229,a man on a three wheeler following behind a two dogs and a cow,0.000273,0
t2i,a man on a three wheeler following behind a two dogs and a cow,65485,65485,a man on a three wheeler following behind a two dogs and a cow,0.000129,0
t2i,a man on a three wheeler following behind a two dogs and a cow,107226,107226,a man on a three wheeler following behind a two dogs and a cow,0.000085,0
t2i,a man on a three wheeler following behind a two dogs and a cow,206487,206487,a man on a three wheeler following behind a two dogs and a cow,0.000117,0
t2i,a man on a three wheeler following behind a two dogs and a cow,389451,389451,a man on a three wheeler following behind a two dogs and a cow,0.000266,0
t2i,a man on a three wheeler following behind a two dogs and a cow,560880,560880,a man on a three wheeler following behind a two dogs and a cow,0.000632,0
t2i,a man on a three wheeler following behind a two dogs and a cow,276024,276024,a man on a three wheeler following behind a two dogs and a cow,0.000364,0
t2i,a man on a three wheeler following behind a two dogs and a cow,103548,103548,a man on a three wheeler following behind a two dogs and a cow,0.000629,0
t2i,a man on a three wheeler following behind a two dogs and a cow,8211,8211,a man on a three wheeler following behind a two dogs and a cow,0.000022,0
t2i,a man on a three wheeler following behind a two dogs and a cow,336265,336265,a man on a three wheeler following behind a two dogs and a cow,0.000040,0
t2i,a man on a three wheeler following behind a two dogs and a cow,424162,424162,a man on a three wheeler following behind a two dogs and a cow,0.000092,0
t2i,a man on a three wheeler following behind a two dogs and a cow,61108,61108,a man on a three wheeler following behind a two dogs and a cow,0.000067,0
t2i,a man on a three wheeler following behind a two dogs and a cow,407083,407083,a man on a three wheeler following behind a two dogs and a cow,0.000080,0
t2i,a man on a three wheeler following behind a two dogs and a cow,472375,472375,a man on a three wheeler following behind a two dogs and a cow,0.000187,0
t2i,a man on a three wheeler following behind a two dogs and a cow,324158,324158,a man on a three wheeler following behind a two dogs and a cow,0.000169,0
t2i,a man on a three wheeler following behind a two dogs and a cow,78823,78823,a man on a three wheeler following behind a two dogs and a cow,0.000095,0
t2i,a man on a three wheeler following behind a two dogs and a cow,461751,461751,a man on a three wheeler following behind a two dogs and a cow,0.000153,0
t2i,a man on a three wheeler following behind a two dogs and a cow,553776,553776,a man on a three wheeler following behind a two dogs and a cow,0.000049,0
t2i,a man on a three wheeler following behind a two dogs and a cow,171611,171611,a man on a three wheeler following behind a two dogs and a cow,0.000128,0
t2i,a man on a three wheeler following behind a two dogs and a cow,288685,288685,a man on a three wheeler following behind a two dogs and a cow,0.000155,0
t2i,Cheese pizza is sliced into small pieces on a plate.,353027,353027,Cheese pizza is sliced into small pieces on a plate.,0.004219,0
t2i,Cheese pizza is sliced into small pieces on a plate.,236412,236412,Cheese pizza is sliced into small pieces on a plate.,0.001147,0
t2i,Cheese pizza is sliced into small pieces on a plate.,163611,163611,Cheese pizza is sliced into small pieces on a plate.,0.002793,0
t2i,Cheese pizza is sliced into small pieces on a plate.,451693,451693,Cheese pizza is sliced into small pieces on a plate.,0.000223,0
t2i,Cheese pizza is sliced into small pieces on a plate.,24144,24144,Cheese pizza is sliced into small pieces on a plate.,0.000310,0
t2i,Cheese pizza is sliced into small pieces on a plate.,532129,532129,Cheese pizza is sliced into small pieces on a plate.,0.005158,0
t2i,Cheese pizza is sliced into small pieces on a plate.,174123,174123,Cheese pizza is sliced into small pieces on a plate.,0.008579,0
t2i,Cheese pizza is sliced into small pieces on a plate.,45728,45728,Cheese pizza is sliced into small pieces on a plate.,0.001303,0
t2i,Cheese pizza is sliced into small pieces on a plate.,351331,351331,Cheese pizza is sliced into small pieces on a plate.,0.000324,0
t2i,Cheese pizza is sliced into small pieces on a plate.,75456,75456,Cheese pizza is sliced into small pieces on a plate.,0.001068,0
t2i,Cheese pizza is sliced into small pieces on a plate.,8629,8629,Cheese pizza is sliced into small pieces on a plate.,0.000368,0
t2i,Cheese pizza is sliced into small pieces on a plate.,108253,108253,Cheese pizza is sliced into small pieces on a plate.,0.000233,0
t2i,Cheese pizza is sliced into small pieces on a plate.,499313,499313,Cheese pizza is sliced into small pieces on a plate.,0.015359,0
t2i,Cheese pizza is sliced into small pieces on a plate.,84431,84431,Cheese pizza is sliced into small pieces on a plate.,0.000614,0
t2i,Cheese pizza is sliced into small pieces on a plate.,159112,159112,Cheese pizza is sliced into small pieces on a plate.,0.001860,0
t2i,Cheese pizza is sliced into small pieces on a plate.,513283,513283,Cheese pizza is sliced into small pieces on a plate.,0.000205,0
t2i,Cheese pizza is sliced into small pieces on a plate.,324927,324927,Cheese pizza is sliced into small pieces on a plate.,0.000091,0
t2i,Cheese pizza is sliced into small pieces on a plate.,565597,565597,Cheese pizza is sliced into small pieces on a plate.,0.002182,0
t2i,Cheese pizza is sliced into small pieces on a plate.,232489,232489,Cheese pizza is sliced into small pieces on a plate.,0.000396,0
t2i,Cheese pizza is sliced into small pieces on a plate.,21503,21503,Cheese pizza is sliced into small pieces on a plate.,0.001263,0
t2i,Cheese pizza is sliced into small pieces on a plate.,520871,520871,Cheese pizza is sliced into small pieces on a plate.,0.001183,0
t2i,Cheese pizza is sliced into small pieces on a plate.,294831,294831,Cheese pizza is sliced into small pieces on a plate.,0.002467,0
t2i,Cheese pizza is sliced into small pieces on a plate.,289415,289415,Cheese pizza is sliced into small pieces on a plate.,0.002500,0
t2i,Cheese pizza is sliced into small pieces on a plate.,27696,27696,Cheese pizza is sliced into small pieces on a plate.,0.002082,0
t2i,Cheese pizza is sliced into small pieces on a plate.,173004,173004,Cheese pizza is sliced into small pieces on a plate.,0.000260,0
t2i,Cheese pizza is sliced into small pieces on a plate.,175535,175535,Cheese pizza is sliced into small pieces on a plate.,0.000185,0
t2i,Cheese pizza is sliced into small pieces on a plate.,513041,513041,Cheese pizza is sliced into small pieces on a plate.,0.000667,0
t2i,Cheese pizza is sliced into small pieces on a plate.,378284,378284,Cheese pizza is sliced into small pieces on a plate.,0.000260,0
t2i,Cheese pizza is sliced into small pieces on a plate.,246436,246436,Cheese pizza is sliced into small pieces on a plate.,0.000366,0
t2i,Cheese pizza is sliced into small pieces on a plate.,357430,357430,Cheese pizza is sliced into small pieces on a plate.,0.001253,0
t2i,Cheese pizza is sliced into small pieces on a plate.,164969,164969,Cheese pizza is sliced into small pieces on a plate.,0.001444,0
t2i,Cheese pizza is sliced into small pieces on a plate.,127476,127476,Cheese pizza is sliced into small pieces on a plate.,0.007982,0
t2i,A child petting two dogs on the side of the street,246454,246454,A child petting two dogs on the side of the street,0.000097,0
t2i,A child petting two dogs on the side of the street,479155,479155,A child petting two dogs on the side of the street,0.000068,0
t2i,A child petting two dogs on the side of the street,424162,424162,A child petting two dogs on the side of the street,0.000103,0
t2i,A child petting two dogs on the side of the street,279278,279278,A child petting two dogs on the side of the street,0.000186,0
t2i,A child petting two dogs on the side of the street,523194,523194,A child petting two dogs on the side of the street,0.000068,0
t2i,A child petting two dogs on the side of the street,534270,534270,A child petting two dogs on the side of the street,0.000143,0
t2i,A child petting two dogs on the side of the street,512836,512836,A child petting two dogs on the side of the street,0.000071,0
t2i,A child petting two dogs on the side of the street,509403,509403,A child petting two dogs on the side of the street,0.000121,0
t2i,A child petting two dogs on the side of the street,422836,422836,A child petting two dogs on the side of the street,0.000051,0
t2i,A child petting two dogs on the side of the street,546823,546823,A child petting two dogs on the side of the street,0.000048,0
t2i,A child petting two dogs on the side of the street,375493,375493,A child petting two dogs on the side of the street,0.000205,0
t2i,A child petting two dogs on the side of the street,182805,182805,A child petting two dogs on the side of the street,0.000034,0
t2i,A child petting two dogs on the side of the street,55150,55150,A child petting two dogs on the side of the street,0.000053,0
t2i,A child petting two dogs on the side of the street,395801,395801,A child petting two dogs on the side of the street,0.000019,0
t2i,A child petting two dogs on the side of the street,185472,185472,A child petting two dogs on the side of the street,0.000028,0
t2i,A child petting two dogs on the side of the street,289343,289343,A child petting two dogs on the side of the street,0.000036,0
t2i,A child petting two dogs on the side of the street,505789,505789,A child petting two dogs on the side of the street,0.000025,0
t2i,A child petting two dogs on the side of the street,554002,554002,A child petting two dogs on the side of the street,0.000354,0
t2i,A child petting two dogs on the side of the street,8211,8211,A child petting two dogs on the side of the street,0.000033,0
t2i,A child petting two dogs on the side of the street,126110,126110,A child petting two dogs on the side of the street,0.001649,0
t2i,A child petting two dogs on the side of the street,110784,110784,A child petting two dogs on the side of the street,0.000050,0
t2i,A child petting two dogs on the side of the street,338624,338624,A child petting two dogs on the side of the street,0.000044,0
t2i,A child petting two dogs on the side of the street,323263,323263,A child petting two dogs on the side of the street,0.000022,0
t2i,A child petting two dogs on the side of the street,150265,150265,A child petting two dogs on the side of the street,0.000062,0
t2i,A child petting two dogs on the side of the street,447200,447200,A child petting two dogs on the side of the street,0.000185,0
t2i,A child petting two dogs on the side of the street,89880,89880,A child petting two dogs on the side of the street,0.000998,0
t2i,A child petting two dogs on the side of the street,251572,251572,A child petting two dogs on the side of the street,0.000075,0
t2i,A child petting two dogs on the side of the street,452891,452891,A child petting two dogs on the side of the street,0.000116,0
t2i,A child petting two dogs on the side of the street,579321,579321,A child petting two dogs on the side of the street,0.000117,0
t2i,A child petting two dogs on the side of the street,562561,562561,A child petting two dogs on the side of the street,0.000046,0
t2i,A child petting two dogs on the side of the street,295478,295478,A child petting two dogs on the side of the street,0.000066,0
t2i,A child petting two dogs on the side of the street,8690,8690,A child petting two dogs on the side of the street,0.000097,0
t2i,A child petting two dogs on the side of the street,484893,484893,A child petting two dogs on the side of the street,0.000049,0
t2i,A child petting two dogs on the side of the street,149568,149568,A child petting two dogs on the side of the street,0.000145,0
t2i,The toilet is covered in sparkles with a red object in front of it.,104803,104803,The toilet is covered in sparkles with a red object in front of it.,0.000104,0
t2i,The toilet is covered in sparkles with a red object in front of it.,352584,352584,The toilet is covered in sparkles with a red object in front of it.,0.000072,0
t2i,The toilet is covered in sparkles with a red object in front of it.,5503,5503,The toilet is covered in sparkles with a red object in front of it.,0.000020,0
t2i,The toilet is covered in sparkles with a red object in front of it.,332455,332455,The toilet is covered in sparkles with a red object in front of it.,0.000036,0
t2i,The toilet is covered in sparkles with a red object in front of it.,560279,560279,The toilet is covered in sparkles with a red object in front of it.,0.000051,0
t2i,The toilet is covered in sparkles with a red object in front of it.,423971,423971,The toilet is covered in sparkles with a red object in front of it.,0.000033,0
t2i,The toilet is covered in sparkles with a red object in front of it.,523229,523229,The toilet is covered in sparkles with a red object in front of it.,0.000028,0
t2i,The toilet is covered in sparkles with a red object in front of it.,232649,232649,The toilet is covered in sparkles with a red object in front of it.,0.000021,0
t2i,The toilet is covered in sparkles with a red object in front of it.,55002,55002,The toilet is covered in sparkles with a red object in front of it.,0.000026,0
t2i,The toilet is covered in sparkles with a red object in front of it.,243495,243495,The toilet is covered in sparkles with a red object in front of it.,0.000021,0
t2i,The toilet is covered in sparkles with a red object in front of it.,251065,251065,The toilet is covered in sparkles with a red object in front of it.,0.000038,0
t2i,The toilet is covered in sparkles with a red object in front of it.,551304,551304,The toilet is covered in sparkles with a red object in front of it.,0.000020,0
t2i,The toilet is covered in sparkles with a red object in front of it.,234413,234413,The toilet is covered in sparkles with a red object in front of it.,0.000041,0
t2i,The toilet is covered in sparkles with a red object in front of it.,394328,394328,The toilet is covered in sparkles with a red object in front of it.,0.000029,0
t2i,The toilet is covered in sparkles with a red object in front of it.,172083,172083,The toilet is covered in sparkles with a red object in front of it.,0.000039,0
t2i,The toilet is covered in sparkles with a red object in front of it.,455981,455981,The toilet is covered in sparkles with a red object in front of it.,0.000076,0
t2i,The toilet is covered in sparkles with a red object in front of it.,263796,263796,The toilet is covered in sparkles with a red object in front of it.,0.000027,0
t2i,The toilet is covered in sparkles with a red object in front of it.,484415,484415,The toilet is covered in sparkles with a red object in front of it.,0.001032,0
t2i,The toilet is covered in sparkles with a red object in front of it.,154718,154718,The toilet is covered in sparkles with a red object in front of it.,0.000036,0
t2i,The toilet is covered in sparkles with a red object in front of it.,263474,263474,The toilet is covered in sparkles with a red object in front of it.,0.000024,0
t2i,The toilet is covered in sparkles with a red object in front of it.,437392,437392,The toilet is covered in sparkles with a red object in front of it.,0.000027,0
t2i,The toilet is covered in sparkles with a red object in front of it.,462614,462614,The toilet is covered in sparkles with a red object in front of it.,0.000079,0
t2i,The toilet is covered in sparkles with a red object in front of it.,325114,325114,The toilet is covered in sparkles with a red object in front of it.,0.000018,0
t2i,The toilet is covered in sparkles with a red object in front of it.,89761,89761,The toilet is covered in sparkles with a red object in front of it.,0.000041,0
t2i,The toilet is covered in sparkles with a red object in front of it.,537812,537812,The toilet is covered in sparkles with a red object in front of it.,0.000025,0
t2i,The toilet is covered in sparkles with a red object in front of it.,550797,550797,The toilet is covered in sparkles with a red object in front of it.,0.000029,0
t2i,The toilet is covered in sparkles with a red object in front of it.,212453,212453,The toilet is covered in sparkles with a red object in front of it.,0.000036,0
t2i,The toilet is covered in sparkles with a red object in front of it.,309495,309495,The toilet is covered in sparkles with a red object in front of it.,0.000037,0
t2i,The toilet is covered in sparkles with a red object in front of it.,288062,288062,The toilet is covered in sparkles with a red object in front of it.,0.000035,0
t2i,A stop sign that is attached to a broken wooden pole.,336587,336587,A stop sign that is attached to a broken wooden pole.,0.000292,0
t2i,A stop sign that is attached to a broken wooden pole.,522940,522940,A stop sign that is attached to a broken wooden pole.,0.000682,0
t2i,A stop sign that is attached to a broken wooden pole.,565153,565153,A stop sign that is attached to a broken wooden pole.,0.000288,0
t2i,A stop sign that is attached to a broken wooden pole.,11122,11122,A stop sign that is attached to a broken wooden pole.,0.000102,0
t2i,A stop sign that is attached to a broken wooden pole.,460229,460229,A stop sign that is attached to a broken wooden pole.,0.000600,0
t2i,A stop sign that is attached to a broken wooden pole.,414133,414133,A stop sign that is attached to a broken wooden pole.,0.000079,0
t2i,A stop sign that is attached to a broken wooden pole.,15440,15440,A stop sign that is attached to a broken wooden pole.,0.001275,0
t2i,A stop sign that is attached to a broken wooden pole.,222094,222094,A stop sign that is attached to a broken wooden pole.,0.000391,0
t2i,A stop sign that is attached to a broken wooden pole.,192716,192716,A stop sign that is attached to a broken wooden pole.,0.002619,0
t2i,A stop sign that is attached to a broken wooden pole.,484029,484029,A stop sign that is attached to a broken wooden pole.,0.000140,0
t2i,A stop sign that is attached to a broken wooden pole.,172856,172856,A stop sign that is attached to a broken wooden pole.,0.000134,0
t2i,A stop sign that is attached to a broken wooden pole.,42888,42888,A stop sign that is attached to a broken wooden pole.,0.000107,0
t2i,A stop sign that is attached to a broken wooden pole.,32941,32941,A stop sign that is attached to a broken wooden pole.,0.000055,0
t2i,A stop sign that is attached to a broken wooden pole.,236845,236845,A stop sign that is attached to a broken wooden pole.,0.000171,0
t2i,A stop sign that is attached to a broken wooden pole.,104782,104782,A stop sign that is attached to a broken wooden pole.,0.001916,0
t2i,A stop sign that is attached to a broken wooden pole.,544605,544605,A stop sign that is attached to a broken wooden pole.,0.001191,0
t2i,A stop sign that is attached to a broken wooden pole.,347163,347163,A stop sign that is attached to a broken wooden pole.,0.000256,0
t2i,A stop sign that is attached to a broken wooden pole.,95899,95899,A stop sign that is attached to a broken wooden pole.,0.000643,0
t2i,A stop sign that is attached to a broken wooden pole.,79408,79408,A stop sign that is attached to a broken wooden pole.,0.002168,0
t2i,A stop sign that is attached to a broken wooden pole.,122745,122745,A stop sign that is attached to a broken wooden pole.,0.002002,0
t2i,A stop sign that is attached to a broken wooden pole.,252332,252332,A stop sign that is attached to a broken wooden pole.,0.001211,0
t2i,A stop sign that is attached to a broken wooden pole.,724,724,A stop sign that is attached to a broken wooden pole.,0.000666,0
t2i,A stop sign that is attached to a broken wooden pole.,297343,297343,A stop sign that is attached to a broken wooden pole.,0.002412,0
t2i,A stop sign that is attached to a broken wooden pole.,309173,309173,A stop sign that is attached to a broken wooden pole.,0.000531,0
t2i,A stop sign that is attached to a broken wooden pole.,283038,283038,A stop sign that is attached to a broken wooden pole.,0.000731,0
t2i,A stop sign that is attached to a broken wooden pole.,91619,91619,A stop sign that is attached to a broken wooden pole.,0.001786,0
t2i,A stop sign that is attached to a broken wooden pole.,338718,338718,A stop sign that is attached to a broken wooden pole.,0.000289,0
t2i,A stop sign that is attached to a broken wooden pole.,579893,579893,A stop sign that is attached to a broken wooden pole.,0.000246,0
t2i,A stop sign that is attached to a broken wooden pole.,232646,232646,A stop sign that is attached to a broken wooden pole.,0.000256,0
t2i,A group of women wearing hats while standing at a dessert table.,140640,140640,A group of women wearing hats while standing at a dessert table.,0.000209,0
t2i,A group of women wearing hats while standing at a dessert table.,300276,300276,A group of women wearing hats while standing at a dessert table.,0.000051,0
t2i,A group of women wearing hats while standing at a dessert table.,334483,334483,A group of women wearing hats while standing at a dessert table.,0.000113,0
t2i,A group of women wearing hats while standing at a dessert table.,162092,162092,A group of women wearing hats while standing at a dessert table.,0.000046,0
t2i,A group of women wearing hats while standing at a dessert table.,363207,363207,A group of women wearing hats while standing at a dessert table.,0.000024,0
t2i,A group of women wearing hats while standing at a dessert table.,261116,261116,A group of women wearing hats while standing at a dessert table.,0.000112,0
t2i,A group of women wearing hats while standing at a dessert table.,276434,276434,A group of women wearing hats while standing at a dessert table.,0.000020,0
t2i,A group of women wearing hats while standing at a dessert table.,144003,144003,A group of women wearing hats while standing at a dessert table.,0.000035,0
t2i,A group of women wearing hats while standing at a dessert table.,470773,470773,A group of women wearing hats while standing at a dessert table.,0.000025,0
t2i,A group of women wearing hats while standing at a dessert table.,268378,268378,A group of women wearing hats while standing at a dessert table.,0.000044,0
t2i,A group of women wearing hats while standing at a dessert table.,241668,241668,A group of women wearing hats while standing at a dessert table.,0.000029,0
t2i,A group of women wearing hats while standing at a dessert table.,462371,462371,A group of women wearing hats while standing at a dessert table.,0.000271,0
t2i,A group of women wearing hats while standing at a dessert table.,434459,434459,A group of women wearing hats while standing at a dessert table.,0.000039,0
t2i,A group of women wearing hats while standing at a dessert table.,482275,482275,A group of women wearing hats while standing at a dessert table.,0.000038,0
t2i,A group of women wearing hats while standing at a dessert table.,438774,438774,A group of women wearing hats while standing at a dessert table.,0.000044,0
t2i,A group of women wearing hats while standing at a dessert table.,199771,199771,A group of women wearing hats while standing at a dessert table.,0.000056,0
t2i,A group of women wearing hats while standing at a dessert table.,91406,91406,A group of women wearing hats while standing at a dessert table.,0.000046,0
t2i,A group of women wearing hats while standing at a dessert table.,275198,275198,A group of women wearing hats while standing at a dessert table.,0.000109,0
t2i,A group of women wearing hats while standing at a dessert table.,210230,210230,A group of women wearing hats while standing at a dessert table.,0.000072,0
t2i,A group of women wearing hats while standing at a dessert table.,52996,52996,A group of women wearing hats while standing at a dessert table.,0.000056,0
t2i,A group of women wearing hats while standing at a dessert table.,128476,128476,A group of women wearing hats while standing at a dessert table.,0.000029,0
t2i,A group of women wearing hats while standing at a dessert table.,349480,349480,A group of women wearing hats while standing at a dessert table.,0.000094,0
t2i,A group of women wearing hats while standing at a dessert table.,345361,345361,A group of women wearing hats while standing at a dessert table.,0.000214,0
t2i,A group of women wearing hats while standing at a dessert table.,517056,517056,A group of women wearing hats while standing at a dessert table.,0.000047,0
t2i,A group of women wearing hats while standing at a dessert table.,370677,370677,A group of women wearing hats while standing at a dessert table.,0.000057,0
t2i,A group of women wearing hats while standing at a dessert table.,489842,489842,A group of women wearing hats while standing at a dessert table.,0.000045,0
t2i,A group of women wearing hats while standing at a dessert table.,509451,509451,A group of women wearing hats while standing at a dessert table.,0.000038,0
t2i,A group of women wearing hats while standing at a dessert table.,568195,568195,A group of women wearing hats while standing at a dessert table.,0.000076,0
t2i,A group of women wearing hats while standing at a dessert table.,2157,2157,A group of women wearing hats while standing at a dessert table.,0.000176,0
t2i,A group of women wearing hats while standing at a dessert table.,63965,63965,A group of women wearing hats while standing at a dessert table.,0.000047,0
t2i,A group of women wearing hats while standing at a dessert table.,233238,233238,A group of women wearing hats while standing at a dessert table.,0.000189,0
t2i,A group of people that are standing outside of a bus.,353180,353180,A group of people that are standing outside of a bus.,0.000693,0
t2i,A group of people that are standing outside of a bus.,347544,347544,A group of people that are standing outside of a bus.,0.000077,0
t2i,A group of people that are standing outside of a bus.,243867,243867,A group of people that are standing outside of a bus.,0.000084,0
t2i,A group of people that are standing outside of a bus.,514508,514508,A group of people that are standing outside of a bus.,0.000703,0
t2i,A group of people that are standing outside of a bus.,201934,201934,A group of people that are standing outside of a bus.,0.000079,0
t2i,A group of people that are standing outside of a bus.,171298,171298,A group of people that are standing outside of a bus.,0.000047,0
t2i,A group of people that are standing outside of a bus.,255749,255749,A group of people that are standing outside of a bus.,0.000656,0
t2i,A group of people that are standing outside of a bus.,284725,284725,A group of people that are standing outside of a bus.,0.000028,0
t2i,A group of people that are standing outside of a bus.,110784,110784,A group of people that are standing outside of a bus.,0.000060,0
t2i,A group of people that are standing outside of a bus.,220732,220732,A group of people that are standing outside of a bus.,0.000143,0
t2i,A group of people that are standing outside of a bus.,545219,545219,A group of people that are standing outside of a bus.,0.000364,0
t2i,A group of people that are standing outside of a bus.,507797,507797,A group of people that are standing outside of a bus.,0.000281,0
t2i,A group of people that are standing outside of a bus.,313182,313182,A group of people that are standing outside of a bus.,0.000333,0
t2i,A group of people that are standing outside of a bus.,550349,550349,A group of people that are standing outside of a bus.,0.000236,0
t2i,A group of people that are standing outside of a bus.,449432,449432,A group of people that are standing outside of a bus.,0.000199,0
t2i,A group of people that are standing outside of a bus.,187144,187144,A group of people that are standing outside of a bus.,0.000227,0
t2i,A group of people that are standing outside of a bus.,524850,524850,A group of people that are standing outside of a bus.,0.000454,0
t2i,A group of people that are standing outside of a bus.,492077,492077,A group of people that are standing outside of a bus.,0.000179,0
t2i,A group of people that are standing outside of a bus.,441553,441553,A group of people that are standing outside of a bus.,0.000750,0
t2i,A group of people that are standing outside of a bus.,572462,572462,A group of people that are standing outside of a bus.,0.000957,0
t2i,A group of people that are standing outside of a bus.,377723,377723,A group of people that are standing outside of a bus.,0.000738,0
t2i,A group of people that are standing outside of a bus.,319534,319534,A group of people that are standing outside of a bus.,0.000268,0
t2i,A group of people that are standing outside of a bus.,445834,445834,A group of people that are standing outside of a bus.,0.000437,0
t2i,A group of people that are standing outside of a bus.,109900,109900,A group of people that are standing outside of a bus.,0.001478,0
t2i,A group of people that are standing outside of a bus.,436738,436738,A group of people that are standing outside of a bus.,0.000162,0
t2i,A group of people that are standing outside of a bus.,278848,278848,A group of people that are standing outside of a bus.,0.000723,0
t2i,A group of people that are standing outside of a bus.,128372,128372,A group of people that are standing outside of a bus.,0.000599,0
t2i,A group of people that are standing outside of a bus.,138979,138979,A group of people that are standing outside of a bus.,0.000131,0
t2i,A group of people that are standing outside of a bus.,463199,463199,A group of people that are standing outside of a bus.,0.000891,0
t2i,A group of people that are standing outside of a bus.,333402,333402,A group of people that are standing outside of a bus.,0.000036,0
t2i,A group of people that are standing outside of a bus.,114884,114884,A group of people that are standing outside of a bus.,0.000219,0
t2i,Rows of various colored suitcases at an airport.,475678,475678,Rows of various colored suitcases at an airport.,0.009425,0
t2i,Rows of various colored suitcases at an airport.,179174,179174,Rows of various colored suitcases at an airport.,0.000330,0
t2i,Rows of various colored suitcases at an airport.,451308,451308,Rows of various colored suitcases at an airport.,0.003198,0
t2i,Rows of various colored suitcases at an airport.,500257,500257,Rows of various colored suitcases at an airport.,0.000113,0
t2i,Rows of various colored suitcases at an airport.,360097,360097,Rows of various colored suitcases at an airport.,0.002440,0
t2i,Rows of various colored suitcases at an airport.,534664,534664,Rows of various colored suitcases at an airport.,0.003457,0
t2i,Rows of various colored suitcases at an airport.,361551,361551,Rows of various colored suitcases at an airport.,0.000039,0
t2i,Rows of various colored suitcases at an airport.,201418,201418,Rows of various colored suitcases at an airport.,0.000158,0
t2i,Rows of various colored suitcases at an airport.,115245,115245,Rows of various colored suitcases at an airport.,0.000131,0
t2i,Rows of various colored suitcases at an airport.,125952,125952,Rows of various colored suitcases at an airport.,0.001055,0
t2i,Rows of various colored suitcases at an airport.,84270,84270,Rows of various colored suitcases at an airport.,0.000037,0
t2i,Rows of various colored suitcases at an airport.,361586,361586,Rows of various colored suitcases at an airport.,0.000036,0
t2i,Rows of various colored suitcases at an airport.,293324,293324,Rows of various colored suitcases at an airport.,0.000088,0
t2i,Rows of various colored suitcases at an airport.,495054,495054,Rows of various colored suitcases at an airport.,0.000048,0
t2i,Rows of various colored suitcases at an airport.,526728,526728,Rows of various colored suitcases at an airport.,0.000070,0
t2i,Rows of various colored suitcases at an airport.,26941,26941,Rows of various colored suitcases at an airport.,0.008151,0
t2i,Rows of various colored suitcases at an airport.,308328,308328,Rows of various colored suitcases at an airport.,0.000132,0
t2i,Rows of various colored suitcases at an airport.,341469,341469,Rows of various colored suitcases at an airport.,0.000714,0
t2i,Rows of various colored suitcases at an airport.,312278,312278,Rows of various colored suitcases at an airport.,0.001335,0
t2i,Rows of various colored suitcases at an airport.,440507,440507,Rows of various colored suitcases at an airport.,0.000159,0
t2i,Rows of various colored suitcases at an airport.,23023,23023,Rows of various colored suitcases at an airport.,0.000275,0
t2i,Rows of various colored suitcases at an airport.,417249,417249,Rows of various colored suitcases at an airport.,0.000057,0
t2i,"A woman getting food off of a table, with a purple sweater on.",54654,54654,"A woman getting food off of a table, with a purple sweater on.",0.000130,0
t2i,"A woman getting food off of a table, with a purple sweater on.",312552,312552,"A woman getting food off of a table, with a purple sweater on.",0.000162,0
t2i,"A woman getting food off of a table, with a purple sweater on.",17899,17899,"A woman getting food off of a table, with a purple sweater on.",0.000039,0
t2i,"A woman getting food off of a table, with a purple sweater on.",331817,331817,"A woman getting food off of a table, with a purple sweater on.",0.000109,0
t2i,"A woman getting food off of a table, with a purple sweater on.",99039,99039,"A woman getting food off of a table, with a purple sweater on.",0.000030,0
t2i,"A woman getting food off of a table, with a purple sweater on.",534041,534041,"A woman getting food off of a table, with a purple sweater on.",0.000057,0
t2i,"A woman getting food off of a table, with a purple sweater on.",577182,577182,"A woman getting food off of a table, with a purple sweater on.",0.000050,0
t2i,"A woman getting food off of a table, with a purple sweater on.",18193,18193,"A woman getting food off of a table, with a purple sweater on.",0.000099,0
t2i,"A woman getting food off of a table, with a purple sweater on.",18380,18380,"A woman getting food off of a table, with a purple sweater on.",0.000258,0
t2i,"A woman getting food off of a table, with a purple sweater on.",485844,485844,"A woman getting food off of a table, with a purple sweater on.",0.000560,0
t2i,"A woman getting food off of a table, with a purple sweater on.",162092,162092,"A woman getting food off of a table, with a purple sweater on.",0.000046,0
t2i,"A woman getting food off of a table, with a purple sweater on.",346703,346703,"A woman getting food off of a table, with a purple sweater on.",0.000049,0
t2i,"A woman getting food off of a table, with a purple sweater on.",48396,48396,"A woman getting food off of a table, with a purple sweater on.",0.000048,0
t2i,"A woman getting food off of a table, with a purple sweater on.",488673,488673,"A woman getting food off of a table, with a purple sweater on.",0.000052,0
t2i,"A woman getting food off of a table, with a purple sweater on.",182611,182611,"A woman getting food off of a table, with a purple sweater on.",0.000121,0
t2i,"A woman getting food off of a table, with a purple sweater on.",422998,422998,"A woman getting food off of a table, with a purple sweater on.",0.000123,0
t2i,"A woman getting food off of a table, with a purple sweater on.",570471,570471,"A woman getting food off of a table, with a purple sweater on.",0.000078,0
t2i,"A woman getting food off of a table, with a purple sweater on.",331799,331799,"A woman getting food off of a table, with a purple sweater on.",0.000765,0
t2i,"A woman getting food off of a table, with a purple sweater on.",423123,423123,"A woman getting food off of a table, with a purple sweater on.",0.000152,0
t2i,"A woman getting food off of a table, with a purple sweater on.",210230,210230,"A woman getting food off of a table, with a purple sweater on.",0.000042,0
t2i,"A woman getting food off of a table, with a purple sweater on.",286182,286182,"A woman getting food off of a table, with a purple sweater on.",0.000074,0
t2i,"A woman getting food off of a table, with a purple sweater on.",275198,275198,"A woman getting food off of a table, with a purple sweater on.",0.000063,0
t2i,"A woman getting food off of a table, with a purple sweater on.",246968,246968,"A woman getting food off of a table, with a purple sweater on.",0.000151,0
t2i,"A woman getting food off of a table, with a purple sweater on.",580294,580294,"A woman getting food off of a table, with a purple sweater on.",0.000098,0
t2i,"A woman getting food off of a table, with a purple sweater on.",449312,449312,"A woman getting food off of a table, with a purple sweater on.",0.000098,0
t2i,"A woman getting food off of a table, with a purple sweater on.",489764,489764,"A woman getting food off of a table, with a purple sweater on.",0.000027,0
t2i,"A woman getting food off of a table, with a purple sweater on.",404839,404839,"A woman getting food off of a table, with a purple sweater on.",0.000021,0
t2i,"A woman getting food off of a table, with a purple sweater on.",297084,297084,"A woman getting food off of a table, with a purple sweater on.",0.000183,0
t2i,"A woman getting food off of a table, with a purple sweater on.",356531,356531,"A woman getting food off of a table, with a purple sweater on.",0.000067,0
t2i,"A woman getting food off of a table, with a purple sweater on.",458992,458992,"A woman getting food off of a table, with a purple sweater on.",0.000097,0
t2i,"A woman getting food off of a table, with a purple sweater on.",240250,240250,"A woman getting food off of a table, with a purple sweater on.",0.000147,0
t2i,"A woman getting food off of a table, with a purple sweater on.",296222,296222,"A woman getting food off of a table, with a purple sweater on.",0.000029,0
t2i,"A woman getting food off of a table, with a purple sweater on.",336356,336356,"A woman getting food off of a table, with a purple sweater on.",0.000067,0
t2i,"A woman getting food off of a table, with a purple sweater on.",189752,189752,"A woman getting food off of a table, with a purple sweater on.",0.000077,0
t2i,"A woman getting food off of a table, with a purple sweater on.",515025,515025,"A woman getting food off of a table, with a purple sweater on.",0.000057,0
t2i,"A woman getting food off of a table, with a purple sweater on.",361238,361238,"A woman getting food off of a table, with a purple sweater on.",0.000069,0
t2i,"A woman getting food off of a table, with a purple sweater on.",484978,484978,"A woman getting food off of a table, with a purple sweater on.",0.000094,0
t2i,"A woman getting food off of a table, with a purple sweater on.",38678,38678,"A woman getting food off of a table, with a purple sweater on.",0.000052,0
t2i,"A woman getting food off of a table, with a purple sweater on.",265777,265777,"A woman getting food off of a table, with a purple sweater on.",0.000245,0
t2i,"A woman getting food off of a table, with a purple sweater on.",292024,292024,"A woman getting food off of a table, with a purple sweater on.",0.000198,0
t2i,"A woman getting food off of a table, with a purple sweater on.",287347,287347,"A woman getting food off of a table, with a purple sweater on.",0.000037,0
t2i,A pile of different colored bags of luggage sitting on a floor.,440507,440507,A pile of different colored bags of luggage sitting on a floor.,0.001401,0
t2i,A pile of different colored bags of luggage sitting on a floor.,475678,475678,A pile of different colored bags of luggage sitting on a floor.,0.033700,0
t2i,A pile of different colored bags of luggage sitting on a floor.,351810,351810,A pile of different colored bags of luggage sitting on a floor.,0.000249,0
t2i,A pile of different colored bags of luggage sitting on a floor.,115245,115245,A pile of different colored bags of luggage sitting on a floor.,0.000303,0
t2i,A pile of different colored bags of luggage sitting on a floor.,370478,370478,A pile of different colored bags of luggage sitting on a floor.,0.000563,0
t2i,A pile of different colored bags of luggage sitting on a floor.,451308,451308,A pile of different colored bags of luggage sitting on a floor.,0.024279,0
t2i,A pile of different colored bags of luggage sitting on a floor.,112626,112626,A pile of different colored bags of luggage sitting on a floor.,0.000568,0
t2i,A pile of different colored bags of luggage sitting on a floor.,360097,360097,A pile of different colored bags of luggage sitting on a floor.,0.026184,0
t2i,A pile of different colored bags of luggage sitting on a floor.,125952,125952,A pile of different colored bags of luggage sitting on a floor.,0.022371,0
t2i,A pile of different colored bags of luggage sitting on a floor.,84650,84650,A pile of different colored bags of luggage sitting on a floor.,0.000885,0
t2i,A pile of different colored bags of luggage sitting on a floor.,23023,23023,A pile of different colored bags of luggage sitting on a floor.,0.003129,0
t2i,A pile of different colored bags of luggage sitting on a floor.,201418,201418,A pile of different colored bags of luggage sitting on a floor.,0.000219,0
t2i,A pile of different colored bags of luggage sitting on a floor.,445722,445722,A pile of different colored bags of luggage sitting on a floor.,0.001307,0
t2i,A pile of different colored bags of luggage sitting on a floor.,42276,42276,A pile of different colored bags of luggage sitting on a floor.,0.000127,0
t2i,A pile of different colored bags of luggage sitting on a floor.,286458,286458,A pile of different colored bags of luggage sitting on a floor.,0.001264,0
t2i,A pile of different colored bags of luggage sitting on a floor.,526728,526728,A pile of different colored bags of luggage sitting on a floor.,0.000137,0
t2i,A pile of different colored bags of luggage sitting on a floor.,156372,156372,A pile of different colored bags of luggage sitting on a floor.,0.000124,0
t2i,A pile of different colored bags of luggage sitting on a floor.,26941,26941,A pile of different colored bags of luggage sitting on a floor.,0.041116,0
t2i,A pile of different colored bags of luggage sitting on a floor.,534664,534664,A pile of different colored bags of luggage sitting on a floor.,0.025718,0
t2i,A pile of different colored bags of luggage sitting on a floor.,179174,179174,A pile of different colored bags of luggage sitting on a floor.,0.001830,0
t2i,A pile of different colored bags of luggage sitting on a floor.,341469,341469,A pile of different colored bags of luggage sitting on a floor.,0.002545,0
t2i,A pile of different colored bags of luggage sitting on a floor.,312278,312278,A pile of different colored bags of luggage sitting on a floor.,0.015818,0
t2i,A pile of different colored bags of luggage sitting on a floor.,294855,294855,A pile of different colored bags of luggage sitting on a floor.,0.013428,0
t2i,"Two laptops,computer,keyboard and other electrical gadgets are on the table.",376264,376264,"Two laptops,computer,keyboard and other electrical gadgets are on the table.",0.000076,0
t2i,"Two laptops,computer,keyboard and other electrical gadgets are on the table.",348481,348481,"Two laptops,computer,keyboard and other electrical gadgets are on the table.",0.000035,0
t2i,"Two laptops,computer,keyboard and other electrical gadgets are on the table.",363840,363840,"Two laptops,computer,keyboard and other electrical gadgets are on the table.",0.000099,0
t2i,"Two laptops,computer,keyboard and other electrical gadgets are on the table.",32610,32610,"Two laptops,computer,keyboard and other electrical gadgets are on the table.",0.000269,0
t2i,"Two laptops,computer,keyboard and other electrical gadgets are on the table.",9400,9400,"Two laptops,computer,keyboard and other electrical gadgets are on the table.",0.000048,0
t2i,"Two laptops,computer,keyboard and other electrical gadgets are on the table.",1503,1503,"Two laptops,computer,keyboard and other electrical gadgets are on the table.",0.000327,0
t2i,"Two laptops,computer,keyboard and other electrical gadgets are on the table.",248314,248314,"Two laptops,computer,keyboard and other electrical gadgets are on the table.",0.000020,0
t2i,"Two laptops,computer,keyboard and other electrical gadgets are on the table.",516916,516916,"Two laptops,computer,keyboard and other electrical gadgets are on the table.",0.000049,0
t2i,"Two laptops,computer,keyboard and other electrical gadgets are on the table.",360951,360951,"Two laptops,computer,keyboard and other electrical gadgets are on the table.",0.000083,0
t2i,"Two laptops,computer,keyboard and other electrical gadgets are on the table.",555009,555009,"Two laptops,computer,keyboard and other electrical gadgets are on the table.",0.000026,0
t2i,"Two laptops,computer,keyboard and other electrical gadgets are on the table.",507575,507575,"Two laptops,computer,keyboard and other electrical gadgets are on the table.",0.000050,0
t2i,"Two laptops,computer,keyboard and other electrical gadgets are on the table.",97994,97994,"Two laptops,computer,keyboard and other electrical gadgets are on the table.",0.000226,0
t2i,"Two laptops,computer,keyboard and other electrical gadgets are on the table.",255165,255165,"Two laptops,computer,keyboard and other electrical gadgets are on the table.",0.000047,0
t2i,"Two laptops,computer,keyboard and other electrical gadgets are on the table.",547144,547144,"Two laptops,computer,keyboard and other electrical gadgets are on the table.",0.000098,0
t2i,"Two laptops,computer,keyboard and other electrical gadgets are on the table.",225757,225757,"Two laptops,computer,keyboard and other electrical gadgets are on the table.",0.000054,0
t2i,"Two laptops,computer,keyboard and other electrical gadgets are on the table.",26465,26465,"Two laptops,computer,keyboard and other electrical gadgets are on the table.",0.000030,0
t2i,"Two laptops,computer,keyboard and other electrical gadgets are on the table.",482970,482970,"Two laptops,computer,keyboard and other electrical gadgets are on the table.",0.000096,0
t2i,"Two laptops,computer,keyboard and other electrical gadgets are on the table.",465718,465718,"Two laptops,computer,keyboard and other electrical gadgets are on the table.",0.000060,0
t2i,"Two laptops,computer,keyboard and other electrical gadgets are on the table.",56344,56344,"Two laptops,computer,keyboard and other electrical gadgets are on the table.",0.000091,0
t2i,"Two laptops,computer,keyboard and other electrical gadgets are on the table.",385719,385719,"Two laptops,computer,keyboard and other electrical gadgets are on the table.",0.000050,0
t2i,"Two laptops,computer,keyboard and other electrical gadgets are on the table.",529148,529148,"Two laptops,computer,keyboard and other electrical gadgets are on the table.",0.000171,0
t2i,"Two laptops,computer,keyboard and other electrical gadgets are on the table.",131138,131138,"Two laptops,computer,keyboard and other electrical gadgets are on the table.",0.000023,0
t2i,"Two laptops,computer,keyboard and other electrical gadgets are on the table.",570782,570782,"Two laptops,computer,keyboard and other electrical gadgets are on the table.",0.000039,0
t2i,"Two laptops,computer,keyboard and other electrical gadgets are on the table.",215778,215778,"Two laptops,computer,keyboard and other electrical gadgets are on the table.",0.000034,0
t2i,"Two laptops,computer,keyboard and other electrical gadgets are on the table.",413247,413247,"Two laptops,computer,keyboard and other electrical gadgets are on the table.",0.000055,0
t2i,"Two laptops,computer,keyboard and other electrical gadgets are on the table.",340894,340894,"Two laptops,computer,keyboard and other electrical gadgets are on the table.",0.000025,0
t2i,"Two laptops,computer,keyboard and other electrical gadgets are on the table.",148620,148620,"Two laptops,computer,keyboard and other electrical gadgets are on the table.",0.000113,0
t2i,"Two laptops,computer,keyboard and other electrical gadgets are on the table.",486040,486040,"Two laptops,computer,keyboard and other electrical gadgets are on the table.",0.000033,0
t2i,A man in helmet riding an elephant next to trees.,107851,107851,A man in helmet riding an elephant next to trees.,0.000054,0
t2i,A man in helmet riding an elephant next to trees.,132796,132796,A man in helmet riding an elephant next to trees.,0.000093,0
t2i,A man in helmet riding an elephant next to trees.,384468,384468,A man in helmet riding an elephant next to trees.,0.000060,0
t2i,A man in helmet riding an elephant next to trees.,119641,119641,A man in helmet riding an elephant next to trees.,0.000038,0
t2i,A man in helmet riding an elephant next to trees.,320743,320743,A man in helmet riding an elephant next to trees.,0.000054,0
t2i,A man in helmet riding an elephant next to trees.,158945,158945,A man in helmet riding an elephant next to trees.,0.000063,0
t2i,A man in helmet riding an elephant next to trees.,415748,415748,A man in helmet riding an elephant next to trees.,0.000054,0
t2i,A man in helmet riding an elephant next to trees.,126216,126216,A man in helmet riding an elephant next to trees.,0.000041,0
t2i,A man in helmet riding an elephant next to trees.,183437,183437,A man in helmet riding an elephant next to trees.,0.000034,0
t2i,A man in helmet riding an elephant next to trees.,347456,347456,A man in helmet riding an elephant next to trees.,0.000030,0
t2i,A man in helmet riding an elephant next to trees.,440171,440171,A man in helmet riding an elephant next to trees.,0.000046,0
t2i,A man in helmet riding an elephant next to trees.,267191,267191,A man in helmet riding an elephant next to trees.,0.000044,0
t2i,A man in helmet riding an elephant next to trees.,330790,330790,A man in helmet riding an elephant next to trees.,0.000036,0
t2i,A man in helmet riding an elephant next to trees.,24919,24919,A man in helmet riding an elephant next to trees.,0.000036,0
t2i,A man in helmet riding an elephant next to trees.,286503,286503,A man in helmet riding an elephant next to trees.,0.000031,0
t2i,A man in helmet riding an elephant next to trees.,103723,103723,A man in helmet riding an elephant next to trees.,0.000049,0
t2i,A man in helmet riding an elephant next to trees.,6894,6894,A man in helmet riding an elephant next to trees.,0.000080,0
t2i,A man in helmet riding an elephant next to trees.,173799,173799,A man in helmet riding an elephant next to trees.,0.000070,0
t2i,A man in helmet riding an elephant next to trees.,21903,21903,A man in helmet riding an elephant next to trees.,0.000033,0
t2i,a woman is feeding food to this small child,534041,534041,a woman is feeding food to this small child,0.000091,0
t2i,a woman is feeding food to this small child,482319,482319,a woman is feeding food to this small child,0.000131,0
t2i,a woman is feeding food to this small child,578871,578871,a woman is feeding food to this small child,0.000093,0
t2i,a woman is feeding food to this small child,494869,494869,a woman is feeding food to this small child,0.000087,0
t2i,a woman is feeding food to this small child,80932,80932,a woman is feeding food to this small child,0.000061,0
t2i,a woman is feeding food to this small child,530061,530061,a woman is feeding food to this small child,0.000085,0
t2i,a woman is feeding food to this small child,420840,420840,a woman is feeding food to this small child,0.000162,0
t2i,a woman is feeding food to this small child,473237,473237,a woman is feeding food to this small child,0.000284,0
t2i,a woman is feeding food to this small child,84674,84674,a woman is feeding food to this small child,0.000067,0
t2i,a woman is feeding food to this small child,336053,336053,a woman is feeding food to this small child,0.000074,0
t2i,a woman is feeding food to this small child,413552,413552,a woman is feeding food to this small child,0.000107,0
t2i,a woman is feeding food to this small child,404678,404678,a woman is feeding food to this small child,0.000063,0
t2i,a woman is feeding food to this small child,48396,48396,a woman is feeding food to this small child,0.000045,0
t2i,a woman is feeding food to this small child,123633,123633,a woman is feeding food to this small child,0.000025,0
t2i,a woman is feeding food to this small child,303893,303893,a woman is feeding food to this small child,0.000043,0
t2i,a woman is feeding food to this small child,397354,397354,a woman is feeding food to this small child,0.000078,0
t2i,a woman is feeding food to this small child,317999,317999,a woman is feeding food to this small child,0.000729,0
t2i,a woman is feeding food to this small child,500565,500565,a woman is feeding food to this small child,0.000069,0
t2i,a woman is feeding food to this small child,423123,423123,a woman is feeding food to this small child,0.000773,0
t2i,a woman is feeding food to this small child,422998,422998,a woman is feeding food to this small child,0.000239,0
t2i,a woman is feeding food to this small child,231879,231879,a woman is feeding food to this small child,0.000086,0
t2i,a woman is feeding food to this small child,234526,234526,a woman is feeding food to this small child,0.000991,0
t2i,a woman is feeding food to this small child,240049,240049,a woman is feeding food to this small child,0.000062,0
t2i,a woman is feeding food to this small child,297562,297562,a woman is feeding food to this small child,0.000034,0
t2i,a woman is feeding food to this small child,182805,182805,a woman is feeding food to this small child,0.000079,0
t2i,a woman is feeding food to this small child,194716,194716,a woman is feeding food to this small child,0.000044,0
t2i,a woman is feeding food to this small child,280891,280891,a woman is feeding food to this small child,0.000054,0
t2i,a woman is feeding food to this small child,284764,284764,a woman is feeding food to this small child,0.000029,0
t2i,a woman is feeding food to this small child,532058,532058,a woman is feeding food to this small child,0.000112,0
t2i,a woman is feeding food to this small child,212166,212166,a woman is feeding food to this small child,0.000195,0
t2i,a woman is feeding food to this small child,455301,455301,a woman is feeding food to this small child,0.000189,0
t2i,a woman is feeding food to this small child,188592,188592,a woman is feeding food to this small child,0.000293,0
t2i,a woman is feeding food to this small child,356248,356248,a woman is feeding food to this small child,0.000033,0
t2i,a woman is feeding food to this small child,267169,267169,a woman is feeding food to this small child,0.000047,0
t2i,a woman is feeding food to this small child,302452,302452,a woman is feeding food to this small child,0.000252,0
t2i,a woman is feeding food to this small child,544519,544519,a woman is feeding food to this small child,0.000162,0
t2i,Street corner sign in a big city with multiple names,173183,173183,Street corner sign in a big city with multiple names,0.005745,0
t2i,Street corner sign in a big city with multiple names,477118,477118,Street corner sign in a big city with multiple names,0.006424,0
t2i,Street corner sign in a big city with multiple names,88218,88218,Street corner sign in a big city with multiple names,0.005941,0
t2i,Street corner sign in a big city with multiple names,268996,268996,Street corner sign in a big city with multiple names,0.003333,0
t2i,Street corner sign in a big city with multiple names,500826,500826,Street corner sign in a big city with multiple names,0.005299,0
t2i,Street corner sign in a big city with multiple names,312549,312549,Street corner sign in a big city with multiple names,0.002410,0
t2i,Street corner sign in a big city with multiple names,461275,461275,Street corner sign in a big city with multiple names,0.008872,0
t2i,Street corner sign in a big city with multiple names,448810,448810,Street corner sign in a big city with multiple names,0.000727,0
t2i,Street corner sign in a big city with multiple names,410712,410712,Street corner sign in a big city with multiple names,0.001847,0
t2i,Street corner sign in a big city with multiple names,190923,190923,Street corner sign in a big city with multiple names,0.000806,0
t2i,Street corner sign in a big city with multiple names,514540,514540,Street corner sign in a big city with multiple names,0.001358,0
t2i,Street corner sign in a big city with multiple names,278006,278006,Street corner sign in a big city with multiple names,0.001582,0
t2i,Street corner sign in a big city with multiple names,283318,283318,Street corner sign in a big city with multiple names,0.000081,0
t2i,Street corner sign in a big city with multiple names,516708,516708,Street corner sign in a big city with multiple names,0.004699,0
t2i,Street corner sign in a big city with multiple names,310622,310622,Street corner sign in a big city with multiple names,0.000843,0
t2i,Street corner sign in a big city with multiple names,374727,374727,Street corner sign in a big city with multiple names,0.003001,0
t2i,Street corner sign in a big city with multiple names,130386,130386,Street corner sign in a big city with multiple names,0.001584,0
t2i,Street corner sign in a big city with multiple names,528977,528977,Street corner sign in a big city with multiple names,0.000092,0
t2i,Street corner sign in a big city with multiple names,198915,198915,Street corner sign in a big city with multiple names,0.014998,0
t2i,Street corner sign in a big city with multiple names,335800,335800,Street corner sign in a big city with multiple names,0.001055,0
t2i,Street corner sign in a big city with multiple names,542073,542073,Street corner sign in a big city with multiple names,0.000560,0
t2i,Street corner sign in a big city with multiple names,228771,228771,Street corner sign in a big city with multiple names,0.004508,0
t2i,Street corner sign in a big city with multiple names,270386,270386,Street corner sign in a big city with multiple names,0.004182,0
t2i,Street corner sign in a big city with multiple names,169169,169169,Street corner sign in a big city with multiple names,0.000641,0
t2i,Street corner sign in a big city with multiple names,532530,532530,Street corner sign in a big city with multiple names,0.000243,0
t2i,Street corner sign in a big city with multiple names,509258,509258,Street corner sign in a big city with multiple names,0.000204,0
t2i,Street corner sign in a big city with multiple names,32941,32941,Street corner sign in a big city with multiple names,0.000091,0
t2i,Street corner sign in a big city with multiple names,221754,221754,Street corner sign in a big city with multiple names,0.000291,0
t2i,"A sign with the word ""Pub"" hangs above several liquor bottles.",214224,214224,"A sign with the word ""Pub"" hangs above several liquor bottles.",0.001002,0
t2i,"A sign with the word ""Pub"" hangs above several liquor bottles.",129062,129062,"A sign with the word ""Pub"" hangs above several liquor bottles.",0.000023,0
t2i,"A sign with the word ""Pub"" hangs above several liquor bottles.",67896,67896,"A sign with the word ""Pub"" hangs above several liquor bottles.",0.000111,0
t2i,"A sign with the word ""Pub"" hangs above several liquor bottles.",404601,404601,"A sign with the word ""Pub"" hangs above several liquor bottles.",0.000063,0
t2i,"A sign with the word ""Pub"" hangs above several liquor bottles.",404534,404534,"A sign with the word ""Pub"" hangs above several liquor bottles.",0.000033,0
t2i,"A sign with the word ""Pub"" hangs above several liquor bottles.",316666,316666,"A sign with the word ""Pub"" hangs above several liquor bottles.",0.000346,0
t2i,"A sign with the word ""Pub"" hangs above several liquor bottles.",502336,502336,"A sign with the word ""Pub"" hangs above several liquor bottles.",0.000045,0
t2i,"A sign with the word ""Pub"" hangs above several liquor bottles.",224724,224724,"A sign with the word ""Pub"" hangs above several liquor bottles.",0.000030,0
t2i,"A sign with the word ""Pub"" hangs above several liquor bottles.",58636,58636,"A sign with the word ""Pub"" hangs above several liquor bottles.",0.000127,0
t2i,"A sign with the word ""Pub"" hangs above several liquor bottles.",301376,301376,"A sign with the word ""Pub"" hangs above several liquor bottles.",0.000024,0
t2i,"A sign with the word ""Pub"" hangs above several liquor bottles.",117719,117719,"A sign with the word ""Pub"" hangs above several liquor bottles.",0.000939,0
t2i,"A sign with the word ""Pub"" hangs above several liquor bottles.",516708,516708,"A sign with the word ""Pub"" hangs above several liquor bottles.",0.000050,0
t2i,"A sign with the word ""Pub"" hangs above several liquor bottles.",283318,283318,"A sign with the word ""Pub"" hangs above several liquor bottles.",0.000025,0
t2i,"A sign with the word ""Pub"" hangs above several liquor bottles.",42888,42888,"A sign with the word ""Pub"" hangs above several liquor bottles.",0.000025,0
t2i,"A sign with the word ""Pub"" hangs above several liquor bottles.",94185,94185,"A sign with the word ""Pub"" hangs above several liquor bottles.",0.000021,0
t2i,"A sign with the word ""Pub"" hangs above several liquor bottles.",276707,276707,"A sign with the word ""Pub"" hangs above several liquor bottles.",0.000041,0
t2i,"A sign with the word ""Pub"" hangs above several liquor bottles.",150930,150930,"A sign with the word ""Pub"" hangs above several liquor bottles.",0.000167,0
t2i,"A sign with the word ""Pub"" hangs above several liquor bottles.",118405,118405,"A sign with the word ""Pub"" hangs above several liquor bottles.",0.000023,0
t2i,"A sign with the word ""Pub"" hangs above several liquor bottles.",554838,554838,"A sign with the word ""Pub"" hangs above several liquor bottles.",0.000056,0
t2i,"A sign with the word ""Pub"" hangs above several liquor bottles.",430048,430048,"A sign with the word ""Pub"" hangs above several liquor bottles.",0.000260,0
t2i,"A sign with the word ""Pub"" hangs above several liquor bottles.",180751,180751,"A sign with the word ""Pub"" hangs above several liquor bottles.",0.000216,0
t2i,"A sign with the word ""Pub"" hangs above several liquor bottles.",102707,102707,"A sign with the word ""Pub"" hangs above several liquor bottles.",0.000737,0
t2i,"A sign with the word ""Pub"" hangs above several liquor bottles.",462756,462756,"A sign with the word ""Pub"" hangs above several liquor bottles.",0.000087,0
t2i,"A sign with the word ""Pub"" hangs above several liquor bottles.",259854,259854,"A sign with the word ""Pub"" hangs above several liquor bottles.",0.000035,0
t2i,"A sign with the word ""Pub"" hangs above several liquor bottles.",49091,49091,"A sign with the word ""Pub"" hangs above several liquor bottles.",0.000029,0
t2i,"A sign with the word ""Pub"" hangs above several liquor bottles.",252559,252559,"A sign with the word ""Pub"" hangs above several liquor bottles.",0.000024,0
t2i,"A sign with the word ""Pub"" hangs above several liquor bottles.",233139,233139,"A sign with the word ""Pub"" hangs above several liquor bottles.",0.000120,0
t2i,"A sign with the word ""Pub"" hangs above several liquor bottles.",527616,527616,"A sign with the word ""Pub"" hangs above several liquor bottles.",0.000042,0
t2i,"A sign with the word ""Pub"" hangs above several liquor bottles.",104198,104198,"A sign with the word ""Pub"" hangs above several liquor bottles.",0.000051,0
t2i,"A sign with the word ""Pub"" hangs above several liquor bottles.",560312,560312,"A sign with the word ""Pub"" hangs above several liquor bottles.",0.000043,0
t2i,"A sign with the word ""Pub"" hangs above several liquor bottles.",121153,121153,"A sign with the word ""Pub"" hangs above several liquor bottles.",0.000048,0
t2i,"A sign with the word ""Pub"" hangs above several liquor bottles.",88432,88432,"A sign with the word ""Pub"" hangs above several liquor bottles.",0.000026,0
t2i,"A sign with the word ""Pub"" hangs above several liquor bottles.",341058,341058,"A sign with the word ""Pub"" hangs above several liquor bottles.",0.000032,0
t2i,"A sign with the word ""Pub"" hangs above several liquor bottles.",146155,146155,"A sign with the word ""Pub"" hangs above several liquor bottles.",0.000211,0
t2i,"A sign with the word ""Pub"" hangs above several liquor bottles.",2685,2685,"A sign with the word ""Pub"" hangs above several liquor bottles.",0.000039,0
t2i,"A sign with the word ""Pub"" hangs above several liquor bottles.",379476,379476,"A sign with the word ""Pub"" hangs above several liquor bottles.",0.000254,0
t2i,"A sign with the word ""Pub"" hangs above several liquor bottles.",346638,346638,"A sign with the word ""Pub"" hangs above several liquor bottles.",0.000075,0
t2i,"A sign with the word ""Pub"" hangs above several liquor bottles.",79651,79651,"A sign with the word ""Pub"" hangs above several liquor bottles.",0.000470,0
t2i,"A sign with the word ""Pub"" hangs above several liquor bottles.",348045,348045,"A sign with the word ""Pub"" hangs above several liquor bottles.",0.000046,0
t2i,"A sign with the word ""Pub"" hangs above several liquor bottles.",25394,25394,"A sign with the word ""Pub"" hangs above several liquor bottles.",0.000443,0
t2i,The painting is of a vase of flowers on a table.,415238,415238,The painting is of a vase of flowers on a table.,0.001272,0
t2i,The painting is of a vase of flowers on a table.,395343,395343,The painting is of a vase of flowers on a table.,0.000109,0
t2i,The painting is of a vase of flowers on a table.,167240,167240,The painting is of a vase of flowers on a table.,0.000281,0
t2i,The painting is of a vase of flowers on a table.,168458,168458,The painting is of a vase of flowers on a table.,0.000245,0
t2i,The painting is of a vase of flowers on a table.,262631,262631,The painting is of a vase of flowers on a table.,0.000034,0
t2i,The painting is of a vase of flowers on a table.,512403,512403,The painting is of a vase of flowers on a table.,0.000084,0
t2i,The painting is of a vase of flowers on a table.,512194,512194,The painting is of a vase of flowers on a table.,0.000266,0
t2i,The painting is of a vase of flowers on a table.,140439,140439,The painting is of a vase of flowers on a table.,0.000093,0
t2i,The painting is of a vase of flowers on a table.,521282,521282,The painting is of a vase of flowers on a table.,0.001811,0
t2i,The painting is of a vase of flowers on a table.,407403,407403,The painting is of a vase of flowers on a table.,0.002130,0
t2i,The painting is of a vase of flowers on a table.,569700,569700,The painting is of a vase of flowers on a table.,0.000544,0
t2i,The painting is of a vase of flowers on a table.,87742,87742,The painting is of a vase of flowers on a table.,0.000239,0
t2i,The painting is of a vase of flowers on a table.,577735,577735,The painting is of a vase of flowers on a table.,0.000061,0
t2i,The painting is of a vase of flowers on a table.,376365,376365,The painting is of a vase of flowers on a table.,0.000089,0
t2i,The painting is of a vase of flowers on a table.,555972,555972,The painting is of a vase of flowers on a table.,0.000090,0
t2i,The painting is of a vase of flowers on a table.,184791,184791,The painting is of a vase of flowers on a table.,0.008454,0
t2i,The painting is of a vase of flowers on a table.,231237,231237,The painting is of a vase of flowers on a table.,0.000071,0
t2i,The painting is of a vase of flowers on a table.,249025,249025,The painting is of a vase of flowers on a table.,0.001544,0
t2i,The painting is of a vase of flowers on a table.,467315,467315,The painting is of a vase of flowers on a table.,0.000056,0
t2i,The painting is of a vase of flowers on a table.,166166,166166,The painting is of a vase of flowers on a table.,0.000151,0
t2i,The painting is of a vase of flowers on a table.,140076,140076,The painting is of a vase of flowers on a table.,0.000097,0
t2i,The painting is of a vase of flowers on a table.,213224,213224,The painting is of a vase of flowers on a table.,0.000070,0
t2i,The painting is of a vase of flowers on a table.,550426,550426,The painting is of a vase of flowers on a table.,0.000032,0
t2i,The painting is of a vase of flowers on a table.,161397,161397,The painting is of a vase of flowers on a table.,0.000156,0
t2i,a man in a blue shirt and red tie,244496,244496,a man in a blue shirt and red tie,0.004481,0
t2i,a man in a blue shirt and red tie,172877,172877,a man in a blue shirt and red tie,0.002755,0
t2i,a man in a blue shirt and red tie,310862,310862,a man in a blue shirt and red tie,0.007087,0
t2i,a man in a blue shirt and red tie,258541,258541,a man in a blue shirt and red tie,0.017276,0
t2i,a man in a blue shirt and red tie,206025,206025,a man in a blue shirt and red tie,0.005310,0
t2i,a man in a blue shirt and red tie,152214,152214,a man in a blue shirt and red tie,0.007400,0
t2i,a man in a blue shirt and red tie,562243,562243,a man in a blue shirt and red tie,0.269036,0
t2i,a man in a blue shirt and red tie,131444,131444,a man in a blue shirt and red tie,0.003334,0
t2i,a man in a blue shirt and red tie,67315,67315,a man in a blue shirt and red tie,0.018586,0
t2i,a man in a blue shirt and red tie,345397,345397,a man in a blue shirt and red tie,0.002299,0
t2i,a man in a blue shirt and red tie,8532,8532,a man in a blue shirt and red tie,0.116916,0
t2i,a man in a blue shirt and red tie,483667,483667,a man in a blue shirt and red tie,0.003314,0
t2i,a man in a blue shirt and red tie,456559,456559,a man in a blue shirt and red tie,0.000708,0
t2i,a man in a blue shirt and red tie,460683,460683,a man in a blue shirt and red tie,0.004754,0
t2i,a man in a blue shirt and red tie,18770,18770,a man in a blue shirt and red tie,0.046595,0
t2i,a man in a blue shirt and red tie,491867,491867,a man in a blue shirt and red tie,0.020360,0
t2i,a man in a blue shirt and red tie,67534,67534,a man in a blue shirt and red tie,0.004196,0
t2i,a man in a blue shirt and red tie,163682,163682,a man in a blue shirt and red tie,0.006583,0
t2i,a man in a blue shirt and red tie,22371,22371,a man in a blue shirt and red tie,0.004534,0
t2i,a man in a blue shirt and red tie,42102,42102,a man in a blue shirt and red tie,0.002797,0
t2i,a man in a blue shirt and red tie,471087,471087,a man in a blue shirt and red tie,0.002093,0
t2i,a man in a blue shirt and red tie,476415,476415,a man in a blue shirt and red tie,0.001513,0
t2i,a man in a blue shirt and red tie,4395,4395,a man in a blue shirt and red tie,0.001945,0
t2i,a man in a blue shirt and red tie,170099,170099,a man in a blue shirt and red tie,0.003399,0
t2i,a man in a blue shirt and red tie,406417,406417,a man in a blue shirt and red tie,0.001252,0
t2i,A person is eating food at the table.,376264,376264,A person is eating food at the table.,0.000509,0
t2i,A person is eating food at the table.,273711,273711,A person is eating food at the table.,0.000571,0
t2i,A person is eating food at the table.,419312,419312,A person is eating food at the table.,0.000187,0
t2i,A person is eating food at the table.,99039,99039,A person is eating food at the table.,0.000537,0
t2i,A person is eating food at the table.,177489,177489,A person is eating food at the table.,0.000224,0
t2i,A person is eating food at the table.,425361,425361,A person is eating food at the table.,0.000175,0
t2i,A person is eating food at the table.,12576,12576,A person is eating food at the table.,0.001407,0
t2i,A person is eating food at the table.,301718,301718,A person is eating food at the table.,0.000097,0
t2i,A person is eating food at the table.,286182,286182,A person is eating food at the table.,0.000350,0
t2i,A person is eating food at the table.,521540,521540,A person is eating food at the table.,0.000103,0
t2i,A person is eating food at the table.,496571,496571,A person is eating food at the table.,0.000313,0
t2i,A person is eating food at the table.,284764,284764,A person is eating food at the table.,0.000087,0
t2i,A person is eating food at the table.,400794,400794,A person is eating food at the table.,0.000389,0
t2i,A person is eating food at the table.,142620,142620,A person is eating food at the table.,0.000866,0
t2i,A person is eating food at the table.,394940,394940,A person is eating food at the table.,0.002863,0
t2i,A person is eating food at the table.,484978,484978,A person is eating food at the table.,0.001127,0
t2i,A person is eating food at the table.,212166,212166,A person is eating food at the table.,0.002191,0
t2i,A person is eating food at the table.,224337,224337,A person is eating food at the table.,0.000656,0
t2i,A person is eating food at the table.,254368,254368,A person is eating food at the table.,0.000135,0
t2i,A person is eating food at the table.,422998,422998,A person is eating food at the table.,0.000881,0
t2i,A person is eating food at the table.,356424,356424,A person is eating food at the table.,0.000483,0
t2i,A person is eating food at the table.,297084,297084,A person is eating food at the table.,0.002531,0
t2i,A person is eating food at the table.,341828,341828,A person is eating food at the table.,0.002415,0
t2i,A person is eating food at the table.,265777,265777,A person is eating food at the table.,0.001682,0
t2i,A person is eating food at the table.,363666,363666,A person is eating food at the table.,0.000897,0
t2i,A person is eating food at the table.,368752,368752,A person is eating food at the table.,0.000084,0
t2i,A person is eating food at the table.,226147,226147,A person is eating food at the table.,0.000092,0
t2i,A person is eating food at the table.,182611,182611,A person is eating food at the table.,0.000261,0
t2i,A person is eating food at the table.,224807,224807,A person is eating food at the table.,0.000048,0
t2i,A person is eating food at the table.,157601,157601,A person is eating food at the table.,0.001541,0
t2i,A person is eating food at the table.,426795,426795,A person is eating food at the table.,0.000085,0
t2i,A person is eating food at the table.,189752,189752,A person is eating food at the table.,0.000457,0
t2i,A person is eating food at the table.,312552,312552,A person is eating food at the table.,0.000389,0
t2i,A person is eating food at the table.,239717,239717,A person is eating food at the table.,0.000245,0
t2i,A person is eating food at the table.,296222,296222,A person is eating food at the table.,0.000085,0
t2i,A person is eating food at the table.,240250,240250,A person is eating food at the table.,0.001454,0
t2i,A woman feeds a toddler a hot dog while he holds a purple bottle.,534041,534041,A woman feeds a toddler a hot dog while he holds a purple bottle.,0.000253,0
t2i,A woman feeds a toddler a hot dog while he holds a purple bottle.,137246,137246,A woman feeds a toddler a hot dog while he holds a purple bottle.,0.000083,0
t2i,A woman feeds a toddler a hot dog while he holds a purple bottle.,283268,283268,A woman feeds a toddler a hot dog while he holds a purple bottle.,0.000120,0
t2i,A woman feeds a toddler a hot dog while he holds a purple bottle.,482319,482319,A woman feeds a toddler a hot dog while he holds a purple bottle.,0.000190,0
t2i,A woman feeds a toddler a hot dog while he holds a purple bottle.,297562,297562,A woman feeds a toddler a hot dog while he holds a purple bottle.,0.000036,0
t2i,A woman feeds a toddler a hot dog while he holds a purple bottle.,563470,563470,A woman feeds a toddler a hot dog while he holds a purple bottle.,0.000052,0
t2i,A woman feeds a toddler a hot dog while he holds a purple bottle.,303893,303893,A woman feeds a toddler a hot dog while he holds a purple bottle.,0.000077,0
t2i,A woman feeds a toddler a hot dog while he holds a purple bottle.,329456,329456,A woman feeds a toddler a hot dog while he holds a purple bottle.,0.000042,0
t2i,A woman feeds a toddler a hot dog while he holds a purple bottle.,498032,498032,A woman feeds a toddler a hot dog while he holds a purple bottle.,0.000093,0
t2i,A woman feeds a toddler a hot dog while he holds a purple bottle.,468332,468332,A woman feeds a toddler a hot dog while he holds a purple bottle.,0.000045,0
t2i,A woman feeds a toddler a hot dog while he holds a purple bottle.,413552,413552,A woman feeds a toddler a hot dog while he holds a purple bottle.,0.000071,0
t2i,A woman feeds a toddler a hot dog while he holds a purple bottle.,317999,317999,A woman feeds a toddler a hot dog while he holds a purple bottle.,0.002480,0
t2i,A woman feeds a toddler a hot dog while he holds a purple bottle.,414034,414034,A woman feeds a toddler a hot dog while he holds a purple bottle.,0.000057,0
t2i,A woman feeds a toddler a hot dog while he holds a purple bottle.,84674,84674,A woman feeds a toddler a hot dog while he holds a purple bottle.,0.000093,0
t2i,A woman feeds a toddler a hot dog while he holds a purple bottle.,123633,123633,A woman feeds a toddler a hot dog while he holds a purple bottle.,0.000026,0
t2i,A woman feeds a toddler a hot dog while he holds a purple bottle.,500565,500565,A woman feeds a toddler a hot dog while he holds a purple bottle.,0.000076,0
t2i,A woman feeds a toddler a hot dog while he holds a purple bottle.,194716,194716,A woman feeds a toddler a hot dog while he holds a purple bottle.,0.000085,0
t2i,A woman feeds a toddler a hot dog while he holds a purple bottle.,404678,404678,A woman feeds a toddler a hot dog while he holds a purple bottle.,0.000076,0
t2i,A woman feeds a toddler a hot dog while he holds a purple bottle.,548555,548555,A woman feeds a toddler a hot dog while he holds a purple bottle.,0.000389,0
t2i,A woman feeds a toddler a hot dog while he holds a purple bottle.,92091,92091,A woman feeds a toddler a hot dog while he holds a purple bottle.,0.000051,0
t2i,A woman feeds a toddler a hot dog while he holds a purple bottle.,331799,331799,A woman feeds a toddler a hot dog while he holds a purple bottle.,0.000942,0
t2i,A woman feeds a toddler a hot dog while he holds a purple bottle.,437205,437205,A woman feeds a toddler a hot dog while he holds a purple bottle.,0.000212,0
t2i,A woman feeds a toddler a hot dog while he holds a purple bottle.,422998,422998,A woman feeds a toddler a hot dog while he holds a purple bottle.,0.000105,0
t2i,A woman feeds a toddler a hot dog while he holds a purple bottle.,423123,423123,A woman feeds a toddler a hot dog while he holds a purple bottle.,0.000227,0
t2i,A woman feeds a toddler a hot dog while he holds a purple bottle.,494869,494869,A woman feeds a toddler a hot dog while he holds a purple bottle.,0.000067,0
t2i,A woman feeds a toddler a hot dog while he holds a purple bottle.,96493,96493,A woman feeds a toddler a hot dog while he holds a purple bottle.,0.000174,0
t2i,A woman feeds a toddler a hot dog while he holds a purple bottle.,512657,512657,A woman feeds a toddler a hot dog while he holds a purple bottle.,0.000031,0
t2i,A woman feeds a toddler a hot dog while he holds a purple bottle.,212166,212166,A woman feeds a toddler a hot dog while he holds a purple bottle.,0.000145,0
t2i,A woman feeds a toddler a hot dog while he holds a purple bottle.,530061,530061,A woman feeds a toddler a hot dog while he holds a purple bottle.,0.000057,0
t2i,A woman feeds a toddler a hot dog while he holds a purple bottle.,188592,188592,A woman feeds a toddler a hot dog while he holds a purple bottle.,0.000232,0
t2i,A woman feeds a toddler a hot dog while he holds a purple bottle.,420840,420840,A woman feeds a toddler a hot dog while he holds a purple bottle.,0.000077,0
t2i,A woman feeds a toddler a hot dog while he holds a purple bottle.,532058,532058,A woman feeds a toddler a hot dog while he holds a purple bottle.,0.000165,0
t2i,A woman feeds a toddler a hot dog while he holds a purple bottle.,99810,99810,A woman feeds a toddler a hot dog while he holds a purple bottle.,0.000078,0
t2i,A woman feeds a toddler a hot dog while he holds a purple bottle.,20992,20992,A woman feeds a toddler a hot dog while he holds a purple bottle.,0.000111,0
t2i,A woman feeds a toddler a hot dog while he holds a purple bottle.,356248,356248,A woman feeds a toddler a hot dog while he holds a purple bottle.,0.000036,0
t2i,A woman feeds a toddler a hot dog while he holds a purple bottle.,179898,179898,A woman feeds a toddler a hot dog while he holds a purple bottle.,0.000140,0
t2i,Two people play video games while sitting on a couch.,319100,319100,Two people play video games while sitting on a couch.,0.000139,0
t2i,Two people play video games while sitting on a couch.,36936,36936,Two people play video games while sitting on a couch.,0.000051,0
t2i,Two people play video games while sitting on a couch.,455937,455937,Two people play video games while sitting on a couch.,0.000070,0
t2i,Two people play video games while sitting on a couch.,190637,190637,Two people play video games while sitting on a couch.,0.000069,0
t2i,Two people play video games while sitting on a couch.,23899,23899,Two people play video games while sitting on a couch.,0.000351,0
t2i,Two people play video games while sitting on a couch.,468954,468954,Two people play video games while sitting on a couch.,0.000068,0
t2i,Two people play video games while sitting on a couch.,215259,215259,Two people play video games while sitting on a couch.,0.000365,0
t2i,Two people play video games while sitting on a couch.,416451,416451,Two people play video games while sitting on a couch.,0.000037,0
t2i,Two people play video games while sitting on a couch.,489764,489764,Two people play video games while sitting on a couch.,0.000076,0
t2i,Two people play video games while sitting on a couch.,156924,156924,Two people play video games while sitting on a couch.,0.000063,0
t2i,Two people play video games while sitting on a couch.,467176,467176,Two people play video games while sitting on a couch.,0.000312,0
t2i,Two people play video games while sitting on a couch.,435208,435208,Two people play video games while sitting on a couch.,0.000052,0
t2i,Two people play video games while sitting on a couch.,512657,512657,Two people play video games while sitting on a couch.,0.000042,0
t2i,Two people play video games while sitting on a couch.,82688,82688,Two people play video games while sitting on a couch.,0.000080,0
t2i,Two people play video games while sitting on a couch.,107339,107339,Two people play video games while sitting on a couch.,0.000089,0
t2i,Two people play video games while sitting on a couch.,491366,491366,Two people play video games while sitting on a couch.,0.000071,0
t2i,Two people play video games while sitting on a couch.,110449,110449,Two people play video games while sitting on a couch.,0.000064,0
t2i,Two people play video games while sitting on a couch.,371749,371749,Two people play video games while sitting on a couch.,0.000084,0
t2i,Two people play video games while sitting on a couch.,474021,474021,Two people play video games while sitting on a couch.,0.000087,0
t2i,Two people play video games while sitting on a couch.,10707,10707,Two people play video games while sitting on a couch.,0.000051,0
t2i,Two people play video games while sitting on a couch.,91500,91500,Two people play video games while sitting on a couch.,0.000041,0
t2i,Two people play video games while sitting on a couch.,325483,325483,Two people play video games while sitting on a couch.,0.000103,0
t2i,Two people play video games while sitting on a couch.,556193,556193,Two people play video games while sitting on a couch.,0.000064,0
t2i,Two people play video games while sitting on a couch.,257370,257370,Two people play video games while sitting on a couch.,0.000124,0
t2i,Two people play video games while sitting on a couch.,465549,465549,Two people play video games while sitting on a couch.,0.000032,0
t2i,Two people play video games while sitting on a couch.,293625,293625,Two people play video games while sitting on a couch.,0.000035,0
t2i,Two people play video games while sitting on a couch.,463918,463918,Two people play video games while sitting on a couch.,0.000045,0
t2i,Two people play video games while sitting on a couch.,495732,495732,Two people play video games while sitting on a couch.,0.000051,0
t2i,a brown teddy bear and some wooden block toys,570169,570169,a brown teddy bear and some wooden block toys,0.000532,0
t2i,a brown teddy bear and some wooden block toys,362434,362434,a brown teddy bear and some wooden block toys,0.000276,0
t2i,a brown teddy bear and some wooden block toys,80057,80057,a brown teddy bear and some wooden block toys,0.000199,0
t2i,a brown teddy bear and some wooden block toys,325527,325527,a brown teddy bear and some wooden block toys,0.003726,0
t2i,a brown teddy bear and some wooden block toys,219283,219283,a brown teddy bear and some wooden block toys,0.014050,0
t2i,a brown teddy bear and some wooden block toys,236914,236914,a brown teddy bear and some wooden block toys,0.005979,0
t2i,a brown teddy bear and some wooden block toys,474039,474039,a brown teddy bear and some wooden block toys,0.003257,0
t2i,a brown teddy bear and some wooden block toys,549136,549136,a brown teddy bear and some wooden block toys,0.003166,0
t2i,a brown teddy bear and some wooden block toys,322844,322844,a brown teddy bear and some wooden block toys,0.002953,0
t2i,a brown teddy bear and some wooden block toys,82180,82180,a brown teddy bear and some wooden block toys,0.003331,0
t2i,a brown teddy bear and some wooden block toys,335081,335081,a brown teddy bear and some wooden block toys,0.000923,0
t2i,a brown teddy bear and some wooden block toys,383386,383386,a brown teddy bear and some wooden block toys,0.011100,0
t2i,a brown teddy bear and some wooden block toys,189436,189436,a brown teddy bear and some wooden block toys,0.006100,0
t2i,a brown teddy bear and some wooden block toys,145020,145020,a brown teddy bear and some wooden block toys,0.000227,0
t2i,a brown teddy bear and some wooden block toys,35963,35963,a brown teddy bear and some wooden block toys,0.000624,0
t2i,a brown teddy bear and some wooden block toys,328030,328030,a brown teddy bear and some wooden block toys,0.004749,0
t2i,a brown teddy bear and some wooden block toys,537802,537802,a brown teddy bear and some wooden block toys,0.002710,0
t2i,a brown teddy bear and some wooden block toys,73118,73118,a brown teddy bear and some wooden block toys,0.021103,0
t2i,a brown teddy bear and some wooden block toys,109827,109827,a brown teddy bear and some wooden block toys,0.014297,0
t2i,a brown teddy bear and some wooden block toys,205542,205542,a brown teddy bear and some wooden block toys,0.000234,0
t2i,a brown teddy bear and some wooden block toys,349480,349480,a brown teddy bear and some wooden block toys,0.002559,0
t2i,a brown teddy bear and some wooden block toys,446703,446703,a brown teddy bear and some wooden block toys,0.037929,0
t2i,a brown teddy bear and some wooden block toys,42889,42889,a brown teddy bear and some wooden block toys,0.004339,0
t2i,a brown teddy bear and some wooden block toys,471869,471869,a brown teddy bear and some wooden block toys,0.008226,0
t2i,a brown teddy bear and some wooden block toys,44068,44068,a brown teddy bear and some wooden block toys,0.008414,0
t2i,a brown teddy bear and some wooden block toys,776,776,a brown teddy bear and some wooden block toys,0.024233,0
t2i,a brown teddy bear and some wooden block toys,522638,522638,a brown teddy bear and some wooden block toys,0.006028,0
t2i,a brown teddy bear and some wooden block toys,563758,563758,a brown teddy bear and some wooden block toys,0.002990,0
t2i,a brown teddy bear and some wooden block toys,207585,207585,a brown teddy bear and some wooden block toys,0.000348,0
t2i,A cutting board with carrots and some other leafy green vegetables along side a knife.,143998,143998,A cutting board with carrots and some other leafy green vegetables along side a knife.,0.001436,0
t2i,A cutting board with carrots and some other leafy green vegetables along side a knife.,251537,251537,A cutting board with carrots and some other leafy green vegetables along side a knife.,0.000551,0
t2i,A cutting board with carrots and some other leafy green vegetables along side a knife.,116206,116206,A cutting board with carrots and some other leafy green vegetables along side a knife.,0.000183,0
t2i,A cutting board with carrots and some other leafy green vegetables along side a knife.,223090,223090,A cutting board with carrots and some other leafy green vegetables along side a knife.,0.003713,0
t2i,A cutting board with carrots and some other leafy green vegetables along side a knife.,165831,165831,A cutting board with carrots and some other leafy green vegetables along side a knife.,0.000063,0
t2i,A cutting board with carrots and some other leafy green vegetables along side a knife.,7991,7991,A cutting board with carrots and some other leafy green vegetables along side a knife.,0.000253,0
t2i,A cutting board with carrots and some other leafy green vegetables along side a knife.,424721,424721,A cutting board with carrots and some other leafy green vegetables along side a knife.,0.000069,0
t2i,A cutting board with carrots and some other leafy green vegetables along side a knife.,34257,34257,A cutting board with carrots and some other leafy green vegetables along side a knife.,0.000554,0
t2i,A cutting board with carrots and some other leafy green vegetables along side a knife.,105014,105014,A cutting board with carrots and some other leafy green vegetables along side a knife.,0.000088,0
t2i,A cutting board with carrots and some other leafy green vegetables along side a knife.,385029,385029,A cutting board with carrots and some other leafy green vegetables along side a knife.,0.000264,0
t2i,A cutting board with carrots and some other leafy green vegetables along side a knife.,287667,287667,A cutting board with carrots and some other leafy green vegetables along side a knife.,0.000143,0
t2i,A cutting board with carrots and some other leafy green vegetables along side a knife.,203095,203095,A cutting board with carrots and some other leafy green vegetables along side a knife.,0.000537,0
t2i,A cutting board with carrots and some other leafy green vegetables along side a knife.,434297,434297,A cutting board with carrots and some other leafy green vegetables along side a knife.,0.000128,0
t2i,A cutting board with carrots and some other leafy green vegetables along side a knife.,298994,298994,A cutting board with carrots and some other leafy green vegetables along side a knife.,0.001384,0
t2i,A cutting board with carrots and some other leafy green vegetables along side a knife.,196009,196009,A cutting board with carrots and some other leafy green vegetables along side a knife.,0.001995,0
t2i,A cutting board with carrots and some other leafy green vegetables along side a knife.,530052,530052,A cutting board with carrots and some other leafy green vegetables along side a knife.,0.000464,0
t2i,A cutting board with carrots and some other leafy green vegetables along side a knife.,452784,452784,A cutting board with carrots and some other leafy green vegetables along side a knife.,0.000082,0
t2i,A cutting board with carrots and some other leafy green vegetables along side a knife.,157390,157390,A cutting board with carrots and some other leafy green vegetables along side a knife.,0.000093,0
t2i,A cutting board with carrots and some other leafy green vegetables along side a knife.,393838,393838,A cutting board with carrots and some other leafy green vegetables along side a knife.,0.000091,0
t2i,A cutting board with carrots and some other leafy green vegetables along side a knife.,288762,288762,A cutting board with carrots and some other leafy green vegetables along side a knife.,0.000316,0
t2i,A woman feeding a little boy french fries at a restaurant.,534041,534041,A woman feeding a little boy french fries at a restaurant.,0.000134,0
t2i,A woman feeding a little boy french fries at a restaurant.,482436,482436,A woman feeding a little boy french fries at a restaurant.,0.000101,0
t2i,A woman feeding a little boy french fries at a restaurant.,422836,422836,A woman feeding a little boy french fries at a restaurant.,0.000104,0
t2i,A woman feeding a little boy french fries at a restaurant.,215072,215072,A woman feeding a little boy french fries at a restaurant.,0.000139,0
t2i,A woman feeding a little boy french fries at a restaurant.,482319,482319,A woman feeding a little boy french fries at a restaurant.,0.000096,0
t2i,A woman feeding a little boy french fries at a restaurant.,336053,336053,A woman feeding a little boy french fries at a restaurant.,0.000101,0
t2i,A woman feeding a little boy french fries at a restaurant.,15335,15335,A woman feeding a little boy french fries at a restaurant.,0.000193,0
t2i,A woman feeding a little boy french fries at a restaurant.,189475,189475,A woman feeding a little boy french fries at a restaurant.,0.000116,0
t2i,A woman feeding a little boy french fries at a restaurant.,394940,394940,A woman feeding a little boy french fries at a restaurant.,0.000850,0
t2i,A woman feeding a little boy french fries at a restaurant.,297562,297562,A woman feeding a little boy french fries at a restaurant.,0.000037,0
t2i,A woman feeding a little boy french fries at a restaurant.,368752,368752,A woman feeding a little boy french fries at a restaurant.,0.000163,0
t2i,A woman feeding a little boy french fries at a restaurant.,404678,404678,A woman feeding a little boy french fries at a restaurant.,0.000214,0
t2i,A woman feeding a little boy french fries at a restaurant.,413552,413552,A woman feeding a little boy french fries at a restaurant.,0.000042,0
t2i,A woman feeding a little boy french fries at a restaurant.,84674,84674,A woman feeding a little boy french fries at a restaurant.,0.000047,0
t2i,A woman feeding a little boy french fries at a restaurant.,578871,578871,A woman feeding a little boy french fries at a restaurant.,0.000041,0
t2i,A woman feeding a little boy french fries at a restaurant.,123633,123633,A woman feeding a little boy french fries at a restaurant.,0.000027,0
t2i,A woman feeding a little boy french fries at a restaurant.,48396,48396,A woman feeding a little boy french fries at a restaurant.,0.000035,0
t2i,A woman feeding a little boy french fries at a restaurant.,290163,290163,A woman feeding a little boy french fries at a restaurant.,0.000048,0
t2i,A woman feeding a little boy french fries at a restaurant.,356248,356248,A woman feeding a little boy french fries at a restaurant.,0.000044,0
t2i,A woman feeding a little boy french fries at a restaurant.,529122,529122,A woman feeding a little boy french fries at a restaurant.,0.000044,0
t2i,A woman feeding a little boy french fries at a restaurant.,422998,422998,A woman feeding a little boy french fries at a restaurant.,0.000327,0
t2i,A woman feeding a little boy french fries at a restaurant.,275198,275198,A woman feeding a little boy french fries at a restaurant.,0.000140,0
t2i,A woman feeding a little boy french fries at a restaurant.,157601,157601,A woman feeding a little boy french fries at a restaurant.,0.000081,0
t2i,A woman feeding a little boy french fries at a restaurant.,20992,20992,A woman feeding a little boy french fries at a restaurant.,0.000051,0
t2i,A woman feeding a little boy french fries at a restaurant.,19402,19402,A woman feeding a little boy french fries at a restaurant.,0.000074,0
t2i,A woman feeding a little boy french fries at a restaurant.,18150,18150,A woman feeding a little boy french fries at a restaurant.,0.000035,0
t2i,A woman feeding a little boy french fries at a restaurant.,212166,212166,A woman feeding a little boy french fries at a restaurant.,0.000112,0
t2i,A woman feeding a little boy french fries at a restaurant.,473406,473406,A woman feeding a little boy french fries at a restaurant.,0.000060,0
t2i,A woman feeding a little boy french fries at a restaurant.,80932,80932,A woman feeding a little boy french fries at a restaurant.,0.000072,0
t2i,A woman feeding a little boy french fries at a restaurant.,99810,99810,A woman feeding a little boy french fries at a restaurant.,0.000048,0
t2i,A woman feeding a little boy french fries at a restaurant.,69224,69224,A woman feeding a little boy french fries at a restaurant.,0.000030,0
t2i,A woman feeding a little boy french fries at a restaurant.,374982,374982,A woman feeding a little boy french fries at a restaurant.,0.000088,0
t2i,a stop sign sittin on a pole that is somewhat broken,336587,336587,a stop sign sittin on a pole that is somewhat broken,0.000225,0
t2i,a stop sign sittin on a pole that is somewhat broken,11122,11122,a stop sign sittin on a pole that is somewhat broken,0.000137,0
t2i,a stop sign sittin on a pole that is somewhat broken,522940,522940,a stop sign sittin on a pole that is somewhat broken,0.000698,0
t2i,a stop sign sittin on a pole that is somewhat broken,309173,309173,a stop sign sittin on a pole that is somewhat broken,0.001238,0
t2i,a stop sign sittin on a pole that is somewhat broken,260266,260266,a stop sign sittin on a pole that is somewhat broken,0.000078,0
t2i,a stop sign sittin on a pole that is somewhat broken,484029,484029,a stop sign sittin on a pole that is somewhat broken,0.000166,0
t2i,a stop sign sittin on a pole that is somewhat broken,192716,192716,a stop sign sittin on a pole that is somewhat broken,0.003117,0
t2i,a stop sign sittin on a pole that is somewhat broken,460229,460229,a stop sign sittin on a pole that is somewhat broken,0.000887,0
t2i,a stop sign sittin on a pole that is somewhat broken,724,724,a stop sign sittin on a pole that is somewhat broken,0.000914,0
t2i,a stop sign sittin on a pole that is somewhat broken,91619,91619,a stop sign sittin on a pole that is somewhat broken,0.004587,0
t2i,a stop sign sittin on a pole that is somewhat broken,172856,172856,a stop sign sittin on a pole that is somewhat broken,0.000138,0
t2i,a stop sign sittin on a pole that is somewhat broken,193884,193884,a stop sign sittin on a pole that is somewhat broken,0.000180,0
t2i,a stop sign sittin on a pole that is somewhat broken,104782,104782,a stop sign sittin on a pole that is somewhat broken,0.001986,0
t2i,a stop sign sittin on a pole that is somewhat broken,222094,222094,a stop sign sittin on a pole that is somewhat broken,0.000416,0
t2i,a stop sign sittin on a pole that is somewhat broken,239843,239843,a stop sign sittin on a pole that is somewhat broken,0.002244,0
t2i,a stop sign sittin on a pole that is somewhat broken,32941,32941,a stop sign sittin on a pole that is somewhat broken,0.000082,0
t2i,a stop sign sittin on a pole that is somewhat broken,42888,42888,a stop sign sittin on a pole that is somewhat broken,0.000159,0
t2i,a stop sign sittin on a pole that is somewhat broken,273617,273617,a stop sign sittin on a pole that is somewhat broken,0.000819,0
t2i,a stop sign sittin on a pole that is somewhat broken,347163,347163,a stop sign sittin on a pole that is somewhat broken,0.000300,0
t2i,a stop sign sittin on a pole that is somewhat broken,79408,79408,a stop sign sittin on a pole that is somewhat broken,0.003162,0
t2i,a stop sign sittin on a pole that is somewhat broken,95899,95899,a stop sign sittin on a pole that is somewhat broken,0.000860,0
t2i,a stop sign sittin on a pole that is somewhat broken,122745,122745,a stop sign sittin on a pole that is somewhat broken,0.004038,0
t2i,a stop sign sittin on a pole that is somewhat broken,283038,283038,a stop sign sittin on a pole that is somewhat broken,0.001459,0
t2i,a stop sign sittin on a pole that is somewhat broken,252332,252332,a stop sign sittin on a pole that is somewhat broken,0.002552,0
t2i,a stop sign sittin on a pole that is somewhat broken,297343,297343,a stop sign sittin on a pole that is somewhat broken,0.003539,0
t2i,a stop sign sittin on a pole that is somewhat broken,565153,565153,a stop sign sittin on a pole that is somewhat broken,0.000291,0
t2i,a stop sign sittin on a pole that is somewhat broken,15440,15440,a stop sign sittin on a pole that is somewhat broken,0.002606,0
t2i,a stop sign sittin on a pole that is somewhat broken,236845,236845,a stop sign sittin on a pole that is somewhat broken,0.000264,0
t2i,Three cross-country skiers posing for the camera on a snowy lane,41990,41990,Three cross-country skiers posing for the camera on a snowy lane,0.000301,0
t2i,Three cross-country skiers posing for the camera on a snowy lane,465836,465836,Three cross-country skiers posing for the camera on a snowy lane,0.000135,0
t2i,Three cross-country skiers posing for the camera on a snowy lane,86755,86755,Three cross-country skiers posing for the camera on a snowy lane,0.000089,0
t2i,Three cross-country skiers posing for the camera on a snowy lane,334767,334767,Three cross-country skiers posing for the camera on a snowy lane,0.000049,0
t2i,Three cross-country skiers posing for the camera on a snowy lane,414170,414170,Three cross-country skiers posing for the camera on a snowy lane,0.000284,0
t2i,Three cross-country skiers posing for the camera on a snowy lane,515577,515577,Three cross-country skiers posing for the camera on a snowy lane,0.000195,0
t2i,Three cross-country skiers posing for the camera on a snowy lane,176901,176901,Three cross-country skiers posing for the camera on a snowy lane,0.000079,0
t2i,Three cross-country skiers posing for the camera on a snowy lane,220764,220764,Three cross-country skiers posing for the camera on a snowy lane,0.000201,0
t2i,Three cross-country skiers posing for the camera on a snowy lane,53626,53626,Three cross-country skiers posing for the camera on a snowy lane,0.000137,0
t2i,Three cross-country skiers posing for the camera on a snowy lane,128112,128112,Three cross-country skiers posing for the camera on a snowy lane,0.000138,0
t2i,Three cross-country skiers posing for the camera on a snowy lane,470779,470779,Three cross-country skiers posing for the camera on a snowy lane,0.000160,0
t2i,Three cross-country skiers posing for the camera on a snowy lane,541055,541055,Three cross-country skiers posing for the camera on a snowy lane,0.000588,0
t2i,Three cross-country skiers posing for the camera on a snowy lane,252507,252507,Three cross-country skiers posing for the camera on a snowy lane,0.000138,0
t2i,Three cross-country skiers posing for the camera on a snowy lane,361919,361919,Three cross-country skiers posing for the camera on a snowy lane,0.000090,0
t2i,Three cross-country skiers posing for the camera on a snowy lane,38210,38210,Three cross-country skiers posing for the camera on a snowy lane,0.000234,0
t2i,Three cross-country skiers posing for the camera on a snowy lane,273715,273715,Three cross-country skiers posing for the camera on a snowy lane,0.000041,0
t2i,Three cross-country skiers posing for the camera on a snowy lane,576031,576031,Three cross-country skiers posing for the camera on a snowy lane,0.000364,0
t2i,Three cross-country skiers posing for the camera on a snowy lane,3255,3255,Three cross-country skiers posing for the camera on a snowy lane,0.000186,0
t2i,Three cross-country skiers posing for the camera on a snowy lane,236308,236308,Three cross-country skiers posing for the camera on a snowy lane,0.000648,0
t2i,Three cross-country skiers posing for the camera on a snowy lane,118921,118921,Three cross-country skiers posing for the camera on a snowy lane,0.000673,0
t2i,Three cross-country skiers posing for the camera on a snowy lane,197388,197388,Three cross-country skiers posing for the camera on a snowy lane,0.000051,0
t2i,Three cross-country skiers posing for the camera on a snowy lane,438955,438955,Three cross-country skiers posing for the camera on a snowy lane,0.000042,0
t2i,Three cross-country skiers posing for the camera on a snowy lane,447465,447465,Three cross-country skiers posing for the camera on a snowy lane,0.000023,0
t2i,Several children are around a table at a birthday party.,122962,122962,Several children are around a table at a birthday party.,0.000696,0
t2i,Several children are around a table at a birthday party.,405249,405249,Several children are around a table at a birthday party.,0.000174,0
t2i,Several children are around a table at a birthday party.,345361,345361,Several children are around a table at a birthday party.,0.001759,0
t2i,Several children are around a table at a birthday party.,261116,261116,Several children are around a table at a birthday party.,0.000835,0
t2i,Several children are around a table at a birthday party.,180101,180101,Several children are around a table at a birthday party.,0.000366,0
t2i,Several children are around a table at a birthday party.,334483,334483,Several children are around a table at a birthday party.,0.001187,0
t2i,Several children are around a table at a birthday party.,123633,123633,Several children are around a table at a birthday party.,0.000036,0
t2i,Several children are around a table at a birthday party.,201426,201426,Several children are around a table at a birthday party.,0.000048,0
t2i,Several children are around a table at a birthday party.,3934,3934,Several children are around a table at a birthday party.,0.000071,0
t2i,Several children are around a table at a birthday party.,268378,268378,Several children are around a table at a birthday party.,0.000138,0
t2i,Several children are around a table at a birthday party.,462371,462371,Several children are around a table at a birthday party.,0.000499,0
t2i,Several children are around a table at a birthday party.,438774,438774,Several children are around a table at a birthday party.,0.000082,0
t2i,Several children are around a table at a birthday party.,368752,368752,Several children are around a table at a birthday party.,0.000064,0
t2i,Several children are around a table at a birthday party.,275198,275198,Several children are around a table at a birthday party.,0.000122,0
t2i,Several children are around a table at a birthday party.,266768,266768,Several children are around a table at a birthday party.,0.000320,0
t2i,Several children are around a table at a birthday party.,404678,404678,Several children are around a table at a birthday party.,0.000218,0
t2i,Several children are around a table at a birthday party.,18380,18380,Several children are around a table at a birthday party.,0.002385,0
t2i,Several children are around a table at a birthday party.,273711,273711,Several children are around a table at a birthday party.,0.000510,0
t2i,Several children are around a table at a birthday party.,102820,102820,Several children are around a table at a birthday party.,0.000183,0
t2i,Several children are around a table at a birthday party.,468332,468332,Several children are around a table at a birthday party.,0.000078,0
t2i,Several children are around a table at a birthday party.,489842,489842,Several children are around a table at a birthday party.,0.000123,0
t2i,Several children are around a table at a birthday party.,420840,420840,Several children are around a table at a birthday party.,0.000098,0
t2i,a red train is docked at the station,500423,500423,a red train is docked at the station,0.006974,0
t2i,a red train is docked at the station,416269,416269,a red train is docked at the station,0.000111,0
t2i,a red train is docked at the station,494863,494863,a red train is docked at the station,0.000039,0
t2i,a red train is docked at the station,106281,106281,a red train is docked at the station,0.000088,0
t2i,a red train is docked at the station,14473,14473,a red train is docked at the station,0.000030,0
t2i,a red train is docked at the station,253835,253835,a red train is docked at the station,0.000064,0
t2i,a red train is docked at the station,539445,539445,a red train is docked at the station,0.000166,0
t2i,a red train is docked at the station,419882,419882,a red train is docked at the station,0.000067,0
t2i,a red train is docked at the station,1353,1353,a red train is docked at the station,0.000042,0
t2i,a red train is docked at the station,458109,458109,a red train is docked at the station,0.000048,0
t2i,a red train is docked at the station,232538,232538,a red train is docked at the station,0.000027,0
t2i,a red train is docked at the station,469246,469246,a red train is docked at the station,0.000072,0
t2i,a red train is docked at the station,268000,268000,a red train is docked at the station,0.000153,0
t2i,a red train is docked at the station,475387,475387,a red train is docked at the station,0.000055,0
t2i,a red train is docked at the station,426268,426268,a red train is docked at the station,0.000036,0
t2i,a red train is docked at the station,206994,206994,a red train is docked at the station,0.000072,0
t2i,a red train is docked at the station,516804,516804,a red train is docked at the station,0.000021,0
t2i,a red train is docked at the station,477623,477623,a red train is docked at the station,0.000107,0
t2i,a red train is docked at the station,439593,439593,a red train is docked at the station,0.000043,0
t2i,a red train is docked at the station,135902,135902,a red train is docked at the station,0.000029,0
t2i,a red train is docked at the station,369675,369675,a red train is docked at the station,0.000107,0
t2i,a red train is docked at the station,419096,419096,a red train is docked at the station,0.000080,0
t2i,a red train is docked at the station,572555,572555,a red train is docked at the station,0.000043,0
t2i,a red train is docked at the station,511999,511999,a red train is docked at the station,0.000039,0
t2i,a red train is docked at the station,479030,479030,a red train is docked at the station,0.000226,0
t2i,a red train is docked at the station,159684,159684,a red train is docked at the station,0.000047,0
t2i,a red train is docked at the station,82085,82085,a red train is docked at the station,0.000095,0
t2i,a red train is docked at the station,146825,146825,a red train is docked at the station,0.000040,0
t2i,a red train is docked at the station,306893,306893,a red train is docked at the station,0.000211,0
t2i,a red train is docked at the station,379800,379800,a red train is docked at the station,0.000030,0
t2i,a red train is docked at the station,256195,256195,a red train is docked at the station,0.000037,0
t2i,a red train is docked at the station,151857,151857,a red train is docked at the station,0.000311,0
t2i,a red train is docked at the station,275727,275727,a red train is docked at the station,0.000029,0
t2i,a red train is docked at the station,66135,66135,a red train is docked at the station,0.000155,0
t2i,a red train is docked at the station,60090,60090,a red train is docked at the station,0.000023,0
t2i,a red train is docked at the station,431896,431896,a red train is docked at the station,0.000045,0
t2i,a bunch of zebras out in a grassy field,185409,185409,a bunch of zebras out in a grassy field,0.002534,0
t2i,a bunch of zebras out in a grassy field,129054,129054,a bunch of zebras out in a grassy field,0.000764,0
t2i,a bunch of zebras out in a grassy field,546011,546011,a bunch of zebras out in a grassy field,0.001728,0
t2i,a bunch of zebras out in a grassy field,215245,215245,a bunch of zebras out in a grassy field,0.000655,0
t2i,a bunch of zebras out in a grassy field,508586,508586,a bunch of zebras out in a grassy field,0.004604,0
t2i,a bunch of zebras out in a grassy field,218424,218424,a bunch of zebras out in a grassy field,0.001704,0
t2i,a bunch of zebras out in a grassy field,68933,68933,a bunch of zebras out in a grassy field,0.011839,0
t2i,a bunch of zebras out in a grassy field,378453,378453,a bunch of zebras out in a grassy field,0.002749,0
t2i,a bunch of zebras out in a grassy field,504635,504635,a bunch of zebras out in a grassy field,0.000497,0
t2i,a bunch of zebras out in a grassy field,298251,298251,a bunch of zebras out in a grassy field,0.000692,0
t2i,a bunch of zebras out in a grassy field,110211,110211,a bunch of zebras out in a grassy field,0.002236,0
t2i,a bunch of zebras out in a grassy field,201676,201676,a bunch of zebras out in a grassy field,0.000191,0
t2i,a bunch of zebras out in a grassy field,545730,545730,a bunch of zebras out in a grassy field,0.000157,0
t2i,a bunch of zebras out in a grassy field,562121,562121,a bunch of zebras out in a grassy field,0.001513,0
t2i,a bunch of zebras out in a grassy field,387148,387148,a bunch of zebras out in a grassy field,0.001067,0
t2i,a bunch of zebras out in a grassy field,49761,49761,a bunch of zebras out in a grassy field,0.000178,0
t2i,a bunch of zebras out in a grassy field,268729,268729,a bunch of zebras out in a grassy field,0.000128,0
t2i,a bunch of zebras out in a grassy field,54123,54123,a bunch of zebras out in a grassy field,0.000911,0
t2i,a bunch of zebras out in a grassy field,464872,464872,a bunch of zebras out in a grassy field,0.003050,0
t2i,a bunch of zebras out in a grassy field,320632,320632,a bunch of zebras out in a grassy field,0.021016,0
t2i,a bunch of zebras out in a grassy field,473974,473974,a bunch of zebras out in a grassy field,0.001993,0
t2i,a bunch of zebras out in a grassy field,311295,311295,a bunch of zebras out in a grassy field,0.003316,0
t2i,A herd of zebra in dry vegetation near dry trees.,378453,378453,A herd of zebra in dry vegetation near dry trees.,0.000143,0
t2i,A herd of zebra in dry vegetation near dry trees.,311295,311295,A herd of zebra in dry vegetation near dry trees.,0.000167,0
t2i,A herd of zebra in dry vegetation near dry trees.,493019,493019,A herd of zebra in dry vegetation near dry trees.,0.000040,0
t2i,A herd of zebra in dry vegetation near dry trees.,268729,268729,A herd of zebra in dry vegetation near dry trees.,0.000037,0
t2i,A herd of zebra in dry vegetation near dry trees.,129054,129054,A herd of zebra in dry vegetation near dry trees.,0.000050,0
t2i,A herd of zebra in dry vegetation near dry trees.,546011,546011,A herd of zebra in dry vegetation near dry trees.,0.000065,0
t2i,A herd of zebra in dry vegetation near dry trees.,508586,508586,A herd of zebra in dry vegetation near dry trees.,0.000139,0
t2i,A herd of zebra in dry vegetation near dry trees.,215245,215245,A herd of zebra in dry vegetation near dry trees.,0.000080,0
t2i,A herd of zebra in dry vegetation near dry trees.,185409,185409,A herd of zebra in dry vegetation near dry trees.,0.000110,0
t2i,A herd of zebra in dry vegetation near dry trees.,218424,218424,A herd of zebra in dry vegetation near dry trees.,0.000078,0
t2i,A herd of zebra in dry vegetation near dry trees.,562121,562121,A herd of zebra in dry vegetation near dry trees.,0.000084,0
t2i,A herd of zebra in dry vegetation near dry trees.,110211,110211,A herd of zebra in dry vegetation near dry trees.,0.000110,0
t2i,A herd of zebra in dry vegetation near dry trees.,201676,201676,A herd of zebra in dry vegetation near dry trees.,0.000046,0
t2i,A herd of zebra in dry vegetation near dry trees.,545730,545730,A herd of zebra in dry vegetation near dry trees.,0.000060,0
t2i,A herd of zebra in dry vegetation near dry trees.,504635,504635,A herd of zebra in dry vegetation near dry trees.,0.000053,0
t2i,A herd of zebra in dry vegetation near dry trees.,223130,223130,A herd of zebra in dry vegetation near dry trees.,0.000081,0
t2i,A herd of zebra in dry vegetation near dry trees.,473974,473974,A herd of zebra in dry vegetation near dry trees.,0.000110,0
t2i,A herd of zebra in dry vegetation near dry trees.,52462,52462,A herd of zebra in dry vegetation near dry trees.,0.000146,0
t2i,A herd of zebra in dry vegetation near dry trees.,11760,11760,A herd of zebra in dry vegetation near dry trees.,0.000087,0
t2i,A herd of zebra in dry vegetation near dry trees.,54123,54123,A herd of zebra in dry vegetation near dry trees.,0.000069,0
t2i,A herd of zebra in dry vegetation near dry trees.,464872,464872,A herd of zebra in dry vegetation near dry trees.,0.000127,0
t2i,A herd of zebra in dry vegetation near dry trees.,298251,298251,A herd of zebra in dry vegetation near dry trees.,0.000066,0
t2i,A herd of zebra in dry vegetation near dry trees.,449406,449406,A herd of zebra in dry vegetation near dry trees.,0.000060,0
t2i,A herd of zebra in dry vegetation near dry trees.,577149,577149,A herd of zebra in dry vegetation near dry trees.,0.000059,0
t2i,A herd of zebra in dry vegetation near dry trees.,49761,49761,A herd of zebra in dry vegetation near dry trees.,0.000064,0
t2i,A herd of zebra in dry vegetation near dry trees.,31269,31269,A herd of zebra in dry vegetation near dry trees.,0.000065,0
t2i,A row of surfboards leaned up against a wood rail in the sand.,127517,127517,A row of surfboards leaned up against a wood rail in the sand.,0.000628,0
t2i,A row of surfboards leaned up against a wood rail in the sand.,529939,529939,A row of surfboards leaned up against a wood rail in the sand.,0.000062,0
t2i,A row of surfboards leaned up against a wood rail in the sand.,164115,164115,A row of surfboards leaned up against a wood rail in the sand.,0.000082,0
t2i,A row of surfboards leaned up against a wood rail in the sand.,540932,540932,A row of surfboards leaned up against a wood rail in the sand.,0.000029,0
t2i,A row of surfboards leaned up against a wood rail in the sand.,512985,512985,A row of surfboards leaned up against a wood rail in the sand.,0.000029,0
t2i,A row of surfboards leaned up against a wood rail in the sand.,98497,98497,A row of surfboards leaned up against a wood rail in the sand.,0.000039,0
t2i,A row of surfboards leaned up against a wood rail in the sand.,282046,282046,A row of surfboards leaned up against a wood rail in the sand.,0.000102,0
t2i,A row of surfboards leaned up against a wood rail in the sand.,272148,272148,A row of surfboards leaned up against a wood rail in the sand.,0.000072,0
t2i,A row of surfboards leaned up against a wood rail in the sand.,177539,177539,A row of surfboards leaned up against a wood rail in the sand.,0.000098,0
t2i,A row of surfboards leaned up against a wood rail in the sand.,16451,16451,A row of surfboards leaned up against a wood rail in the sand.,0.000051,0
t2i,A row of surfboards leaned up against a wood rail in the sand.,520659,520659,A row of surfboards leaned up against a wood rail in the sand.,0.000082,0
t2i,A row of surfboards leaned up against a wood rail in the sand.,355677,355677,A row of surfboards leaned up against a wood rail in the sand.,0.000038,0
t2i,A row of surfboards leaned up against a wood rail in the sand.,154004,154004,A row of surfboards leaned up against a wood rail in the sand.,0.000039,0
t2i,A row of surfboards leaned up against a wood rail in the sand.,570756,570756,A row of surfboards leaned up against a wood rail in the sand.,0.000027,0
t2i,A row of surfboards leaned up against a wood rail in the sand.,353518,353518,A row of surfboards leaned up against a wood rail in the sand.,0.000039,0
t2i,A row of surfboards leaned up against a wood rail in the sand.,153527,153527,A row of surfboards leaned up against a wood rail in the sand.,0.000063,0
t2i,A row of surfboards leaned up against a wood rail in the sand.,74200,74200,A row of surfboards leaned up against a wood rail in the sand.,0.000230,0
t2i,A row of surfboards leaned up against a wood rail in the sand.,234757,234757,A row of surfboards leaned up against a wood rail in the sand.,0.000281,0
t2i,A row of surfboards leaned up against a wood rail in the sand.,204329,204329,A row of surfboards leaned up against a wood rail in the sand.,0.000050,0
t2i,A row of surfboards leaned up against a wood rail in the sand.,503823,503823,A row of surfboards leaned up against a wood rail in the sand.,0.000110,0
t2i,A row of surfboards leaned up against a wood rail in the sand.,554595,554595,A row of surfboards leaned up against a wood rail in the sand.,0.000053,0
t2i,A row of surfboards leaned up against a wood rail in the sand.,74457,74457,A row of surfboards leaned up against a wood rail in the sand.,0.000046,0
t2i,A row of surfboards leaned up against a wood rail in the sand.,326174,326174,A row of surfboards leaned up against a wood rail in the sand.,0.000027,0
t2i,A row of surfboards leaned up against a wood rail in the sand.,274460,274460,A row of surfboards leaned up against a wood rail in the sand.,0.000043,0
t2i,A row of surfboards leaned up against a wood rail in the sand.,403584,403584,A row of surfboards leaned up against a wood rail in the sand.,0.000182,0
t2i,A row of surfboards leaned up against a wood rail in the sand.,377882,377882,A row of surfboards leaned up against a wood rail in the sand.,0.000025,0
t2i,A row of surfboards leaned up against a wood rail in the sand.,410456,410456,A row of surfboards leaned up against a wood rail in the sand.,0.000029,0
t2i,A big brown bear asleep in a hammock.,205776,205776,A big brown bear asleep in a hammock.,0.000059,0
t2i,A big brown bear asleep in a hammock.,532071,532071,A big brown bear asleep in a hammock.,0.000140,0
t2i,A big brown bear asleep in a hammock.,446703,446703,A big brown bear asleep in a hammock.,0.000171,0
t2i,A big brown bear asleep in a hammock.,308753,308753,A big brown bear asleep in a hammock.,0.000042,0
t2i,A big brown bear asleep in a hammock.,530624,530624,A big brown bear asleep in a hammock.,0.000045,0
t2i,A big brown bear asleep in a hammock.,513484,513484,A big brown bear asleep in a hammock.,0.000098,0
t2i,A big brown bear asleep in a hammock.,285,285,A big brown bear asleep in a hammock.,0.000177,0
t2i,A big brown bear asleep in a hammock.,555005,555005,A big brown bear asleep in a hammock.,0.000044,0
t2i,A big brown bear asleep in a hammock.,307658,307658,A big brown bear asleep in a hammock.,0.000141,0
t2i,A big brown bear asleep in a hammock.,111609,111609,A big brown bear asleep in a hammock.,0.000037,0
t2i,A big brown bear asleep in a hammock.,549136,549136,A big brown bear asleep in a hammock.,0.000035,0
t2i,A big brown bear asleep in a hammock.,65288,65288,A big brown bear asleep in a hammock.,0.000033,0
t2i,A big brown bear asleep in a hammock.,562561,562561,A big brown bear asleep in a hammock.,0.000023,0
t2i,A big brown bear asleep in a hammock.,410880,410880,A big brown bear asleep in a hammock.,0.000052,0
t2i,A big brown bear asleep in a hammock.,453981,453981,A big brown bear asleep in a hammock.,0.000101,0
t2i,A big brown bear asleep in a hammock.,23937,23937,A big brown bear asleep in a hammock.,0.000043,0
t2i,A big brown bear asleep in a hammock.,223747,223747,A big brown bear asleep in a hammock.,0.000046,0
t2i,A big brown bear asleep in a hammock.,175443,175443,A big brown bear asleep in a hammock.,0.000050,0
t2i,A big brown bear asleep in a hammock.,109827,109827,A big brown bear asleep in a hammock.,0.000091,0
t2i,A big brown bear asleep in a hammock.,537802,537802,A big brown bear asleep in a hammock.,0.000065,0
t2i,A big brown bear asleep in a hammock.,10092,10092,A big brown bear asleep in a hammock.,0.000366,0
t2i,A big brown bear asleep in a hammock.,322844,322844,A big brown bear asleep in a hammock.,0.000061,0
t2i,A big brown bear asleep in a hammock.,349480,349480,A big brown bear asleep in a hammock.,0.000050,0
t2i,A big brown bear asleep in a hammock.,776,776,A big brown bear asleep in a hammock.,0.000065,0
t2i,A big brown bear asleep in a hammock.,417465,417465,A big brown bear asleep in a hammock.,0.000105,0
t2i,A big brown bear asleep in a hammock.,414261,414261,A big brown bear asleep in a hammock.,0.000048,0
t2i,A big brown bear asleep in a hammock.,375015,375015,A big brown bear asleep in a hammock.,0.000050,0
t2i,A big brown bear asleep in a hammock.,79144,79144,A big brown bear asleep in a hammock.,0.000035,0
t2i,A big brown bear asleep in a hammock.,235064,235064,A big brown bear asleep in a hammock.,0.000102,0
t2i,A big brown bear asleep in a hammock.,170278,170278,A big brown bear asleep in a hammock.,0.000042,0
t2i,Two very small yellow bananas on top of a wooden table next to a Malaysian coin.,457262,457262,Two very small yellow bananas on top of a wooden table next to a Malaysian coin.,0.004807,0
t2i,Two very small yellow bananas on top of a wooden table next to a Malaysian coin.,3661,3661,Two very small yellow bananas on top of a wooden table next to a Malaysian coin.,0.000281,0
t2i,Two very small yellow bananas on top of a wooden table next to a Malaysian coin.,348708,348708,Two very small yellow bananas on top of a wooden table next to a Malaysian coin.,0.000512,0
t2i,Two very small yellow bananas on top of a wooden table next to a Malaysian coin.,279769,279769,Two very small yellow bananas on top of a wooden table next to a Malaysian coin.,0.000156,0
t2i,Two very small yellow bananas on top of a wooden table next to a Malaysian coin.,509131,509131,Two very small yellow bananas on top of a wooden table next to a Malaysian coin.,0.000075,0
t2i,Two very small yellow bananas on top of a wooden table next to a Malaysian coin.,482719,482719,Two very small yellow bananas on top of a wooden table next to a Malaysian coin.,0.000073,0
t2i,Two very small yellow bananas on top of a wooden table next to a Malaysian coin.,28809,28809,Two very small yellow bananas on top of a wooden table next to a Malaysian coin.,0.000876,0
t2i,Two very small yellow bananas on top of a wooden table next to a Malaysian coin.,13004,13004,Two very small yellow bananas on top of a wooden table next to a Malaysian coin.,0.000362,0
t2i,Two very small yellow bananas on top of a wooden table next to a Malaysian coin.,521540,521540,Two very small yellow bananas on top of a wooden table next to a Malaysian coin.,0.000044,0
t2i,Two very small yellow bananas on top of a wooden table next to a Malaysian coin.,163951,163951,Two very small yellow bananas on top of a wooden table next to a Malaysian coin.,0.000186,0
t2i,Two very small yellow bananas on top of a wooden table next to a Malaysian coin.,79651,79651,Two very small yellow bananas on top of a wooden table next to a Malaysian coin.,0.000370,0
t2i,Two very small yellow bananas on top of a wooden table next to a Malaysian coin.,290619,290619,Two very small yellow bananas on top of a wooden table next to a Malaysian coin.,0.000112,0
t2i,Two very small yellow bananas on top of a wooden table next to a Malaysian coin.,407574,407574,Two very small yellow bananas on top of a wooden table next to a Malaysian coin.,0.000052,0
t2i,Two very small yellow bananas on top of a wooden table next to a Malaysian coin.,112378,112378,Two very small yellow bananas on top of a wooden table next to a Malaysian coin.,0.000018,0
t2i,Two very small yellow bananas on top of a wooden table next to a Malaysian coin.,480122,480122,Two very small yellow bananas on top of a wooden table next to a Malaysian coin.,0.000029,0
t2i,Two very small yellow bananas on top of a wooden table next to a Malaysian coin.,356428,356428,Two very small yellow bananas on top of a wooden table next to a Malaysian coin.,0.000017,0
t2i,Two very small yellow bananas on top of a wooden table next to a Malaysian coin.,352618,352618,Two very small yellow bananas on top of a wooden table next to a Malaysian coin.,0.000041,0
t2i,Two very small yellow bananas on top of a wooden table next to a Malaysian coin.,581781,581781,Two very small yellow bananas on top of a wooden table next to a Malaysian coin.,0.000070,0
t2i,Two very small yellow bananas on top of a wooden table next to a Malaysian coin.,12667,12667,Two very small yellow bananas on top of a wooden table next to a Malaysian coin.,0.000148,0
t2i,Two very small yellow bananas on top of a wooden table next to a Malaysian coin.,459887,459887,Two very small yellow bananas on top of a wooden table next to a Malaysian coin.,0.000508,0
t2i,Two very small yellow bananas on top of a wooden table next to a Malaysian coin.,161820,161820,Two very small yellow bananas on top of a wooden table next to a Malaysian coin.,0.000079,0
t2i,Two very small yellow bananas on top of a wooden table next to a Malaysian coin.,271471,271471,Two very small yellow bananas on top of a wooden table next to a Malaysian coin.,0.000048,0
t2i,Two very small yellow bananas on top of a wooden table next to a Malaysian coin.,480275,480275,Two very small yellow bananas on top of a wooden table next to a Malaysian coin.,0.000021,0
t2i,Two very small yellow bananas on top of a wooden table next to a Malaysian coin.,8844,8844,Two very small yellow bananas on top of a wooden table next to a Malaysian coin.,0.000024,0
t2i,Two very small yellow bananas on top of a wooden table next to a Malaysian coin.,119452,119452,Two very small yellow bananas on top of a wooden table next to a Malaysian coin.,0.000107,0
t2i,Two very small yellow bananas on top of a wooden table next to a Malaysian coin.,114871,114871,Two very small yellow bananas on top of a wooden table next to a Malaysian coin.,0.000233,0
t2i,Two very small yellow bananas on top of a wooden table next to a Malaysian coin.,6012,6012,Two very small yellow bananas on top of a wooden table next to a Malaysian coin.,0.000178,0
t2i,Two very small yellow bananas on top of a wooden table next to a Malaysian coin.,189078,189078,Two very small yellow bananas on top of a wooden table next to a Malaysian coin.,0.000089,0
t2i,An orange fire hydrant outside a modern office building,266082,266082,An orange fire hydrant outside a modern office building,0.000164,0
t2i,An orange fire hydrant outside a modern office building,193717,193717,An orange fire hydrant outside a modern office building,0.000033,0
t2i,An orange fire hydrant outside a modern office building,138550,138550,An orange fire hydrant outside a modern office building,0.000032,0
t2i,An orange fire hydrant outside a modern office building,523194,523194,An orange fire hydrant outside a modern office building,0.000313,0
t2i,An orange fire hydrant outside a modern office building,439623,439623,An orange fire hydrant outside a modern office building,0.000059,0
t2i,An orange fire hydrant outside a modern office building,26926,26926,An orange fire hydrant outside a modern office building,0.000042,0
t2i,An orange fire hydrant outside a modern office building,417779,417779,An orange fire hydrant outside a modern office building,0.000026,0
t2i,An orange fire hydrant outside a modern office building,105912,105912,An orange fire hydrant outside a modern office building,0.000032,0
t2i,An orange fire hydrant outside a modern office building,384616,384616,An orange fire hydrant outside a modern office building,0.000029,0
t2i,An orange fire hydrant outside a modern office building,293474,293474,An orange fire hydrant outside a modern office building,0.000037,0
t2i,An orange fire hydrant outside a modern office building,169169,169169,An orange fire hydrant outside a modern office building,0.000065,0
t2i,An orange fire hydrant outside a modern office building,537355,537355,An orange fire hydrant outside a modern office building,0.000048,0
t2i,An orange fire hydrant outside a modern office building,255718,255718,An orange fire hydrant outside a modern office building,0.000029,0
t2i,An orange fire hydrant outside a modern office building,343315,343315,An orange fire hydrant outside a modern office building,0.000041,0
t2i,An orange fire hydrant outside a modern office building,320232,320232,An orange fire hydrant outside a modern office building,0.000031,0
t2i,An orange fire hydrant outside a modern office building,88432,88432,An orange fire hydrant outside a modern office building,0.000024,0
t2i,An orange fire hydrant outside a modern office building,354829,354829,An orange fire hydrant outside a modern office building,0.000029,0
t2i,An orange fire hydrant outside a modern office building,306437,306437,An orange fire hydrant outside a modern office building,0.000070,0
t2i,An orange fire hydrant outside a modern office building,373705,373705,An orange fire hydrant outside a modern office building,0.000051,0
t2i,An orange fire hydrant outside a modern office building,87875,87875,An orange fire hydrant outside a modern office building,0.003295,0
t2i,An orange fire hydrant outside a modern office building,338560,338560,An orange fire hydrant outside a modern office building,0.000039,0
t2i,An orange fire hydrant outside a modern office building,171050,171050,An orange fire hydrant outside a modern office building,0.000026,0
t2i,An orange fire hydrant outside a modern office building,412531,412531,An orange fire hydrant outside a modern office building,0.000074,0
t2i,An orange fire hydrant outside a modern office building,15746,15746,An orange fire hydrant outside a modern office building,0.000033,0
t2i,An orange fire hydrant outside a modern office building,87244,87244,An orange fire hydrant outside a modern office building,0.000030,0
t2i,An orange fire hydrant outside a modern office building,189226,189226,An orange fire hydrant outside a modern office building,0.000026,0
t2i,An orange fire hydrant outside a modern office building,28993,28993,An orange fire hydrant outside a modern office building,0.000121,0
t2i,An orange fire hydrant outside a modern office building,20107,20107,An orange fire hydrant outside a modern office building,0.000042,0
t2i,An orange fire hydrant outside a modern office building,390301,390301,An orange fire hydrant outside a modern office building,0.000041,0
t2i,A young man balances himself as he tilts his skateboard up at the edge of an obstacle.,128699,128699,A young man balances himself as he tilts his skateboard up at the edge of an obstacle.,0.000289,0
t2i,A young man balances himself as he tilts his skateboard up at the edge of an obstacle.,292415,292415,A young man balances himself as he tilts his skateboard up at the edge of an obstacle.,0.001100,0
t2i,A young man balances himself as he tilts his skateboard up at the edge of an obstacle.,291551,291551,A young man balances himself as he tilts his skateboard up at the edge of an obstacle.,0.000821,0
t2i,A young man balances himself as he tilts his skateboard up at the edge of an obstacle.,434204,434204,A young man balances himself as he tilts his skateboard up at the edge of an obstacle.,0.000059,0
t2i,A young man balances himself as he tilts his skateboard up at the edge of an obstacle.,535306,535306,A young man balances himself as he tilts his skateboard up at the edge of an obstacle.,0.000431,0
t2i,A young man balances himself as he tilts his skateboard up at the edge of an obstacle.,396200,396200,A young man balances himself as he tilts his skateboard up at the edge of an obstacle.,0.000097,0
t2i,A young man balances himself as he tilts his skateboard up at the edge of an obstacle.,393115,393115,A young man balances himself as he tilts his skateboard up at the edge of an obstacle.,0.000069,0
t2i,A young man balances himself as he tilts his skateboard up at the edge of an obstacle.,576566,576566,A young man balances himself as he tilts his skateboard up at the edge of an obstacle.,0.002233,0
t2i,A young man balances himself as he tilts his skateboard up at the edge of an obstacle.,481573,481573,A young man balances himself as he tilts his skateboard up at the edge of an obstacle.,0.000370,0
t2i,A young man balances himself as he tilts his skateboard up at the edge of an obstacle.,72281,72281,A young man balances himself as he tilts his skateboard up at the edge of an obstacle.,0.000245,0
t2i,A young man balances himself as he tilts his skateboard up at the edge of an obstacle.,190841,190841,A young man balances himself as he tilts his skateboard up at the edge of an obstacle.,0.000159,0
t2i,A young man balances himself as he tilts his skateboard up at the edge of an obstacle.,424521,424521,A young man balances himself as he tilts his skateboard up at the edge of an obstacle.,0.000269,0
t2i,A young man balances himself as he tilts his skateboard up at the edge of an obstacle.,7977,7977,A young man balances himself as he tilts his skateboard up at the edge of an obstacle.,0.000638,0
t2i,A young man balances himself as he tilts his skateboard up at the edge of an obstacle.,230983,230983,A young man balances himself as he tilts his skateboard up at the edge of an obstacle.,0.000487,0
t2i,A young man balances himself as he tilts his skateboard up at the edge of an obstacle.,161799,161799,A young man balances himself as he tilts his skateboard up at the edge of an obstacle.,0.000334,0
t2i,A young man balances himself as he tilts his skateboard up at the edge of an obstacle.,288862,288862,A young man balances himself as he tilts his skateboard up at the edge of an obstacle.,0.000212,0
t2i,A young man balances himself as he tilts his skateboard up at the edge of an obstacle.,308165,308165,A young man balances himself as he tilts his skateboard up at the edge of an obstacle.,0.002872,0
t2i,A young man balances himself as he tilts his skateboard up at the edge of an obstacle.,256868,256868,A young man balances himself as he tilts his skateboard up at the edge of an obstacle.,0.000037,0
t2i,A young man balances himself as he tilts his skateboard up at the edge of an obstacle.,473118,473118,A young man balances himself as he tilts his skateboard up at the edge of an obstacle.,0.000655,0
t2i,A young man balances himself as he tilts his skateboard up at the edge of an obstacle.,87038,87038,A young man balances himself as he tilts his skateboard up at the edge of an obstacle.,0.000072,0
t2i,A young man balances himself as he tilts his skateboard up at the edge of an obstacle.,532855,532855,A young man balances himself as he tilts his skateboard up at the edge of an obstacle.,0.001618,0
t2i,A young man balances himself as he tilts his skateboard up at the edge of an obstacle.,431848,431848,A young man balances himself as he tilts his skateboard up at the edge of an obstacle.,0.000662,0
t2i,A young man balances himself as he tilts his skateboard up at the edge of an obstacle.,68628,68628,A young man balances himself as he tilts his skateboard up at the edge of an obstacle.,0.032808,0
t2i,A young man balances himself as he tilts his skateboard up at the edge of an obstacle.,448365,448365,A young man balances himself as he tilts his skateboard up at the edge of an obstacle.,0.006471,0
t2i,A young man balances himself as he tilts his skateboard up at the edge of an obstacle.,18519,18519,A young man balances himself as he tilts his skateboard up at the edge of an obstacle.,0.000946,0
t2i,A young man balances himself as he tilts his skateboard up at the edge of an obstacle.,3553,3553,A young man balances himself as he tilts his skateboard up at the edge of an obstacle.,0.000289,0
t2i,A young man balances himself as he tilts his skateboard up at the edge of an obstacle.,31093,31093,A young man balances himself as he tilts his skateboard up at the edge of an obstacle.,0.001603,0
t2i,A young man balances himself as he tilts his skateboard up at the edge of an obstacle.,336209,336209,A young man balances himself as he tilts his skateboard up at the edge of an obstacle.,0.000339,0
t2i,A young man balances himself as he tilts his skateboard up at the edge of an obstacle.,15597,15597,A young man balances himself as he tilts his skateboard up at the edge of an obstacle.,0.000265,0
t2i,A young man balances himself as he tilts his skateboard up at the edge of an obstacle.,443844,443844,A young man balances himself as he tilts his skateboard up at the edge of an obstacle.,0.000218,0
t2i,A young man balances himself as he tilts his skateboard up at the edge of an obstacle.,13546,13546,A young man balances himself as he tilts his skateboard up at the edge of an obstacle.,0.000210,0
t2i,A young man balances himself as he tilts his skateboard up at the edge of an obstacle.,187585,187585,A young man balances himself as he tilts his skateboard up at the edge of an obstacle.,0.000259,0
t2i,A young man balances himself as he tilts his skateboard up at the edge of an obstacle.,194471,194471,A young man balances himself as he tilts his skateboard up at the edge of an obstacle.,0.000470,0
t2i,A young man balances himself as he tilts his skateboard up at the edge of an obstacle.,450559,450559,A young man balances himself as he tilts his skateboard up at the edge of an obstacle.,0.000439,0
t2i,A young man balances himself as he tilts his skateboard up at the edge of an obstacle.,13201,13201,A young man balances himself as he tilts his skateboard up at the edge of an obstacle.,0.000299,0
t2i,A young man balances himself as he tilts his skateboard up at the edge of an obstacle.,438907,438907,A young man balances himself as he tilts his skateboard up at the edge of an obstacle.,0.000061,0
t2i,A young man balances himself as he tilts his skateboard up at the edge of an obstacle.,149375,149375,A young man balances himself as he tilts his skateboard up at the edge of an obstacle.,0.000349,0
t2i,A young man balances himself as he tilts his skateboard up at the edge of an obstacle.,71877,71877,A young man balances himself as he tilts his skateboard up at the edge of an obstacle.,0.000172,0
t2i,A young man balances himself as he tilts his skateboard up at the edge of an obstacle.,132703,132703,A young man balances himself as he tilts his skateboard up at the edge of an obstacle.,0.000346,0
t2i,A young man balances himself as he tilts his skateboard up at the edge of an obstacle.,263068,263068,A young man balances himself as he tilts his skateboard up at the edge of an obstacle.,0.000164,0
t2i,A young man balances himself as he tilts his skateboard up at the edge of an obstacle.,295138,295138,A young man balances himself as he tilts his skateboard up at the edge of an obstacle.,0.000820,0
t2i,A young man balances himself as he tilts his skateboard up at the edge of an obstacle.,327306,327306,A young man balances himself as he tilts his skateboard up at the edge of an obstacle.,0.000268,0
t2i,A young man balances himself as he tilts his skateboard up at the edge of an obstacle.,377635,377635,A young man balances himself as he tilts his skateboard up at the edge of an obstacle.,0.000199,0
t2i,Someone is holding a black plate with two slices of pizza.,312552,312552,Someone is holding a black plate with two slices of pizza.,0.000360,0
t2i,Someone is holding a black plate with two slices of pizza.,58350,58350,Someone is holding a black plate with two slices of pizza.,0.000190,0
t2i,Someone is holding a black plate with two slices of pizza.,353027,353027,Someone is holding a black plate with two slices of pizza.,0.003291,0
t2i,Someone is holding a black plate with two slices of pizza.,554735,554735,Someone is holding a black plate with two slices of pizza.,0.000427,0
t2i,Someone is holding a black plate with two slices of pizza.,164969,164969,Someone is holding a black plate with two slices of pizza.,0.000821,0
t2i,Someone is holding a black plate with two slices of pizza.,334417,334417,Someone is holding a black plate with two slices of pizza.,0.000048,0
t2i,Someone is holding a black plate with two slices of pizza.,173004,173004,Someone is holding a black plate with two slices of pizza.,0.000315,0
t2i,Someone is holding a black plate with two slices of pizza.,351331,351331,Someone is holding a black plate with two slices of pizza.,0.000164,0
t2i,Someone is holding a black plate with two slices of pizza.,296222,296222,Someone is holding a black plate with two slices of pizza.,0.000039,0
t2i,Someone is holding a black plate with two slices of pizza.,451693,451693,Someone is holding a black plate with two slices of pizza.,0.000129,0
t2i,Someone is holding a black plate with two slices of pizza.,294831,294831,Someone is holding a black plate with two slices of pizza.,0.003150,0
t2i,Someone is holding a black plate with two slices of pizza.,324927,324927,Someone is holding a black plate with two slices of pizza.,0.000066,0
t2i,Someone is holding a black plate with two slices of pizza.,127476,127476,Someone is holding a black plate with two slices of pizza.,0.003218,0
t2i,Someone is holding a black plate with two slices of pizza.,189451,189451,Someone is holding a black plate with two slices of pizza.,0.000078,0
t2i,Someone is holding a black plate with two slices of pizza.,197022,197022,Someone is holding a black plate with two slices of pizza.,0.001314,0
t2i,Someone is holding a black plate with two slices of pizza.,172571,172571,Someone is holding a black plate with two slices of pizza.,0.000083,0
t2i,Someone is holding a black plate with two slices of pizza.,513283,513283,Someone is holding a black plate with two slices of pizza.,0.000125,0
t2i,Someone is holding a black plate with two slices of pizza.,232489,232489,Someone is holding a black plate with two slices of pizza.,0.000253,0
t2i,Someone is holding a black plate with two slices of pizza.,27696,27696,Someone is holding a black plate with two slices of pizza.,0.001368,0
t2i,Someone is holding a black plate with two slices of pizza.,84431,84431,Someone is holding a black plate with two slices of pizza.,0.000304,0
t2i,Someone is holding a black plate with two slices of pizza.,307172,307172,Someone is holding a black plate with two slices of pizza.,0.001710,0
t2i,Someone is holding a black plate with two slices of pizza.,378284,378284,Someone is holding a black plate with two slices of pizza.,0.000107,0
t2i,Someone is holding a black plate with two slices of pizza.,565597,565597,Someone is holding a black plate with two slices of pizza.,0.001351,0
t2i,Someone is holding a black plate with two slices of pizza.,240250,240250,Someone is holding a black plate with two slices of pizza.,0.000436,0
t2i,Someone is holding a black plate with two slices of pizza.,336356,336356,Someone is holding a black plate with two slices of pizza.,0.000109,0
t2i,Someone is holding a black plate with two slices of pizza.,292024,292024,Someone is holding a black plate with two slices of pizza.,0.001183,0
t2i,Someone is holding a black plate with two slices of pizza.,382125,382125,Someone is holding a black plate with two slices of pizza.,0.000071,0
t2i,Someone is holding a black plate with two slices of pizza.,425361,425361,Someone is holding a black plate with two slices of pizza.,0.000086,0
t2i,Someone is holding a black plate with two slices of pizza.,163611,163611,Someone is holding a black plate with two slices of pizza.,0.002041,0
t2i,Someone is holding a black plate with two slices of pizza.,206027,206027,Someone is holding a black plate with two slices of pizza.,0.000337,0
t2i,Someone is holding a black plate with two slices of pizza.,174123,174123,Someone is holding a black plate with two slices of pizza.,0.004901,0
t2i,Someone is holding a black plate with two slices of pizza.,329455,329455,Someone is holding a black plate with two slices of pizza.,0.000260,0
t2i,Someone is holding a black plate with two slices of pizza.,160012,160012,Someone is holding a black plate with two slices of pizza.,0.000780,0
t2i,A double decker bus sitting on a green field.,90208,90208,A double decker bus sitting on a green field.,0.000071,0
t2i,A double decker bus sitting on a green field.,128051,128051,A double decker bus sitting on a green field.,0.000294,0
t2i,A double decker bus sitting on a green field.,55167,55167,A double decker bus sitting on a green field.,0.000034,0
t2i,A double decker bus sitting on a green field.,387387,387387,A double decker bus sitting on a green field.,0.000285,0
t2i,A double decker bus sitting on a green field.,394275,394275,A double decker bus sitting on a green field.,0.000099,0
t2i,A double decker bus sitting on a green field.,284725,284725,A double decker bus sitting on a green field.,0.000031,0
t2i,A double decker bus sitting on a green field.,535578,535578,A double decker bus sitting on a green field.,0.000145,0
t2i,A double decker bus sitting on a green field.,171298,171298,A double decker bus sitting on a green field.,0.000051,0
t2i,A double decker bus sitting on a green field.,187144,187144,A double decker bus sitting on a green field.,0.000080,0
t2i,A double decker bus sitting on a green field.,415536,415536,A double decker bus sitting on a green field.,0.000108,0
t2i,A double decker bus sitting on a green field.,392722,392722,A double decker bus sitting on a green field.,0.000057,0
t2i,A double decker bus sitting on a green field.,1584,1584,A double decker bus sitting on a green field.,0.000668,0
t2i,A double decker bus sitting on a green field.,468124,468124,A double decker bus sitting on a green field.,0.000373,0
t2i,A double decker bus sitting on a green field.,359937,359937,A double decker bus sitting on a green field.,0.000080,0
t2i,A double decker bus sitting on a green field.,329614,329614,A double decker bus sitting on a green field.,0.000628,0
t2i,A double decker bus sitting on a green field.,365655,365655,A double decker bus sitting on a green field.,0.000052,0
t2i,A double decker bus sitting on a green field.,530470,530470,A double decker bus sitting on a green field.,0.000042,0
t2i,A double decker bus sitting on a green field.,76416,76416,A double decker bus sitting on a green field.,0.000083,0
t2i,A double decker bus sitting on a green field.,249219,249219,A double decker bus sitting on a green field.,0.000059,0
t2i,A double decker bus sitting on a green field.,509008,509008,A double decker bus sitting on a green field.,0.000205,0
t2i,A double decker bus sitting on a green field.,353180,353180,A double decker bus sitting on a green field.,0.000213,0
t2i,A double decker bus sitting on a green field.,95843,95843,A double decker bus sitting on a green field.,0.000076,0
t2i,A double decker bus sitting on a green field.,211674,211674,A double decker bus sitting on a green field.,0.000074,0
t2i,A double decker bus sitting on a green field.,52007,52007,A double decker bus sitting on a green field.,0.000206,0
t2i,A double decker bus sitting on a green field.,550691,550691,A double decker bus sitting on a green field.,0.000096,0
t2i,A double decker bus sitting on a green field.,531036,531036,A double decker bus sitting on a green field.,0.000045,0
t2i,A double decker bus sitting on a green field.,452321,452321,A double decker bus sitting on a green field.,0.000028,0
t2i,A double decker bus sitting on a green field.,355817,355817,A double decker bus sitting on a green field.,0.000034,0
t2i,A double decker bus sitting on a green field.,534673,534673,A double decker bus sitting on a green field.,0.000068,0
t2i,Three men are skiing down a snow covered hill.,515577,515577,Three men are skiing down a snow covered hill.,0.001226,0
t2i,Three men are skiing down a snow covered hill.,176901,176901,Three men are skiing down a snow covered hill.,0.000222,0
t2i,Three men are skiing down a snow covered hill.,465836,465836,Three men are skiing down a snow covered hill.,0.000429,0
t2i,Three men are skiing down a snow covered hill.,142790,142790,Three men are skiing down a snow covered hill.,0.000397,0
t2i,Three men are skiing down a snow covered hill.,96825,96825,Three men are skiing down a snow covered hill.,0.000689,0
t2i,Three men are skiing down a snow covered hill.,301563,301563,Three men are skiing down a snow covered hill.,0.001746,0
t2i,Three men are skiing down a snow covered hill.,128112,128112,Three men are skiing down a snow covered hill.,0.000356,0
t2i,Three men are skiing down a snow covered hill.,41990,41990,Three men are skiing down a snow covered hill.,0.000885,0
t2i,Three men are skiing down a snow covered hill.,54592,54592,Three men are skiing down a snow covered hill.,0.001927,0
t2i,Three men are skiing down a snow covered hill.,326542,326542,Three men are skiing down a snow covered hill.,0.000726,0
t2i,Three men are skiing down a snow covered hill.,274708,274708,Three men are skiing down a snow covered hill.,0.002732,0
t2i,Three men are skiing down a snow covered hill.,2473,2473,Three men are skiing down a snow covered hill.,0.000305,0
t2i,Three men are skiing down a snow covered hill.,376112,376112,Three men are skiing down a snow covered hill.,0.000408,0
t2i,Three men are skiing down a snow covered hill.,361919,361919,Three men are skiing down a snow covered hill.,0.000311,0
t2i,Three men are skiing down a snow covered hill.,374369,374369,Three men are skiing down a snow covered hill.,0.000339,0
t2i,Three men are skiing down a snow covered hill.,341719,341719,Three men are skiing down a snow covered hill.,0.000088,0
t2i,Three men are skiing down a snow covered hill.,252507,252507,Three men are skiing down a snow covered hill.,0.000466,0
t2i,Three men are skiing down a snow covered hill.,469828,469828,Three men are skiing down a snow covered hill.,0.000405,0
t2i,Three men are skiing down a snow covered hill.,528314,528314,Three men are skiing down a snow covered hill.,0.000080,0
t2i,Three men are skiing down a snow covered hill.,36539,36539,Three men are skiing down a snow covered hill.,0.000745,0
t2i,Three men are skiing down a snow covered hill.,414170,414170,Three men are skiing down a snow covered hill.,0.000754,0
t2i,Three men are skiing down a snow covered hill.,334767,334767,Three men are skiing down a snow covered hill.,0.000087,0
t2i,Three men are skiing down a snow covered hill.,197388,197388,Three men are skiing down a snow covered hill.,0.000109,0
t2i,Three men are skiing down a snow covered hill.,236308,236308,Three men are skiing down a snow covered hill.,0.002774,0
t2i,Three men are skiing down a snow covered hill.,463542,463542,Three men are skiing down a snow covered hill.,0.000836,0
t2i,Three men are skiing down a snow covered hill.,496409,496409,Three men are skiing down a snow covered hill.,0.000380,0
t2i,Three men are skiing down a snow covered hill.,544444,544444,Three men are skiing down a snow covered hill.,0.000893,0
t2i,Three men are skiing down a snow covered hill.,38118,38118,Three men are skiing down a snow covered hill.,0.012755,0
t2i,Three men are skiing down a snow covered hill.,384666,384666,Three men are skiing down a snow covered hill.,0.000857,0
t2i,Three men are skiing down a snow covered hill.,314709,314709,Three men are skiing down a snow covered hill.,0.000559,0
t2i,Three men are skiing down a snow covered hill.,378244,378244,Three men are skiing down a snow covered hill.,0.001370,0
t2i,Three men are skiing down a snow covered hill.,424551,424551,Three men are skiing down a snow covered hill.,0.000102,0
t2i,Three men are skiing down a snow covered hill.,136334,136334,Three men are skiing down a snow covered hill.,0.002844,0
t2i,Three men are skiing down a snow covered hill.,464144,464144,Three men are skiing down a snow covered hill.,0.000706,0
t2i,Three men are skiing down a snow covered hill.,576031,576031,Three men are skiing down a snow covered hill.,0.001739,0
t2i,Three men are skiing down a snow covered hill.,53626,53626,Three men are skiing down a snow covered hill.,0.000283,0
t2i,Three men are skiing down a snow covered hill.,309467,309467,Three men are skiing down a snow covered hill.,0.001554,0
t2i,a party that is full of wine tasters seems pumping.,541773,541773,a party that is full of wine tasters seems pumping.,0.020092,0
t2i,a party that is full of wine tasters seems pumping.,2685,2685,a party that is full of wine tasters seems pumping.,0.012782,0
t2i,a party that is full of wine tasters seems pumping.,171190,171190,a party that is full of wine tasters seems pumping.,0.053064,0
t2i,a party that is full of wine tasters seems pumping.,162092,162092,a party that is full of wine tasters seems pumping.,0.000629,0
t2i,a party that is full of wine tasters seems pumping.,417632,417632,a party that is full of wine tasters seems pumping.,0.004473,0
t2i,a party that is full of wine tasters seems pumping.,32334,32334,a party that is full of wine tasters seems pumping.,0.005781,0
t2i,a party that is full of wine tasters seems pumping.,146155,146155,a party that is full of wine tasters seems pumping.,0.024691,0
t2i,a party that is full of wine tasters seems pumping.,238410,238410,a party that is full of wine tasters seems pumping.,0.077740,0
t2i,a party that is full of wine tasters seems pumping.,244750,244750,a party that is full of wine tasters seems pumping.,0.026377,0
t2i,a party that is full of wine tasters seems pumping.,376322,376322,a party that is full of wine tasters seems pumping.,0.039593,0
t2i,a party that is full of wine tasters seems pumping.,166918,166918,a party that is full of wine tasters seems pumping.,0.008971,0
t2i,a party that is full of wine tasters seems pumping.,498747,498747,a party that is full of wine tasters seems pumping.,0.001969,0
t2i,a party that is full of wine tasters seems pumping.,418062,418062,a party that is full of wine tasters seems pumping.,0.004304,0
t2i,a party that is full of wine tasters seems pumping.,180751,180751,a party that is full of wine tasters seems pumping.,0.010606,0
t2i,a party that is full of wine tasters seems pumping.,213035,213035,a party that is full of wine tasters seems pumping.,0.002317,0
t2i,a party that is full of wine tasters seems pumping.,116208,116208,a party that is full of wine tasters seems pumping.,0.000330,0
t2i,a party that is full of wine tasters seems pumping.,379476,379476,a party that is full of wine tasters seems pumping.,0.079021,0
t2i,a party that is full of wine tasters seems pumping.,442161,442161,a party that is full of wine tasters seems pumping.,0.008803,0
t2i,a party that is full of wine tasters seems pumping.,36494,36494,a party that is full of wine tasters seems pumping.,0.018448,0
t2i,a party that is full of wine tasters seems pumping.,85089,85089,a party that is full of wine tasters seems pumping.,0.064335,0
t2i,a party that is full of wine tasters seems pumping.,25394,25394,a party that is full of wine tasters seems pumping.,0.002338,0
t2i,a party that is full of wine tasters seems pumping.,405691,405691,a party that is full of wine tasters seems pumping.,0.007688,0
t2i,a man holding his cell phone up in a crowd,147729,147729,a man holding his cell phone up in a crowd,0.000385,0
t2i,a man holding his cell phone up in a crowd,326541,326541,a man holding his cell phone up in a crowd,0.000166,0
t2i,a man holding his cell phone up in a crowd,399205,399205,a man holding his cell phone up in a crowd,0.000171,0
t2i,a man holding his cell phone up in a crowd,293200,293200,a man holding his cell phone up in a crowd,0.000059,0
t2i,a man holding his cell phone up in a crowd,498747,498747,a man holding his cell phone up in a crowd,0.000467,0
t2i,a man holding his cell phone up in a crowd,259597,259597,a man holding his cell phone up in a crowd,0.000566,0
t2i,a man holding his cell phone up in a crowd,59044,59044,a man holding his cell phone up in a crowd,0.000316,0
t2i,a man holding his cell phone up in a crowd,553731,553731,a man holding his cell phone up in a crowd,0.000115,0
t2i,a man holding his cell phone up in a crowd,363188,363188,a man holding his cell phone up in a crowd,0.001258,0
t2i,a man holding his cell phone up in a crowd,71938,71938,a man holding his cell phone up in a crowd,0.000193,0
t2i,a man holding his cell phone up in a crowd,213035,213035,a man holding his cell phone up in a crowd,0.000266,0
t2i,a man holding his cell phone up in a crowd,203629,203629,a man holding his cell phone up in a crowd,0.000086,0
t2i,a man holding his cell phone up in a crowd,271116,271116,a man holding his cell phone up in a crowd,0.000032,0
t2i,a man holding his cell phone up in a crowd,6771,6771,a man holding his cell phone up in a crowd,0.000185,0
t2i,a man holding his cell phone up in a crowd,12670,12670,a man holding his cell phone up in a crowd,0.002163,0
t2i,a man holding his cell phone up in a crowd,1296,1296,a man holding his cell phone up in a crowd,0.000317,0
t2i,a man holding his cell phone up in a crowd,186449,186449,a man holding his cell phone up in a crowd,0.001766,0
t2i,a man holding his cell phone up in a crowd,297578,297578,a man holding his cell phone up in a crowd,0.000312,0
t2i,a man holding his cell phone up in a crowd,514508,514508,a man holding his cell phone up in a crowd,0.000155,0
t2i,a man holding his cell phone up in a crowd,151000,151000,a man holding his cell phone up in a crowd,0.000066,0
t2i,a man holding his cell phone up in a crowd,563882,563882,a man holding his cell phone up in a crowd,0.000366,0
t2i,a man holding his cell phone up in a crowd,459272,459272,a man holding his cell phone up in a crowd,0.000063,0
t2i,a man holding his cell phone up in a crowd,506933,506933,a man holding his cell phone up in a crowd,0.000053,0
t2i,a man holding his cell phone up in a crowd,499266,499266,a man holding his cell phone up in a crowd,0.000408,0
t2i,some elephants and one is by some water,245915,245915,some elephants and one is by some water,0.000251,0
t2i,some elephants and one is by some water,286994,286994,some elephants and one is by some water,0.000343,0
t2i,some elephants and one is by some water,383921,383921,some elephants and one is by some water,0.001097,0
t2i,some elephants and one is by some water,391144,391144,some elephants and one is by some water,0.000859,0
t2i,some elephants and one is by some water,119641,119641,some elephants and one is by some water,0.000077,0
t2i,some elephants and one is by some water,414795,414795,some elephants and one is by some water,0.000124,0
t2i,some elephants and one is by some water,433374,433374,some elephants and one is by some water,0.000295,0
t2i,some elephants and one is by some water,126216,126216,some elephants and one is by some water,0.000063,0
t2i,some elephants and one is by some water,210708,210708,some elephants and one is by some water,0.000259,0
t2i,some elephants and one is by some water,474170,474170,some elephants and one is by some water,0.000255,0
t2i,some elephants and one is by some water,435206,435206,some elephants and one is by some water,0.011949,0
t2i,some elephants and one is by some water,440171,440171,some elephants and one is by some water,0.000100,0
t2i,some elephants and one is by some water,346905,346905,some elephants and one is by some water,0.000998,0
t2i,some elephants and one is by some water,53624,53624,some elephants and one is by some water,0.000080,0
t2i,some elephants and one is by some water,562207,562207,some elephants and one is by some water,0.000156,0
t2i,some elephants and one is by some water,7108,7108,some elephants and one is by some water,0.000420,0
t2i,some elephants and one is by some water,368961,368961,some elephants and one is by some water,0.000087,0
t2i,some elephants and one is by some water,535156,535156,some elephants and one is by some water,0.000318,0
t2i,some elephants and one is by some water,201025,201025,some elephants and one is by some water,0.001676,0
t2i,some elephants and one is by some water,270402,270402,some elephants and one is by some water,0.000286,0
t2i,some elephants and one is by some water,259625,259625,some elephants and one is by some water,0.000078,0
t2i,some elephants and one is by some water,162543,162543,some elephants and one is by some water,0.000140,0
t2i,some elephants and one is by some water,389316,389316,some elephants and one is by some water,0.000086,0
t2i,some elephants and one is by some water,556765,556765,some elephants and one is by some water,0.000338,0
t2i,some elephants and one is by some water,475779,475779,some elephants and one is by some water,0.000059,0
t2i,An elephant drinking water while the rest of the herd is walking in dry grass.,286994,286994,An elephant drinking water while the rest of the herd is walking in dry grass.,0.000078,0
t2i,An elephant drinking water while the rest of the herd is walking in dry grass.,267169,267169,An elephant drinking water while the rest of the herd is walking in dry grass.,0.000044,0
t2i,An elephant drinking water while the rest of the herd is walking in dry grass.,53624,53624,An elephant drinking water while the rest of the herd is walking in dry grass.,0.000028,0
t2i,An elephant drinking water while the rest of the herd is walking in dry grass.,379533,379533,An elephant drinking water while the rest of the herd is walking in dry grass.,0.000057,0
t2i,An elephant drinking water while the rest of the herd is walking in dry grass.,157213,157213,An elephant drinking water while the rest of the herd is walking in dry grass.,0.000044,0
t2i,An elephant drinking water while the rest of the herd is walking in dry grass.,314294,314294,An elephant drinking water while the rest of the herd is walking in dry grass.,0.000049,0
t2i,An elephant drinking water while the rest of the herd is walking in dry grass.,383921,383921,An elephant drinking water while the rest of the herd is walking in dry grass.,0.000052,0
t2i,An elephant drinking water while the rest of the herd is walking in dry grass.,391144,391144,An elephant drinking water while the rest of the herd is walking in dry grass.,0.000109,0
t2i,An elephant drinking water while the rest of the herd is walking in dry grass.,486112,486112,An elephant drinking water while the rest of the herd is walking in dry grass.,0.000047,0
t2i,An elephant drinking water while the rest of the herd is walking in dry grass.,259625,259625,An elephant drinking water while the rest of the herd is walking in dry grass.,0.000030,0
t2i,An elephant drinking water while the rest of the herd is walking in dry grass.,7108,7108,An elephant drinking water while the rest of the herd is walking in dry grass.,0.000070,0
t2i,An elephant drinking water while the rest of the herd is walking in dry grass.,237864,237864,An elephant drinking water while the rest of the herd is walking in dry grass.,0.000064,0
t2i,An elephant drinking water while the rest of the herd is walking in dry grass.,562121,562121,An elephant drinking water while the rest of the herd is walking in dry grass.,0.000067,0
t2i,An elephant drinking water while the rest of the herd is walking in dry grass.,346905,346905,An elephant drinking water while the rest of the herd is walking in dry grass.,0.000176,0
t2i,An elephant drinking water while the rest of the herd is walking in dry grass.,110211,110211,An elephant drinking water while the rest of the herd is walking in dry grass.,0.000040,0
t2i,An elephant drinking water while the rest of the herd is walking in dry grass.,572408,572408,An elephant drinking water while the rest of the herd is walking in dry grass.,0.000056,0
t2i,An elephant drinking water while the rest of the herd is walking in dry grass.,435206,435206,An elephant drinking water while the rest of the herd is walking in dry grass.,0.000280,0
t2i,An elephant drinking water while the rest of the herd is walking in dry grass.,167128,167128,An elephant drinking water while the rest of the herd is walking in dry grass.,0.000106,0
t2i,An elephant drinking water while the rest of the herd is walking in dry grass.,201025,201025,An elephant drinking water while the rest of the herd is walking in dry grass.,0.000097,0
t2i,An elephant drinking water while the rest of the herd is walking in dry grass.,535156,535156,An elephant drinking water while the rest of the herd is walking in dry grass.,0.000256,0
t2i,An elephant drinking water while the rest of the herd is walking in dry grass.,564133,564133,An elephant drinking water while the rest of the herd is walking in dry grass.,0.000053,0
t2i,An elephant drinking water while the rest of the herd is walking in dry grass.,28449,28449,An elephant drinking water while the rest of the herd is walking in dry grass.,0.000073,0
t2i,An elephant drinking water while the rest of the herd is walking in dry grass.,493284,493284,An elephant drinking water while the rest of the herd is walking in dry grass.,0.000206,0
t2i,An elephant drinking water while the rest of the herd is walking in dry grass.,514979,514979,An elephant drinking water while the rest of the herd is walking in dry grass.,0.000084,0
t2i,An elephant drinking water while the rest of the herd is walking in dry grass.,162543,162543,An elephant drinking water while the rest of the herd is walking in dry grass.,0.000042,0
t2i,An elephant drinking water while the rest of the herd is walking in dry grass.,433374,433374,An elephant drinking water while the rest of the herd is walking in dry grass.,0.000081,0
t2i,An elephant drinking water while the rest of the herd is walking in dry grass.,126216,126216,An elephant drinking water while the rest of the herd is walking in dry grass.,0.000032,0
t2i,An elephant drinking water while the rest of the herd is walking in dry grass.,245915,245915,An elephant drinking water while the rest of the herd is walking in dry grass.,0.000064,0
t2i,An elephant drinking water while the rest of the herd is walking in dry grass.,97230,97230,An elephant drinking water while the rest of the herd is walking in dry grass.,0.000037,0
t2i,An elephant drinking water while the rest of the herd is walking in dry grass.,474170,474170,An elephant drinking water while the rest of the herd is walking in dry grass.,0.000091,0
t2i,An elephant drinking water while the rest of the herd is walking in dry grass.,155571,155571,An elephant drinking water while the rest of the herd is walking in dry grass.,0.000060,0
t2i,An elephant drinking water while the rest of the herd is walking in dry grass.,94852,94852,An elephant drinking water while the rest of the herd is walking in dry grass.,0.000055,0
t2i,"A big bed sits in a living area with a ceiling fan, dresser, television set and wastepaper basket.",442323,442323,"A big bed sits in a living area with a ceiling fan, dresser, television set and wastepaper basket.",0.000241,0
t2i,"A big bed sits in a living area with a ceiling fan, dresser, television set and wastepaper basket.",51738,51738,"A big bed sits in a living area with a ceiling fan, dresser, television set and wastepaper basket.",0.000138,0
t2i,"A big bed sits in a living area with a ceiling fan, dresser, television set and wastepaper basket.",460333,460333,"A big bed sits in a living area with a ceiling fan, dresser, television set and wastepaper basket.",0.000040,0
t2i,"A big bed sits in a living area with a ceiling fan, dresser, television set and wastepaper basket.",491497,491497,"A big bed sits in a living area with a ceiling fan, dresser, television set and wastepaper basket.",0.000059,0
t2i,"A big bed sits in a living area with a ceiling fan, dresser, television set and wastepaper basket.",39477,39477,"A big bed sits in a living area with a ceiling fan, dresser, television set and wastepaper basket.",0.000032,0
t2i,"A big bed sits in a living area with a ceiling fan, dresser, television set and wastepaper basket.",190648,190648,"A big bed sits in a living area with a ceiling fan, dresser, television set and wastepaper basket.",0.000176,0
t2i,"A big bed sits in a living area with a ceiling fan, dresser, television set and wastepaper basket.",483531,483531,"A big bed sits in a living area with a ceiling fan, dresser, television set and wastepaper basket.",0.000026,0
t2i,"A big bed sits in a living area with a ceiling fan, dresser, television set and wastepaper basket.",24610,24610,"A big bed sits in a living area with a ceiling fan, dresser, television set and wastepaper basket.",0.000037,0
t2i,"A big bed sits in a living area with a ceiling fan, dresser, television set and wastepaper basket.",65074,65074,"A big bed sits in a living area with a ceiling fan, dresser, television set and wastepaper basket.",0.000737,0
t2i,"A big bed sits in a living area with a ceiling fan, dresser, television set and wastepaper basket.",66523,66523,"A big bed sits in a living area with a ceiling fan, dresser, television set and wastepaper basket.",0.000049,0
t2i,"A big bed sits in a living area with a ceiling fan, dresser, television set and wastepaper basket.",450488,450488,"A big bed sits in a living area with a ceiling fan, dresser, television set and wastepaper basket.",0.000126,0
t2i,"A big bed sits in a living area with a ceiling fan, dresser, television set and wastepaper basket.",464358,464358,"A big bed sits in a living area with a ceiling fan, dresser, television set and wastepaper basket.",0.000107,0
t2i,"A big bed sits in a living area with a ceiling fan, dresser, television set and wastepaper basket.",39956,39956,"A big bed sits in a living area with a ceiling fan, dresser, television set and wastepaper basket.",0.000215,0
t2i,"A big bed sits in a living area with a ceiling fan, dresser, television set and wastepaper basket.",579970,579970,"A big bed sits in a living area with a ceiling fan, dresser, television set and wastepaper basket.",0.000092,0
t2i,"A big bed sits in a living area with a ceiling fan, dresser, television set and wastepaper basket.",571313,571313,"A big bed sits in a living area with a ceiling fan, dresser, television set and wastepaper basket.",0.000091,0
t2i,"A big bed sits in a living area with a ceiling fan, dresser, television set and wastepaper basket.",468245,468245,"A big bed sits in a living area with a ceiling fan, dresser, television set and wastepaper basket.",0.000075,0
t2i,"A big bed sits in a living area with a ceiling fan, dresser, television set and wastepaper basket.",368900,368900,"A big bed sits in a living area with a ceiling fan, dresser, television set and wastepaper basket.",0.000152,0
t2i,"A big bed sits in a living area with a ceiling fan, dresser, television set and wastepaper basket.",273420,273420,"A big bed sits in a living area with a ceiling fan, dresser, television set and wastepaper basket.",0.000045,0
t2i,"A big bed sits in a living area with a ceiling fan, dresser, television set and wastepaper basket.",10092,10092,"A big bed sits in a living area with a ceiling fan, dresser, television set and wastepaper basket.",0.000040,0
t2i,"A big bed sits in a living area with a ceiling fan, dresser, television set and wastepaper basket.",319935,319935,"A big bed sits in a living area with a ceiling fan, dresser, television set and wastepaper basket.",0.000041,0
t2i,"A big bed sits in a living area with a ceiling fan, dresser, television set and wastepaper basket.",226592,226592,"A big bed sits in a living area with a ceiling fan, dresser, television set and wastepaper basket.",0.000321,0
t2i,"A big bed sits in a living area with a ceiling fan, dresser, television set and wastepaper basket.",497628,497628,"A big bed sits in a living area with a ceiling fan, dresser, television set and wastepaper basket.",0.000132,0
t2i,"A big bed sits in a living area with a ceiling fan, dresser, television set and wastepaper basket.",294783,294783,"A big bed sits in a living area with a ceiling fan, dresser, television set and wastepaper basket.",0.000084,0
t2i,"A big bed sits in a living area with a ceiling fan, dresser, television set and wastepaper basket.",159458,159458,"A big bed sits in a living area with a ceiling fan, dresser, television set and wastepaper basket.",0.000095,0
t2i,"A big bed sits in a living area with a ceiling fan, dresser, television set and wastepaper basket.",116479,116479,"A big bed sits in a living area with a ceiling fan, dresser, television set and wastepaper basket.",0.000049,0
t2i,"A big bed sits in a living area with a ceiling fan, dresser, television set and wastepaper basket.",540962,540962,"A big bed sits in a living area with a ceiling fan, dresser, television set and wastepaper basket.",0.000074,0
t2i,"A big bed sits in a living area with a ceiling fan, dresser, television set and wastepaper basket.",36844,36844,"A big bed sits in a living area with a ceiling fan, dresser, television set and wastepaper basket.",0.000065,0
t2i,"A big bed sits in a living area with a ceiling fan, dresser, television set and wastepaper basket.",385997,385997,"A big bed sits in a living area with a ceiling fan, dresser, television set and wastepaper basket.",0.000269,0
t2i,"A big bed sits in a living area with a ceiling fan, dresser, television set and wastepaper basket.",554266,554266,"A big bed sits in a living area with a ceiling fan, dresser, television set and wastepaper basket.",0.001329,0
t2i,"A big bed sits in a living area with a ceiling fan, dresser, television set and wastepaper basket.",166166,166166,"A big bed sits in a living area with a ceiling fan, dresser, television set and wastepaper basket.",0.000206,0
t2i,"A big bed sits in a living area with a ceiling fan, dresser, television set and wastepaper basket.",483050,483050,"A big bed sits in a living area with a ceiling fan, dresser, television set and wastepaper basket.",0.000337,0
t2i,"A big bed sits in a living area with a ceiling fan, dresser, television set and wastepaper basket.",213422,213422,"A big bed sits in a living area with a ceiling fan, dresser, television set and wastepaper basket.",0.000058,0
t2i,"A big bed sits in a living area with a ceiling fan, dresser, television set and wastepaper basket.",68286,68286,"A big bed sits in a living area with a ceiling fan, dresser, television set and wastepaper basket.",0.000045,0
t2i,"A big bed sits in a living area with a ceiling fan, dresser, television set and wastepaper basket.",415741,415741,"A big bed sits in a living area with a ceiling fan, dresser, television set and wastepaper basket.",0.000068,0
t2i,"A big bed sits in a living area with a ceiling fan, dresser, television set and wastepaper basket.",632,632,"A big bed sits in a living area with a ceiling fan, dresser, television set and wastepaper basket.",0.000081,0
t2i,"A big bed sits in a living area with a ceiling fan, dresser, television set and wastepaper basket.",7795,7795,"A big bed sits in a living area with a ceiling fan, dresser, television set and wastepaper basket.",0.000034,0
t2i,"A big bed sits in a living area with a ceiling fan, dresser, television set and wastepaper basket.",41872,41872,"A big bed sits in a living area with a ceiling fan, dresser, television set and wastepaper basket.",0.000070,0
t2i,"A big bed sits in a living area with a ceiling fan, dresser, television set and wastepaper basket.",232088,232088,"A big bed sits in a living area with a ceiling fan, dresser, television set and wastepaper basket.",0.000083,0
t2i,A red stop sign sitting on the floor next to a wall.,523194,523194,A red stop sign sitting on the floor next to a wall.,0.001063,0
t2i,A red stop sign sitting on the floor next to a wall.,309173,309173,A red stop sign sitting on the floor next to a wall.,0.000283,0
t2i,A red stop sign sitting on the floor next to a wall.,11122,11122,A red stop sign sitting on the floor next to a wall.,0.000073,0
t2i,A red stop sign sitting on the floor next to a wall.,414133,414133,A red stop sign sitting on the floor next to a wall.,0.000063,0
t2i,A red stop sign sitting on the floor next to a wall.,724,724,A red stop sign sitting on the floor next to a wall.,0.000346,0
t2i,A red stop sign sitting on the floor next to a wall.,91619,91619,A red stop sign sitting on the floor next to a wall.,0.000955,0
t2i,A red stop sign sitting on the floor next to a wall.,297343,297343,A red stop sign sitting on the floor next to a wall.,0.006763,0
t2i,A red stop sign sitting on the floor next to a wall.,505942,505942,A red stop sign sitting on the floor next to a wall.,0.000025,0
t2i,A red stop sign sitting on the floor next to a wall.,522940,522940,A red stop sign sitting on the floor next to a wall.,0.000230,0
t2i,A red stop sign sitting on the floor next to a wall.,192716,192716,A red stop sign sitting on the floor next to a wall.,0.000583,0
t2i,A red stop sign sitting on the floor next to a wall.,193884,193884,A red stop sign sitting on the floor next to a wall.,0.000107,0
t2i,A red stop sign sitting on the floor next to a wall.,456292,456292,A red stop sign sitting on the floor next to a wall.,0.000041,0
t2i,A red stop sign sitting on the floor next to a wall.,263796,263796,A red stop sign sitting on the floor next to a wall.,0.000026,0
t2i,A red stop sign sitting on the floor next to a wall.,366178,366178,A red stop sign sitting on the floor next to a wall.,0.000036,0
t2i,A red stop sign sitting on the floor next to a wall.,170545,170545,A red stop sign sitting on the floor next to a wall.,0.000108,0
t2i,A red stop sign sitting on the floor next to a wall.,278705,278705,A red stop sign sitting on the floor next to a wall.,0.000032,0
t2i,A red stop sign sitting on the floor next to a wall.,251065,251065,A red stop sign sitting on the floor next to a wall.,0.000041,0
t2i,A red stop sign sitting on the floor next to a wall.,245102,245102,A red stop sign sitting on the floor next to a wall.,0.000047,0
t2i,A red stop sign sitting on the floor next to a wall.,283038,283038,A red stop sign sitting on the floor next to a wall.,0.000501,0
t2i,A red stop sign sitting on the floor next to a wall.,15440,15440,A red stop sign sitting on the floor next to a wall.,0.000453,0
t2i,A red stop sign sitting on the floor next to a wall.,252332,252332,A red stop sign sitting on the floor next to a wall.,0.000489,0
t2i,A red stop sign sitting on the floor next to a wall.,528977,528977,A red stop sign sitting on the floor next to a wall.,0.000049,0
t2i,A red stop sign sitting on the floor next to a wall.,79408,79408,A red stop sign sitting on the floor next to a wall.,0.000607,0
t2i,A red stop sign sitting on the floor next to a wall.,214200,214200,A red stop sign sitting on the floor next to a wall.,0.000233,0
t2i,A red stop sign sitting on the floor next to a wall.,347163,347163,A red stop sign sitting on the floor next to a wall.,0.000150,0
t2i,A red stop sign sitting on the floor next to a wall.,191471,191471,A red stop sign sitting on the floor next to a wall.,0.000285,0
t2i,A red stop sign sitting on the floor next to a wall.,336587,336587,A red stop sign sitting on the floor next to a wall.,0.000068,0
t2i,A red stop sign sitting on the floor next to a wall.,571008,571008,A red stop sign sitting on the floor next to a wall.,0.000673,0
t2i,a child blows out the candles on a birthday cake.,405249,405249,a child blows out the candles on a birthday cake.,0.000081,0
t2i,a child blows out the candles on a birthday cake.,180101,180101,a child blows out the candles on a birthday cake.,0.000137,0
t2i,a child blows out the candles on a birthday cake.,117425,117425,a child blows out the candles on a birthday cake.,0.000051,0
t2i,a child blows out the candles on a birthday cake.,211825,211825,a child blows out the candles on a birthday cake.,0.000062,0
t2i,a child blows out the candles on a birthday cake.,374083,374083,a child blows out the candles on a birthday cake.,0.000060,0
t2i,a child blows out the candles on a birthday cake.,231879,231879,a child blows out the candles on a birthday cake.,0.000475,0
t2i,a child blows out the candles on a birthday cake.,81738,81738,a child blows out the candles on a birthday cake.,0.000028,0
t2i,a child blows out the candles on a birthday cake.,25096,25096,a child blows out the candles on a birthday cake.,0.000046,0
t2i,a child blows out the candles on a birthday cake.,321214,321214,a child blows out the candles on a birthday cake.,0.000133,0
t2i,a child blows out the candles on a birthday cake.,570471,570471,a child blows out the candles on a birthday cake.,0.000033,0
t2i,a child blows out the candles on a birthday cake.,345361,345361,a child blows out the candles on a birthday cake.,0.000129,0
t2i,a child blows out the candles on a birthday cake.,261116,261116,a child blows out the candles on a birthday cake.,0.000065,0
t2i,a child blows out the candles on a birthday cake.,346703,346703,a child blows out the candles on a birthday cake.,0.000110,0
t2i,a child blows out the candles on a birthday cake.,180560,180560,a child blows out the candles on a birthday cake.,0.000448,0
t2i,a child blows out the candles on a birthday cake.,334483,334483,a child blows out the candles on a birthday cake.,0.000080,0
t2i,a child blows out the candles on a birthday cake.,420840,420840,a child blows out the candles on a birthday cake.,0.000087,0
t2i,a child blows out the candles on a birthday cake.,102820,102820,a child blows out the candles on a birthday cake.,0.000175,0
t2i,a child blows out the candles on a birthday cake.,394940,394940,a child blows out the candles on a birthday cake.,0.001355,0
t2i,a child blows out the candles on a birthday cake.,368752,368752,a child blows out the candles on a birthday cake.,0.000450,0
t2i,a child blows out the candles on a birthday cake.,462371,462371,a child blows out the candles on a birthday cake.,0.001300,0
t2i,a child blows out the candles on a birthday cake.,206579,206579,a child blows out the candles on a birthday cake.,0.000094,0
t2i,a child blows out the candles on a birthday cake.,391722,391722,a child blows out the candles on a birthday cake.,0.000098,0
t2i,A number zebras grazing in the woods.,493019,493019,A number zebras grazing in the woods.,0.000075,0
t2i,A number zebras grazing in the woods.,68933,68933,A number zebras grazing in the woods.,0.000490,0
t2i,A number zebras grazing in the woods.,85823,85823,A number zebras grazing in the woods.,0.000103,0
t2i,A number zebras grazing in the woods.,447313,447313,A number zebras grazing in the woods.,0.000177,0
t2i,A number zebras grazing in the woods.,113354,113354,A number zebras grazing in the woods.,0.000301,0
t2i,A number zebras grazing in the woods.,378453,378453,A number zebras grazing in the woods.,0.000548,0
t2i,A number zebras grazing in the woods.,38825,38825,A number zebras grazing in the woods.,0.000104,0
t2i,A number zebras grazing in the woods.,116589,116589,A number zebras grazing in the woods.,0.000179,0
t2i,A number zebras grazing in the woods.,552902,552902,A number zebras grazing in the woods.,0.000082,0
t2i,A number zebras grazing in the woods.,60770,60770,A number zebras grazing in the woods.,0.000308,0
t2i,A number zebras grazing in the woods.,201676,201676,A number zebras grazing in the woods.,0.000054,0
t2i,A number zebras grazing in the woods.,484296,484296,A number zebras grazing in the woods.,0.000375,0
t2i,A number zebras grazing in the woods.,562121,562121,A number zebras grazing in the woods.,0.000190,0
t2i,A number zebras grazing in the woods.,110211,110211,A number zebras grazing in the woods.,0.000132,0
t2i,A number zebras grazing in the woods.,504635,504635,A number zebras grazing in the woods.,0.000101,0
t2i,A number zebras grazing in the woods.,545730,545730,A number zebras grazing in the woods.,0.000063,0
t2i,A number zebras grazing in the woods.,215245,215245,A number zebras grazing in the woods.,0.000097,0
t2i,A number zebras grazing in the woods.,268729,268729,A number zebras grazing in the woods.,0.000046,0
t2i,A number zebras grazing in the woods.,250758,250758,A number zebras grazing in the woods.,0.000184,0
t2i,A number zebras grazing in the woods.,464872,464872,A number zebras grazing in the woods.,0.000345,0
t2i,A number zebras grazing in the woods.,504439,504439,A number zebras grazing in the woods.,0.001660,0
t2i,A number zebras grazing in the woods.,159311,159311,A number zebras grazing in the woods.,0.000181,0
t2i,A number zebras grazing in the woods.,54123,54123,A number zebras grazing in the woods.,0.000202,0
t2i,A number zebras grazing in the woods.,305695,305695,A number zebras grazing in the woods.,0.000064,0
t2i,A number zebras grazing in the woods.,20059,20059,A number zebras grazing in the woods.,0.000073,0
t2i,A number zebras grazing in the woods.,473974,473974,A number zebras grazing in the woods.,0.000173,0
t2i,A number zebras grazing in the woods.,31269,31269,A number zebras grazing in the woods.,0.000110,0
t2i,A number zebras grazing in the woods.,516316,516316,A number zebras grazing in the woods.,0.000067,0
t2i,A number zebras grazing in the woods.,508586,508586,A number zebras grazing in the woods.,0.000234,0
t2i,A number zebras grazing in the woods.,298251,298251,A number zebras grazing in the woods.,0.000083,0
t2i,A number zebras grazing in the woods.,91921,91921,A number zebras grazing in the woods.,0.000060,0
t2i,A number zebras grazing in the woods.,11760,11760,A number zebras grazing in the woods.,0.000231,0
t2i,A broken telephone pole in a neighborhood with a stop sign attached to it.,336587,336587,A broken telephone pole in a neighborhood with a stop sign attached to it.,0.000052,0
t2i,A broken telephone pole in a neighborhood with a stop sign attached to it.,484029,484029,A broken telephone pole in a neighborhood with a stop sign attached to it.,0.000042,0
t2i,A broken telephone pole in a neighborhood with a stop sign attached to it.,565153,565153,A broken telephone pole in a neighborhood with a stop sign attached to it.,0.000051,0
t2i,A broken telephone pole in a neighborhood with a stop sign attached to it.,192716,192716,A broken telephone pole in a neighborhood with a stop sign attached to it.,0.000348,0
t2i,A broken telephone pole in a neighborhood with a stop sign attached to it.,414133,414133,A broken telephone pole in a neighborhood with a stop sign attached to it.,0.000029,0
t2i,A broken telephone pole in a neighborhood with a stop sign attached to it.,273617,273617,A broken telephone pole in a neighborhood with a stop sign attached to it.,0.000066,0
t2i,A broken telephone pole in a neighborhood with a stop sign attached to it.,15440,15440,A broken telephone pole in a neighborhood with a stop sign attached to it.,0.000057,0
t2i,A broken telephone pole in a neighborhood with a stop sign attached to it.,11122,11122,A broken telephone pole in a neighborhood with a stop sign attached to it.,0.000023,0
t2i,A broken telephone pole in a neighborhood with a stop sign attached to it.,91619,91619,A broken telephone pole in a neighborhood with a stop sign attached to it.,0.000109,0
t2i,A broken telephone pole in a neighborhood with a stop sign attached to it.,222094,222094,A broken telephone pole in a neighborhood with a stop sign attached to it.,0.000058,0
t2i,A broken telephone pole in a neighborhood with a stop sign attached to it.,32941,32941,A broken telephone pole in a neighborhood with a stop sign attached to it.,0.000023,0
t2i,A broken telephone pole in a neighborhood with a stop sign attached to it.,42888,42888,A broken telephone pole in a neighborhood with a stop sign attached to it.,0.000036,0
t2i,A broken telephone pole in a neighborhood with a stop sign attached to it.,172856,172856,A broken telephone pole in a neighborhood with a stop sign attached to it.,0.000032,0
t2i,A broken telephone pole in a neighborhood with a stop sign attached to it.,176701,176701,A broken telephone pole in a neighborhood with a stop sign attached to it.,0.000027,0
t2i,A broken telephone pole in a neighborhood with a stop sign attached to it.,236845,236845,A broken telephone pole in a neighborhood with a stop sign attached to it.,0.000036,0
t2i,A broken telephone pole in a neighborhood with a stop sign attached to it.,347163,347163,A broken telephone pole in a neighborhood with a stop sign attached to it.,0.000046,0
t2i,A broken telephone pole in a neighborhood with a stop sign attached to it.,460229,460229,A broken telephone pole in a neighborhood with a stop sign attached to it.,0.000070,0
t2i,A broken telephone pole in a neighborhood with a stop sign attached to it.,95899,95899,A broken telephone pole in a neighborhood with a stop sign attached to it.,0.000109,0
t2i,A broken telephone pole in a neighborhood with a stop sign attached to it.,289594,289594,A broken telephone pole in a neighborhood with a stop sign attached to it.,0.000259,0
t2i,A broken telephone pole in a neighborhood with a stop sign attached to it.,522940,522940,A broken telephone pole in a neighborhood with a stop sign attached to it.,0.000068,0
t2i,A broken telephone pole in a neighborhood with a stop sign attached to it.,724,724,A broken telephone pole in a neighborhood with a stop sign attached to it.,0.000064,0
t2i,A broken telephone pole in a neighborhood with a stop sign attached to it.,579893,579893,A broken telephone pole in a neighborhood with a stop sign attached to it.,0.000049,0
t2i,A broken telephone pole in a neighborhood with a stop sign attached to it.,343496,343496,A broken telephone pole in a neighborhood with a stop sign attached to it.,0.000022,0
t2i,A broken telephone pole in a neighborhood with a stop sign attached to it.,297343,297343,A broken telephone pole in a neighborhood with a stop sign attached to it.,0.000111,0
t2i,A broken telephone pole in a neighborhood with a stop sign attached to it.,183246,183246,A broken telephone pole in a neighborhood with a stop sign attached to it.,0.000026,0
t2i,A broken telephone pole in a neighborhood with a stop sign attached to it.,269682,269682,A broken telephone pole in a neighborhood with a stop sign attached to it.,0.000055,0
t2i,A broken telephone pole in a neighborhood with a stop sign attached to it.,283038,283038,A broken telephone pole in a neighborhood with a stop sign attached to it.,0.000048,0
t2i,A broken telephone pole in a neighborhood with a stop sign attached to it.,338718,338718,A broken telephone pole in a neighborhood with a stop sign attached to it.,0.000090,0
t2i,A broken telephone pole in a neighborhood with a stop sign attached to it.,523241,523241,A broken telephone pole in a neighborhood with a stop sign attached to it.,0.000044,0
t2i,A sculpture of a toilet made from woven wood.,437392,437392,A sculpture of a toilet made from woven wood.,0.000074,0
t2i,A sculpture of a toilet made from woven wood.,551304,551304,A sculpture of a toilet made from woven wood.,0.000069,0
t2i,A sculpture of a toilet made from woven wood.,263474,263474,A sculpture of a toilet made from woven wood.,0.000033,0
t2i,A sculpture of a toilet made from woven wood.,323202,323202,A sculpture of a toilet made from woven wood.,0.000066,0
t2i,A sculpture of a toilet made from woven wood.,564127,564127,A sculpture of a toilet made from woven wood.,0.000065,0
t2i,A sculpture of a toilet made from woven wood.,89761,89761,A sculpture of a toilet made from woven wood.,0.000147,0
t2i,A sculpture of a toilet made from woven wood.,55002,55002,A sculpture of a toilet made from woven wood.,0.000038,0
t2i,A sculpture of a toilet made from woven wood.,455981,455981,A sculpture of a toilet made from woven wood.,0.000165,0
t2i,A sculpture of a toilet made from woven wood.,234413,234413,A sculpture of a toilet made from woven wood.,0.000226,0
t2i,A sculpture of a toilet made from woven wood.,537812,537812,A sculpture of a toilet made from woven wood.,0.000154,0
t2i,A sculpture of a toilet made from woven wood.,172083,172083,A sculpture of a toilet made from woven wood.,0.000047,0
t2i,A sculpture of a toilet made from woven wood.,35770,35770,A sculpture of a toilet made from woven wood.,0.000063,0
t2i,A sculpture of a toilet made from woven wood.,482100,482100,A sculpture of a toilet made from woven wood.,0.000087,0
t2i,A sculpture of a toilet made from woven wood.,129322,129322,A sculpture of a toilet made from woven wood.,0.000064,0
t2i,A sculpture of a toilet made from woven wood.,269932,269932,A sculpture of a toilet made from woven wood.,0.000458,0
t2i,A sculpture of a toilet made from woven wood.,189436,189436,A sculpture of a toilet made from woven wood.,0.000269,0
t2i,A sculpture of a toilet made from woven wood.,365387,365387,A sculpture of a toilet made from woven wood.,0.000058,0
t2i,A sculpture of a toilet made from woven wood.,21465,21465,A sculpture of a toilet made from woven wood.,0.000021,0
t2i,A sculpture of a toilet made from woven wood.,57232,57232,A sculpture of a toilet made from woven wood.,0.001162,0
t2i,A sculpture of a toilet made from woven wood.,352584,352584,A sculpture of a toilet made from woven wood.,0.000137,0
t2i,A sculpture of a toilet made from woven wood.,288062,288062,A sculpture of a toilet made from woven wood.,0.000413,0
t2i,A sculpture of a toilet made from woven wood.,371529,371529,A sculpture of a toilet made from woven wood.,0.000086,0
t2i,A sculpture of a toilet made from woven wood.,163951,163951,A sculpture of a toilet made from woven wood.,0.004830,0
t2i,A sculpture of a toilet made from woven wood.,331352,331352,A sculpture of a toilet made from woven wood.,0.001978,0
t2i,A sculpture of a toilet made from woven wood.,205542,205542,A sculpture of a toilet made from woven wood.,0.000069,0
t2i,A sculpture of a toilet made from woven wood.,110042,110042,A sculpture of a toilet made from woven wood.,0.000056,0
t2i,A sculpture of a toilet made from woven wood.,117914,117914,A sculpture of a toilet made from woven wood.,0.000282,0
t2i,A sculpture of a toilet made from woven wood.,267903,267903,A sculpture of a toilet made from woven wood.,0.000042,0
t2i,A sculpture of a toilet made from woven wood.,263796,263796,A sculpture of a toilet made from woven wood.,0.000030,0
t2i,A sculpture of a toilet made from woven wood.,27982,27982,A sculpture of a toilet made from woven wood.,0.000041,0
t2i,A sculpture of a toilet made from woven wood.,23666,23666,A sculpture of a toilet made from woven wood.,0.000034,0
t2i,A sculpture of a toilet made from woven wood.,348216,348216,A sculpture of a toilet made from woven wood.,0.000029,0
t2i,A sculpture of a toilet made from woven wood.,6818,6818,A sculpture of a toilet made from woven wood.,0.000028,0
t2i,A sculpture of a toilet made from woven wood.,458054,458054,A sculpture of a toilet made from woven wood.,0.000236,0
t2i,A sculpture of a toilet made from woven wood.,342295,342295,A sculpture of a toilet made from woven wood.,0.000106,0
t2i,A sculpture of a toilet made from woven wood.,38070,38070,A sculpture of a toilet made from woven wood.,0.000025,0
t2i,A sculpture of a toilet made from woven wood.,212453,212453,A sculpture of a toilet made from woven wood.,0.000053,0
t2i,A group of people in a field with various kites in the sky.,193245,193245,A group of people in a field with various kites in the sky.,0.000489,0
t2i,A group of people in a field with various kites in the sky.,140840,140840,A group of people in a field with various kites in the sky.,0.000599,0
t2i,A group of people in a field with various kites in the sky.,163057,163057,A group of people in a field with various kites in the sky.,0.000059,0
t2i,A group of people in a field with various kites in the sky.,299553,299553,A group of people in a field with various kites in the sky.,0.000132,0
t2i,A group of people in a field with various kites in the sky.,527528,527528,A group of people in a field with various kites in the sky.,0.000109,0
t2i,A group of people in a field with various kites in the sky.,67406,67406,A group of people in a field with various kites in the sky.,0.000072,0
t2i,A group of people in a field with various kites in the sky.,538067,538067,A group of people in a field with various kites in the sky.,0.000038,0
t2i,A group of people in a field with various kites in the sky.,432898,432898,A group of people in a field with various kites in the sky.,0.000069,0
t2i,A group of people in a field with various kites in the sky.,447314,447314,A group of people in a field with various kites in the sky.,0.000056,0
t2i,A group of people in a field with various kites in the sky.,570756,570756,A group of people in a field with various kites in the sky.,0.000101,0
t2i,A group of people in a field with various kites in the sky.,305317,305317,A group of people in a field with various kites in the sky.,0.000431,0
t2i,A group of people in a field with various kites in the sky.,77460,77460,A group of people in a field with various kites in the sky.,0.000761,0
t2i,A group of people in a field with various kites in the sky.,433515,433515,A group of people in a field with various kites in the sky.,0.000037,0
t2i,A group of people in a field with various kites in the sky.,361730,361730,A group of people in a field with various kites in the sky.,0.000088,0
t2i,A group of people in a field with various kites in the sky.,236599,236599,A group of people in a field with various kites in the sky.,0.000066,0
t2i,A group of people in a field with various kites in the sky.,159399,159399,A group of people in a field with various kites in the sky.,0.000049,0
t2i,A group of people in a field with various kites in the sky.,336265,336265,A group of people in a field with various kites in the sky.,0.000044,0
t2i,A group of people in a field with various kites in the sky.,163117,163117,A group of people in a field with various kites in the sky.,0.001254,0
t2i,A group of people in a field with various kites in the sky.,469192,469192,A group of people in a field with various kites in the sky.,0.000329,0
t2i,A group of people in a field with various kites in the sky.,17959,17959,A group of people in a field with various kites in the sky.,0.000041,0
t2i,A group of people in a field with various kites in the sky.,570688,570688,A group of people in a field with various kites in the sky.,0.000138,0
t2i,A group of people in a field with various kites in the sky.,14439,14439,A group of people in a field with various kites in the sky.,0.000032,0
t2i,A group of people in a field with various kites in the sky.,405279,405279,A group of people in a field with various kites in the sky.,0.000087,0
t2i,This is a picture of four stuffed animals.,207585,207585,This is a picture of four stuffed animals.,0.000169,0
t2i,This is a picture of four stuffed animals.,383386,383386,This is a picture of four stuffed animals.,0.001944,0
t2i,This is a picture of four stuffed animals.,478393,478393,This is a picture of four stuffed animals.,0.000140,0
t2i,This is a picture of four stuffed animals.,113403,113403,This is a picture of four stuffed animals.,0.000877,0
t2i,This is a picture of four stuffed animals.,434996,434996,This is a picture of four stuffed animals.,0.000247,0
t2i,This is a picture of four stuffed animals.,335081,335081,This is a picture of four stuffed animals.,0.000122,0
t2i,This is a picture of four stuffed animals.,776,776,This is a picture of four stuffed animals.,0.001196,0
t2i,This is a picture of four stuffed animals.,262938,262938,This is a picture of four stuffed animals.,0.000366,0
t2i,This is a picture of four stuffed animals.,82180,82180,This is a picture of four stuffed animals.,0.000453,0
t2i,This is a picture of four stuffed animals.,50844,50844,This is a picture of four stuffed animals.,0.000162,0
t2i,This is a picture of four stuffed animals.,211120,211120,This is a picture of four stuffed animals.,0.000444,0
t2i,This is a picture of four stuffed animals.,349480,349480,This is a picture of four stuffed animals.,0.000119,0
t2i,This is a picture of four stuffed animals.,289393,289393,This is a picture of four stuffed animals.,0.000083,0
t2i,This is a picture of four stuffed animals.,276018,276018,This is a picture of four stuffed animals.,0.000143,0
t2i,This is a picture of four stuffed animals.,321333,321333,This is a picture of four stuffed animals.,0.000103,0
t2i,This is a picture of four stuffed animals.,145020,145020,This is a picture of four stuffed animals.,0.000032,0
t2i,This is a picture of four stuffed animals.,370900,370900,This is a picture of four stuffed animals.,0.000879,0
t2i,This is a picture of four stuffed animals.,537802,537802,This is a picture of four stuffed animals.,0.000819,0
t2i,This is a picture of four stuffed animals.,125062,125062,This is a picture of four stuffed animals.,0.000677,0
t2i,This is a picture of four stuffed animals.,428867,428867,This is a picture of four stuffed animals.,0.000394,0
t2i,This is a picture of four stuffed animals.,522638,522638,This is a picture of four stuffed animals.,0.000242,0
t2i,This is a picture of four stuffed animals.,355610,355610,This is a picture of four stuffed animals.,0.000314,0
t2i,This is a picture of four stuffed animals.,174018,174018,This is a picture of four stuffed animals.,0.000758,0
t2i,This is a picture of four stuffed animals.,73118,73118,This is a picture of four stuffed animals.,0.002198,0
t2i,A living room with yellow walls and a black and white area rug.,532761,532761,A living room with yellow walls and a black and white area rug.,0.000177,0
t2i,A living room with yellow walls and a black and white area rug.,125778,125778,A living room with yellow walls and a black and white area rug.,0.000040,0
t2i,A living room with yellow walls and a black and white area rug.,139684,139684,A living room with yellow walls and a black and white area rug.,0.000403,0
t2i,A living room with yellow walls and a black and white area rug.,4495,4495,A living room with yellow walls and a black and white area rug.,0.000079,0
t2i,A living room with yellow walls and a black and white area rug.,366141,366141,A living room with yellow walls and a black and white area rug.,0.000126,0
t2i,A living room with yellow walls and a black and white area rug.,379441,379441,A living room with yellow walls and a black and white area rug.,0.000112,0
t2i,A living room with yellow walls and a black and white area rug.,232088,232088,A living room with yellow walls and a black and white area rug.,0.000076,0
t2i,A living room with yellow walls and a black and white area rug.,395701,395701,A living room with yellow walls and a black and white area rug.,0.000052,0
t2i,A living room with yellow walls and a black and white area rug.,181753,181753,A living room with yellow walls and a black and white area rug.,0.000043,0
t2i,A living room with yellow walls and a black and white area rug.,494913,494913,A living room with yellow walls and a black and white area rug.,0.000156,0
t2i,A living room with yellow walls and a black and white area rug.,139,139,A living room with yellow walls and a black and white area rug.,0.002971,0
t2i,A living room with yellow walls and a black and white area rug.,458410,458410,A living room with yellow walls and a black and white area rug.,0.000090,0
t2i,A living room with yellow walls and a black and white area rug.,189310,189310,A living room with yellow walls and a black and white area rug.,0.000352,0
t2i,A living room with yellow walls and a black and white area rug.,154358,154358,A living room with yellow walls and a black and white area rug.,0.001592,0
t2i,A living room with yellow walls and a black and white area rug.,182162,182162,A living room with yellow walls and a black and white area rug.,0.000171,0
t2i,A living room with yellow walls and a black and white area rug.,242934,242934,A living room with yellow walls and a black and white area rug.,0.001038,0
t2i,A living room with yellow walls and a black and white area rug.,405970,405970,A living room with yellow walls and a black and white area rug.,0.000115,0
t2i,A living room with yellow walls and a black and white area rug.,14038,14038,A living room with yellow walls and a black and white area rug.,0.000828,0
t2i,A living room with yellow walls and a black and white area rug.,13923,13923,A living room with yellow walls and a black and white area rug.,0.000601,0
t2i,A living room with yellow walls and a black and white area rug.,462614,462614,A living room with yellow walls and a black and white area rug.,0.000907,0
t2i,A living room with yellow walls and a black and white area rug.,89045,89045,A living room with yellow walls and a black and white area rug.,0.000046,0
t2i,A living room with yellow walls and a black and white area rug.,367569,367569,A living room with yellow walls and a black and white area rug.,0.000044,0
t2i,A living room with yellow walls and a black and white area rug.,367386,367386,A living room with yellow walls and a black and white area rug.,0.000187,0
t2i,A living room with yellow walls and a black and white area rug.,356432,356432,A living room with yellow walls and a black and white area rug.,0.000061,0
t2i,A living room with yellow walls and a black and white area rug.,540962,540962,A living room with yellow walls and a black and white area rug.,0.000074,0
t2i,A living room with yellow walls and a black and white area rug.,578500,578500,A living room with yellow walls and a black and white area rug.,0.000172,0
t2i,A living room with yellow walls and a black and white area rug.,419601,419601,A living room with yellow walls and a black and white area rug.,0.000073,0
t2i,A living room with yellow walls and a black and white area rug.,473821,473821,A living room with yellow walls and a black and white area rug.,0.000055,0
t2i,A living room with yellow walls and a black and white area rug.,326082,326082,A living room with yellow walls and a black and white area rug.,0.000044,0
t2i,A living room with yellow walls and a black and white area rug.,568710,568710,A living room with yellow walls and a black and white area rug.,0.000108,0
t2i,A little girl standing in the grass with two soccer balls in front of her.,252716,252716,A little girl standing in the grass with two soccer balls in front of her.,0.000028,0
t2i,A little girl standing in the grass with two soccer balls in front of her.,305309,305309,A little girl standing in the grass with two soccer balls in front of her.,0.000026,0
t2i,A little girl standing in the grass with two soccer balls in front of her.,336265,336265,A little girl standing in the grass with two soccer balls in front of her.,0.000036,0
t2i,A little girl standing in the grass with two soccer balls in front of her.,168619,168619,A little girl standing in the grass with two soccer balls in front of her.,0.000020,0
t2i,A little girl standing in the grass with two soccer balls in front of her.,511760,511760,A little girl standing in the grass with two soccer balls in front of her.,0.000029,0
t2i,A little girl standing in the grass with two soccer balls in front of her.,442746,442746,A little girl standing in the grass with two soccer balls in front of her.,0.000031,0
t2i,A little girl standing in the grass with two soccer balls in front of her.,428218,428218,A little girl standing in the grass with two soccer balls in front of her.,0.000029,0
t2i,A little girl standing in the grass with two soccer balls in front of her.,408120,408120,A little girl standing in the grass with two soccer balls in front of her.,0.000035,0
t2i,A little girl standing in the grass with two soccer balls in front of her.,399462,399462,A little girl standing in the grass with two soccer balls in front of her.,0.000063,0
t2i,A little girl standing in the grass with two soccer balls in front of her.,509403,509403,A little girl standing in the grass with two soccer balls in front of her.,0.000045,0
t2i,A little girl standing in the grass with two soccer balls in front of her.,447917,447917,A little girl standing in the grass with two soccer balls in front of her.,0.000035,0
t2i,A little girl standing in the grass with two soccer balls in front of her.,257624,257624,A little girl standing in the grass with two soccer balls in front of her.,0.000074,0
t2i,A little girl standing in the grass with two soccer balls in front of her.,261061,261061,A little girl standing in the grass with two soccer balls in front of her.,0.000077,0
t2i,A little girl standing in the grass with two soccer balls in front of her.,371552,371552,A little girl standing in the grass with two soccer balls in front of her.,0.000031,0
t2i,A little girl standing in the grass with two soccer balls in front of her.,474028,474028,A little girl standing in the grass with two soccer balls in front of her.,0.000037,0
t2i,A little girl standing in the grass with two soccer balls in front of her.,327701,327701,A little girl standing in the grass with two soccer balls in front of her.,0.000025,0
t2i,A little girl standing in the grass with two soccer balls in front of her.,162415,162415,A little girl standing in the grass with two soccer balls in front of her.,0.000067,0
t2i,A little girl standing in the grass with two soccer balls in front of her.,185250,185250,A little girl standing in the grass with two soccer balls in front of her.,0.000034,0
t2i,A little girl standing in the grass with two soccer balls in front of her.,375493,375493,A little girl standing in the grass with two soccer balls in front of her.,0.000033,0
t2i,A little girl standing in the grass with two soccer balls in front of her.,6954,6954,A little girl standing in the grass with two soccer balls in front of her.,0.000052,0
t2i,A little girl standing in the grass with two soccer balls in front of her.,398203,398203,A little girl standing in the grass with two soccer balls in front of her.,0.000034,0
t2i,A little girl standing in the grass with two soccer balls in front of her.,559842,559842,A little girl standing in the grass with two soccer balls in front of her.,0.000035,0
t2i,A little girl standing in the grass with two soccer balls in front of her.,225405,225405,A little girl standing in the grass with two soccer balls in front of her.,0.000043,0
t2i,A little girl standing in the grass with two soccer balls in front of her.,398237,398237,A little girl standing in the grass with two soccer balls in front of her.,0.000042,0
t2i,A little girl standing in the grass with two soccer balls in front of her.,223955,223955,A little girl standing in the grass with two soccer balls in front of her.,0.000038,0
t2i,A little girl standing in the grass with two soccer balls in front of her.,200961,200961,A little girl standing in the grass with two soccer balls in front of her.,0.000038,0
t2i,A little girl standing in the grass with two soccer balls in front of her.,366611,366611,A little girl standing in the grass with two soccer balls in front of her.,0.000037,0
t2i,A little girl standing in the grass with two soccer balls in front of her.,57597,57597,A little girl standing in the grass with two soccer balls in front of her.,0.000024,0
t2i,A little girl standing in the grass with two soccer balls in front of her.,479953,479953,A little girl standing in the grass with two soccer balls in front of her.,0.000040,0
t2i,A little girl standing in the grass with two soccer balls in front of her.,270474,270474,A little girl standing in the grass with two soccer balls in front of her.,0.000038,0
t2i,A little girl standing in the grass with two soccer balls in front of her.,271402,271402,A little girl standing in the grass with two soccer balls in front of her.,0.000033,0
t2i,A bathroom with ski equipment laid out on the floor.,42276,42276,A bathroom with ski equipment laid out on the floor.,0.000525,0
t2i,A bathroom with ski equipment laid out on the floor.,241602,241602,A bathroom with ski equipment laid out on the floor.,0.000059,0
t2i,A bathroom with ski equipment laid out on the floor.,314177,314177,A bathroom with ski equipment laid out on the floor.,0.000036,0
t2i,A bathroom with ski equipment laid out on the floor.,34760,34760,A bathroom with ski equipment laid out on the floor.,0.000050,0
t2i,A bathroom with ski equipment laid out on the floor.,311081,311081,A bathroom with ski equipment laid out on the floor.,0.000043,0
t2i,A bathroom with ski equipment laid out on the floor.,232649,232649,A bathroom with ski equipment laid out on the floor.,0.000054,0
t2i,A bathroom with ski equipment laid out on the floor.,5503,5503,A bathroom with ski equipment laid out on the floor.,0.000091,0
t2i,A bathroom with ski equipment laid out on the floor.,368940,368940,A bathroom with ski equipment laid out on the floor.,0.000092,0
t2i,A bathroom with ski equipment laid out on the floor.,286907,286907,A bathroom with ski equipment laid out on the floor.,0.000039,0
t2i,A bathroom with ski equipment laid out on the floor.,397327,397327,A bathroom with ski equipment laid out on the floor.,0.000188,0
t2i,A bathroom with ski equipment laid out on the floor.,98018,98018,A bathroom with ski equipment laid out on the floor.,0.000033,0
t2i,A bathroom with ski equipment laid out on the floor.,403385,403385,A bathroom with ski equipment laid out on the floor.,0.000121,0
t2i,A bathroom with ski equipment laid out on the floor.,6818,6818,A bathroom with ski equipment laid out on the floor.,0.000094,0
t2i,A bathroom with ski equipment laid out on the floor.,51598,51598,A bathroom with ski equipment laid out on the floor.,0.000076,0
t2i,A bathroom with ski equipment laid out on the floor.,155154,155154,A bathroom with ski equipment laid out on the floor.,0.000040,0
t2i,A bathroom with ski equipment laid out on the floor.,68078,68078,A bathroom with ski equipment laid out on the floor.,0.000420,0
t2i,A bathroom with ski equipment laid out on the floor.,263796,263796,A bathroom with ski equipment laid out on the floor.,0.000035,0
t2i,A bathroom with ski equipment laid out on the floor.,268831,268831,A bathroom with ski equipment laid out on the floor.,0.089707,0
t2i,A bathroom with ski equipment laid out on the floor.,144798,144798,A bathroom with ski equipment laid out on the floor.,0.000052,0
t2i,A bathroom with ski equipment laid out on the floor.,537812,537812,A bathroom with ski equipment laid out on the floor.,0.000158,0
t2i,A bathroom with ski equipment laid out on the floor.,197796,197796,A bathroom with ski equipment laid out on the floor.,0.000119,0
t2i,A bathroom with ski equipment laid out on the floor.,222991,222991,A bathroom with ski equipment laid out on the floor.,0.000130,0
t2i,A bathroom with ski equipment laid out on the floor.,294855,294855,A bathroom with ski equipment laid out on the floor.,0.001388,0
t2i,A bathroom with ski equipment laid out on the floor.,389804,389804,A bathroom with ski equipment laid out on the floor.,0.000390,0
t2i,A bathroom with ski equipment laid out on the floor.,223789,223789,A bathroom with ski equipment laid out on the floor.,0.000093,0
t2i,A bathroom with ski equipment laid out on the floor.,466085,466085,A bathroom with ski equipment laid out on the floor.,0.000053,0
t2i,A bathroom with ski equipment laid out on the floor.,348216,348216,A bathroom with ski equipment laid out on the floor.,0.000044,0
t2i,A bathroom with ski equipment laid out on the floor.,59920,59920,A bathroom with ski equipment laid out on the floor.,0.000186,0
t2i,A bathroom with ski equipment laid out on the floor.,262440,262440,A bathroom with ski equipment laid out on the floor.,0.000065,0
t2i,A bathroom with ski equipment laid out on the floor.,23666,23666,A bathroom with ski equipment laid out on the floor.,0.000030,0
t2i,A bathroom with ski equipment laid out on the floor.,32285,32285,A bathroom with ski equipment laid out on the floor.,0.000042,0
t2i,A bathroom with ski equipment laid out on the floor.,157928,157928,A bathroom with ski equipment laid out on the floor.,0.000038,0
t2i,A bathroom with ski equipment laid out on the floor.,53505,53505,A bathroom with ski equipment laid out on the floor.,0.000055,0
t2i,A bathroom with ski equipment laid out on the floor.,415741,415741,A bathroom with ski equipment laid out on the floor.,0.000038,0
t2i,A bathroom with ski equipment laid out on the floor.,117914,117914,A bathroom with ski equipment laid out on the floor.,0.000213,0
t2i,A bathroom with ski equipment laid out on the floor.,514914,514914,A bathroom with ski equipment laid out on the floor.,0.000087,0
t2i,A bathroom with ski equipment laid out on the floor.,565045,565045,A bathroom with ski equipment laid out on the floor.,0.000117,0
t2i,A bathroom with ski equipment laid out on the floor.,350833,350833,A bathroom with ski equipment laid out on the floor.,0.000050,0
t2i,A bathroom with ski equipment laid out on the floor.,195165,195165,A bathroom with ski equipment laid out on the floor.,0.000088,0
t2i,A bathroom with ski equipment laid out on the floor.,62025,62025,A bathroom with ski equipment laid out on the floor.,0.000047,0
t2i,A bathroom with ski equipment laid out on the floor.,255401,255401,A bathroom with ski equipment laid out on the floor.,0.000128,0
t2i,The train engine is followed by a line of open cars.,323828,323828,The train engine is followed by a line of open cars.,0.000502,0
t2i,The train engine is followed by a line of open cars.,368038,368038,The train engine is followed by a line of open cars.,0.000872,0
t2i,The train engine is followed by a line of open cars.,61268,61268,The train engine is followed by a line of open cars.,0.000061,0
t2i,The train engine is followed by a line of open cars.,440508,440508,The train engine is followed by a line of open cars.,0.000404,0
t2i,The train engine is followed by a line of open cars.,50165,50165,The train engine is followed by a line of open cars.,0.000226,0
t2i,The train engine is followed by a line of open cars.,106281,106281,The train engine is followed by a line of open cars.,0.000207,0
t2i,The train engine is followed by a line of open cars.,124277,124277,The train engine is followed by a line of open cars.,0.000092,0
t2i,The train engine is followed by a line of open cars.,184321,184321,The train engine is followed by a line of open cars.,0.000104,0
t2i,The train engine is followed by a line of open cars.,572303,572303,The train engine is followed by a line of open cars.,0.001524,0
t2i,The train engine is followed by a line of open cars.,393093,393093,The train engine is followed by a line of open cars.,0.000045,0
t2i,The train engine is followed by a line of open cars.,316054,316054,The train engine is followed by a line of open cars.,0.000104,0
t2i,The train engine is followed by a line of open cars.,396568,396568,The train engine is followed by a line of open cars.,0.000802,0
t2i,The train engine is followed by a line of open cars.,241297,241297,The train engine is followed by a line of open cars.,0.000086,0
t2i,The train engine is followed by a line of open cars.,286507,286507,The train engine is followed by a line of open cars.,0.002948,0
t2i,The train engine is followed by a line of open cars.,303863,303863,The train engine is followed by a line of open cars.,0.000106,0
t2i,The train engine is followed by a line of open cars.,200162,200162,The train engine is followed by a line of open cars.,0.000114,0
t2i,The train engine is followed by a line of open cars.,426268,426268,The train engine is followed by a line of open cars.,0.000161,0
t2i,The train engine is followed by a line of open cars.,477623,477623,The train engine is followed by a line of open cars.,0.000275,0
t2i,The train engine is followed by a line of open cars.,479030,479030,The train engine is followed by a line of open cars.,0.000546,0
t2i,The train engine is followed by a line of open cars.,419096,419096,The train engine is followed by a line of open cars.,0.000859,0
t2i,The train engine is followed by a line of open cars.,30675,30675,The train engine is followed by a line of open cars.,0.010739,0
t2i,The train engine is followed by a line of open cars.,307598,307598,The train engine is followed by a line of open cars.,0.000286,0
t2i,The train engine is followed by a line of open cars.,82085,82085,The train engine is followed by a line of open cars.,0.000130,0
t2i,The train engine is followed by a line of open cars.,76625,76625,The train engine is followed by a line of open cars.,0.000127,0
t2i,The train engine is followed by a line of open cars.,364587,364587,The train engine is followed by a line of open cars.,0.000401,0
t2i,The train engine is followed by a line of open cars.,227399,227399,The train engine is followed by a line of open cars.,0.000033,0
t2i,The train engine is followed by a line of open cars.,221213,221213,The train engine is followed by a line of open cars.,0.001621,0
t2i,The train engine is followed by a line of open cars.,482585,482585,The train engine is followed by a line of open cars.,0.000047,0
t2i,The train engine is followed by a line of open cars.,344816,344816,The train engine is followed by a line of open cars.,0.000098,0
t2i,The train engine is followed by a line of open cars.,231169,231169,The train engine is followed by a line of open cars.,0.000054,0
t2i,The train engine is followed by a line of open cars.,115118,115118,The train engine is followed by a line of open cars.,0.000151,0
t2i,The train engine is followed by a line of open cars.,90155,90155,The train engine is followed by a line of open cars.,0.000198,0
t2i,The train engine is followed by a line of open cars.,180188,180188,The train engine is followed by a line of open cars.,0.000357,0
t2i,The train engine is followed by a line of open cars.,130566,130566,The train engine is followed by a line of open cars.,0.000065,0
t2i,The train engine is followed by a line of open cars.,275727,275727,The train engine is followed by a line of open cars.,0.000112,0
t2i,The train engine is followed by a line of open cars.,225946,225946,The train engine is followed by a line of open cars.,0.000227,0
t2i,The train engine is followed by a line of open cars.,311883,311883,The train engine is followed by a line of open cars.,0.000598,0
t2i,men staning in the street and holding cell phones,399205,399205,men staning in the street and holding cell phones,0.000764,0
t2i,men staning in the street and holding cell phones,326541,326541,men staning in the street and holding cell phones,0.000452,0
t2i,men staning in the street and holding cell phones,183709,183709,men staning in the street and holding cell phones,0.000253,0
t2i,men staning in the street and holding cell phones,303818,303818,men staning in the street and holding cell phones,0.000087,0
t2i,men staning in the street and holding cell phones,521141,521141,men staning in the street and holding cell phones,0.000338,0
t2i,men staning in the street and holding cell phones,168337,168337,men staning in the street and holding cell phones,0.000047,0
t2i,men staning in the street and holding cell phones,281687,281687,men staning in the street and holding cell phones,0.001457,0
t2i,men staning in the street and holding cell phones,147729,147729,men staning in the street and holding cell phones,0.000197,0
t2i,men staning in the street and holding cell phones,508370,508370,men staning in the street and holding cell phones,0.000336,0
t2i,men staning in the street and holding cell phones,422836,422836,men staning in the street and holding cell phones,0.000469,0
t2i,men staning in the street and holding cell phones,271116,271116,men staning in the street and holding cell phones,0.000058,0
t2i,men staning in the street and holding cell phones,249180,249180,men staning in the street and holding cell phones,0.000166,0
t2i,men staning in the street and holding cell phones,292236,292236,men staning in the street and holding cell phones,0.000158,0
t2i,men staning in the street and holding cell phones,213035,213035,men staning in the street and holding cell phones,0.000385,0
t2i,men staning in the street and holding cell phones,363188,363188,men staning in the street and holding cell phones,0.003598,0
t2i,men staning in the street and holding cell phones,296649,296649,men staning in the street and holding cell phones,0.000046,0
t2i,men staning in the street and holding cell phones,356387,356387,men staning in the street and holding cell phones,0.000178,0
t2i,men staning in the street and holding cell phones,297578,297578,men staning in the street and holding cell phones,0.000810,0
t2i,men staning in the street and holding cell phones,38829,38829,men staning in the street and holding cell phones,0.000631,0
t2i,men staning in the street and holding cell phones,150265,150265,men staning in the street and holding cell phones,0.000462,0
t2i,men staning in the street and holding cell phones,8211,8211,men staning in the street and holding cell phones,0.000095,0
t2i,men staning in the street and holding cell phones,372349,372349,men staning in the street and holding cell phones,0.000066,0
t2i,men staning in the street and holding cell phones,252219,252219,men staning in the street and holding cell phones,0.000618,0
t2i,men staning in the street and holding cell phones,463918,463918,men staning in the street and holding cell phones,0.000072,0
t2i,men staning in the street and holding cell phones,69213,69213,men staning in the street and holding cell phones,0.000450,0
t2i,men staning in the street and holding cell phones,545100,545100,men staning in the street and holding cell phones,0.000124,0
t2i,men staning in the street and holding cell phones,517069,517069,men staning in the street and holding cell phones,0.001369,0
t2i,men staning in the street and holding cell phones,25393,25393,men staning in the street and holding cell phones,0.003655,0
t2i,men staning in the street and holding cell phones,100624,100624,men staning in the street and holding cell phones,0.000292,0
t2i,men staning in the street and holding cell phones,151000,151000,men staning in the street and holding cell phones,0.000113,0
t2i,men staning in the street and holding cell phones,563882,563882,men staning in the street and holding cell phones,0.000223,0
t2i,men staning in the street and holding cell phones,74256,74256,men staning in the street and holding cell phones,0.000045,0
t2i,men staning in the street and holding cell phones,498747,498747,men staning in the street and holding cell phones,0.000360,0
t2i,men staning in the street and holding cell phones,326970,326970,men staning in the street and holding cell phones,0.000121,0
t2i,men staning in the street and holding cell phones,380913,380913,men staning in the street and holding cell phones,0.000261,0
t2i,men staning in the street and holding cell phones,323263,323263,men staning in the street and holding cell phones,0.000036,0
t2i,A group of people that are on a horse.,492282,492282,A group of people that are on a horse.,0.001084,0
t2i,A group of people that are on a horse.,242724,242724,A group of people that are on a horse.,0.000406,0
t2i,A group of people that are on a horse.,7281,7281,A group of people that are on a horse.,0.000205,0
t2i,A group of people that are on a horse.,439180,439180,A group of people that are on a horse.,0.001505,0
t2i,A group of people that are on a horse.,121031,121031,A group of people that are on a horse.,0.000505,0
t2i,A group of people that are on a horse.,206838,206838,A group of people that are on a horse.,0.000328,0
t2i,A group of people that are on a horse.,185473,185473,A group of people that are on a horse.,0.006403,0
t2i,A group of people that are on a horse.,276024,276024,A group of people that are on a horse.,0.000547,0
t2i,A group of people that are on a horse.,547886,547886,A group of people that are on a horse.,0.000534,0
t2i,A group of people that are on a horse.,369081,369081,A group of people that are on a horse.,0.000828,0
t2i,A group of people that are on a horse.,134856,134856,A group of people that are on a horse.,0.000133,0
t2i,A group of people that are on a horse.,141671,141671,A group of people that are on a horse.,0.000569,0
t2i,A group of people that are on a horse.,48555,48555,A group of people that are on a horse.,0.007751,0
t2i,A group of people that are on a horse.,431876,431876,A group of people that are on a horse.,0.001529,0
t2i,A group of people that are on a horse.,456015,456015,A group of people that are on a horse.,0.000296,0
t2i,A group of people that are on a horse.,119641,119641,A group of people that are on a horse.,0.000072,0
t2i,A group of people that are on a horse.,191614,191614,A group of people that are on a horse.,0.000896,0
t2i,A group of people that are on a horse.,214753,214753,A group of people that are on a horse.,0.000334,0
t2i,A group of people that are on a horse.,303499,303499,A group of people that are on a horse.,0.001228,0
t2i,A group of people that are on a horse.,97924,97924,A group of people that are on a horse.,0.000786,0
t2i,A group of people that are on a horse.,507975,507975,A group of people that are on a horse.,0.000193,0
t2i,A group of people that are on a horse.,560880,560880,A group of people that are on a horse.,0.000638,0
t2i,A group of people that are on a horse.,303653,303653,A group of people that are on a horse.,0.000061,0
t2i,A group of people that are on a horse.,244099,244099,A group of people that are on a horse.,0.000511,0
t2i,A group of people that are on a horse.,23034,23034,A group of people that are on a horse.,0.000820,0
t2i,A group of people that are on a horse.,183675,183675,A group of people that are on a horse.,0.000630,0
t2i,A group of people that are on a horse.,79229,79229,A group of people that are on a horse.,0.001074,0
t2i,A group of people that are on a horse.,434247,434247,A group of people that are on a horse.,0.000153,0
t2i,The people fly a kite by the tall stone building.,447314,447314,The people fly a kite by the tall stone building.,0.000136,0
t2i,The people fly a kite by the tall stone building.,163057,163057,The people fly a kite by the tall stone building.,0.000050,0
t2i,The people fly a kite by the tall stone building.,293200,293200,The people fly a kite by the tall stone building.,0.000081,0
t2i,The people fly a kite by the tall stone building.,159399,159399,The people fly a kite by the tall stone building.,0.000060,0
t2i,The people fly a kite by the tall stone building.,23751,23751,The people fly a kite by the tall stone building.,0.000112,0
t2i,The people fly a kite by the tall stone building.,538067,538067,The people fly a kite by the tall stone building.,0.000051,0
t2i,The people fly a kite by the tall stone building.,193245,193245,The people fly a kite by the tall stone building.,0.000100,0
t2i,The people fly a kite by the tall stone building.,134322,134322,The people fly a kite by the tall stone building.,0.000212,0
t2i,The people fly a kite by the tall stone building.,471789,471789,The people fly a kite by the tall stone building.,0.000055,0
t2i,The people fly a kite by the tall stone building.,305317,305317,The people fly a kite by the tall stone building.,0.000083,0
t2i,The people fly a kite by the tall stone building.,94157,94157,The people fly a kite by the tall stone building.,0.000080,0
t2i,The people fly a kite by the tall stone building.,245173,245173,The people fly a kite by the tall stone building.,0.000044,0
t2i,The people fly a kite by the tall stone building.,427338,427338,The people fly a kite by the tall stone building.,0.000240,0
t2i,The people fly a kite by the tall stone building.,541952,541952,The people fly a kite by the tall stone building.,0.000508,0
t2i,The people fly a kite by the tall stone building.,530470,530470,The people fly a kite by the tall stone building.,0.000110,0
t2i,The people fly a kite by the tall stone building.,526256,526256,The people fly a kite by the tall stone building.,0.000101,0
t2i,The people fly a kite by the tall stone building.,433515,433515,The people fly a kite by the tall stone building.,0.000051,0
t2i,The people fly a kite by the tall stone building.,135890,135890,The people fly a kite by the tall stone building.,0.001160,0
t2i,The people fly a kite by the tall stone building.,549738,549738,The people fly a kite by the tall stone building.,0.000045,0
t2i,The people fly a kite by the tall stone building.,511647,511647,The people fly a kite by the tall stone building.,0.000404,0
t2i,The people fly a kite by the tall stone building.,367228,367228,The people fly a kite by the tall stone building.,0.000073,0
t2i,The people fly a kite by the tall stone building.,256775,256775,The people fly a kite by the tall stone building.,0.000058,0
t2i,The people fly a kite by the tall stone building.,24027,24027,The people fly a kite by the tall stone building.,0.000078,0
t2i,The people fly a kite by the tall stone building.,382743,382743,The people fly a kite by the tall stone building.,0.000113,0
t2i,The people fly a kite by the tall stone building.,514797,514797,The people fly a kite by the tall stone building.,0.000096,0
t2i,The people fly a kite by the tall stone building.,511760,511760,The people fly a kite by the tall stone building.,0.000130,0
t2i,The people fly a kite by the tall stone building.,468965,468965,The people fly a kite by the tall stone building.,0.000052,0
t2i,The people fly a kite by the tall stone building.,163117,163117,The people fly a kite by the tall stone building.,0.000107,0
t2i,The people fly a kite by the tall stone building.,77460,77460,The people fly a kite by the tall stone building.,0.000058,0
t2i,The people fly a kite by the tall stone building.,14439,14439,The people fly a kite by the tall stone building.,0.000062,0
t2i,The people fly a kite by the tall stone building.,299553,299553,The people fly a kite by the tall stone building.,0.000054,0
t2i,The people fly a kite by the tall stone building.,361730,361730,The people fly a kite by the tall stone building.,0.000054,0
t2i,The people fly a kite by the tall stone building.,459809,459809,The people fly a kite by the tall stone building.,0.000072,0
t2i,The people fly a kite by the tall stone building.,67406,67406,The people fly a kite by the tall stone building.,0.000116,0
t2i,A young girl standing on top of a grass covered field.,336265,336265,A young girl standing on top of a grass covered field.,0.000755,0
t2i,A young girl standing on top of a grass covered field.,399462,399462,A young girl standing on top of a grass covered field.,0.004791,0
t2i,A young girl standing on top of a grass covered field.,259097,259097,A young girl standing on top of a grass covered field.,0.007146,0
t2i,A young girl standing on top of a grass covered field.,511760,511760,A young girl standing on top of a grass covered field.,0.000122,0
t2i,A young girl standing on top of a grass covered field.,252716,252716,A young girl standing on top of a grass covered field.,0.000203,0
t2i,A young girl standing on top of a grass covered field.,482800,482800,A young girl standing on top of a grass covered field.,0.000034,0
t2i,A young girl standing on top of a grass covered field.,168619,168619,A young girl standing on top of a grass covered field.,0.000040,0
t2i,A young girl standing on top of a grass covered field.,161875,161875,A young girl standing on top of a grass covered field.,0.002484,0
t2i,A young girl standing on top of a grass covered field.,182923,182923,A young girl standing on top of a grass covered field.,0.000116,0
t2i,A young girl standing on top of a grass covered field.,225184,225184,A young girl standing on top of a grass covered field.,0.000162,0
t2i,A young girl standing on top of a grass covered field.,447314,447314,A young girl standing on top of a grass covered field.,0.000097,0
t2i,A young girl standing on top of a grass covered field.,261061,261061,A young girl standing on top of a grass covered field.,0.002646,0
t2i,A young girl standing on top of a grass covered field.,257624,257624,A young girl standing on top of a grass covered field.,0.000487,0
t2i,A young girl standing on top of a grass covered field.,39914,39914,A young girl standing on top of a grass covered field.,0.000068,0
t2i,A young girl standing on top of a grass covered field.,203639,203639,A young girl standing on top of a grass covered field.,0.002242,0
t2i,A young girl standing on top of a grass covered field.,511384,511384,A young girl standing on top of a grass covered field.,0.000061,0
t2i,A young girl standing on top of a grass covered field.,367228,367228,A young girl standing on top of a grass covered field.,0.000271,0
t2i,A young girl standing on top of a grass covered field.,460682,460682,A young girl standing on top of a grass covered field.,0.003065,0
t2i,A young girl standing on top of a grass covered field.,221291,221291,A young girl standing on top of a grass covered field.,0.000551,0
t2i,A young girl standing on top of a grass covered field.,292225,292225,A young girl standing on top of a grass covered field.,0.001759,0
t2i,A young girl standing on top of a grass covered field.,581317,581317,A young girl standing on top of a grass covered field.,0.000698,0
t2i,A young girl standing on top of a grass covered field.,442746,442746,A young girl standing on top of a grass covered field.,0.000185,0
t2i,A young girl standing on top of a grass covered field.,375493,375493,A young girl standing on top of a grass covered field.,0.000212,0
t2i,A young girl standing on top of a grass covered field.,364102,364102,A young girl standing on top of a grass covered field.,0.002208,0
t2i,A young girl standing on top of a grass covered field.,223955,223955,A young girl standing on top of a grass covered field.,0.000195,0
t2i,A young girl standing on top of a grass covered field.,50638,50638,A young girl standing on top of a grass covered field.,0.004909,0
t2i,A young girl standing on top of a grass covered field.,23937,23937,A young girl standing on top of a grass covered field.,0.000112,0
t2i,A young girl standing on top of a grass covered field.,500663,500663,A young girl standing on top of a grass covered field.,0.000026,0
t2i,A young girl standing on top of a grass covered field.,298697,298697,A young girl standing on top of a grass covered field.,0.000038,0
t2i,A young girl standing on top of a grass covered field.,119038,119038,A young girl standing on top of a grass covered field.,0.000039,0
t2i,A young girl standing on top of a grass covered field.,416837,416837,A young girl standing on top of a grass covered field.,0.000128,0
t2i,A young girl standing on top of a grass covered field.,332318,332318,A young girl standing on top of a grass covered field.,0.000157,0
t2i,A young girl standing on top of a grass covered field.,387148,387148,A young girl standing on top of a grass covered field.,0.000212,0
t2i,A young girl standing on top of a grass covered field.,398237,398237,A young girl standing on top of a grass covered field.,0.000216,0
t2i,A young girl standing on top of a grass covered field.,270474,270474,A young girl standing on top of a grass covered field.,0.000956,0
t2i,a living room witj a couch some chairs and a tv,532761,532761,a living room witj a couch some chairs and a tv,0.000345,0
t2i,a living room witj a couch some chairs and a tv,166166,166166,a living room witj a couch some chairs and a tv,0.001623,0
t2i,a living room witj a couch some chairs and a tv,546325,546325,a living room witj a couch some chairs and a tv,0.002598,0
t2i,a living room witj a couch some chairs and a tv,4495,4495,a living room witj a couch some chairs and a tv,0.000906,0
t2i,a living room witj a couch some chairs and a tv,97337,97337,a living room witj a couch some chairs and a tv,0.000475,0
t2i,a living room witj a couch some chairs and a tv,106235,106235,a living room witj a couch some chairs and a tv,0.000854,0
t2i,a living room witj a couch some chairs and a tv,166521,166521,a living room witj a couch some chairs and a tv,0.000185,0
t2i,a living room witj a couch some chairs and a tv,232088,232088,a living room witj a couch some chairs and a tv,0.000955,0
t2i,a living room witj a couch some chairs and a tv,379441,379441,a living room witj a couch some chairs and a tv,0.000244,0
t2i,a living room witj a couch some chairs and a tv,366141,366141,a living room witj a couch some chairs and a tv,0.001750,0
t2i,a living room witj a couch some chairs and a tv,290771,290771,a living room witj a couch some chairs and a tv,0.000238,0
t2i,a living room witj a couch some chairs and a tv,453722,453722,a living room witj a couch some chairs and a tv,0.000286,0
t2i,a living room witj a couch some chairs and a tv,540962,540962,a living room witj a couch some chairs and a tv,0.000446,0
t2i,a living room witj a couch some chairs and a tv,242934,242934,a living room witj a couch some chairs and a tv,0.023540,0
t2i,a living room witj a couch some chairs and a tv,139,139,a living room witj a couch some chairs and a tv,0.000818,0
t2i,a living room witj a couch some chairs and a tv,189310,189310,a living room witj a couch some chairs and a tv,0.000343,0
t2i,a living room witj a couch some chairs and a tv,570456,570456,a living room witj a couch some chairs and a tv,0.000176,0
t2i,a living room witj a couch some chairs and a tv,405970,405970,a living room witj a couch some chairs and a tv,0.000404,0
t2i,a living room witj a couch some chairs and a tv,36844,36844,a living room witj a couch some chairs and a tv,0.000251,0
t2i,a living room witj a couch some chairs and a tv,458410,458410,a living room witj a couch some chairs and a tv,0.000295,0
t2i,a living room witj a couch some chairs and a tv,319935,319935,a living room witj a couch some chairs and a tv,0.000149,0
t2i,a living room witj a couch some chairs and a tv,367386,367386,a living room witj a couch some chairs and a tv,0.000407,0
t2i,a living room witj a couch some chairs and a tv,573094,573094,a living room witj a couch some chairs and a tv,0.000590,0
t2i,a living room witj a couch some chairs and a tv,543047,543047,a living room witj a couch some chairs and a tv,0.000161,0
t2i,a living room witj a couch some chairs and a tv,39477,39477,a living room witj a couch some chairs and a tv,0.000148,0
t2i,a living room witj a couch some chairs and a tv,139684,139684,a living room witj a couch some chairs and a tv,0.000558,0
t2i,a living room witj a couch some chairs and a tv,13923,13923,a living room witj a couch some chairs and a tv,0.000561,0
t2i,a living room witj a couch some chairs and a tv,29596,29596,a living room witj a couch some chairs and a tv,0.000869,0
t2i,a living room witj a couch some chairs and a tv,579970,579970,a living room witj a couch some chairs and a tv,0.000413,0
t2i,a living room witj a couch some chairs and a tv,368684,368684,a living room witj a couch some chairs and a tv,0.007394,0
t2i,a living room witj a couch some chairs and a tv,580410,580410,a living room witj a couch some chairs and a tv,0.000878,0
t2i,a living room witj a couch some chairs and a tv,128148,128148,a living room witj a couch some chairs and a tv,0.000752,0
t2i,a living room witj a couch some chairs and a tv,322895,322895,a living room witj a couch some chairs and a tv,0.000200,0
t2i,a living room witj a couch some chairs and a tv,344621,344621,a living room witj a couch some chairs and a tv,0.000509,0
t2i,a living room witj a couch some chairs and a tv,326082,326082,a living room witj a couch some chairs and a tv,0.000135,0
t2i,a living room witj a couch some chairs and a tv,205514,205514,a living room witj a couch some chairs and a tv,0.000938,0
t2i,a living room witj a couch some chairs and a tv,195754,195754,a living room witj a couch some chairs and a tv,0.001397,0
t2i,A coin laying next to some small bananas.,457262,457262,A coin laying next to some small bananas.,0.002933,0
t2i,A coin laying next to some small bananas.,3661,3661,A coin laying next to some small bananas.,0.000753,0
t2i,A coin laying next to some small bananas.,28809,28809,A coin laying next to some small bananas.,0.001720,0
t2i,A coin laying next to some small bananas.,348708,348708,A coin laying next to some small bananas.,0.000589,0
t2i,A coin laying next to some small bananas.,346707,346707,A coin laying next to some small bananas.,0.000298,0
t2i,A coin laying next to some small bananas.,279769,279769,A coin laying next to some small bananas.,0.000467,0
t2i,A coin laying next to some small bananas.,575500,575500,A coin laying next to some small bananas.,0.000213,0
t2i,A coin laying next to some small bananas.,185802,185802,A coin laying next to some small bananas.,0.000029,0
t2i,A coin laying next to some small bananas.,466835,466835,A coin laying next to some small bananas.,0.000081,0
t2i,A coin laying next to some small bananas.,482719,482719,A coin laying next to some small bananas.,0.000217,0
t2i,A coin laying next to some small bananas.,370999,370999,A coin laying next to some small bananas.,0.000190,0
t2i,A coin laying next to some small bananas.,79651,79651,A coin laying next to some small bananas.,0.000408,0
t2i,A coin laying next to some small bananas.,290619,290619,A coin laying next to some small bananas.,0.000218,0
t2i,A coin laying next to some small bananas.,407574,407574,A coin laying next to some small bananas.,0.000075,0
t2i,A coin laying next to some small bananas.,191761,191761,A coin laying next to some small bananas.,0.000039,0
t2i,A coin laying next to some small bananas.,352618,352618,A coin laying next to some small bananas.,0.000061,0
t2i,A coin laying next to some small bananas.,112378,112378,A coin laying next to some small bananas.,0.000026,0
t2i,A coin laying next to some small bananas.,163951,163951,A coin laying next to some small bananas.,0.000565,0
t2i,A coin laying next to some small bananas.,8844,8844,A coin laying next to some small bananas.,0.000027,0
t2i,A coin laying next to some small bananas.,509131,509131,A coin laying next to some small bananas.,0.000128,0
t2i,A coin laying next to some small bananas.,193926,193926,A coin laying next to some small bananas.,0.000533,0
t2i,A coin laying next to some small bananas.,119452,119452,A coin laying next to some small bananas.,0.000446,0
t2i,A coin laying next to some small bananas.,161820,161820,A coin laying next to some small bananas.,0.000263,0
t2i,A coin laying next to some small bananas.,459887,459887,A coin laying next to some small bananas.,0.001456,0
t2i,A coin laying next to some small bananas.,271471,271471,A coin laying next to some small bananas.,0.000054,0
t2i,A coin laying next to some small bananas.,429281,429281,A coin laying next to some small bananas.,0.000140,0
t2i,A coin laying next to some small bananas.,2587,2587,A coin laying next to some small bananas.,0.000496,0
t2i,A coin laying next to some small bananas.,114871,114871,A coin laying next to some small bananas.,0.000336,0
t2i,A coin laying next to some small bananas.,521540,521540,A coin laying next to some small bananas.,0.000071,0
t2i,A coin laying next to some small bananas.,581781,581781,A coin laying next to some small bananas.,0.000236,0
t2i,A coin laying next to some small bananas.,189078,189078,A coin laying next to some small bananas.,0.000194,0
t2i,A coin laying next to some small bananas.,371472,371472,A coin laying next to some small bananas.,0.000114,0
t2i,A coin laying next to some small bananas.,227187,227187,A coin laying next to some small bananas.,0.000029,0
t2i,A coin laying next to some small bananas.,6012,6012,A coin laying next to some small bananas.,0.000639,0
t2i,A coin laying next to some small bananas.,548506,548506,A coin laying next to some small bananas.,0.001334,0
t2i,a row of surf boards placed in the sand,127517,127517,a row of surf boards placed in the sand,0.001908,0
t2i,a row of surf boards placed in the sand,529939,529939,a row of surf boards placed in the sand,0.000321,0
t2i,a row of surf boards placed in the sand,164115,164115,a row of surf boards placed in the sand,0.000419,0
t2i,a row of surf boards placed in the sand,570756,570756,a row of surf boards placed in the sand,0.000026,0
t2i,a row of surf boards placed in the sand,98497,98497,a row of surf boards placed in the sand,0.000070,0
t2i,a row of surf boards placed in the sand,177539,177539,a row of surf boards placed in the sand,0.000432,0
t2i,a row of surf boards placed in the sand,540932,540932,a row of surf boards placed in the sand,0.000029,0
t2i,a row of surf boards placed in the sand,224664,224664,a row of surf boards placed in the sand,0.000019,0
t2i,a row of surf boards placed in the sand,523194,523194,a row of surf boards placed in the sand,0.000045,0
t2i,a row of surf boards placed in the sand,512985,512985,a row of surf boards placed in the sand,0.000034,0
t2i,a row of surf boards placed in the sand,520659,520659,a row of surf boards placed in the sand,0.000484,0
t2i,a row of surf boards placed in the sand,355677,355677,a row of surf boards placed in the sand,0.004031,0
t2i,a row of surf boards placed in the sand,154004,154004,a row of surf boards placed in the sand,0.000071,0
t2i,a row of surf boards placed in the sand,353518,353518,a row of surf boards placed in the sand,0.000054,0
t2i,a row of surf boards placed in the sand,16451,16451,a row of surf boards placed in the sand,0.000089,0
t2i,a row of surf boards placed in the sand,312237,312237,a row of surf boards placed in the sand,0.000060,0
t2i,a row of surf boards placed in the sand,274460,274460,a row of surf boards placed in the sand,0.000115,0
t2i,a row of surf boards placed in the sand,160728,160728,a row of surf boards placed in the sand,0.000023,0
t2i,a row of surf boards placed in the sand,204329,204329,a row of surf boards placed in the sand,0.000156,0
t2i,a row of surf boards placed in the sand,304812,304812,a row of surf boards placed in the sand,0.000084,0
t2i,a row of surf boards placed in the sand,410456,410456,a row of surf boards placed in the sand,0.000036,0
t2i,a row of surf boards placed in the sand,326174,326174,a row of surf boards placed in the sand,0.000051,0
t2i,a row of surf boards placed in the sand,81988,81988,a row of surf boards placed in the sand,0.000171,0
t2i,a row of surf boards placed in the sand,554595,554595,a row of surf boards placed in the sand,0.000102,0
t2i,a row of surf boards placed in the sand,74200,74200,a row of surf boards placed in the sand,0.000229,0
t2i,a row of surf boards placed in the sand,272148,272148,a row of surf boards placed in the sand,0.000085,0
t2i,a row of surf boards placed in the sand,332351,332351,a row of surf boards placed in the sand,0.001727,0
t2i,a row of surf boards placed in the sand,403584,403584,a row of surf boards placed in the sand,0.000413,0
t2i,A baseball player in a red shirt is ready to hit the ball.,89296,89296,A baseball player in a red shirt is ready to hit the ball.,0.000047,0
t2i,A baseball player in a red shirt is ready to hit the ball.,370375,370375,A baseball player in a red shirt is ready to hit the ball.,0.000034,0
t2i,A baseball player in a red shirt is ready to hit the ball.,46252,46252,A baseball player in a red shirt is ready to hit the ball.,0.000049,0
t2i,A baseball player in a red shirt is ready to hit the ball.,328337,328337,A baseball player in a red shirt is ready to hit the ball.,0.000035,0
t2i,A baseball player in a red shirt is ready to hit the ball.,196141,196141,A baseball player in a red shirt is ready to hit the ball.,0.000051,0
t2i,A baseball player in a red shirt is ready to hit the ball.,474344,474344,A baseball player in a red shirt is ready to hit the ball.,0.000037,0
t2i,A baseball player in a red shirt is ready to hit the ball.,370270,370270,A baseball player in a red shirt is ready to hit the ball.,0.000024,0
t2i,A baseball player in a red shirt is ready to hit the ball.,54593,54593,A baseball player in a red shirt is ready to hit the ball.,0.000042,0
t2i,A baseball player in a red shirt is ready to hit the ball.,320490,320490,A baseball player in a red shirt is ready to hit the ball.,0.000107,0
t2i,A baseball player in a red shirt is ready to hit the ball.,548339,548339,A baseball player in a red shirt is ready to hit the ball.,0.000068,0
t2i,A baseball player in a red shirt is ready to hit the ball.,153669,153669,A baseball player in a red shirt is ready to hit the ball.,0.000152,0
t2i,A baseball player in a red shirt is ready to hit the ball.,302107,302107,A baseball player in a red shirt is ready to hit the ball.,0.000041,0
t2i,A baseball player in a red shirt is ready to hit the ball.,217285,217285,A baseball player in a red shirt is ready to hit the ball.,0.000069,0
t2i,A baseball player in a red shirt is ready to hit the ball.,304404,304404,A baseball player in a red shirt is ready to hit the ball.,0.000069,0
t2i,A baseball player in a red shirt is ready to hit the ball.,72795,72795,A baseball player in a red shirt is ready to hit the ball.,0.000043,0
t2i,A baseball player in a red shirt is ready to hit the ball.,276804,276804,A baseball player in a red shirt is ready to hit the ball.,0.000039,0
t2i,A baseball player in a red shirt is ready to hit the ball.,84031,84031,A baseball player in a red shirt is ready to hit the ball.,0.000062,0
t2i,A baseball player in a red shirt is ready to hit the ball.,133969,133969,A baseball player in a red shirt is ready to hit the ball.,0.000034,0
t2i,A baseball player in a red shirt is ready to hit the ball.,192670,192670,A baseball player in a red shirt is ready to hit the ball.,0.000031,0
t2i,A baseball player in a red shirt is ready to hit the ball.,203931,203931,A baseball player in a red shirt is ready to hit the ball.,0.000072,0
t2i,A baseball player in a red shirt is ready to hit the ball.,129945,129945,A baseball player in a red shirt is ready to hit the ball.,0.000063,0
t2i,A baseball player in a red shirt is ready to hit the ball.,514586,514586,A baseball player in a red shirt is ready to hit the ball.,0.000082,0
t2i,A baseball player in a red shirt is ready to hit the ball.,356094,356094,A baseball player in a red shirt is ready to hit the ball.,0.000098,0
t2i,A baseball player in a red shirt is ready to hit the ball.,60507,60507,A baseball player in a red shirt is ready to hit the ball.,0.000050,0
t2i,A baseball player in a red shirt is ready to hit the ball.,311002,311002,A baseball player in a red shirt is ready to hit the ball.,0.000044,0
t2i,A baseball player in a red shirt is ready to hit the ball.,574823,574823,A baseball player in a red shirt is ready to hit the ball.,0.000040,0
t2i,A baseball player in a red shirt is ready to hit the ball.,223738,223738,A baseball player in a red shirt is ready to hit the ball.,0.000060,0
t2i,A baseball player in a red shirt is ready to hit the ball.,62355,62355,A baseball player in a red shirt is ready to hit the ball.,0.000074,0
t2i,A baseball player in a red shirt is ready to hit the ball.,398028,398028,A baseball player in a red shirt is ready to hit the ball.,0.000048,0
t2i,A baseball player in a red shirt is ready to hit the ball.,254516,254516,A baseball player in a red shirt is ready to hit the ball.,0.000288,0
t2i,A baseball player in a red shirt is ready to hit the ball.,239773,239773,A baseball player in a red shirt is ready to hit the ball.,0.000078,0
t2i,A baseball player in a red shirt is ready to hit the ball.,248752,248752,A baseball player in a red shirt is ready to hit the ball.,0.000098,0
t2i,A baseball player in a red shirt is ready to hit the ball.,264968,264968,A baseball player in a red shirt is ready to hit the ball.,0.000098,0
t2i,A baseball player in a red shirt is ready to hit the ball.,404923,404923,A baseball player in a red shirt is ready to hit the ball.,0.000082,0
t2i,A baseball player in a red shirt is ready to hit the ball.,43816,43816,A baseball player in a red shirt is ready to hit the ball.,0.000049,0
t2i,A child in a hat playing on a laptop computer,358525,358525,A child in a hat playing on a laptop computer,0.000181,0
t2i,A child in a hat playing on a laptop computer,119365,119365,A child in a hat playing on a laptop computer,0.000059,0
t2i,A child in a hat playing on a laptop computer,86582,86582,A child in a hat playing on a laptop computer,0.000069,0
t2i,A child in a hat playing on a laptop computer,51610,51610,A child in a hat playing on a laptop computer,0.001244,0
t2i,A child in a hat playing on a laptop computer,76731,76731,A child in a hat playing on a laptop computer,0.000037,0
t2i,A child in a hat playing on a laptop computer,529148,529148,A child in a hat playing on a laptop computer,0.000086,0
t2i,A child in a hat playing on a laptop computer,497344,497344,A child in a hat playing on a laptop computer,0.000072,0
t2i,A child in a hat playing on a laptop computer,14226,14226,A child in a hat playing on a laptop computer,0.000081,0
t2i,A child in a hat playing on a laptop computer,414034,414034,A child in a hat playing on a laptop computer,0.000044,0
t2i,A child in a hat playing on a laptop computer,166478,166478,A child in a hat playing on a laptop computer,0.000065,0
t2i,A child in a hat playing on a laptop computer,451155,451155,A child in a hat playing on a laptop computer,0.000196,0
t2i,A child in a hat playing on a laptop computer,479126,479126,A child in a hat playing on a laptop computer,0.000153,0
t2i,A child in a hat playing on a laptop computer,546717,546717,A child in a hat playing on a laptop computer,0.000119,0
t2i,A child in a hat playing on a laptop computer,435208,435208,A child in a hat playing on a laptop computer,0.000042,0
t2i,A child in a hat playing on a laptop computer,310980,310980,A child in a hat playing on a laptop computer,0.000189,0
t2i,A child in a hat playing on a laptop computer,565877,565877,A child in a hat playing on a laptop computer,0.000322,0
t2i,A child in a hat playing on a laptop computer,147415,147415,A child in a hat playing on a laptop computer,0.000170,0
t2i,A child in a hat playing on a laptop computer,108026,108026,A child in a hat playing on a laptop computer,0.000250,0
t2i,A child in a hat playing on a laptop computer,492110,492110,A child in a hat playing on a laptop computer,0.000172,0
t2i,A child in a hat playing on a laptop computer,232684,232684,A child in a hat playing on a laptop computer,0.000165,0
t2i,A child in a hat playing on a laptop computer,290843,290843,A child in a hat playing on a laptop computer,0.000053,0
t2i,A child in a hat playing on a laptop computer,433103,433103,A child in a hat playing on a laptop computer,0.000057,0
t2i,A child in a hat playing on a laptop computer,553788,553788,A child in a hat playing on a laptop computer,0.000129,0
t2i,A child in a hat playing on a laptop computer,345252,345252,A child in a hat playing on a laptop computer,0.000068,0
t2i,A child in a hat playing on a laptop computer,168974,168974,A child in a hat playing on a laptop computer,0.000048,0
t2i,A child in a hat playing on a laptop computer,369310,369310,A child in a hat playing on a laptop computer,0.000051,0
t2i,A child in a hat playing on a laptop computer,340894,340894,A child in a hat playing on a laptop computer,0.000021,0
t2i,A child in a hat playing on a laptop computer,311928,311928,A child in a hat playing on a laptop computer,0.000066,0
t2i,A guy and a pretty girl taking a picture in the mirror.,229358,229358,A guy and a pretty girl taking a picture in the mirror.,0.000418,0
t2i,A guy and a pretty girl taking a picture in the mirror.,164602,164602,A guy and a pretty girl taking a picture in the mirror.,0.000186,0
t2i,A guy and a pretty girl taking a picture in the mirror.,151000,151000,A guy and a pretty girl taking a picture in the mirror.,0.000053,0
t2i,A guy and a pretty girl taking a picture in the mirror.,384808,384808,A guy and a pretty girl taking a picture in the mirror.,0.000405,0
t2i,A guy and a pretty girl taking a picture in the mirror.,546475,546475,A guy and a pretty girl taking a picture in the mirror.,0.000096,0
t2i,A guy and a pretty girl taking a picture in the mirror.,163640,163640,A guy and a pretty girl taking a picture in the mirror.,0.000044,0
t2i,A guy and a pretty girl taking a picture in the mirror.,5060,5060,A guy and a pretty girl taking a picture in the mirror.,0.000587,0
t2i,A guy and a pretty girl taking a picture in the mirror.,78170,78170,A guy and a pretty girl taking a picture in the mirror.,0.001161,0
t2i,A guy and a pretty girl taking a picture in the mirror.,284698,284698,A guy and a pretty girl taking a picture in the mirror.,0.001408,0
t2i,A guy and a pretty girl taking a picture in the mirror.,411665,411665,A guy and a pretty girl taking a picture in the mirror.,0.000285,0
t2i,A guy and a pretty girl taking a picture in the mirror.,314177,314177,A guy and a pretty girl taking a picture in the mirror.,0.000116,0
t2i,A guy and a pretty girl taking a picture in the mirror.,123480,123480,A guy and a pretty girl taking a picture in the mirror.,0.000417,0
t2i,A guy and a pretty girl taking a picture in the mirror.,202228,202228,A guy and a pretty girl taking a picture in the mirror.,0.000170,0
t2i,A guy and a pretty girl taking a picture in the mirror.,287527,287527,A guy and a pretty girl taking a picture in the mirror.,0.000516,0
t2i,A guy and a pretty girl taking a picture in the mirror.,239347,239347,A guy and a pretty girl taking a picture in the mirror.,0.000468,0
t2i,A guy and a pretty girl taking a picture in the mirror.,421455,421455,A guy and a pretty girl taking a picture in the mirror.,0.000122,0
t2i,A guy and a pretty girl taking a picture in the mirror.,16598,16598,A guy and a pretty girl taking a picture in the mirror.,0.000218,0
t2i,A guy and a pretty girl taking a picture in the mirror.,394677,394677,A guy and a pretty girl taking a picture in the mirror.,0.000803,0
t2i,A guy and a pretty girl taking a picture in the mirror.,9772,9772,A guy and a pretty girl taking a picture in the mirror.,0.000142,0
t2i,A guy and a pretty girl taking a picture in the mirror.,300039,300039,A guy and a pretty girl taking a picture in the mirror.,0.000193,0
t2i,A guy and a pretty girl taking a picture in the mirror.,154644,154644,A guy and a pretty girl taking a picture in the mirror.,0.000273,0
t2i,A guy and a pretty girl taking a picture in the mirror.,19402,19402,A guy and a pretty girl taking a picture in the mirror.,0.000112,0
t2i,A guy and a pretty girl taking a picture in the mirror.,507473,507473,A guy and a pretty girl taking a picture in the mirror.,0.000075,0
t2i,A guy and a pretty girl taking a picture in the mirror.,78843,78843,A guy and a pretty girl taking a picture in the mirror.,0.000267,0
t2i,A guy and a pretty girl taking a picture in the mirror.,6763,6763,A guy and a pretty girl taking a picture in the mirror.,0.000267,0
t2i,A guy and a pretty girl taking a picture in the mirror.,11051,11051,A guy and a pretty girl taking a picture in the mirror.,0.000095,0
t2i,A guy and a pretty girl taking a picture in the mirror.,70739,70739,A guy and a pretty girl taking a picture in the mirror.,0.000079,0
t2i,A guy and a pretty girl taking a picture in the mirror.,241668,241668,A guy and a pretty girl taking a picture in the mirror.,0.000031,0
t2i,A guy and a pretty girl taking a picture in the mirror.,423506,423506,A guy and a pretty girl taking a picture in the mirror.,0.000077,0
t2i,A guy and a pretty girl taking a picture in the mirror.,179112,179112,A guy and a pretty girl taking a picture in the mirror.,0.000137,0
t2i,A guy and a pretty girl taking a picture in the mirror.,302882,302882,A guy and a pretty girl taking a picture in the mirror.,0.000199,0
t2i,A guy and a pretty girl taking a picture in the mirror.,237118,237118,A guy and a pretty girl taking a picture in the mirror.,0.000109,0
t2i,A guy and a pretty girl taking a picture in the mirror.,383606,383606,A guy and a pretty girl taking a picture in the mirror.,0.000078,0
t2i,"A knife, carrots, and cabbage on a white cutting board.",143998,143998,"A knife, carrots, and cabbage on a white cutting board.",0.000677,0
t2i,"A knife, carrots, and cabbage on a white cutting board.",116206,116206,"A knife, carrots, and cabbage on a white cutting board.",0.000108,0
t2i,"A knife, carrots, and cabbage on a white cutting board.",7991,7991,"A knife, carrots, and cabbage on a white cutting board.",0.000120,0
t2i,"A knife, carrots, and cabbage on a white cutting board.",251537,251537,"A knife, carrots, and cabbage on a white cutting board.",0.000129,0
t2i,"A knife, carrots, and cabbage on a white cutting board.",223090,223090,"A knife, carrots, and cabbage on a white cutting board.",0.000567,0
t2i,"A knife, carrots, and cabbage on a white cutting board.",196009,196009,"A knife, carrots, and cabbage on a white cutting board.",0.001101,0
t2i,"A knife, carrots, and cabbage on a white cutting board.",424721,424721,"A knife, carrots, and cabbage on a white cutting board.",0.000036,0
t2i,"A knife, carrots, and cabbage on a white cutting board.",157390,157390,"A knife, carrots, and cabbage on a white cutting board.",0.000037,0
t2i,"A knife, carrots, and cabbage on a white cutting board.",165831,165831,"A knife, carrots, and cabbage on a white cutting board.",0.000031,0
t2i,"A knife, carrots, and cabbage on a white cutting board.",276055,276055,"A knife, carrots, and cabbage on a white cutting board.",0.000030,0
t2i,"A knife, carrots, and cabbage on a white cutting board.",287667,287667,"A knife, carrots, and cabbage on a white cutting board.",0.000131,0
t2i,"A knife, carrots, and cabbage on a white cutting board.",203095,203095,"A knife, carrots, and cabbage on a white cutting board.",0.000195,0
t2i,"A knife, carrots, and cabbage on a white cutting board.",104669,104669,"A knife, carrots, and cabbage on a white cutting board.",0.000064,0
t2i,"A knife, carrots, and cabbage on a white cutting board.",536073,536073,"A knife, carrots, and cabbage on a white cutting board.",0.000048,0
t2i,"A knife, carrots, and cabbage on a white cutting board.",209142,209142,"A knife, carrots, and cabbage on a white cutting board.",0.000032,0
t2i,"A knife, carrots, and cabbage on a white cutting board.",358427,358427,"A knife, carrots, and cabbage on a white cutting board.",0.000135,0
t2i,"A knife, carrots, and cabbage on a white cutting board.",298994,298994,"A knife, carrots, and cabbage on a white cutting board.",0.000189,0
t2i,"A knife, carrots, and cabbage on a white cutting board.",530052,530052,"A knife, carrots, and cabbage on a white cutting board.",0.000166,0
t2i,"A knife, carrots, and cabbage on a white cutting board.",546826,546826,"A knife, carrots, and cabbage on a white cutting board.",0.000059,0
t2i,"A knife, carrots, and cabbage on a white cutting board.",284282,284282,"A knife, carrots, and cabbage on a white cutting board.",0.000040,0
t2i,"A knife, carrots, and cabbage on a white cutting board.",393838,393838,"A knife, carrots, and cabbage on a white cutting board.",0.000091,0
t2i,"A knife, carrots, and cabbage on a white cutting board.",288762,288762,"A knife, carrots, and cabbage on a white cutting board.",0.000120,0
t2i,Three teddy bears and a stuffed cat on a stone wall.,478393,478393,Three teddy bears and a stuffed cat on a stone wall.,0.000156,0
t2i,Three teddy bears and a stuffed cat on a stone wall.,82180,82180,Three teddy bears and a stuffed cat on a stone wall.,0.000595,0
t2i,Three teddy bears and a stuffed cat on a stone wall.,207585,207585,Three teddy bears and a stuffed cat on a stone wall.,0.000225,0
t2i,Three teddy bears and a stuffed cat on a stone wall.,434996,434996,Three teddy bears and a stuffed cat on a stone wall.,0.000226,0
t2i,Three teddy bears and a stuffed cat on a stone wall.,383386,383386,Three teddy bears and a stuffed cat on a stone wall.,0.001365,0
t2i,Three teddy bears and a stuffed cat on a stone wall.,537802,537802,Three teddy bears and a stuffed cat on a stone wall.,0.000329,0
t2i,Three teddy bears and a stuffed cat on a stone wall.,113403,113403,Three teddy bears and a stuffed cat on a stone wall.,0.000921,0
t2i,Three teddy bears and a stuffed cat on a stone wall.,549136,549136,Three teddy bears and a stuffed cat on a stone wall.,0.000664,0
t2i,Three teddy bears and a stuffed cat on a stone wall.,322844,322844,Three teddy bears and a stuffed cat on a stone wall.,0.000250,0
t2i,Three teddy bears and a stuffed cat on a stone wall.,125062,125062,Three teddy bears and a stuffed cat on a stone wall.,0.000431,0
t2i,Three teddy bears and a stuffed cat on a stone wall.,349480,349480,Three teddy bears and a stuffed cat on a stone wall.,0.000142,0
t2i,Three teddy bears and a stuffed cat on a stone wall.,117374,117374,Three teddy bears and a stuffed cat on a stone wall.,0.000029,0
t2i,Three teddy bears and a stuffed cat on a stone wall.,35963,35963,Three teddy bears and a stuffed cat on a stone wall.,0.000098,0
t2i,Three teddy bears and a stuffed cat on a stone wall.,211120,211120,Three teddy bears and a stuffed cat on a stone wall.,0.000126,0
t2i,Three teddy bears and a stuffed cat on a stone wall.,335081,335081,Three teddy bears and a stuffed cat on a stone wall.,0.000133,0
t2i,Three teddy bears and a stuffed cat on a stone wall.,65288,65288,Three teddy bears and a stuffed cat on a stone wall.,0.000040,0
t2i,Three teddy bears and a stuffed cat on a stone wall.,427338,427338,Three teddy bears and a stuffed cat on a stone wall.,0.000036,0
t2i,Three teddy bears and a stuffed cat on a stone wall.,145020,145020,Three teddy bears and a stuffed cat on a stone wall.,0.000036,0
t2i,Three teddy bears and a stuffed cat on a stone wall.,370900,370900,Three teddy bears and a stuffed cat on a stone wall.,0.000412,0
t2i,Three teddy bears and a stuffed cat on a stone wall.,328030,328030,Three teddy bears and a stuffed cat on a stone wall.,0.000278,0
t2i,Three teddy bears and a stuffed cat on a stone wall.,276921,276921,Three teddy bears and a stuffed cat on a stone wall.,0.000832,0
t2i,Three teddy bears and a stuffed cat on a stone wall.,776,776,Three teddy bears and a stuffed cat on a stone wall.,0.001887,0
t2i,Three teddy bears and a stuffed cat on a stone wall.,528705,528705,Three teddy bears and a stuffed cat on a stone wall.,0.000093,0
t2i,Three teddy bears and a stuffed cat on a stone wall.,50844,50844,Three teddy bears and a stuffed cat on a stone wall.,0.000131,0
t2i,Three teddy bears and a stuffed cat on a stone wall.,174018,174018,Three teddy bears and a stuffed cat on a stone wall.,0.000361,0
t2i,Three teddy bears and a stuffed cat on a stone wall.,73118,73118,Three teddy bears and a stuffed cat on a stone wall.,0.003409,0
t2i,Three teddy bears and a stuffed cat on a stone wall.,471869,471869,Three teddy bears and a stuffed cat on a stone wall.,0.000159,0
t2i,Three teddy bears and a stuffed cat on a stone wall.,428867,428867,Three teddy bears and a stuffed cat on a stone wall.,0.000255,0
t2i,Mom has to help him eat his hot dog and bun.,534041,534041,Mom has to help him eat his hot dog and bun.,0.101113,0
t2i,Mom has to help him eat his hot dog and bun.,137246,137246,Mom has to help him eat his hot dog and bun.,0.152372,0
t2i,Mom has to help him eat his hot dog and bun.,420281,420281,Mom has to help him eat his hot dog and bun.,0.028045,0
t2i,Mom has to help him eat his hot dog and bun.,404484,404484,Mom has to help him eat his hot dog and bun.,0.002125,0
t2i,Mom has to help him eat his hot dog and bun.,283268,283268,Mom has to help him eat his hot dog and bun.,0.010591,0
t2i,Mom has to help him eat his hot dog and bun.,432085,432085,Mom has to help him eat his hot dog and bun.,0.007710,0
t2i,Mom has to help him eat his hot dog and bun.,189475,189475,Mom has to help him eat his hot dog and bun.,0.043700,0
t2i,Mom has to help him eat his hot dog and bun.,322574,322574,Mom has to help him eat his hot dog and bun.,0.059414,0
t2i,Mom has to help him eat his hot dog and bun.,523807,523807,Mom has to help him eat his hot dog and bun.,0.102306,0
t2i,Mom has to help him eat his hot dog and bun.,84674,84674,Mom has to help him eat his hot dog and bun.,0.010796,0
t2i,Mom has to help him eat his hot dog and bun.,320664,320664,Mom has to help him eat his hot dog and bun.,0.019735,0
t2i,Mom has to help him eat his hot dog and bun.,19402,19402,Mom has to help him eat his hot dog and bun.,0.005971,0
t2i,Mom has to help him eat his hot dog and bun.,210230,210230,Mom has to help him eat his hot dog and bun.,0.001858,0
t2i,Mom has to help him eat his hot dog and bun.,93353,93353,Mom has to help him eat his hot dog and bun.,0.000544,0
t2i,Mom has to help him eat his hot dog and bun.,422886,422886,Mom has to help him eat his hot dog and bun.,0.075778,0
t2i,Mom has to help him eat his hot dog and bun.,413552,413552,Mom has to help him eat his hot dog and bun.,0.002743,0
t2i,Mom has to help him eat his hot dog and bun.,329456,329456,Mom has to help him eat his hot dog and bun.,0.046467,0
t2i,Mom has to help him eat his hot dog and bun.,548555,548555,Mom has to help him eat his hot dog and bun.,0.025993,0
t2i,Mom has to help him eat his hot dog and bun.,93437,93437,Mom has to help him eat his hot dog and bun.,0.008043,0
t2i,Mom has to help him eat his hot dog and bun.,15335,15335,Mom has to help him eat his hot dog and bun.,0.099757,0
t2i,Mom has to help him eat his hot dog and bun.,315492,315492,Mom has to help him eat his hot dog and bun.,0.786332,1
t2i,Mom has to help him eat his hot dog and bun.,212166,212166,Mom has to help him eat his hot dog and bun.,0.353196,0
t2i,Mom has to help him eat his hot dog and bun.,341828,341828,Mom has to help him eat his hot dog and bun.,0.544936,1
t2i,Mom has to help him eat his hot dog and bun.,179898,179898,Mom has to help him eat his hot dog and bun.,0.009788,0
t2i,Mom has to help him eat his hot dog and bun.,69224,69224,Mom has to help him eat his hot dog and bun.,0.037701,0
t2i,Mom has to help him eat his hot dog and bun.,437205,437205,Mom has to help him eat his hot dog and bun.,0.270205,0
t2i,Mom has to help him eat his hot dog and bun.,148662,148662,Mom has to help him eat his hot dog and bun.,0.013674,0
t2i,Mom has to help him eat his hot dog and bun.,20992,20992,Mom has to help him eat his hot dog and bun.,0.064795,0
t2i,Mom has to help him eat his hot dog and bun.,157601,157601,Mom has to help him eat his hot dog and bun.,0.388628,0
t2i,Mom has to help him eat his hot dog and bun.,474854,474854,Mom has to help him eat his hot dog and bun.,0.090349,0
t2i,Mom has to help him eat his hot dog and bun.,18150,18150,Mom has to help him eat his hot dog and bun.,0.003847,0
t2i,Mom has to help him eat his hot dog and bun.,279730,279730,Mom has to help him eat his hot dog and bun.,0.031015,0
t2i,Mom has to help him eat his hot dog and bun.,513567,513567,Mom has to help him eat his hot dog and bun.,0.020682,0
t2i,Mom has to help him eat his hot dog and bun.,581206,581206,Mom has to help him eat his hot dog and bun.,0.012591,0
t2i,Mom has to help him eat his hot dog and bun.,24567,24567,Mom has to help him eat his hot dog and bun.,0.015814,0
t2i,"A mother and child fly a kite in a grassy field, with a tower in the background.",447314,447314,"A mother and child fly a kite in a grassy field, with a tower in the background.",0.000083,0
t2i,"A mother and child fly a kite in a grassy field, with a tower in the background.",159399,159399,"A mother and child fly a kite in a grassy field, with a tower in the background.",0.000035,0
t2i,"A mother and child fly a kite in a grassy field, with a tower in the background.",67406,67406,"A mother and child fly a kite in a grassy field, with a tower in the background.",0.000102,0
t2i,"A mother and child fly a kite in a grassy field, with a tower in the background.",14439,14439,"A mother and child fly a kite in a grassy field, with a tower in the background.",0.000030,0
t2i,"A mother and child fly a kite in a grassy field, with a tower in the background.",433515,433515,"A mother and child fly a kite in a grassy field, with a tower in the background.",0.000029,0
t2i,"A mother and child fly a kite in a grassy field, with a tower in the background.",471789,471789,"A mother and child fly a kite in a grassy field, with a tower in the background.",0.000026,0
t2i,"A mother and child fly a kite in a grassy field, with a tower in the background.",24027,24027,"A mother and child fly a kite in a grassy field, with a tower in the background.",0.000041,0
t2i,"A mother and child fly a kite in a grassy field, with a tower in the background.",549738,549738,"A mother and child fly a kite in a grassy field, with a tower in the background.",0.000025,0
t2i,"A mother and child fly a kite in a grassy field, with a tower in the background.",39914,39914,"A mother and child fly a kite in a grassy field, with a tower in the background.",0.000057,0
t2i,"A mother and child fly a kite in a grassy field, with a tower in the background.",305317,305317,"A mother and child fly a kite in a grassy field, with a tower in the background.",0.000048,0
t2i,"A mother and child fly a kite in a grassy field, with a tower in the background.",336265,336265,"A mother and child fly a kite in a grassy field, with a tower in the background.",0.000070,0
t2i,"A mother and child fly a kite in a grassy field, with a tower in the background.",511760,511760,"A mother and child fly a kite in a grassy field, with a tower in the background.",0.000122,0
t2i,"A mother and child fly a kite in a grassy field, with a tower in the background.",530470,530470,"A mother and child fly a kite in a grassy field, with a tower in the background.",0.000037,0
t2i,"A mother and child fly a kite in a grassy field, with a tower in the background.",256775,256775,"A mother and child fly a kite in a grassy field, with a tower in the background.",0.000027,0
t2i,"A mother and child fly a kite in a grassy field, with a tower in the background.",399462,399462,"A mother and child fly a kite in a grassy field, with a tower in the background.",0.000109,0
t2i,"A mother and child fly a kite in a grassy field, with a tower in the background.",367228,367228,"A mother and child fly a kite in a grassy field, with a tower in the background.",0.000058,0
t2i,"A mother and child fly a kite in a grassy field, with a tower in the background.",407868,407868,"A mother and child fly a kite in a grassy field, with a tower in the background.",0.000030,0
t2i,"A mother and child fly a kite in a grassy field, with a tower in the background.",23751,23751,"A mother and child fly a kite in a grassy field, with a tower in the background.",0.000033,0
t2i,"A mother and child fly a kite in a grassy field, with a tower in the background.",426836,426836,"A mother and child fly a kite in a grassy field, with a tower in the background.",0.000101,0
t2i,"A mother and child fly a kite in a grassy field, with a tower in the background.",193245,193245,"A mother and child fly a kite in a grassy field, with a tower in the background.",0.000051,0
t2i,"A mother and child fly a kite in a grassy field, with a tower in the background.",77460,77460,"A mother and child fly a kite in a grassy field, with a tower in the background.",0.000046,0
t2i,"A mother and child fly a kite in a grassy field, with a tower in the background.",221291,221291,"A mother and child fly a kite in a grassy field, with a tower in the background.",0.000143,0
t2i,"A mother and child fly a kite in a grassy field, with a tower in the background.",398237,398237,"A mother and child fly a kite in a grassy field, with a tower in the background.",0.000054,0
t2i,"A mother and child fly a kite in a grassy field, with a tower in the background.",181303,181303,"A mother and child fly a kite in a grassy field, with a tower in the background.",0.000059,0
t2i,"A mother and child fly a kite in a grassy field, with a tower in the background.",327701,327701,"A mother and child fly a kite in a grassy field, with a tower in the background.",0.000040,0
t2i,"A mother and child fly a kite in a grassy field, with a tower in the background.",288430,288430,"A mother and child fly a kite in a grassy field, with a tower in the background.",0.000040,0
t2i,A white table topped with cakes and nuts.,2157,2157,A white table topped with cakes and nuts.,0.001255,0
t2i,A white table topped with cakes and nuts.,376264,376264,A white table topped with cakes and nuts.,0.000362,0
t2i,A white table topped with cakes and nuts.,449312,449312,A white table topped with cakes and nuts.,0.000035,0
t2i,A white table topped with cakes and nuts.,226903,226903,A white table topped with cakes and nuts.,0.000073,0
t2i,A white table topped with cakes and nuts.,260470,260470,A white table topped with cakes and nuts.,0.000048,0
t2i,A white table topped with cakes and nuts.,405432,405432,A white table topped with cakes and nuts.,0.000091,0
t2i,A white table topped with cakes and nuts.,128476,128476,A white table topped with cakes and nuts.,0.000029,0
t2i,A white table topped with cakes and nuts.,277689,277689,A white table topped with cakes and nuts.,0.000059,0
t2i,A white table topped with cakes and nuts.,276434,276434,A white table topped with cakes and nuts.,0.000028,0
t2i,A white table topped with cakes and nuts.,273711,273711,A white table topped with cakes and nuts.,0.000263,0
t2i,A white table topped with cakes and nuts.,300276,300276,A white table topped with cakes and nuts.,0.000039,0
t2i,A white table topped with cakes and nuts.,426329,426329,A white table topped with cakes and nuts.,0.000081,0
t2i,A white table topped with cakes and nuts.,156643,156643,A white table topped with cakes and nuts.,0.000029,0
t2i,A white table topped with cakes and nuts.,435081,435081,A white table topped with cakes and nuts.,0.000051,0
t2i,A white table topped with cakes and nuts.,318455,318455,A white table topped with cakes and nuts.,0.000029,0
t2i,A white table topped with cakes and nuts.,95707,95707,A white table topped with cakes and nuts.,0.000088,0
t2i,A white table topped with cakes and nuts.,242060,242060,A white table topped with cakes and nuts.,0.000040,0
t2i,A white table topped with cakes and nuts.,526197,526197,A white table topped with cakes and nuts.,0.000027,0
t2i,A white table topped with cakes and nuts.,216636,216636,A white table topped with cakes and nuts.,0.000326,0
t2i,A white table topped with cakes and nuts.,318114,318114,A white table topped with cakes and nuts.,0.000135,0
t2i,A white table topped with cakes and nuts.,453040,453040,A white table topped with cakes and nuts.,0.000044,0
t2i,A white table topped with cakes and nuts.,517056,517056,A white table topped with cakes and nuts.,0.000035,0
t2i,A white table topped with cakes and nuts.,261116,261116,A white table topped with cakes and nuts.,0.000096,0
t2i,A white table topped with cakes and nuts.,17714,17714,A white table topped with cakes and nuts.,0.000045,0
t2i,A white table topped with cakes and nuts.,470773,470773,A white table topped with cakes and nuts.,0.000066,0
t2i,A white table topped with cakes and nuts.,297396,297396,A white table topped with cakes and nuts.,0.000054,0
t2i,A white table topped with cakes and nuts.,157138,157138,A white table topped with cakes and nuts.,0.000088,0
t2i,A white table topped with cakes and nuts.,210030,210030,A white table topped with cakes and nuts.,0.000090,0
i2t,146825,A royal mail train sits in a train yard.,146825,A royal mail train sits in a train yard.,0.000023,0
i2t,146825,A red train parked under a sheltered station area.,146825,A red train parked under a sheltered station area.,0.000047,0
i2t,146825,this the outside of a train with a slanted striped door.,146825,this the outside of a train with a slanted striped door.,0.000020,0
i2t,146825,a red train is riding down the tracks,146825,a red train is riding down the tracks,0.000237,0
i2t,146825,a large train is sitting inside a train station,146825,a large train is sitting inside a train station,0.000108,0
i2t,146825,A red and yellow train at station under a glass roof.,146825,A red and yellow train at station under a glass roof.,0.000018,0
i2t,146825,A yellow and red train stopped at a station.,146825,A yellow and red train stopped at a station.,0.000046,0
i2t,146825,a red train is docked at the station,146825,a red train is docked at the station,0.000040,0
i2t,146825,A man stands near a passenger train holding a flag.,146825,A man stands near a passenger train holding a flag.,0.000021,0
i2t,146825,a train with many acts drawn on it,146825,a train with many acts drawn on it,0.000040,0
i2t,146825,this is a train station waiting for a passenger,146825,this is a train station waiting for a passenger,0.000050,0
i2t,146825,A train is entering a train station.,146825,A train is entering a train station.,0.000159,0
i2t,146825,A train station with people standing on a platform beside a train.,146825,A train station with people standing on a platform beside a train.,0.000034,0
i2t,146825,A train car pulls into a train station where travelers wait nearby.,146825,A train car pulls into a train station where travelers wait nearby.,0.000036,0
i2t,146825,A passanger train stopped to pick up passangers at a station.,146825,A passanger train stopped to pick up passangers at a station.,0.000021,0
i2t,146825,"A train passing into a station, in a well designed station.",146825,"A train passing into a station, in a well designed station.",0.000036,0
i2t,146825,A red train pulling into the station under a steel framed roof.,146825,A red train pulling into the station under a steel framed roof.,0.000029,0
i2t,146825,A train is scene in the station with no people around.,146825,A train is scene in the station with no people around.,0.000043,0
i2t,146825,A two story train stopped at an indoor train stop.,146825,A two story train stopped at an indoor train stop.,0.000079,0
i2t,146825,A red and yellow train on a track at a platform.,146825,A red and yellow train on a track at a platform.,0.000039,0
i2t,146825,there is a yellow and red train at a train stop,146825,there is a yellow and red train at a train stop,0.000073,0
i2t,146825,a yellow and red trains engine on its track,146825,a yellow and red trains engine on its track,0.000039,0
i2t,146825,A yellow and red train riding into a station.,146825,A yellow and red train riding into a station.,0.000052,0
i2t,146825,A yellow and red train is on the tracks.,146825,A yellow and red train is on the tracks.,0.000048,0
i2t,146825,a red blue and yellow train and some people on a platform,146825,a red blue and yellow train and some people on a platform,0.000036,0
i2t,146825,a train at a station near a platform,146825,a train at a station near a platform,0.000035,0
i2t,146825,A red and yellow train is shown on the train tracks.,146825,A red and yellow train is shown on the train tracks.,0.000077,0
i2t,146825,A train pulling into a station beside a platform.,146825,A train pulling into a station beside a platform.,0.000044,0
i2t,146825,a train parked next to a railway platform,146825,a train parked next to a railway platform,0.000035,0
i2t,146825,A train sits running in a modern station.,146825,A train sits running in a modern station.,0.000034,0
i2t,146825,A train parked inside of a train station next to a person.,146825,A train parked inside of a train station next to a person.,0.000070,0
i2t,146825,A passenger train is sitting at a station.,146825,A passenger train is sitting at a station.,0.000066,0
i2t,146825,A train is sitting in a train station.,146825,A train is sitting in a train station.,0.000162,0
i2t,146825,A passenger train parked next to a platform.,146825,A passenger train parked next to a platform.,0.000048,0
i2t,146825,a train sitting on the tracks at a station,146825,a train sitting on the tracks at a station,0.000076,0
i2t,146825,The train is on the tracks in the station.,146825,The train is on the tracks in the station.,0.000058,0
i2t,146825,A passanger train stopped on the railroad tracks at a station.,146825,A passanger train stopped on the railroad tracks at a station.,0.000044,0
i2t,146825,A train parked at a waiting station where passengers board.,146825,A train parked at a waiting station where passengers board.,0.000045,0
i2t,10977,A toilet lid is closed next to a bathtub with a white curtain and pink tile wall.,10977,A toilet lid is closed next to a bathtub with a white curtain and pink tile wall.,0.000073,0
i2t,10977,A template example of a bathroom is shown in bright colors.,10977,A template example of a bathroom is shown in bright colors.,0.043417,0
i2t,10977,Lady standing in a retro pink and turquoise bathroom.,10977,Lady standing in a retro pink and turquoise bathroom.,0.002584,0
i2t,10977,A bathroom with blue walls and pink tile.,10977,A bathroom with blue walls and pink tile.,0.000826,0
i2t,10977,A white bathroom with an orange shower curtain.,10977,A white bathroom with an orange shower curtain.,0.000261,0
i2t,10977,a a small bathroom with pink tile and trim,10977,a a small bathroom with pink tile and trim,0.001059,0
i2t,10977,a bathroom with a toilet and a blue striped shower curtain.,10977,a bathroom with a toilet and a blue striped shower curtain.,0.000084,0
i2t,10977,A bathroom with matching shower curtain and rug,10977,A bathroom with matching shower curtain and rug,0.000596,0
i2t,10977,The bathroom is painted a light blue and has pink ceramic tile that adorns the shower wall along with a maple color vanity and door.,10977,The bathroom is painted a light blue and has pink ceramic tile that adorns the shower wall along with a maple color vanity and door.,0.001343,0
i2t,10977,A view of a bathroom with the shower curtain open.,10977,A view of a bathroom with the shower curtain open.,0.000437,0
i2t,10977,this bathroom has pink tiles in the shower and is painted blue,10977,this bathroom has pink tiles in the shower and is painted blue,0.383395,0
i2t,10977,a bathroom with a tub and a shower curtain,10977,a bathroom with a tub and a shower curtain,0.000353,0
i2t,10977,The neat bathroom has green trim on the tile.,10977,The neat bathroom has green trim on the tile.,0.000578,0
i2t,10977,"A little powder room with a blue toilet, multicolored tile floor, and a colorful towel.",10977,"A little powder room with a blue toilet, multicolored tile floor, and a colorful towel.",0.000125,0
i2t,10977,an image of a clean full bathroom,10977,an image of a clean full bathroom,0.009805,0
i2t,10977,A small bathroom with old toilet and tub,10977,A small bathroom with old toilet and tub,0.001041,0
i2t,10977,A small bathroom still has all of the necessary amenities.,10977,A small bathroom still has all of the necessary amenities.,0.229713,0
i2t,10977,Bathroom with orange shower and mirror/cabinet curtains,10977,Bathroom with orange shower and mirror/cabinet curtains,0.001377,0
i2t,10977,A photograph of a newly remodeled bathroom in a home.,10977,A photograph of a newly remodeled bathroom in a home.,0.004084,0
i2t,10977,A view of a bathroom that needs to be fixed up.,10977,A view of a bathroom that needs to be fixed up.,0.000183,0
i2t,10977,There is a bathroom with tile floors and tile walls.,10977,There is a bathroom with tile floors and tile walls.,0.000274,0
i2t,10977,A small cramped bathroom slightly cluttered with dingy walls.,10977,A small cramped bathroom slightly cluttered with dingy walls.,0.000141,0
i2t,10977,A bathroom has some blue walls and toilet.,10977,A bathroom has some blue walls and toilet.,0.000207,0
i2t,10977,a bath room with a bath tub a toilet and a sink,10977,a bath room with a bath tub a toilet and a sink,0.001338,0
i2t,10977,"A bathroom with a tub, sink, counter and a toilet in it.",10977,"A bathroom with a tub, sink, counter and a toilet in it.",0.002523,0
i2t,10977,"A bathroom with a sink, toilet, tub and shower head.",10977,"A bathroom with a sink, toilet, tub and shower head.",0.000900,0
i2t,10977,a bathroom with red walls a shower a sink mirror and toilet,10977,a bathroom with red walls a shower a sink mirror and toilet,0.000295,0
i2t,10977,"Compact bathroom area, tub, toilet, magazine area and sink.",10977,"Compact bathroom area, tub, toilet, magazine area and sink.",0.001105,0
i2t,10977,"A small bathroom with a toilet, shower, and a white curtain.",10977,"A small bathroom with a toilet, shower, and a white curtain.",0.000432,0
i2t,10977,"A bathroom has a shower, sink, and toilet in it.",10977,"A bathroom has a shower, sink, and toilet in it.",0.001240,0
i2t,10977,"A bathroom with a toilet, window and tub in it.",10977,"A bathroom with a toilet, window and tub in it.",0.001897,0
i2t,10977,"A bathroom sink, toilet and shower with the curtain half open.",10977,"A bathroom sink, toilet and shower with the curtain half open.",0.000134,0
i2t,10977,"A bathroom with a sink, shower, tub and a cabinet.",10977,"A bathroom with a sink, shower, tub and a cabinet.",0.000851,0
i2t,10977,A bathroom filled with fixtures and a shower.,10977,A bathroom filled with fixtures and a shower.,0.001666,0
i2t,10977,"A bathroom with a toilet, tub, mirror, window and a shower pole.",10977,"A bathroom with a toilet, tub, mirror, window and a shower pole.",0.000388,0
i2t,10977,A bathroom that has a window by the toilet and sink.,10977,A bathroom that has a window by the toilet and sink.,0.002431,0
i2t,10977,"A bathroom has a window, mirror, towel rack, and sink in it.",10977,"A bathroom has a window, mirror, towel rack, and sink in it.",0.000364,0
i2t,10977,A small bathroom with a white toilet next to a shower curtain covered bath tub.,10977,A small bathroom with a white toilet next to a shower curtain covered bath tub.,0.000704,0
i2t,183648,A woman pats an elephant as a couple men watch.,183648,A woman pats an elephant as a couple men watch.,0.000079,0
i2t,183648,A man in a green shirt is standing next to an elephant.,183648,A man in a green shirt is standing next to an elephant.,0.000092,0
i2t,183648,The woman is looking at the elephant in amazement.,183648,The woman is looking at the elephant in amazement.,0.000148,0
i2t,183648,three people and one is petting an elephant,183648,three people and one is petting an elephant,0.000397,0
i2t,183648,An older woman is talking in front of an elephant.,183648,An older woman is talking in front of an elephant.,0.000126,0
i2t,183648,Three people standing next to a large elephant,183648,Three people standing next to a large elephant,0.000181,0
i2t,183648,three people standing by an elephant behind a fence,183648,three people standing by an elephant behind a fence,0.000380,0
i2t,183648,Looking up at elephants in an enclosure at the zoo,183648,Looking up at elephants in an enclosure at the zoo,0.000098,0
i2t,183648,A woman looking at an elephant in its enclosure.,183648,A woman looking at an elephant in its enclosure.,0.000077,0
i2t,183648,Two men and one woman in front of an elephant.,183648,Two men and one woman in front of an elephant.,0.000121,0
i2t,183648,A man wearing a hat and a gray jacket.,183648,A man wearing a hat and a gray jacket.,0.000119,0
i2t,183648,A man wearing glasses and a lavender shirt.,183648,A man wearing glasses and a lavender shirt.,0.000063,0
i2t,183648,A man in a suite wearing a pair of sunglasses.,183648,A man in a suite wearing a pair of sunglasses.,0.000054,0
i2t,183648,A man standing in front of a woman.,183648,A man standing in front of a woman.,0.000393,0
i2t,183648,A man with a bald head wearing a pair of glases.,183648,A man with a bald head wearing a pair of glases.,0.000054,0
i2t,183648,The man is listening on his cell phone,183648,The man is listening on his cell phone,0.000178,0
i2t,183648,A man wearing a blue blazer is also wearing a red hat.,183648,A man wearing a blue blazer is also wearing a red hat.,0.000045,0
i2t,183648,a white woman wearing a blue jacket holding a animal,183648,a white woman wearing a blue jacket holding a animal,0.000163,0
i2t,183648,The man is holding an object in his hand.,183648,The man is holding an object in his hand.,0.000074,0
i2t,183648,A man wearing a gray vest and a red stripe tie.,183648,A man wearing a gray vest and a red stripe tie.,0.000055,0
i2t,183648,a man handing an elephant a stick in an enclosure at a zoo,183648,a man handing an elephant a stick in an enclosure at a zoo,0.000058,0
i2t,183648,"An elephant looks very much like the elephant in the sign outside his enclosure, that is also directly in front of him, that tells visitors about him.",183648,"An elephant looks very much like the elephant in the sign outside his enclosure, that is also directly in front of him, that tells visitors about him.",0.000638,0
i2t,183648,a man is feeding an elephant over a fence,183648,a man is feeding an elephant over a fence,0.000111,0
i2t,183648,A man getting a kiss on the neck from an elephant's trunk,183648,A man getting a kiss on the neck from an elephant's trunk,0.000142,0
i2t,183648,An elephant standing next to an electric fence,183648,An elephant standing next to an electric fence,0.000156,0
i2t,183648,A brown and a gray elephant are in a circus ring and the brown elephant is walking behind the gray elephant as well as two people training them are standing nearby.,183648,A brown and a gray elephant are in a circus ring and the brown elephant is walking behind the gray elephant as well as two people training them are standing nearby.,0.000083,0
i2t,183648,an elephan standing around next to some people,183648,an elephan standing around next to some people,0.000241,0
i2t,183648,A man reaching out to an elephants trunk near a gate.,183648,A man reaching out to an elephants trunk near a gate.,0.000069,0
i2t,183648,The elephants are about to leave the ring.,183648,The elephants are about to leave the ring.,0.000088,0
i2t,183648,A man standing next to an elephant smiling,183648,A man standing next to an elephant smiling,0.000101,0
i2t,183648,A smiling man standing very close to a cute elephant.,183648,A smiling man standing very close to a cute elephant.,0.000148,0
i2t,183648,a person standing close to an elephant,183648,a person standing close to an elephant,0.000134,0
i2t,183648,A woman is watching an elephant in an enclosure.,183648,A woman is watching an elephant in an enclosure.,0.000070,0
i2t,183648,A woman standing behind a fence looking at an elephant.,183648,A woman standing behind a fence looking at an elephant.,0.000165,0
i2t,183648,A man watching two elephants behind a wire fence.,183648,A man watching two elephants behind a wire fence.,0.000219,0
i2t,405432,A box of donuts and a bag of nuts sitting on a table.,405432,A box of donuts and a bag of nuts sitting on a table.,0.000149,0
i2t,405432,A table with a bag of beans and donuts box on it.,405432,A table with a bag of beans and donuts box on it.,0.000375,0
i2t,405432,A box of donuts that is opened up.,405432,A box of donuts that is opened up.,0.000109,0
i2t,405432,Donuts and a bag of beans on a table with remote.,405432,Donuts and a bag of beans on a table with remote.,0.000096,0
i2t,405432,an open box of doughnuts on a table,405432,an open box of doughnuts on a table,0.000053,0
i2t,405432,Variety of doughnuts displayed in white cardboard box.,405432,Variety of doughnuts displayed in white cardboard box.,0.000061,0
i2t,405432,A box that has doughnuts inside of it.,405432,A box that has doughnuts inside of it.,0.000107,0
i2t,405432,Several boxes of doughnuts in a line on a table.,405432,Several boxes of doughnuts in a line on a table.,0.000044,0
i2t,405432,an open box of doughnuts on a wooden table,405432,an open box of doughnuts on a wooden table,0.000031,0
i2t,405432,A variety of different donuts in a box.,405432,A variety of different donuts in a box.,0.000031,0
i2t,405432,Various foreign snack foods are on a white table.,405432,Various foreign snack foods are on a white table.,0.000165,0
i2t,405432,A box of pastries is sitting on a table.,405432,A box of pastries is sitting on a table.,0.000097,0
i2t,405432,A desk topped with snacks and electronics with office supplies.,405432,A desk topped with snacks and electronics with office supplies.,0.000055,0
i2t,405432,a woman staring and some do nuts in a plate,405432,a woman staring and some do nuts in a plate,0.000118,0
i2t,405432,A corner of a rest room with a cookie and coffee.,405432,A corner of a rest room with a cookie and coffee.,0.000036,0
i2t,405432,Closeup of a bag containing a banana and a doughnut.,405432,Closeup of a bag containing a banana and a doughnut.,0.000053,0
i2t,405432,A line of products on a white surface.,405432,A line of products on a white surface.,0.001165,0
i2t,405432,desktop picture with laptop and food container full of food,405432,desktop picture with laptop and food container full of food,0.031082,0
i2t,405432,"Boxed meal of sandwich roll, orange juice and strawberry yogurt",405432,"Boxed meal of sandwich roll, orange juice and strawberry yogurt",0.034797,0
i2t,405432,cereal and juice are placed on top of a fridge,405432,cereal and juice are placed on top of a fridge,0.004224,0
i2t,405432,Arrows show what to do with the bowls of food.,405432,Arrows show what to do with the bowls of food.,0.001997,0
i2t,405432,A BOX OF DOUGHNUTS JUST SHORT OF A DOZEN,405432,A BOX OF DOUGHNUTS JUST SHORT OF A DOZEN,0.002634,0
i2t,405432,I do not know what this is supposed to be..,405432,I do not know what this is supposed to be..,0.534471,1
i2t,405432,Your guess is as good as mine as to what these objects are.,405432,Your guess is as good as mine as to what these objects are.,0.018011,0
i2t,405432,very well decorated and fruits in a very big box,405432,very well decorated and fruits in a very big box,0.002164,0
i2t,405432,A banana and donut in the same plastic bag.,405432,A banana and donut in the same plastic bag.,0.000050,0
i2t,405432,Someone is opening up a packaged product at a table.,405432,Someone is opening up a packaged product at a table.,0.000110,0
i2t,405432,Blender with portions of its contents spilled around it.,405432,Blender with portions of its contents spilled around it.,0.000035,0
i2t,405432,A banana and donut in a sandwich bag.,405432,A banana and donut in a sandwich bag.,0.000042,0
i2t,405432,Donuts in a box and a type of meat on a plate.,405432,Donuts in a box and a type of meat on a plate.,0.000090,0
i2t,405432,a close up of a banana and a doughnut in a plastic bag,405432,a close up of a banana and a doughnut in a plastic bag,0.000140,0
i2t,405432,a banana and a chocolate frosted donut sitting in a baggie,405432,a banana and a chocolate frosted donut sitting in a baggie,0.000066,0
i2t,405432,A few boxes of glazed donuts on a table.,405432,A few boxes of glazed donuts on a table.,0.000069,0
i2t,405432,A box of doughnuts and some food on a plate.,405432,A box of doughnuts and some food on a plate.,0.000059,0
i2t,47571,"A pair of people ride a small, horse drawn buggy near a large puddle of water.",47571,"A pair of people ride a small, horse drawn buggy near a large puddle of water.",0.009114,0
i2t,47571,A horse drawn carriage being pulled through the mud,47571,A horse drawn carriage being pulled through the mud,0.316429,0
i2t,47571,A man guiding a plow being pulled by two horses.,47571,A man guiding a plow being pulled by two horses.,0.000081,0
i2t,47571,A farmer with draught horses uses a plow to furrow,47571,A farmer with draught horses uses a plow to furrow,0.269411,0
i2t,47571,A wagon with driver being pulled by two draft horses.,47571,A wagon with driver being pulled by two draft horses.,0.000160,0
i2t,47571,A man is using two horses to plow his land.,47571,A man is using two horses to plow his land.,0.000075,0
i2t,47571,Two large brown horses pulling a plow as a farmer guides them.,47571,Two large brown horses pulling a plow as a farmer guides them.,0.000091,0
i2t,47571,Two ladies are riding in a wagon being pulled by a horse.,47571,Two ladies are riding in a wagon being pulled by a horse.,0.000134,0
i2t,47571,"Two brown horses pull a plow, steered by a man behind.",47571,"Two brown horses pull a plow, steered by a man behind.",0.000081,0
i2t,47571,A person and a horse splash through shallow water.,47571,A person and a horse splash through shallow water.,0.000588,0
i2t,47571,A horse and horserace holing a person on a cart.,47571,A horse and horserace holing a person on a cart.,0.000628,0
i2t,47571,Two irking horses pulling a piece of equipment guided by a man.,47571,Two irking horses pulling a piece of equipment guided by a man.,0.000160,0
i2t,47571,There is a horse pulling a carriage.,47571,There is a horse pulling a carriage.,0.178040,0
i2t,47571,a couple of horses pull a contraption,47571,a couple of horses pull a contraption,0.000285,0
i2t,47571,A person in a buggy drawn by a horse.,47571,A person in a buggy drawn by a horse.,0.000219,0
i2t,47571,a may leading a a boy on a pony with a rope,47571,a may leading a a boy on a pony with a rope,0.002997,0
i2t,47571,a person riding a horse drawn carriage,47571,a person riding a horse drawn carriage,0.255040,0
i2t,47571,White horse carrying a man in a black buggy.,47571,White horse carrying a man in a black buggy.,0.001102,0
i2t,47571,A man that is sitting on a cart attached to a horse.,47571,A man that is sitting on a cart attached to a horse.,0.000353,0
i2t,47571,A horse drawn carriage in a city stopped for a break.,47571,A horse drawn carriage in a city stopped for a break.,0.889130,1
i2t,47571,A rider takes their horse through some water at speed.,47571,A rider takes their horse through some water at speed.,0.436793,0
i2t,47571,A man behind farm equipment pulled by horses,47571,A man behind farm equipment pulled by horses,0.166000,0
i2t,47571,A young man riding in a cart attached to a horse.,47571,A young man riding in a cart attached to a horse.,0.000743,0
i2t,47571,A man and lady taking a horse and carriage ride.,47571,A man and lady taking a horse and carriage ride.,0.001186,0
i2t,47571,A horse carriage is sitting idly in the dessert.,47571,A horse carriage is sitting idly in the dessert.,0.094522,0
i2t,47571,Men are riding horses while going through the river.,47571,Men are riding horses while going through the river.,0.010980,0
i2t,47571,A horse drawn carriage with two women riding on it.,47571,A horse drawn carriage with two women riding on it.,0.000174,0
i2t,47571,A horse pulling a wagon with a conductor down the road.,47571,A horse pulling a wagon with a conductor down the road.,0.000365,0
i2t,47571,A horse pulls a small carriage in which two people are riding.,47571,A horse pulls a small carriage in which two people are riding.,0.000242,0
i2t,47571,A horse drawn carriage driving down a small road.,47571,A horse drawn carriage driving down a small road.,0.000687,0
i2t,47571,Some people sit in a carriage pulled by a horse.,47571,Some people sit in a carriage pulled by a horse.,0.000303,0
i2t,47571,A horse and carriage with people riding in it.,47571,A horse and carriage with people riding in it.,0.000372,0
i2t,47571,"A horse, buggy and driver sitting in front of a building.",47571,"A horse, buggy and driver sitting in front of a building.",0.000198,0
i2t,47571,a horse pulling a cart with a person on top of it,47571,a horse pulling a cart with a person on top of it,0.000304,0
i2t,47571,Two horses hitched to a wagon with a driver.,47571,Two horses hitched to a wagon with a driver.,0.000090,0
i2t,47571,Horse drawn carriage in wide open field with old fashioned clothing,47571,Horse drawn carriage in wide open field with old fashioned clothing,0.001050,0
i2t,570169,A brown teddy bear sitting at a table with colored pegs.,570169,A brown teddy bear sitting at a table with colored pegs.,0.000113,0
i2t,570169,a brown teddy bear and some wooden block toys,570169,a brown teddy bear and some wooden block toys,0.000532,0
i2t,570169,A teddy bear sitting in front of toy wooden shapes.,570169,A teddy bear sitting in front of toy wooden shapes.,0.000505,0
i2t,570169,A teddy bear is sitting near to a toy with pegs.,570169,A teddy bear is sitting near to a toy with pegs.,0.000045,0
i2t,570169,A brown teddy bear sits by a child's toy.,570169,A brown teddy bear sits by a child's toy.,0.000120,0
i2t,570169,A teddy bear with a hammer next to a peg board toy.,570169,A teddy bear with a hammer next to a peg board toy.,0.000099,0
i2t,570169,A teddy bear playing with a child's block toy.,570169,A teddy bear playing with a child's block toy.,0.000102,0
i2t,570169,A group of different colored teddy bears sitting on top of a blue table.,570169,A group of different colored teddy bears sitting on top of a blue table.,0.000057,0
i2t,570169,a teddy bear holding a stick next to a block toy,570169,a teddy bear holding a stick next to a block toy,0.000223,0
i2t,570169,"Green, yellow, and pink teddy bears sitting on top of a table on display.",570169,"Green, yellow, and pink teddy bears sitting on top of a table on display.",0.000034,0
i2t,570169,Teddy bear holding a hammer in front of block set,570169,Teddy bear holding a hammer in front of block set,0.009326,0
i2t,570169,The model toys are positioned on the table.,570169,The model toys are positioned on the table.,0.000057,0
i2t,570169,A row of wooden raid with various tools on them.,570169,A row of wooden raid with various tools on them.,0.000034,0
i2t,570169,Teddy bears do want to be ice hockey players.,570169,Teddy bears do want to be ice hockey players.,0.123890,0
i2t,570169,A little girl plays at changing her teddy bear's diaper.,570169,A little girl plays at changing her teddy bear's diaper.,0.000055,0
i2t,570169,A scene with a teddy bear playing hockey.,570169,A scene with a teddy bear playing hockey.,0.000057,0
i2t,570169,Teddy bear on the floor in an up ended table.,570169,Teddy bear on the floor in an up ended table.,0.000139,0
i2t,570169,A teddy bear sitting on top of a wooden bench.,570169,A teddy bear sitting on top of a wooden bench.,0.000142,0
i2t,570169,Children's toy animals are strewn across a floor.,570169,Children's toy animals are strewn across a floor.,0.000038,0
i2t,570169,A teddy bear and a stuffed raccoon sitting on a faded wooden outdoor chair.,570169,A teddy bear and a stuffed raccoon sitting on a faded wooden outdoor chair.,0.000037,0
i2t,570169,A teddy bear that appears to be made out of wood.,570169,A teddy bear that appears to be made out of wood.,0.000077,0
i2t,15272,A traffic light in front of trees with white blossoms.,15272,A traffic light in front of trees with white blossoms.,0.002278,0
i2t,15272,A traffic light hanging in front of blossoming trees.,15272,A traffic light hanging in front of blossoming trees.,0.000436,0
i2t,15272,A stoplight that has turned red on a road lined with trees that are in bloom.,15272,A stoplight that has turned red on a road lined with trees that are in bloom.,0.000195,0
i2t,15272,A red light is a wonderful contrast to the pink leaves on trees,15272,A red light is a wonderful contrast to the pink leaves on trees,0.762326,1
i2t,15272,a beautiful red bud tree full of flowers under a stop light,15272,a beautiful red bud tree full of flowers under a stop light,0.010236,0
i2t,15272,The parking meter is decorated in different colors.,15272,The parking meter is decorated in different colors.,0.000043,0
i2t,15272,There are a group of traffic lights on a nice day.,15272,There are a group of traffic lights on a nice day.,0.000122,0
i2t,15272,Large pink circles with beads going through them.,15272,Large pink circles with beads going through them.,0.000369,0
i2t,15272,A multi- tiered features pink and white flowers.,15272,A multi- tiered features pink and white flowers.,0.000046,0
i2t,15272,a collage with nine fire hydrants of different color combinations,15272,a collage with nine fire hydrants of different color combinations,0.000051,0
i2t,15272,A red stop light that is over a street.,15272,A red stop light that is over a street.,0.000696,0
i2t,15272,A traffic light sitting on the side of a road next to a tree.,15272,A traffic light sitting on the side of a road next to a tree.,0.000356,0
i2t,15272,A traffic light suspended over a street near a forest.,15272,A traffic light suspended over a street near a forest.,0.000211,0
i2t,15272,A traffic light on a metal pole by a tree.,15272,A traffic light on a metal pole by a tree.,0.000637,0
i2t,15272,a couple of red lights are hanging over a road,15272,a couple of red lights are hanging over a road,0.001411,0
i2t,15272,a stop light that is next to some trees and grass,15272,a stop light that is next to some trees and grass,0.000438,0
i2t,15272,A traffic light near a street sign is red.,15272,A traffic light near a street sign is red.,0.000562,0
i2t,15272,A view of a stoplight by a street.,15272,A view of a stoplight by a street.,0.000316,0
i2t,15272,A red stoplight with a street in the background.,15272,A red stoplight with a street in the background.,0.000260,0
i2t,15272,The sign is now at a red light.,15272,The sign is now at a red light.,0.036225,0
i2t,15272,A traffic light with a sad face on the red light.,15272,A traffic light with a sad face on the red light.,0.010333,0
i2t,15272,A traffic light has sad faces on the lights.,15272,A traffic light has sad faces on the lights.,0.005491,0
i2t,15272,Traffic lights and camera under a stormy sky.,15272,Traffic lights and camera under a stormy sky.,0.001518,0
i2t,15272,A signal light glows red by the street sign.,15272,A signal light glows red by the street sign.,0.000598,0
i2t,15272,Street signs and a traffic light on a pole beneath a tree.,15272,Street signs and a traffic light on a pole beneath a tree.,0.000563,0
i2t,15272,A stop sgn with a branch in front of it,15272,A stop sgn with a branch in front of it,0.000176,0
i2t,15272,A stop light on a road in the middle of a forest.,15272,A stop light on a road in the middle of a forest.,0.000083,0
i2t,15272,A red traffic light at night next to a Christmas Tree.,15272,A red traffic light at night next to a Christmas Tree.,0.000239,0
i2t,15272,A traffic light hanging over a road at a cross walk.,15272,A traffic light hanging over a road at a cross walk.,0.000382,0
i2t,415238,A painting of a vase with a sunflower on a table.,415238,A painting of a vase with a sunflower on a table.,0.001162,0
i2t,415238,A painting of flowers in vase setting on a table with two chairs.,415238,A painting of flowers in vase setting on a table with two chairs.,0.000407,0
i2t,415238,A painting that shows a vase with flowers and a table.,415238,A painting that shows a vase with flowers and a table.,0.009491,0
i2t,415238,The painting is of a vase of flowers on a table.,415238,The painting is of a vase of flowers on a table.,0.001272,0
i2t,415238,a painting of some colorful flowers on a table,415238,a painting of some colorful flowers on a table,0.002813,0
i2t,415238,A made up dinner table with a flower vase on the table.,415238,A made up dinner table with a flower vase on the table.,0.000285,0
i2t,415238,A kitchen with wooden furniture and a vase filled with red flowers.,415238,A kitchen with wooden furniture and a vase filled with red flowers.,0.000105,0
i2t,415238,A kitchen table and chairs with greenery and tulips.,415238,A kitchen table and chairs with greenery and tulips.,0.000384,0
i2t,415238,A painting of a table with fruit on top of it.,415238,A painting of a table with fruit on top of it.,0.000939,0
i2t,415238,A view of a table with a vase on the middle of it.,415238,A view of a table with a vase on the middle of it.,0.000429,0
i2t,415238,No one is in the room but there are chairs.,415238,No one is in the room but there are chairs.,0.000333,0
i2t,415238,A group of chairs sitting around a table.,415238,A group of chairs sitting around a table.,0.000069,0
i2t,415238,a table with chairs near a window,415238,a table with chairs near a window,0.005725,0
i2t,415238,a wooden dinette table and two chairs with place settings,415238,a wooden dinette table and two chairs with place settings,0.000101,0
i2t,415238,some red chairs are sitting around a small table,415238,some red chairs are sitting around a small table,0.000143,0
i2t,415238,Partial picture of a kitchen and a table and chairs under a lamp.,415238,Partial picture of a kitchen and a table and chairs under a lamp.,0.000163,0
i2t,415238,A wooden table holding two vases of flowers.,415238,A wooden table holding two vases of flowers.,0.000183,0
i2t,415238,a couple of thigs are sitting on a wood table,415238,a couple of thigs are sitting on a wood table,0.000252,0
i2t,415238,A painting of wilting yellow flowers in a jug.,415238,A painting of wilting yellow flowers in a jug.,0.002132,0
i2t,415238,"Painting of oranges, a bowl, candle, and a pitcher",415238,"Painting of oranges, a bowl, candle, and a pitcher",0.009944,0
i2t,415238,a painting of fruit and a candle with a vase,415238,a painting of fruit and a candle with a vase,0.001141,0
i2t,415238,The room has red walls with a blue chair,415238,The room has red walls with a blue chair,0.000947,0
i2t,415238,Red flowers sitting in a vase with a red wall behind them.,415238,Red flowers sitting in a vase with a red wall behind them.,0.000065,0
i2t,415238,A vase of flowers on a dining table.,415238,A vase of flowers on a dining table.,0.000366,0
i2t,415238,A vase full of red flowers sits in a room with red walls and red decorations.,415238,A vase full of red flowers sits in a room with red walls and red decorations.,0.000095,0
i2t,415238,A photo of the table with a vase and flour.,415238,A photo of the table with a vase and flour.,0.001683,0
i2t,415238,Flowers that are in a vase on a table.,415238,Flowers that are in a vase on a table.,0.000982,0
i2t,415238,Two vases of fresh flowers sit on top of the table.,415238,Two vases of fresh flowers sit on top of the table.,0.000537,0
i2t,415238,A vase sitting on top of a table with flowers in it.,415238,A vase sitting on top of a table with flowers in it.,0.001383,0
i2t,415238,A vase filled with red and white flowers on top of a table.,415238,A vase filled with red and white flowers on top of a table.,0.000136,0
i2t,415238,A hallway table with a vase of flowers next to a printed sitting chair.,415238,A hallway table with a vase of flowers next to a printed sitting chair.,0.000077,0
i2t,415238,A vase with red flowers in it on a table.,415238,A vase with red flowers in it on a table.,0.000134,0
i2t,441247,A family kitchen cluttered with items on the counters,441247,A family kitchen cluttered with items on the counters,0.001542,0
i2t,441247,A kitchen is shown in midst of repairs.,441247,A kitchen is shown in midst of repairs.,0.000247,0
i2t,441247,A busy kitchen next to a dining table and counters with chairs and tables,441247,A busy kitchen next to a dining table and counters with chairs and tables,0.001833,0
i2t,441247,A kitchen scene is shown with cabinets and appliances.,441247,A kitchen scene is shown with cabinets and appliances.,0.000589,0
i2t,441247,"A kitchen that has a tile floor, a refrigerator, a microwave, and a toaster.",441247,"A kitchen that has a tile floor, a refrigerator, a microwave, and a toaster.",0.000239,0
i2t,441247,A woman standing at a kitchen counter with a child and a dog is behind her.,441247,A woman standing at a kitchen counter with a child and a dog is behind her.,0.001411,0
i2t,441247,"A kitchen with two stoves, an island, and appliances.",441247,"A kitchen with two stoves, an island, and appliances.",0.002046,0
i2t,441247,A group of people standing in a kitchen having conversation.,441247,A group of people standing in a kitchen having conversation.,0.000304,0
i2t,441247,"Food is on the counter including a glass of water, rice, vegetables, and more",441247,"Food is on the counter including a glass of water, rice, vegetables, and more",0.000090,0
i2t,441247,In an unfinished room a counter sits with three chairs while a stove and cabinets sit in the distance.,441247,In an unfinished room a counter sits with three chairs while a stove and cabinets sit in the distance.,0.000339,0
i2t,441247,A woman sits in one of the easy chairs in the big living room.,441247,A woman sits in one of the easy chairs in the big living room.,0.025033,0
i2t,441247,A living room with a girl sitting in a chair,441247,A living room with a girl sitting in a chair,0.001625,0
i2t,441247,a living room that has a couple of chairs in it,441247,a living room that has a couple of chairs in it,0.001193,0
i2t,441247,A living room with a couple of furniture.,441247,A living room with a couple of furniture.,0.000749,0
i2t,441247,a large room that has both a kitchen and living room,441247,a large room that has both a kitchen and living room,0.007688,0
i2t,441247,"A room with chairs, a table, and a woman in it.",441247,"A room with chairs, a table, and a woman in it.",0.001202,0
i2t,441247,A person sitting a the couch in a living room.,441247,A person sitting a the couch in a living room.,0.001470,0
i2t,441247,The living room and kitchen of a home.,441247,The living room and kitchen of a home.,0.050042,0
i2t,441247,a couple of couches in a living room,441247,a couple of couches in a living room,0.001058,0
i2t,441247,Some people hanging around in a living room with a big couch.,441247,Some people hanging around in a living room with a big couch.,0.000143,0
i2t,441247,Lady in her living room playing with the dog.,441247,Lady in her living room playing with the dog.,0.098225,0
i2t,441247,A female plays with her dog in the living room,441247,A female plays with her dog in the living room,0.002591,0
i2t,441247,This is what your ceiling fan thinks your house looks like.,441247,This is what your ceiling fan thinks your house looks like.,0.525062,1
i2t,441247,A woman eating at her kitchen table,441247,A woman eating at her kitchen table,0.594607,1
i2t,441247,A man riding a scooter in the kitchen of a home.,441247,A man riding a scooter in the kitchen of a home.,0.010025,0
i2t,441247,Girls stands in living room with microphone.,441247,Girls stands in living room with microphone.,0.012039,0
i2t,441247,"View of kitchen sink, stainless refrigerator and breakfast room",441247,"View of kitchen sink, stainless refrigerator and breakfast room",0.019156,0
i2t,441247,A refrigerator in the corner of a kitchen just off the dining room,441247,A refrigerator in the corner of a kitchen just off the dining room,0.111605,0
i2t,441247,A woman looking at a broken ceiling light in a kitchen,441247,A woman looking at a broken ceiling light in a kitchen,0.000576,0
i2t,441247,Man and woman in the kitchen of a white house.,441247,Man and woman in the kitchen of a white house.,0.004354,0
i2t,441247,A photo looking into a kitchen and dining room with many blue accents.,441247,A photo looking into a kitchen and dining room with many blue accents.,0.002635,0
i2t,441247,Group of people sending around photography equipment and a living room.,441247,Group of people sending around photography equipment and a living room.,0.000335,0
i2t,441247,A view down into a living room and kitchen.,441247,A view down into a living room and kitchen.,0.003556,0
i2t,441247,a view of a kitchen from across the room.,441247,a view of a kitchen from across the room.,0.002124,0
i2t,441247,A young girl that is in a very clean and well stocked kitchen.,441247,A young girl that is in a very clean and well stocked kitchen.,0.001428,0
i2t,441247,A woman stands in the dining area at the table.,441247,A woman stands in the dining area at the table.,0.003429,0
i2t,441247,A kitchen and dining area in a house with an open floor plan that looks out over the landscape from a large set of windows.,441247,A kitchen and dining area in a house with an open floor plan that looks out over the landscape from a large set of windows.,0.002626,0
i2t,441247,A scene of an apartment with a dining table and a couple of couches.,441247,A scene of an apartment with a dining table and a couple of couches.,0.000257,0
i2t,441247,"A living room and kitchen areas features red, white, and wooden furniture.",441247,"A living room and kitchen areas features red, white, and wooden furniture.",0.000563,0
i2t,441247,A modern home kitchen and sitting area looking out towards the back yard,441247,A modern home kitchen and sitting area looking out towards the back yard,0.002682,0
i2t,441247,"A kitchen with a stove, sink, table, chairs and couches.",441247,"A kitchen with a stove, sink, table, chairs and couches.",0.000906,0
i2t,441247,A clean and tidy living area with a kitchen and green accents.,441247,A clean and tidy living area with a kitchen and green accents.,0.000209,0
i2t,441247,"A colorful living area with living room, dining room and a kitchen.",441247,"A colorful living area with living room, dining room and a kitchen.",0.007227,0
i2t,441247,A kitchen with hardwood floors and hardwood cabinets.,441247,A kitchen with hardwood floors and hardwood cabinets.,0.000289,0
i2t,441247,A kitchen that has carpeted floors and wooden cabinets.,441247,A kitchen that has carpeted floors and wooden cabinets.,0.000761,0
i2t,441247,Two women are laughing in the kitchen while they cook.,441247,Two women are laughing in the kitchen while they cook.,0.001116,0
i2t,441247,A kitchen with hardwood floors and a sink and oven.,441247,A kitchen with hardwood floors and a sink and oven.,0.000621,0
i2t,441247,The kitchen is clean and organized ready for us to use.,441247,The kitchen is clean and organized ready for us to use.,0.000185,0
i2t,441247,This is a black and white photo of a white kitchen.,441247,This is a black and white photo of a white kitchen.,0.000194,0
i2t,257624,A child standing outdoors in the yard playing with a kite,257624,A child standing outdoors in the yard playing with a kite,0.000122,0
i2t,257624,A young boy dressed in a tie plays outside by a water bowl.,257624,A young boy dressed in a tie plays outside by a water bowl.,0.000074,0
i2t,257624,A young child holding onto a kite while standing on a green grass covered field.,257624,A young child holding onto a kite while standing on a green grass covered field.,0.000078,0
i2t,257624,A child is posing with a tennis racquet.,257624,A child is posing with a tennis racquet.,0.000171,0
i2t,257624,A child with a backpack underneath an umbrella.,257624,A child with a backpack underneath an umbrella.,0.000058,0
i2t,257624,"A little girl stands, hand to face on the edge of a field.",257624,"A little girl stands, hand to face on the edge of a field.",0.000268,0
i2t,257624,a young girl wearing a dress plays with a baseball bat,257624,a young girl wearing a dress plays with a baseball bat,0.000110,0
i2t,257624,A smiling child stands under a pink and red umbrella.,257624,A smiling child stands under a pink and red umbrella.,0.000052,0
i2t,257624,A little girl holding a baseball bat on grass.,257624,A little girl holding a baseball bat on grass.,0.000196,0
i2t,257624,a young girl stands with her arms wrapped around a large blue umbrella,257624,a young girl stands with her arms wrapped around a large blue umbrella,0.000114,0
i2t,257624,a little girl is standing outside with a soccer ball,257624,a little girl is standing outside with a soccer ball,0.000392,0
i2t,257624,A young girl standing on top of a grass covered field.,257624,A young girl standing on top of a grass covered field.,0.000487,0
i2t,257624,A little girl standing in the grass with two soccer balls in front of her.,257624,A little girl standing in the grass with two soccer balls in front of her.,0.000074,0
i2t,257624,The young child is standing beside two soccer balls.,257624,The young child is standing beside two soccer balls.,0.000155,0
i2t,257624,Young girl dressed in pink with striped pants with one foot on skate board on typical suburban street.,257624,Young girl dressed in pink with striped pants with one foot on skate board on typical suburban street.,0.000112,0
i2t,257624,there is a young girl playing with soccer balls,257624,there is a young girl playing with soccer balls,0.000244,0
i2t,257624,A LITTLE GIRL DRESSED IN PINK ALSO HAS A PINK UMBRELLA,257624,A LITTLE GIRL DRESSED IN PINK ALSO HAS A PINK UMBRELLA,0.000065,0
i2t,257624,Two kids in pink and purple jackets standing by a fence.,257624,Two kids in pink and purple jackets standing by a fence.,0.000044,0
i2t,257624,a boy is standing next to a red ball outside,257624,a boy is standing next to a red ball outside,0.000129,0
i2t,257624,"Strike a pose, you hunky young tennis player!",257624,"Strike a pose, you hunky young tennis player!",0.409116,0
i2t,257624,Girls face to a soccer ball during a game.,257624,Girls face to a soccer ball during a game.,0.000332,0
i2t,257624,A little girl laughs and runs with a kite in a grassy park.,257624,A little girl laughs and runs with a kite in a grassy park.,0.000073,0
i2t,257624,A YOUNG GIRL PRACTICING BALL IS HOLDING HER MIT,257624,A YOUNG GIRL PRACTICING BALL IS HOLDING HER MIT,0.000439,0
i2t,257624,A girl is playing in a grassy area.,257624,A girl is playing in a grassy area.,0.000606,0
i2t,257624,a young boy on a soccer field standing in front of a ball.,257624,a young boy on a soccer field standing in front of a ball.,0.000065,0
i2t,257624,A boy standing by a soccer ball on a field.,257624,A boy standing by a soccer ball on a field.,0.000126,0
i2t,257624,Children playing and standing around in a green field.,257624,Children playing and standing around in a green field.,0.000091,0
i2t,257624,A little boy wearing a red shirt holding a white frisbee.,257624,A little boy wearing a red shirt holding a white frisbee.,0.000062,0
i2t,257624,A young boy in a red top is playing with a red object tossed in the sky.,257624,A young boy in a red top is playing with a red object tossed in the sky.,0.000039,0
i2t,257624,A group of small children chasing a soccer ball,257624,A group of small children chasing a soccer ball,0.000144,0
i2t,257624,a young boy is playing soccer on a field,257624,a young boy is playing soccer on a field,0.000179,0
i2t,257624,Several children watch while a girl in a pink sweatshirt plays with a Wii remote while another person with a little girl on their lap snuggle in a chair in the background.,257624,Several children watch while a girl in a pink sweatshirt plays with a Wii remote while another person with a little girl on their lap snuggle in a chair in the background.,0.000068,0
i2t,257624,a girl wearing all green playing soccer on a soccer field,257624,a girl wearing all green playing soccer on a soccer field,0.000154,0
i2t,215245,Several zebras stand in a field and graze.,215245,Several zebras stand in a field and graze.,0.000273,0
i2t,215245,A grassy field with various zebras standing next to each other.,215245,A grassy field with various zebras standing next to each other.,0.000307,0
i2t,215245,A herd of Zebras on a grassy plain.,215245,A herd of Zebras on a grassy plain.,0.000139,0
i2t,215245,A group of zebras stand together in a field.,215245,A group of zebras stand together in a field.,0.000242,0
i2t,215245,A group of zebras on a green plain,215245,A group of zebras on a green plain,0.004792,0
i2t,215245,A group of zebra standing on top of a grass covered field.,215245,A group of zebra standing on top of a grass covered field.,0.000330,0
i2t,215245,A panoramic view of zebras in a dry field.,215245,A panoramic view of zebras in a dry field.,0.000056,0
i2t,215245,A group of zebra stand in the plain.,215245,A group of zebra stand in the plain.,0.000821,0
i2t,215245,A group of zebras that are in a field.,215245,A group of zebras that are in a field.,0.000724,0
i2t,215245,A large group of zebras in a open field.,215245,A large group of zebras in a open field.,0.000311,0
i2t,215245,A bunch of zebras out in the wild.,215245,A bunch of zebras out in the wild.,0.000329,0
i2t,215245,The group of zebras are in the field.,215245,The group of zebras are in the field.,0.000135,0
i2t,215245,A herd of zebra in a grass field.,215245,A herd of zebra in a grass field.,0.000204,0
i2t,215245,Zebras with feral hogs in a wild habitat.,215245,Zebras with feral hogs in a wild habitat.,0.006023,0
i2t,215245,Zebras and rhinos out in the wild on a sunny day,215245,Zebras and rhinos out in the wild on a sunny day,0.000122,0
i2t,215245,a bunch of zebras out in a grassy field,215245,a bunch of zebras out in a grassy field,0.000655,0
i2t,215245,there seem to be very few animals on this field,215245,there seem to be very few animals on this field,0.019581,0
i2t,215245,Those zebras may have lost their parents and they could be nearby.,215245,Those zebras may have lost their parents and they could be nearby.,0.037050,0
i2t,215245,Zebras share a grassland with wild pigs in Africa.,215245,Zebras share a grassland with wild pigs in Africa.,0.000635,0
i2t,215245,a little zebra biting its own tali,215245,a little zebra biting its own tali,0.155082,0
i2t,215245,Zebras and wort hogs living together on the plains.,215245,Zebras and wort hogs living together on the plains.,0.023425,0
i2t,215245,A large group of zebras graze in the grasslands of africa,215245,A large group of zebras graze in the grasslands of africa,0.000300,0
i2t,215245,Panoramic image of zebras grazing and lying in a field.,215245,Panoramic image of zebras grazing and lying in a field.,0.001487,0
i2t,215245,A large open area of land that has several zebra of different sizes and warthogs near them.,215245,A large open area of land that has several zebra of different sizes and warthogs near them.,0.000087,0
i2t,215245,Four zebras stand together in a grassy plain.,215245,Four zebras stand together in a grassy plain.,0.000427,0
i2t,215245,Two zebras in an open field with grass.,215245,Two zebras in an open field with grass.,0.000231,0
i2t,215245,Three zebras standing next to each other in a meadow with other zebras visible behind them,215245,Three zebras standing next to each other in a meadow with other zebras visible behind them,0.000174,0
i2t,215245,Some zebras are on a plain of sands and grass.,215245,Some zebras are on a plain of sands and grass.,0.000104,0
i2t,215245,Two zebras graze in a field of short grass.,215245,Two zebras graze in a field of short grass.,0.000227,0
i2t,215245,A group of zebras standing and grazing in a grass field.,215245,A group of zebras standing and grazing in a grass field.,0.000320,0
i2t,215245,A herd of zebra are grazing in a grassy meadow.,215245,A herd of zebra are grazing in a grassy meadow.,0.000207,0
i2t,215245,A herd of zebras is grazing on the plains in the sunshine.,215245,A herd of zebras is grazing on the plains in the sunshine.,0.000105,0
i2t,215245,A herd of zebra stand on a plain in the wild.,215245,A herd of zebra stand on a plain in the wild.,0.000137,0
i2t,215245,A group of zebras in grassy field next to trees.,215245,A group of zebras in grassy field next to trees.,0.000225,0
i2t,215245,A group of zebras in a grassy area next to trees.,215245,A group of zebras in a grassy area next to trees.,0.000174,0
i2t,215245,Herd of zebra grazing on dried grasses in open field.,215245,Herd of zebra grazing on dried grasses in open field.,0.000174,0
i2t,215245,Several zebras grazing on grasses in a natural habitat.,215245,Several zebras grazing on grasses in a natural habitat.,0.000262,0
i2t,215245,A field full of zebras on a savannah grazing.,215245,A field full of zebras on a savannah grazing.,0.000183,0
i2t,530052,"There are 25 pictures of carrots varying in size, shape and color.",530052,"There are 25 pictures of carrots varying in size, shape and color.",0.002005,0
i2t,530052,"Baskets are displaying carrots, leafy greens, and other vegetables.",530052,"Baskets are displaying carrots, leafy greens, and other vegetables.",0.000985,0
i2t,530052,A pile of carrots for sale in an outside market.,530052,A pile of carrots for sale in an outside market.,0.001287,0
i2t,530052,A woman standing behind a table with carrots on it at a produce market.,530052,A woman standing behind a table with carrots on it at a produce market.,0.000544,0
i2t,530052,A lot of carrots on a wood board for sale.,530052,A lot of carrots on a wood board for sale.,0.000464,0
i2t,530052,A colorful display of vegetables and produce at a market.,530052,A colorful display of vegetables and produce at a market.,0.014076,0
i2t,530052,"A square plate of carrots, spinach and more.",530052,"A square plate of carrots, spinach and more.",0.000211,0
i2t,530052,some colorful carrots sitting on a table next to some other veggies,530052,some colorful carrots sitting on a table next to some other veggies,0.001714,0
i2t,530052,In lady standing with her hand on carrots in a market.,530052,In lady standing with her hand on carrots in a market.,0.002826,0
i2t,530052,A man holding up a bunch of root vegetables for sale.,530052,A man holding up a bunch of root vegetables for sale.,0.000253,0
i2t,530052,Carrots are sitting on the stand outside in a bunch,530052,Carrots are sitting on the stand outside in a bunch,0.000774,0
i2t,530052,A bunch of carrots sitting on a table.,530052,A bunch of carrots sitting on a table.,0.000911,0
i2t,530052,Troisgros are piled up for sale at a busy market.,530052,Troisgros are piled up for sale at a busy market.,0.001505,0
i2t,530052,a thing of carrots that are laying on a board,530052,a thing of carrots that are laying on a board,0.001966,0
i2t,530052,A group of carrots with an organically grown strip tag around them.,530052,A group of carrots with an organically grown strip tag around them.,0.000116,0
i2t,530052,A bunch pf different vegetables is on a crate next to a CSA pamphlet.,530052,A bunch pf different vegetables is on a crate next to a CSA pamphlet.,0.000336,0
i2t,530052,A display of healthy vegetables on a stand,530052,A display of healthy vegetables on a stand,0.035649,0
i2t,530052,A pallet holds a display of fresh vegetables.,530052,A pallet holds a display of fresh vegetables.,0.020594,0
i2t,530052,Man selling yellow and red carrots at a vegetable stand,530052,Man selling yellow and red carrots at a vegetable stand,0.163677,0
i2t,530052,Several different vegetables laid out on a pallet.,530052,Several different vegetables laid out on a pallet.,0.002876,0
i2t,530052,Fruits and vegetables are being sold in a market.,530052,Fruits and vegetables are being sold in a market.,0.102295,0
i2t,530052,A bunch of carrots sitting on top of a cutting board.,530052,A bunch of carrots sitting on top of a cutting board.,0.000604,0
i2t,530052,A woman selling raw carrots at an outdoor market,530052,A woman selling raw carrots at an outdoor market,0.050656,0
i2t,530052,A produce stand in an open air market with different veggies.,530052,A produce stand in an open air market with different veggies.,0.006555,0
i2t,492878,A sink surrounded by lots of tooth brushes and glasses.,492878,A sink surrounded by lots of tooth brushes and glasses.,0.060641,0
i2t,492878,Closeup of bathroom sink with oral care devices and a coffee mug.,492878,Closeup of bathroom sink with oral care devices and a coffee mug.,0.002959,0
i2t,492878,A sink with some toothbrushes and a mirror.,492878,A sink with some toothbrushes and a mirror.,0.011587,0
i2t,492878,A close up of a bathroom sink with a cup and toothbrushes.,492878,A close up of a bathroom sink with a cup and toothbrushes.,0.056046,0
i2t,492878,A white sink in a corner underneath a small mirror and light.,492878,A white sink in a corner underneath a small mirror and light.,0.000663,0
i2t,492878,"A cup, toothbrushes, and other items sit on the side of a small sink.",492878,"A cup, toothbrushes, and other items sit on the side of a small sink.",0.005817,0
i2t,492878,A close up look down in a sink with some items.,492878,A close up look down in a sink with some items.,0.014793,0
i2t,492878,A bathroom sink with mirror are shown in this picture.,492878,A bathroom sink with mirror are shown in this picture.,0.005546,0
i2t,492878,Two toothbrushes each in a glass on the sink.,492878,Two toothbrushes each in a glass on the sink.,0.004491,0
i2t,492878,A bathroom sink and its reflection in the mirror.,492878,A bathroom sink and its reflection in the mirror.,0.003969,0
i2t,492878,A bathroom sink with two toothbrush holders on it.,492878,A bathroom sink with two toothbrush holders on it.,0.034471,0
i2t,492878,A toothbrush in a cup sitting next to a sink.,492878,A toothbrush in a cup sitting next to a sink.,0.016222,0
i2t,492878,A toothbrush is sitting inside a cup next to a sink.,492878,A toothbrush is sitting inside a cup next to a sink.,0.010404,0
i2t,492878,A bathroom sink with two toothbrushes facing each other.,492878,A bathroom sink with two toothbrushes facing each other.,0.020990,0
i2t,492878,A sink with toiletry items setting on the edge.,492878,A sink with toiletry items setting on the edge.,0.004870,0
i2t,492878,Two toothbrushes sits on the opposite side of each other on the double faucet sink.,492878,Two toothbrushes sits on the opposite side of each other on the double faucet sink.,0.011856,0
i2t,492878,A double sink full of dirty cups and spoons,492878,A double sink full of dirty cups and spoons,0.007284,0
i2t,492878,A bathroom with a lot of items near the sink and counter.,492878,A bathroom with a lot of items near the sink and counter.,0.041403,0
i2t,492878,a sink a mirror a towel and some bottles,492878,a sink a mirror a towel and some bottles,0.080720,0
i2t,492878,"The bathroom has a wall sink, medicine cabinet, toothbrush holder, and bare walls.",492878,"The bathroom has a wall sink, medicine cabinet, toothbrush holder, and bare walls.",0.001425,0
i2t,492878,A bathroom sink with a bottle of hand soap,492878,A bathroom sink with a bottle of hand soap,0.027738,0
i2t,492878,"A sink, mirror and toiletries in a bathroom.",492878,"A sink, mirror and toiletries in a bathroom.",0.066691,0
i2t,492878,A sink in a bathroom is shown with other items.,492878,A sink in a bathroom is shown with other items.,0.055396,0
i2t,336309,A passenger airplane is taking off into a cloudy sky.,336309,A passenger airplane is taking off into a cloudy sky.,0.000929,0
i2t,336309,A gray airplane is flying high in the sky.,336309,A gray airplane is flying high in the sky.,0.000600,0
i2t,336309,A jet airliner flying in the air carrying some passengers.,336309,A jet airliner flying in the air carrying some passengers.,0.001154,0
i2t,336309,A pro plane and a jet play flying close to each other in the sky.,336309,A pro plane and a jet play flying close to each other in the sky.,0.000226,0
i2t,336309,A jetliner taking off from an airport runway.,336309,A jetliner taking off from an airport runway.,0.000280,0
i2t,336309,A large commercial airplane taking off into the sky,336309,A large commercial airplane taking off into the sky,0.002739,0
i2t,336309,a large air plane flying thru the air,336309,a large air plane flying thru the air,0.002972,0
i2t,336309,A large jetliner flying through a cloudy blue sky.,336309,A large jetliner flying through a cloudy blue sky.,0.002053,0
i2t,336309,An airplane in route with a cloudy sky behind it.,336309,An airplane in route with a cloudy sky behind it.,0.000386,0
i2t,336309,The bottom of a jumbo jet is flying through the air.,336309,The bottom of a jumbo jet is flying through the air.,0.000408,0
i2t,336309,A plane is flying in a blue cloudy sky.,336309,A plane is flying in a blue cloudy sky.,0.000488,0
i2t,336309,A airplane is flying through a cloudy blue sky.,336309,A airplane is flying through a cloudy blue sky.,0.003253,0
i2t,336309,A jet airplane coming in to land in a cloudy blue sky,336309,A jet airplane coming in to land in a cloudy blue sky,0.001058,0
i2t,336309,"A red, white, and blue plane is in the sky.",336309,"A red, white, and blue plane is in the sky.",0.000163,0
i2t,336309,An airplane flying in a cloudy blue sky.,336309,An airplane flying in a cloudy blue sky.,0.001098,0
i2t,336309,A big plane flying low on a cloudy sky,336309,A big plane flying low on a cloudy sky,0.002586,0
i2t,336309,An airplane flying high in the sky on a partly cloudy day.,336309,An airplane flying high in the sky on a partly cloudy day.,0.001726,0
i2t,336309,airplane on the runway and a cloudy sky,336309,airplane on the runway and a cloudy sky,0.011223,0
i2t,336309,A white plane flies in the cloudy sky.,336309,A white plane flies in the cloudy sky.,0.000467,0
i2t,336309,Aerial view of an airplane ascending in to the sky.,336309,Aerial view of an airplane ascending in to the sky.,0.000707,0
i2t,336309,A jetliner flying through a light blue sky.,336309,A jetliner flying through a light blue sky.,0.001181,0
i2t,336309,An airplane flying high in the sky,336309,An airplane flying high in the sky,0.024621,0
i2t,336309,The underside of an airplane taking off into the cloudy sky.,336309,The underside of an airplane taking off into the cloudy sky.,0.000249,0
i2t,336309,a large passenger airplane flying through a cloudy sky,336309,a large passenger airplane flying through a cloudy sky,0.003238,0
i2t,336309,An airplane is flying high in the cloudy sky,336309,An airplane is flying high in the cloudy sky,0.001273,0
i2t,336309,A large airplane flying in the blue sky.,336309,A large airplane flying in the blue sky.,0.001534,0
i2t,336309,A airplane that is flying in the sky.,336309,A airplane that is flying in the sky.,0.004379,0
i2t,336309,A passenger jet is flying across the sky.,336309,A passenger jet is flying across the sky.,0.001492,0
i2t,336309,a airplane that is flying through the sky,336309,a airplane that is flying through the sky,0.007574,0
i2t,336309,an airplane flying overhead in a blue sky,336309,an airplane flying overhead in a blue sky,0.001231,0
i2t,336309,An airplane is flying through clear blue sky.,336309,An airplane is flying through clear blue sky.,0.001591,0
i2t,336309,A red and white plane flying through a cloudy sky.,336309,A red and white plane flying through a cloudy sky.,0.000408,0
i2t,336309,"There is a large white, red and blue plane flying high in the sky",336309,"There is a large white, red and blue plane flying high in the sky",0.000300,0
i2t,12667,A banana placed on a phone on a table.,12667,A banana placed on a phone on a table.,0.000415,0
i2t,12667,The telephone has a banana where the receiver should be.,12667,The telephone has a banana where the receiver should be.,0.001246,0
i2t,12667,A banana replacing the phone on an answering machine,12667,A banana replacing the phone on an answering machine,0.027659,0
i2t,12667,A telephone has it receiver replaced with a banana.,12667,A telephone has it receiver replaced with a banana.,0.000586,0
i2t,12667,A phone with a banana where the receiver should be.,12667,A phone with a banana where the receiver should be.,0.010459,0
i2t,12667,A banana on top of a chair with a white background behind.,12667,A banana on top of a chair with a white background behind.,0.000088,0
i2t,12667,"A cellphone, piece of fruit and cup are on the table.",12667,"A cellphone, piece of fruit and cup are on the table.",0.000119,0
i2t,12667,A yellow ripe banana sitting on top of a wooden table.,12667,A yellow ripe banana sitting on top of a wooden table.,0.001619,0
i2t,12667,a small stereo a banana and a flashlight,12667,a small stereo a banana and a flashlight,0.004178,0
i2t,12667,A peeled banana on a table next to an unpeeled banana.,12667,A peeled banana on a table next to an unpeeled banana.,0.000273,0
i2t,12667,there is a yellow notebook on a black desk,12667,there is a yellow notebook on a black desk,0.000187,0
i2t,12667,a yellow book with a black pen on it,12667,a yellow book with a black pen on it,0.003143,0
i2t,12667,a list on a wall near other pieces of paper,12667,a list on a wall near other pieces of paper,0.000105,0
i2t,12667,a book a camera lens a cellphone on a white counter top,12667,a book a camera lens a cellphone on a white counter top,0.000244,0
i2t,12667,a table with a calculator and phone siting on it,12667,a table with a calculator and phone siting on it,0.000281,0
i2t,12667,A white desk is covered with papers and has a silver lap top on it.,12667,A white desk is covered with papers and has a silver lap top on it.,0.000041,0
i2t,12667,A pen sitting on top of an electronic devise,12667,A pen sitting on top of an electronic devise,0.000658,0
i2t,12667,A clean white keyboard laying on the table,12667,A clean white keyboard laying on the table,0.000137,0
i2t,12667,Part of a computer screen in front of a laptop.,12667,Part of a computer screen in front of a laptop.,0.000577,0
i2t,12667,A yellow pen on top of a closed lap top computer.,12667,A yellow pen on top of a closed lap top computer.,0.000075,0
i2t,12667,There is a phone on top of a calculator,12667,There is a phone on top of a calculator,0.000297,0
i2t,12667,A calculator and cell phone lay on a desk in front of a keyboard,12667,A calculator and cell phone lay on a desk in front of a keyboard,0.000125,0
i2t,12667,"There is an iphone, a blue pen, and a soda",12667,"There is an iphone, a blue pen, and a soda",0.130479,0
i2t,12667,An old cellphone that doesn't flip or have a touch screen.,12667,An old cellphone that doesn't flip or have a touch screen.,0.000404,0
i2t,12667,Many electronic devises and a tangle of wires are on and around the desk.,12667,Many electronic devises and a tangle of wires are on and around the desk.,0.000112,0
i2t,12667,A series of photos showing a banana holder.,12667,A series of photos showing a banana holder.,0.000808,0
i2t,12667,Four different photos of bananas and banana holders.,12667,Four different photos of bananas and banana holders.,0.000495,0
i2t,12667,A rotten banana in a small chair with a little radio.,12667,A rotten banana in a small chair with a little radio.,0.000100,0
i2t,12667,A lan line phone is hanging on the wall,12667,A lan line phone is hanging on the wall,0.001180,0
i2t,12667,a white phone cord and a phone and its phone wire,12667,a white phone cord and a phone and its phone wire,0.116994,0
i2t,12667,An overripe banana in a tiny chair with a flashlight and boombox.,12667,An overripe banana in a tiny chair with a flashlight and boombox.,0.000213,0
i2t,12667,"The cell phone is next to a pear, a mug, and a bottle of tea.",12667,"The cell phone is next to a pear, a mug, and a bottle of tea.",0.000050,0
i2t,12667,A cell phone on top of a calculator near a computer keyboard.,12667,A cell phone on top of a calculator near a computer keyboard.,0.000140,0
i2t,12667,a banana some papers and a pencil on a wooden table,12667,a banana some papers and a pencil on a wooden table,0.000435,0
i2t,321887,A sheep in a cage looking at sheep fur.,321887,A sheep in a cage looking at sheep fur.,0.001077,0
i2t,321887,A lamb standing up in a couch full of wool.,321887,A lamb standing up in a couch full of wool.,0.000357,0
i2t,321887,A freshly shorn sheep standing near a pile of wool.,321887,A freshly shorn sheep standing near a pile of wool.,0.000825,0
i2t,321887,A shorn sheep looks to the left of the picture.,321887,A shorn sheep looks to the left of the picture.,0.002200,0
i2t,321887,A large white sheep standing next to other sheep.,321887,A large white sheep standing next to other sheep.,0.003207,0
i2t,321887,A sheep's wool is being shaved off with shears.,321887,A sheep's wool is being shaved off with shears.,0.000501,0
i2t,321887,The sheep with most of it's wool shaved off stands near the herd.,321887,The sheep with most of it's wool shaved off stands near the herd.,0.000455,0
i2t,321887,White sheep standing in front of a colorful wall in a building.,321887,White sheep standing in front of a colorful wall in a building.,0.002377,0
i2t,321887,A sheep inspects a big pile of shaved sheep wool.,321887,A sheep inspects a big pile of shaved sheep wool.,0.001571,0
i2t,321887,A stuffed elephant standing in a museum window.,321887,A stuffed elephant standing in a museum window.,0.001812,0
i2t,321887,a white sheep against a colored background orange blue purple and yellow,321887,a white sheep against a colored background orange blue purple and yellow,0.013268,0
i2t,321887,a building with so many arts on it,321887,a building with so many arts on it,0.004880,0
i2t,321887,Different color paintings on the side of a building.,321887,Different color paintings on the side of a building.,0.000520,0
i2t,321887,A painted glass in Front of some lights,321887,A painted glass in Front of some lights,0.003884,0
i2t,321887,Poplewalk on the sidewalk near the colorfully striped building.,321887,Poplewalk on the sidewalk near the colorfully striped building.,0.000694,0
i2t,321887,A flat screen monitor shows a brightly colored image on the screen.,321887,A flat screen monitor shows a brightly colored image on the screen.,0.000361,0
i2t,321887,Headless statues show of clothing beneath a colored background.,321887,Headless statues show of clothing beneath a colored background.,0.001411,0
i2t,321887,Cat in window sill of colored panes on building,321887,Cat in window sill of colored panes on building,0.001134,0
i2t,321887,Smoke from a passing train obscures a huge mural.,321887,Smoke from a passing train obscures a huge mural.,0.002740,0
i2t,321887,a close up of a fluffy sheep's face,321887,a close up of a fluffy sheep's face,0.002618,0
i2t,321887,Sheep looking to camera over another sheep's back as seen through a fence,321887,Sheep looking to camera over another sheep's back as seen through a fence,0.008402,0
i2t,321887,The wholly sheep stands besides others in a cage.,321887,The wholly sheep stands besides others in a cage.,0.000594,0
i2t,321887,A white sheep looks at the camera and stands in the grass.,321887,A white sheep looks at the camera and stands in the grass.,0.000373,0
i2t,321887,An animal with horns wears a rope from its nose and ear to its neck.,321887,An animal with horns wears a rope from its nose and ear to its neck.,0.196559,0
i2t,321887,A sheep with short hair stands under a fence.,321887,A sheep with short hair stands under a fence.,0.000433,0
i2t,321887,A sheep stands in front of a box of colorful objects.,321887,A sheep stands in front of a box of colorful objects.,0.000686,0
i2t,321887,A mother sheep and a baby sheep pictured here.,321887,A mother sheep and a baby sheep pictured here.,0.002038,0
i2t,321887,A sheep is standing in a front some grass.,321887,A sheep is standing in a front some grass.,0.000925,0
i2t,321887,A large white sheep next to a small black one,321887,A large white sheep next to a small black one,0.000454,0
i2t,321887,a small sheep is standing in a pin,321887,a small sheep is standing in a pin,0.003650,0
i2t,321887,"Tagged, black faced sheep in a pen in a livestock yard",321887,"Tagged, black faced sheep in a pen in a livestock yard",0.000548,0
i2t,321887,A sheep with its mouth open in a pen.,321887,A sheep with its mouth open in a pen.,0.000718,0
i2t,352584,A toilet covered in glitter sitting inside of a room.,352584,A toilet covered in glitter sitting inside of a room.,0.000190,0
i2t,352584,A toilet that is made of material with sparkles.,352584,A toilet that is made of material with sparkles.,0.000240,0
i2t,352584,a toilet with glitter paint on it,352584,a toilet with glitter paint on it,0.020743,0
i2t,352584,The toilet is covered in sparkles with a red object in front of it.,352584,The toilet is covered in sparkles with a red object in front of it.,0.000072,0
i2t,352584,A restroom toilet and lid covered in silver glitter.,352584,A restroom toilet and lid covered in silver glitter.,0.000069,0
i2t,352584,a bathroom with a fancy toilet in it,352584,a bathroom with a fancy toilet in it,0.000371,0
i2t,352584,A photograph of a very decorated toilet in a bathroom.,352584,A photograph of a very decorated toilet in a bathroom.,0.000202,0
i2t,352584,A metallic toilet sitting in a small bathroom.,352584,A metallic toilet sitting in a small bathroom.,0.000184,0
i2t,352584,A fancy toilet bowl with golden scroll work on it.,352584,A fancy toilet bowl with golden scroll work on it.,0.000256,0
i2t,352584,A well decorated toilet seat with undecorated surroundings.,352584,A well decorated toilet seat with undecorated surroundings.,0.000061,0
i2t,352584,I do not know what this is supposed to be..,352584,I do not know what this is supposed to be..,0.630282,1
i2t,352584,That looks like it may be hiding under something.,352584,That looks like it may be hiding under something.,0.001697,0
i2t,352584,Large pink circles with beads going through them.,352584,Large pink circles with beads going through them.,0.000112,0
i2t,352584,There is a white cord hanging down a wall.,352584,There is a white cord hanging down a wall.,0.000042,0
i2t,352584,A small dug stands on a white rug in the bathroom.,352584,A small dug stands on a white rug in the bathroom.,0.000055,0
i2t,352584,Glass is hanging on the white wall all bunched together.,352584,Glass is hanging on the white wall all bunched together.,0.000076,0
i2t,352584,"Metal commode from above, photographer's shoes visible.",352584,"Metal commode from above, photographer's shoes visible.",0.000387,0
i2t,352584,a white room with not that much in it,352584,a white room with not that much in it,0.000121,0
i2t,352584,THERE ARE DIFFRENT TROPHIES ON DISPLAY ON THE WALL,352584,THERE ARE DIFFRENT TROPHIES ON DISPLAY ON THE WALL,0.000069,0
i2t,352584,a couple of pans you would use to pee in,352584,a couple of pans you would use to pee in,0.470603,0
i2t,352584,a white urinal white tiles a red table with a dish,352584,a white urinal white tiles a red table with a dish,0.000465,0
i2t,352584,A sculpture of a toilet made from woven wood.,352584,A sculpture of a toilet made from woven wood.,0.000137,0
i2t,352584,White toilet in a small tiled room rainbows on toilet,352584,White toilet in a small tiled room rainbows on toilet,0.000157,0
i2t,352584,A toilet that has a novelty toilet seat and lid.,352584,A toilet that has a novelty toilet seat and lid.,0.000119,0
i2t,352584,A close-up picture of a toilet with a fountain.,352584,A close-up picture of a toilet with a fountain.,0.000226,0
i2t,352584,A white and gold fancy toilet and stainless trash can.,352584,A white and gold fancy toilet and stainless trash can.,0.000113,0
i2t,352584,A bathroom toilet seat lid is highly decorated.,352584,A bathroom toilet seat lid is highly decorated.,0.000091,0
i2t,405249,A group of kids at a table with a cake.,405249,A group of kids at a table with a cake.,0.000182,0
i2t,405249,Several children are around a table at a birthday party.,405249,Several children are around a table at a birthday party.,0.000174,0
i2t,405249,A group of young children sitting around a chocolate cake.,405249,A group of young children sitting around a chocolate cake.,0.000076,0
i2t,405249,Children gather around the table with party hats on .,405249,Children gather around the table with party hats on .,0.000078,0
i2t,405249,a child blows out the candles on a birthday cake.,405249,a child blows out the candles on a birthday cake.,0.000081,0
i2t,405249,Women and children are gathered around a blue cake.,405249,Women and children are gathered around a blue cake.,0.000090,0
i2t,405249,many people standing near a table with cake,405249,many people standing near a table with cake,0.000591,0
i2t,405249,Four children sit eating birthday cake at a picnic table.,405249,Four children sit eating birthday cake at a picnic table.,0.000110,0
i2t,405249,A group of people sit at a table with cake.,405249,A group of people sit at a table with cake.,0.000104,0
i2t,405249,A group of young children sitting around a long table.,405249,A group of young children sitting around a long table.,0.000038,0
i2t,405249,A young boy about to blow out candles,405249,A young boy about to blow out candles,0.001050,0
i2t,405249,a young child looking at a birthday cupcake,405249,a young child looking at a birthday cupcake,0.000339,0
i2t,405249,A boy getting ready to blow out candles on a birthday cake.,405249,A boy getting ready to blow out candles on a birthday cake.,0.000137,0
i2t,405249,A boy is blowing his candles on his ninth birthday.,405249,A boy is blowing his candles on his ninth birthday.,0.000090,0
i2t,405249,A young boy with a spoon looking at a birthday cupcake.,405249,A young boy with a spoon looking at a birthday cupcake.,0.000080,0
i2t,405249,A toddler celebrates his birthday with a cupcake.,405249,A toddler celebrates his birthday with a cupcake.,0.000076,0
i2t,405249,A boy getting ready to blow out birthday candles with a girl watching.,405249,A boy getting ready to blow out birthday candles with a girl watching.,0.000110,0
i2t,405249,Children at a birthday party sitting at a picnic table.,405249,Children at a birthday party sitting at a picnic table.,0.000149,0
i2t,405249,a young kid sits in front of a birth day cake,405249,a young kid sits in front of a birth day cake,0.000111,0
i2t,405249,Man blows out burning birthday candles which makes the flames higher.,405249,Man blows out burning birthday candles which makes the flames higher.,0.000091,0
i2t,405249,A family gathering and they are celebrating with a cake.,405249,A family gathering and they are celebrating with a cake.,0.000112,0
i2t,405249,Many people around a chocolate birthday cake with candles.,405249,Many people around a chocolate birthday cake with candles.,0.000243,0
i2t,405249,A man lighting candles on a birthday cake for a little girl.,405249,A man lighting candles on a birthday cake for a little girl.,0.000128,0
i2t,405249,A child sitting cross legged in front of a birthday cake.,405249,A child sitting cross legged in front of a birthday cake.,0.000094,0
i2t,290163,A little girl puts her hand in a pasta dish.,290163,A little girl puts her hand in a pasta dish.,0.000091,0
i2t,290163,a young girl making a plate of food,290163,a young girl making a plate of food,0.001858,0
i2t,290163,An empty plate with a fork is shown in between two children.,290163,An empty plate with a fork is shown in between two children.,0.000080,0
i2t,290163,A young girl preparing a dish of some sort.,290163,A young girl preparing a dish of some sort.,0.000174,0
i2t,290163,Two children in the kitchen making hand made pizzas,290163,Two children in the kitchen making hand made pizzas,0.000144,0
i2t,290163,a little girl in a blue apron and chefs hat and a girl in a red apron and hat,290163,a little girl in a blue apron and chefs hat and a girl in a red apron and hat,0.003380,0
i2t,290163,A young child standing in front of a table with plates of food.,290163,A young child standing in front of a table with plates of food.,0.000155,0
i2t,290163,A young child holds up her bowl with a spoon in it.,290163,A young child holds up her bowl with a spoon in it.,0.000062,0
i2t,290163,A young girl is eating out of a big bowl,290163,A young girl is eating out of a big bowl,0.000130,0
i2t,290163,Two little girls standing next to each other making pizza.,290163,Two little girls standing next to each other making pizza.,0.000307,0
i2t,290163,two children being entertained by preparing pizza at home.,290163,two children being entertained by preparing pizza at home.,0.000169,0
i2t,290163,The boy and girl are making pizzas together.,290163,The boy and girl are making pizzas together.,0.000190,0
i2t,290163,a man holding a piece of pizza in front of a kid,290163,a man holding a piece of pizza in front of a kid,0.000072,0
i2t,290163,a child at a table with a plate of pizza,290163,a child at a table with a plate of pizza,0.000106,0
i2t,290163,A child on a counter by a plate of fires.,290163,A child on a counter by a plate of fires.,0.000322,0
i2t,290163,A little girl looking at a pizza pie,290163,A little girl looking at a pizza pie,0.000080,0
i2t,290163,She happily downs another piece of their pizza.,290163,She happily downs another piece of their pizza.,0.002783,0
i2t,290163,They are going to serve pizza for lunch today.,290163,They are going to serve pizza for lunch today.,0.000417,0
i2t,290163,That salad and pizza make a filling lunch.,290163,That salad and pizza make a filling lunch.,0.002190,0
i2t,290163,A YOUNG GIRL EATING PIZZA DRESSED AS A EGYPTION,290163,A YOUNG GIRL EATING PIZZA DRESSED AS A EGYPTION,0.000260,0
i2t,290163,A little girl grins at her plate of pizza.,290163,A little girl grins at her plate of pizza.,0.000077,0
i2t,290163,Two little girls in the kitchen making cheese pizzas.,290163,Two little girls in the kitchen making cheese pizzas.,0.000083,0
i2t,290163,A smiling girl has a small plate of pizza.,290163,A smiling girl has a small plate of pizza.,0.000074,0
i2t,290163,Two girls working outside cooking and cutting pizza.,290163,Two girls working outside cooking and cutting pizza.,0.000494,0
i2t,290163,A pretty young lady making a pizza next to a man in a kitchen.,290163,A pretty young lady making a pizza next to a man in a kitchen.,0.000097,0
i2t,290163,two women are cutting and preparing a pizza,290163,two women are cutting and preparing a pizza,0.000218,0
i2t,290163,Two small children sit at the table and eat pizza,290163,Two small children sit at the table and eat pizza,0.000111,0
i2t,290163,The little girl is busy eating her pizza at the table.,290163,The little girl is busy eating her pizza at the table.,0.000181,0
i2t,290163,Many children are sitting at a dining table eating pizza.,290163,Many children are sitting at a dining table eating pizza.,0.000324,0
i2t,290163,A group of children sitting at a long table eating pizza.,290163,A group of children sitting at a long table eating pizza.,0.000095,0
i2t,290163,A little girl sitting in front of a white plate with pizza.,290163,A little girl sitting in front of a white plate with pizza.,0.000141,0
i2t,66817,"A meal of fried food, beans, rice, cream and fruit.",66817,"A meal of fried food, beans, rice, cream and fruit.",0.000345,0
i2t,66817,A white plate topped with meat veggies and rice with sauce.,66817,A white plate topped with meat veggies and rice with sauce.,0.000115,0
i2t,66817,A white plate of food tha includes meat and vegetables.,66817,A white plate of food tha includes meat and vegetables.,0.000091,0
i2t,66817,Assorted meal sitting on a plate with a white glass of milk.,66817,Assorted meal sitting on a plate with a white glass of milk.,0.001487,0
i2t,66817,"Four containers of cooked rice, carrots, beans and an egg",66817,"Four containers of cooked rice, carrots, beans and an egg",0.000290,0
i2t,66817,a chicken meal with carrots broccoli and rice,66817,a chicken meal with carrots broccoli and rice,0.000050,0
i2t,66817,A dinner plate that has white steamed rice with stir fry vegetables and chicken.,66817,A dinner plate that has white steamed rice with stir fry vegetables and chicken.,0.000076,0
i2t,66817,A white plate containing a serving of food.,66817,A white plate containing a serving of food.,0.000131,0
i2t,66817,A white plate filled with meat and vegetables.,66817,A white plate filled with meat and vegetables.,0.000085,0
i2t,66817,"A serving of rice, carrots, green pod beans and an egg each in their own small plastic containers.",66817,"A serving of rice, carrots, green pod beans and an egg each in their own small plastic containers.",0.000202,0
i2t,66817,A serving of food on a white plate.,66817,A serving of food on a white plate.,0.000134,0
i2t,66817,"A plate of food, and a bowl of white rice",66817,"A plate of food, and a bowl of white rice",0.001799,0
i2t,66817,A white plate with a pile of food on it.,66817,A white plate with a pile of food on it.,0.000180,0
i2t,66817,A white plate of food on a table.,66817,A white plate of food on a table.,0.000231,0
i2t,66817,A dish with meat and vegetables set on a bed of rice.,66817,A dish with meat and vegetables set on a bed of rice.,0.000049,0
i2t,66817,some food is laying on a white plate,66817,some food is laying on a white plate,0.000274,0
i2t,66817,"Breakfast sits on the table, with eggs, hash brown and roll.",66817,"Breakfast sits on the table, with eggs, hash brown and roll.",0.001067,0
i2t,66817,Portioned lunch in front of laptop in nice workspace.,66817,Portioned lunch in front of laptop in nice workspace.,0.064564,0
i2t,66817,In a classroom school lunch for the school boys.,66817,In a classroom school lunch for the school boys.,0.425175,0
i2t,66817,This tray includes several different items for a full breakfast.,66817,This tray includes several different items for a full breakfast.,0.007081,0
i2t,66817,A plate of food and a glass of orange juice.,66817,A plate of food and a glass of orange juice.,0.000227,0
i2t,66817,A plate of food with a fried egg and colorful vegetables.,66817,A plate of food with a fried egg and colorful vegetables.,0.000090,0
i2t,66817,Breakfast items including juice are on the table.,66817,Breakfast items including juice are on the table.,0.001498,0
i2t,66817,This plate consists of rice with sauce and peas and meat patties on the side.,66817,This plate consists of rice with sauce and peas and meat patties on the side.,0.000182,0
i2t,66817,"A tray with carrots, peas, rice, and a hard boiled egg.",66817,"A tray with carrots, peas, rice, and a hard boiled egg.",0.000091,0
i2t,66817,"A tray with carrots, snap beans, mash potatoes and an egg.",66817,"A tray with carrots, snap beans, mash potatoes and an egg.",0.000099,0
i2t,66817,The meal is ready on the tray to be eaten.,66817,The meal is ready on the tray to be eaten.,0.000171,0
i2t,66817,The dinner on the plate is ready to eat.,66817,The dinner on the plate is ready to eat.,0.000342,0
i2t,66817,A meal is ready to be eaten with its silverware.,66817,A meal is ready to be eaten with its silverware.,0.000187,0
i2t,66817,Meat and baked beans are on a plate. There's also a side of vegetables.,66817,Meat and baked beans are on a plate. There's also a side of vegetables.,0.000060,0
i2t,66817,A meal is lying on a plate on a table.,66817,A meal is lying on a plate on a table.,0.000390,0
i2t,66817,A picture of some food on a plate,66817,A picture of some food on a plate,0.001638,0
i2t,66817,A plate of chicken and vegetables sits next to a bowl of rice.,66817,A plate of chicken and vegetables sits next to a bowl of rice.,0.000144,0
i2t,66817,"A plate of food sitting on a table, it appears to be a salad.",66817,"A plate of food sitting on a table, it appears to be a salad.",0.000090,0
i2t,66817,a plate with some vegetables and rice on a plate,66817,a plate with some vegetables and rice on a plate,0.000268,0
i2t,66817,The meal on the dish is ready to be eaten.,66817,The meal on the dish is ready to be eaten.,0.000143,0
i2t,66817,A plate of cooked food in seen in this image.,66817,A plate of cooked food in seen in this image.,0.001709,0
i2t,66817,"A plate of food with rice and beans, broccoli and meat.",66817,"A plate of food with rice and beans, broccoli and meat.",0.000060,0
i2t,66817,A plate topped with rice and meat next to bread.,66817,A plate topped with rice and meat next to bread.,0.000263,0
i2t,66817,"A plate of food, rice bowl, and a soup bowl is on a tray.",66817,"A plate of food, rice bowl, and a soup bowl is on a tray.",0.000142,0
i2t,66817,"A plate of food containing carrots, potatoes and meat.",66817,"A plate of food containing carrots, potatoes and meat.",0.000084,0
i2t,66817,a white plate with some food and two trays of sauce,66817,a white plate with some food and two trays of sauce,0.000498,0
i2t,66817,A white plate sitting on a table filled with food.,66817,A white plate sitting on a table filled with food.,0.000484,0
i2t,291664,a brown dog with a collar sniffing a red fire hydrant,291664,a brown dog with a collar sniffing a red fire hydrant,0.008339,0
i2t,291664,a dog sniffing a red fire hydrant near grass,291664,a dog sniffing a red fire hydrant near grass,0.002182,0
i2t,291664,A dog standing next to a fire hydrant on a green grass covered park.,291664,A dog standing next to a fire hydrant on a green grass covered park.,0.000605,0
i2t,291664,An old dog sniffs a red fire hydrant.,291664,An old dog sniffs a red fire hydrant.,0.003572,0
i2t,291664,A dog sniffs the base of a fire hydrant.,291664,A dog sniffs the base of a fire hydrant.,0.000544,0
i2t,291664,A large dog tied to a yellow fire hydrant.,291664,A large dog tied to a yellow fire hydrant.,0.001982,0
i2t,291664,A dog is tied to a fire hydrant.,291664,A dog is tied to a fire hydrant.,0.003334,0
i2t,291664,A dog anchored to a fire hydrant by his leash.,291664,A dog anchored to a fire hydrant by his leash.,0.000775,0
i2t,291664,An adorable grey poodle standing next to a fire hydrant.,291664,An adorable grey poodle standing next to a fire hydrant.,0.000191,0
i2t,291664,A dog sitting with his leash tied to a fire hydrant,291664,A dog sitting with his leash tied to a fire hydrant,0.001544,0
i2t,291664,TWO PET DOGS ARE ON A LEASH,291664,TWO PET DOGS ARE ON A LEASH,0.030176,0
i2t,291664,A dog with a collar standing on the grass,291664,A dog with a collar standing on the grass,0.001470,0
i2t,291664,a black brown and white dog with a red collar,291664,a black brown and white dog with a red collar,0.032188,0
i2t,291664,A tog is leashed to a post on the sidewalk.,291664,A tog is leashed to a post on the sidewalk.,0.001199,0
i2t,291664,A mixed breed dog in a red collar pants in the heat outdoors.,291664,A mixed breed dog in a red collar pants in the heat outdoors.,0.001110,0
i2t,291664,Small dog waiting for green frisbee to be thrown.,291664,Small dog waiting for green frisbee to be thrown.,0.000274,0
i2t,291664,A large dog is tied up to a fire hydrant.,291664,A large dog is tied up to a fire hydrant.,0.001221,0
i2t,291664,A fire hydrant sits in the middle of the park,291664,A fire hydrant sits in the middle of the park,0.000099,0
i2t,291664,A black and white dog examines something on the ground.,291664,A black and white dog examines something on the ground.,0.000252,0
i2t,291664,A black poodle is leashed to a fire hydrant.,291664,A black poodle is leashed to a fire hydrant.,0.000271,0
i2t,291664,A dog laying on the ground its leash tied to a fire hydrant.,291664,A dog laying on the ground its leash tied to a fire hydrant.,0.002206,0
i2t,291664,A red fire hydrant sitting on a patch of green grass.,291664,A red fire hydrant sitting on a patch of green grass.,0.000174,0
i2t,291664,The fire hydrant in the green grass is red.,291664,The fire hydrant in the green grass is red.,0.000084,0
i2t,291664,A fire hydrant that is sitting in the grass.,291664,A fire hydrant that is sitting in the grass.,0.000272,0
i2t,553990,A horse and rider making a jump over a fence on a field,553990,A horse and rider making a jump over a fence on a field,0.110098,0
i2t,553990,an equestrian riding a horse jumping an obstacle,553990,an equestrian riding a horse jumping an obstacle,0.175198,0
i2t,553990,A young person ridding a horse jumps a gate in a competition.,553990,A young person ridding a horse jumps a gate in a competition.,0.161138,0
i2t,553990,A horse rider on a brown horse going over a tall jump.,553990,A horse rider on a brown horse going over a tall jump.,0.001351,0
i2t,553990,Rider on a horse jumping over a fence,553990,Rider on a horse jumping over a fence,0.530681,1
i2t,553990,A horse and rider jumping over a bar on a track.,553990,A horse and rider jumping over a bar on a track.,0.009005,0
i2t,553990,A rider and horse are a third of the way into a jump.,553990,A rider and horse are a third of the way into a jump.,0.225471,0
i2t,553990,A person jumping a horse over an obstacle on a course.,553990,A person jumping a horse over an obstacle on a course.,0.000279,0
i2t,553990,The horse and rider are jumping over the yellow structure.,553990,The horse and rider are jumping over the yellow structure.,0.000647,0
i2t,553990,A person jumping a horse over a wooden obstacle.,553990,A person jumping a horse over a wooden obstacle.,0.000174,0
i2t,553990,A woman on a horse jumping a bar on a course.,553990,A woman on a horse jumping a bar on a course.,0.010488,0
i2t,553990,Horse number 11 and 6 engaged in a horse race.,553990,Horse number 11 and 6 engaged in a horse race.,0.452165,0
i2t,553990,Horse above hurdle at Kentucky horse show event.,553990,Horse above hurdle at Kentucky horse show event.,0.013890,0
i2t,553990,a woman getting her horse to jump over a couple of poles,553990,a woman getting her horse to jump over a couple of poles,0.000716,0
i2t,553990,there is a woman jockey riding a hose over the hurdle,553990,there is a woman jockey riding a hose over the hurdle,0.000335,0
i2t,553990,A person riding a horse who is jumping over obstacles.,553990,A person riding a horse who is jumping over obstacles.,0.001642,0
i2t,553990,The horse is jumping over the poles outside.,553990,The horse is jumping over the poles outside.,0.000850,0
i2t,553990,"The puppy is wearing a black, white and pink apparatus.",553990,"The puppy is wearing a black, white and pink apparatus.",0.000036,0
i2t,553990,Competitive spirit during a competition in mid air,553990,Competitive spirit during a competition in mid air,0.052051,0
i2t,553990,"A female equestrian on a brown horse, jumping over a double hurdle.",553990,"A female equestrian on a brown horse, jumping over a double hurdle.",0.261115,0
i2t,553990,A woman riding a horse jumps over an obstacle.,553990,A woman riding a horse jumps over an obstacle.,0.001927,0
i2t,553990,A woman is riding a horse as it jumps over a bar.,553990,A woman is riding a horse as it jumps over a bar.,0.000321,0
i2t,553990,A person sitting on a horse in air over gate in grass with people and trees in background.,553990,A person sitting on a horse in air over gate in grass with people and trees in background.,0.000142,0
i2t,553990,A man jumping a brown horse over an obstacle.,553990,A man jumping a brown horse over an obstacle.,0.000235,0
i2t,553990,A woman riding on the back of a brown horse over an obstacle.,553990,A woman riding on the back of a brown horse over an obstacle.,0.000329,0
i2t,553990,A person riding the horse jumping over a wooden obstacle.,553990,A person riding the horse jumping over a wooden obstacle.,0.000423,0
i2t,553990,A person on a horse jumping over a obstacle.,553990,A person on a horse jumping over a obstacle.,0.000317,0
i2t,294831,Two slices of chicken pizza on a plate.,294831,Two slices of chicken pizza on a plate.,0.001081,0
i2t,294831,A little funny rabbit figure is sitting in the middle of half eaten pizza.,294831,A little funny rabbit figure is sitting in the middle of half eaten pizza.,0.000388,0
i2t,294831,A piece of pizza sitting on a plate while a t.v. is on.,294831,A piece of pizza sitting on a plate while a t.v. is on.,0.007161,0
i2t,294831,A small uneaten pizza on a plate sits on a table.,294831,A small uneaten pizza on a plate sits on a table.,0.003452,0
i2t,294831,a single slice of pizza with ham slices on it on a plate,294831,a single slice of pizza with ham slices on it on a plate,0.002320,0
i2t,294831,this is an image of a plate of pizza with a toy bunny.,294831,this is an image of a plate of pizza with a toy bunny.,0.000945,0
i2t,294831,A plate with a slice of pizza sits on a table.,294831,A plate with a slice of pizza sits on a table.,0.008162,0
i2t,294831,A pizza sits half eaten on a plate.,294831,A pizza sits half eaten on a plate.,0.009598,0
i2t,294831,Two slices of pizza are sitting on a paper plate.,294831,Two slices of pizza are sitting on a paper plate.,0.020956,0
i2t,294831,An unbaked pizza with cheese and herbs on one half and broccoli on the second.,294831,An unbaked pizza with cheese and herbs on one half and broccoli on the second.,0.000133,0
i2t,294831,Someone is holding a black plate with two slices of pizza.,294831,Someone is holding a black plate with two slices of pizza.,0.003150,0
i2t,294831,Two slices of pizza on a black plate,294831,Two slices of pizza on a black plate,0.023149,0
i2t,294831,A dish of some sort on a pizza stone.,294831,A dish of some sort on a pizza stone.,0.000540,0
i2t,294831,Someone ordered a piece of pizza for dinner that does not have much cheese on it,294831,Someone ordered a piece of pizza for dinner that does not have much cheese on it,0.001969,0
i2t,294831,A person with a piece of pizza over a plate.,294831,A person with a piece of pizza over a plate.,0.017190,0
i2t,294831,Flat pizza like object sitting on table with a person taking a slice,294831,Flat pizza like object sitting on table with a person taking a slice,0.001450,0
i2t,294831,a small pizza on a paper plate,294831,a small pizza on a paper plate,0.003489,0
i2t,294831,A piece of food sits on the plate on the table.,294831,A piece of food sits on the plate on the table.,0.004469,0
i2t,294831,THERE IS PIZZA ON THE PLATE ON THE TABLE,294831,THERE IS PIZZA ON THE PLATE ON THE TABLE,0.002993,0
i2t,294831,A hand reaches out to grab a piece of pizza,294831,A hand reaches out to grab a piece of pizza,0.002485,0
i2t,294831,"A person picking up an under cooked, floppy slice of pizza.",294831,"A person picking up an under cooked, floppy slice of pizza.",0.004613,0
i2t,294831,A person taking a slice of pizza to eat,294831,A person taking a slice of pizza to eat,0.004393,0
i2t,294831,A person is picking up a piece of pizza.,294831,A person is picking up a piece of pizza.,0.004903,0
i2t,294831,A piece of pizza with thousand island dressing and a Coke Zero on the side.,294831,A piece of pizza with thousand island dressing and a Coke Zero on the side.,0.001168,0
i2t,294831,A pizza pie being enjoyed at a cafe of some sort.,294831,A pizza pie being enjoyed at a cafe of some sort.,0.001647,0
i2t,294831,A large slice of pizza on a plate,294831,A large slice of pizza on a plate,0.035338,0
i2t,294831,a slice of pizza sitting on top of a table.,294831,a slice of pizza sitting on top of a table.,0.008172,0
i2t,294831,"A pizza sitting on a table, with a couple slices on it.",294831,"A pizza sitting on a table, with a couple slices on it.",0.002660,0
i2t,294831,A pizza sits on a plate with one piece taken out of it.,294831,A pizza sits on a plate with one piece taken out of it.,0.006687,0
i2t,294831,A slice of pizza that is on top of a napkin.,294831,A slice of pizza that is on top of a napkin.,0.006076,0
i2t,294831,A portion of a pizza is sitting on a tray and someone is holding a fork and a knife.,294831,A portion of a pizza is sitting on a tray and someone is holding a fork and a knife.,0.002886,0
i2t,294831,A slice of pizza with toppings on a plate.,294831,A slice of pizza with toppings on a plate.,0.005001,0
i2t,294831,A sliced of pizza is served on a white plate.,294831,A sliced of pizza is served on a white plate.,0.003872,0
i2t,294831,A large slice of pizza with cheese and marinara sauce on a plate.,294831,A large slice of pizza with cheese and marinara sauce on a plate.,0.000619,0
i2t,294831,a close up of a slice of pizza on a plate,294831,a close up of a slice of pizza on a plate,0.029055,0
i2t,373315,a young man doing a jump with his skateboard in a skate park,373315,a young man doing a jump with his skateboard in a skate park,0.009703,0
i2t,373315,A young man is skateboarding on a wall and holding onto a bar.,373315,A young man is skateboarding on a wall and holding onto a bar.,0.004686,0
i2t,373315,"A person at a skateboard park, jumping his skateboard.",373315,"A person at a skateboard park, jumping his skateboard.",0.002618,0
i2t,373315,A young man balances himself as he tilts his skateboard up at the edge of an obstacle.,373315,A young man balances himself as he tilts his skateboard up at the edge of an obstacle.,0.001644,0
i2t,373315,A teenager doing skateboard tricks at a skate park,373315,A teenager doing skateboard tricks at a skate park,0.001998,0
i2t,373315,A black and white photo of a man doing a trick on his skateboard.,373315,A black and white photo of a man doing a trick on his skateboard.,0.004551,0
i2t,373315,A young man skateboarding jumps on a concrete ramp.,373315,A young man skateboarding jumps on a concrete ramp.,0.003522,0
i2t,373315,A young male skateboarder is high in the air.,373315,A young male skateboarder is high in the air.,0.009044,0
i2t,373315,Black and white photograph of person on a skateboard.,373315,Black and white photograph of person on a skateboard.,0.004064,0
i2t,373315,A young person riding a skateboard at a skate park.,373315,A young person riding a skateboard at a skate park.,0.003494,0
i2t,373315,A person doing skateboard ticks at a skate park,373315,A person doing skateboard ticks at a skate park,0.006707,0
i2t,373315,There is a man skateboard on the side of a wall.,373315,There is a man skateboard on the side of a wall.,0.013559,0
i2t,373315,A skateboarder is performing a tick in a skate park.,373315,A skateboarder is performing a tick in a skate park.,0.001962,0
i2t,373315,A boy skateboards in a skate park pike.,373315,A boy skateboards in a skate park pike.,0.001321,0
i2t,373315,A boy on a skateboard at the skate park.,373315,A boy on a skateboard at the skate park.,0.001694,0
i2t,373315,A couple of people skateboarding in a graffiti filled area.,373315,A couple of people skateboarding in a graffiti filled area.,0.001237,0
i2t,373315,a boy on a skateboard at a skatepark,373315,a boy on a skateboard at a skatepark,0.005439,0
i2t,373315,A man riding a skateboard up the side of a cement ramp.,373315,A man riding a skateboard up the side of a cement ramp.,0.015597,0
i2t,373315,A teen boy is skateboarding on the edge of a cement wall.,373315,A teen boy is skateboarding on the edge of a cement wall.,0.006079,0
i2t,373315,a wall with a bunch of graffiti on it,373315,a wall with a bunch of graffiti on it,0.000153,0
i2t,373315,"Youngster on a skateboard, trying simple tip up stunt.",373315,"Youngster on a skateboard, trying simple tip up stunt.",0.137204,0
i2t,373315,The setting sun silhouettes a skateboarder turning at the top of the ramp.,373315,The setting sun silhouettes a skateboarder turning at the top of the ramp.,0.006208,0
i2t,373315,Filtered photograph of a boy on a skateboard.,373315,Filtered photograph of a boy on a skateboard.,0.047321,0
i2t,373315,A boy performs a skateboarding stunt in a skate park,373315,A boy performs a skateboarding stunt in a skate park,0.008949,0
i2t,373315,Teenager returning with skateboard after skate run at the skate park.,373315,Teenager returning with skateboard after skate run at the skate park.,0.086203,0
i2t,373315,Grabbing the front of the skateboard maintains control over it.,373315,Grabbing the front of the skateboard maintains control over it.,0.022224,0
i2t,373315,Parkour while skating on a rail in urban,373315,Parkour while skating on a rail in urban,0.165767,0
i2t,373315,A male skater jumps in the air at a skate park.,373315,A male skater jumps in the air at a skate park.,0.002091,0
i2t,373315,A somewhat blurry image of a young man in the air on his skateboard.,373315,A somewhat blurry image of a young man in the air on his skateboard.,0.003519,0
i2t,373315,A skateboarder is in the air doing a trick in an artistic photo.,373315,A skateboarder is in the air doing a trick in an artistic photo.,0.018729,0
i2t,373315,A man riding a skateboard on top of a cement rail.,373315,A man riding a skateboard on top of a cement rail.,0.007229,0
i2t,373315,Boy making high jumps with his skate board,373315,Boy making high jumps with his skate board,0.006690,0
i2t,373315,A skate board rider skating on the edge of a ramp.,373315,A skate board rider skating on the edge of a ramp.,0.005605,0
i2t,373315,A skateboarder jumping of of a ledge onto a parking lot.,373315,A skateboarder jumping of of a ledge onto a parking lot.,0.001009,0
i2t,373315,A young skateboarder seems to be high in the air.,373315,A young skateboarder seems to be high in the air.,0.006422,0
i2t,373315,a man on a skateboard in the air coming on to a ramp,373315,a man on a skateboard in the air coming on to a ramp,0.017108,0
i2t,373315,A man riding a skateboard in the air above a skateboard ramp.,373315,A man riding a skateboard in the air above a skateboard ramp.,0.009659,0
i2t,373315,A guy on a skate board up in the air by a ledge.,373315,A guy on a skate board up in the air by a ledge.,0.011086,0
i2t,373315,A skateboarder performing a jump off the side of a ramp.,373315,A skateboarder performing a jump off the side of a ramp.,0.002698,0
i2t,373315,A skateboarder jumping off a small ramp places on the street.,373315,A skateboarder jumping off a small ramp places on the street.,0.001593,0
i2t,373315,A skateboarder jumps into the air as he performs a skateboard trick.,373315,A skateboarder jumps into the air as he performs a skateboard trick.,0.002072,0
i2t,373315,A skateboarder careening off concrete in a park,373315,A skateboarder careening off concrete in a park,0.000760,0
i2t,373315,A man riding a skateboard on a ramp.,373315,A man riding a skateboard on a ramp.,0.008455,0
i2t,373315,A skateboarder doing a stunt at a skatepark.,373315,A skateboarder doing a stunt at a skatepark.,0.001947,0
i2t,373315,A skateboarder is on top of a cement bowl.,373315,A skateboarder is on top of a cement bowl.,0.021111,0
i2t,373315,A man on a skateboard performs a trick at the skate park,373315,A man on a skateboard performs a trick at the skate park,0.003784,0
i2t,373315,A man riding a skateboard down a cement ramp.,373315,A man riding a skateboard down a cement ramp.,0.019920,0
i2t,373315,A boy doing a skateboard trick on a concrete barrier.,373315,A boy doing a skateboard trick on a concrete barrier.,0.005165,0
i2t,373315,A man on a skateboard performs a trick on a ramp,373315,A man on a skateboard performs a trick on a ramp,0.004790,0
i2t,321214,A toddler is getting messy while eating his cake.,321214,A toddler is getting messy while eating his cake.,0.000587,0
i2t,321214,A toddler celebrates his birthday with a cupcake.,321214,A toddler celebrates his birthday with a cupcake.,0.001778,0
i2t,321214,The young is enjoying his cake so much its all over him.,321214,The young is enjoying his cake so much its all over him.,0.014818,0
i2t,321214,A toddler eats cake with his hands in his high chair.,321214,A toddler eats cake with his hands in his high chair.,0.000221,0
i2t,321214,Baby boy at the table eating cake frosting off his hand.,321214,Baby boy at the table eating cake frosting off his hand.,0.004842,0
i2t,321214,a young kid sits in front of a birth day cake,321214,a young kid sits in front of a birth day cake,0.001184,0
i2t,321214,A young boy with a spoon looking at a birthday cupcake.,321214,A young boy with a spoon looking at a birthday cupcake.,0.000568,0
i2t,321214,A baby in plaid shirt eating a frosted cake.,321214,A baby in plaid shirt eating a frosted cake.,0.000445,0
i2t,321214,A child holds a spoon and looks at a cupcake.,321214,A child holds a spoon and looks at a cupcake.,0.000354,0
i2t,321214,Someone about to cut and birthday cake with blue and yellow frosting.,321214,Someone about to cut and birthday cake with blue and yellow frosting.,0.000278,0
i2t,321214,a kid eating a cake on table looking around,321214,a kid eating a cake on table looking around,0.003554,0
i2t,321214,Young child looking enthused over some dessert on table,321214,Young child looking enthused over some dessert on table,0.001974,0
i2t,321214,A child sitting cross legged in front of a birthday cake.,321214,A child sitting cross legged in front of a birthday cake.,0.000626,0
i2t,321214,A boy sitting in front of cake fashioned to look like a skateboard.,321214,A boy sitting in front of cake fashioned to look like a skateboard.,0.000086,0
i2t,321214,A young child that is sitting by a red cake.,321214,A young child that is sitting by a red cake.,0.000942,0
i2t,321214,A small child is smiling and there is some dessert in front of him.,321214,A small child is smiling and there is some dessert in front of him.,0.001058,0
i2t,321214,piece of cake with a plate and fork,321214,piece of cake with a plate and fork,0.026430,0
i2t,321214,a small child with his fingers in his mouth and plate of food,321214,a small child with his fingers in his mouth and plate of food,0.001694,0
i2t,321214,Man eating a piece of cake off of a white played outdoors.,321214,Man eating a piece of cake off of a white played outdoors.,0.000542,0
i2t,321214,A young toddler with food on her face sticking out her tongue.,321214,A young toddler with food on her face sticking out her tongue.,0.000130,0
i2t,321214,A baby holding a spoon looking at a cupcake and candle.,321214,A baby holding a spoon looking at a cupcake and candle.,0.000187,0
i2t,321214,A little boy smiling for a picture as he eats.,321214,A little boy smiling for a picture as he eats.,0.000696,0
i2t,450488,A basic motel room with a bed and television.,450488,A basic motel room with a bed and television.,0.000281,0
i2t,450488,A hotel room with focus on the two beds.,450488,A hotel room with focus on the two beds.,0.000068,0
i2t,450488,A comfortable hotel room featuring a big screen television.,450488,A comfortable hotel room featuring a big screen television.,0.000089,0
i2t,450488,A hotel room with a small television and a work desk.,450488,A hotel room with a small television and a work desk.,0.000096,0
i2t,450488,A hotel room with television and desk in the corner.,450488,A hotel room with television and desk in the corner.,0.000182,0
i2t,450488,Two twin beds in a room with a picture of flowers above it.,450488,Two twin beds in a room with a picture of flowers above it.,0.000048,0
i2t,450488,A small hotel room is furnished for business,450488,A small hotel room is furnished for business,0.004879,0
i2t,450488,a hotel room with a little desk in the corner of the room.,450488,a hotel room with a little desk in the corner of the room.,0.000117,0
i2t,450488,A narrow hotel room with two made up beds.,450488,A narrow hotel room with two made up beds.,0.000096,0
i2t,450488,The room is equipped with two seperate twin beds.,450488,The room is equipped with two seperate twin beds.,0.000103,0
i2t,450488,"A big bed sits in a living area with a ceiling fan, dresser, television set and wastepaper basket.",450488,"A big bed sits in a living area with a ceiling fan, dresser, television set and wastepaper basket.",0.000126,0
i2t,450488,A bedroom with a bed and a flat screen TV on top of a wooden dresser.,450488,A bedroom with a bed and a flat screen TV on top of a wooden dresser.,0.000130,0
i2t,450488,A television on a dresser in what appears to be a hotel room.,450488,A television on a dresser in what appears to be a hotel room.,0.000172,0
i2t,450488,A room with a t.v. and other bedroom items and accessories in it.,450488,A room with a t.v. and other bedroom items and accessories in it.,0.000071,0
i2t,450488,A hotel has a small tv on the dresser.,450488,A hotel has a small tv on the dresser.,0.000082,0
i2t,450488,Small bedroom with a bed and dresser with a small monitor on top of it.,450488,Small bedroom with a bed and dresser with a small monitor on top of it.,0.000159,0
i2t,450488,The nightstand of a hotel room holds an unused class and an ice bucket.,450488,The nightstand of a hotel room holds an unused class and an ice bucket.,0.000064,0
i2t,450488,"A room with a bed, a desk, and a television.",450488,"A room with a bed, a desk, and a television.",0.000255,0
i2t,450488,a small roomw ith a televisiona nd some furniture in it,450488,a small roomw ith a televisiona nd some furniture in it,0.000188,0
i2t,450488,A television is on a tv stand next to a bureau.,450488,A television is on a tv stand next to a bureau.,0.000155,0
i2t,450488,"A bedroom with a bed, TV and ceiling fan.",450488,"A bedroom with a bed, TV and ceiling fan.",0.000198,0
i2t,450488,A bedroom suite with balcony and lovely view,450488,A bedroom suite with balcony and lovely view,0.274098,0
i2t,450488,A small fridge in a efficiency hotel room,450488,A small fridge in a efficiency hotel room,0.002034,0
i2t,450488,A bedroom with built in television and open fireplace,450488,A bedroom with built in television and open fireplace,0.000780,0
i2t,450488,a large bedroom with a fireplace and tv,450488,a large bedroom with a fireplace and tv,0.000446,0
i2t,450488,A room that has two televisions in it.,450488,A room that has two televisions in it.,0.000208,0
i2t,450488,Neatly made bed with flowered comforter in small tidy room.,450488,Neatly made bed with flowered comforter in small tidy room.,0.000188,0
i2t,450488,"A bedroom with dresser, desk, and bed in it.",450488,"A bedroom with dresser, desk, and bed in it.",0.000257,0
i2t,450488,A hotel room with a bed and a chair and white walls.,450488,A hotel room with a bed and a chair and white walls.,0.000058,0
i2t,450488,A hotel room scene with focus on the bed and the window.,450488,A hotel room scene with focus on the bed and the window.,0.000058,0
i2t,450488,Two beds are in a hotel room type setting.,450488,Two beds are in a hotel room type setting.,0.000358,0
i2t,450488,"A living area with a bed, chair and window.",450488,"A living area with a bed, chair and window.",0.000083,0
i2t,450488,a hotel room with one bed and blue chair.,450488,a hotel room with one bed and blue chair.,0.000079,0
i2t,450488,"A bed room that has a table, chairs, and bed in it.",450488,"A bed room that has a table, chairs, and bed in it.",0.000166,0
i2t,450488,The bed and desk in a modern hotel room,450488,The bed and desk in a modern hotel room,0.001257,0
i2t,450488,A spare bedroom with a bed with a flowered blanket.,450488,A spare bedroom with a bed with a flowered blanket.,0.000088,0
i2t,140640,A group of women wearing hats while standing at a dessert table.,140640,A group of women wearing hats while standing at a dessert table.,0.000209,0
i2t,140640,Women in fancy hats serving cakes at a candle lit table,140640,Women in fancy hats serving cakes at a candle lit table,0.000692,0
i2t,140640,"Two women standing behind table with cupcakes, cake and a warmer",140640,"Two women standing behind table with cupcakes, cake and a warmer",0.000589,0
i2t,140640,Two woman and a man pose for a picture while one woman cuts a cake,140640,Two woman and a man pose for a picture while one woman cuts a cake,0.000614,0
i2t,140640,Two women handing out cake on plates on a dining table.,140640,Two women handing out cake on plates on a dining table.,0.000566,0
i2t,140640,A group of women standing around a cake sitting on top of a table.,140640,A group of women standing around a cake sitting on top of a table.,0.001797,0
i2t,140640,Two women are cutting and serving a large cake.,140640,Two women are cutting and serving a large cake.,0.002846,0
i2t,140640,A group of women standing around a cake cutting slices.,140640,A group of women standing around a cake cutting slices.,0.001312,0
i2t,140640,A woman is slicing a cake with her friends.,140640,A woman is slicing a cake with her friends.,0.000923,0
i2t,140640,a couple of women in hates cutting some cake,140640,a couple of women in hates cutting some cake,0.003742,0
i2t,140640,A group of women standing next to a cake.,140640,A group of women standing next to a cake.,0.003440,0
i2t,140640,Two women stand close to a cake that is mostly gone.,140640,Two women stand close to a cake that is mostly gone.,0.002552,0
i2t,140640,Two women stand over a table with a cake cut into pieces.,140640,Two women stand over a table with a cake cut into pieces.,0.000635,0
i2t,140640,A lady holding a cake with candles on it while a lady near her is making gestures with her fingers.,140640,A lady holding a cake with candles on it while a lady near her is making gestures with her fingers.,0.000246,0
i2t,140640,A family gathering and they are celebrating with a cake.,140640,A family gathering and they are celebrating with a cake.,0.000845,0
i2t,140640,"2 women, one holding a cake, the other holding up her index finger",140640,"2 women, one holding a cake, the other holding up her index finger",0.000118,0
i2t,140640,One woman carrying a cake with candles and another woman in the background.,140640,One woman carrying a cake with candles and another woman in the background.,0.000381,0
i2t,140640,piece of cake with a plate and fork,140640,piece of cake with a plate and fork,0.002680,0
i2t,140640,A group of people watching a woman cutting a cake.,140640,A group of people watching a woman cutting a cake.,0.002135,0
i2t,140640,Two women in a room with one of them holding a cake.,140640,Two women in a room with one of them holding a cake.,0.000811,0
i2t,140640,People watching as a woman cuts into a cake.,140640,People watching as a woman cuts into a cake.,0.001040,0
i2t,140640,some people and two women are cutting a white cake,140640,some people and two women are cutting a white cake,0.005175,0
i2t,140640,An old lady sitting at a table while looking at her birthday cake.,140640,An old lady sitting at a table while looking at her birthday cake.,0.000332,0
i2t,140640,There is a woman cutting into a cake.,140640,There is a woman cutting into a cake.,0.002478,0
i2t,139684,A living room with yellow walls and a black and white area rug.,139684,A living room with yellow walls and a black and white area rug.,0.000403,0
i2t,139684,"A clean and tidy living room with a couch, a table, and a painting on the wall.",139684,"A clean and tidy living room with a couch, a table, and a painting on the wall.",0.000061,0
i2t,139684,A cluttered living room with figurines on a display case and photographs on the wall.,139684,A cluttered living room with figurines on a display case and photographs on the wall.,0.000059,0
i2t,139684,A couch in a living room with walls lined with a bookcase and pictures.,139684,A couch in a living room with walls lined with a bookcase and pictures.,0.000056,0
i2t,139684,A living room displaying family photos and art.,139684,A living room displaying family photos and art.,0.000213,0
i2t,139684,this living room is painted yellow with beige couches,139684,this living room is painted yellow with beige couches,0.001326,0
i2t,139684,A living room with art on the walls and a couch.,139684,A living room with art on the walls and a couch.,0.000157,0
i2t,139684,"A living room with wood floors, a couch, wooden chair bookshelves and coffee table.",139684,"A living room with wood floors, a couch, wooden chair bookshelves and coffee table.",0.000097,0
i2t,139684,The living room actually features several different colors.,139684,The living room actually features several different colors.,0.010145,0
i2t,139684,A living room with a white couch and library shelves,139684,A living room with a white couch and library shelves,0.000233,0
i2t,139684,A cat that is laying on a couch.,139684,A cat that is laying on a couch.,0.000160,0
i2t,139684,a cat laying on top of a chair in the living room,139684,a cat laying on top of a chair in the living room,0.000101,0
i2t,139684,A dog sitting on a couch and a cat on the floor of a living room.,139684,A dog sitting on a couch and a cat on the floor of a living room.,0.000102,0
i2t,139684,A big chair with a gray cat laying on top of it next to a black dog.,139684,A big chair with a gray cat laying on top of it next to a black dog.,0.000073,0
i2t,139684,A cat sitting on a couch with a dog on the floor.,139684,A cat sitting on a couch with a dog on the floor.,0.000069,0
i2t,139684,A cat sitting on the couch with a dog laying on the floor.,139684,A cat sitting on the couch with a dog laying on the floor.,0.000075,0
i2t,139684,A dog laying on a couch in a living room.,139684,A dog laying on a couch in a living room.,0.000167,0
i2t,139684,a dog on a couch in a living room,139684,a dog on a couch in a living room,0.000294,0
i2t,139684,a cat sitting on a table next to a tv in a living room.,139684,a cat sitting on a table next to a tv in a living room.,0.000154,0
i2t,139684,A cat is laying on sofa and the dog is laying on the floor in front.,139684,A cat is laying on sofa and the dog is laying on the floor in front.,0.000052,0
i2t,139684,"Living area with purple couches, looking into the dining area.",139684,"Living area with purple couches, looking into the dining area.",0.001929,0
i2t,139684,The front room of an apartment with the basics.,139684,The front room of an apartment with the basics.,0.036935,0
i2t,139684,Cat sitting on recliner back in room facing the television,139684,Cat sitting on recliner back in room facing the television,0.000369,0
i2t,139684,A dog relaxes on an armchair in a living room.,139684,A dog relaxes on an armchair in a living room.,0.000069,0
i2t,139684,a family room with a couch and a tv,139684,a family room with a couch and a tv,0.000200,0
i2t,139684,a living room with couches and chairs,139684,a living room with couches and chairs,0.003399,0
i2t,139684,A small living room with seating and a television.,139684,A small living room with seating and a television.,0.000339,0
i2t,139684,Office space with cat on the television and work.,139684,Office space with cat on the television and work.,0.000465,0
i2t,139684,A small living room with furniture and two windows.,139684,A small living room with furniture and two windows.,0.000590,0
i2t,139684,This is a nice living room set up with two couches and a television.,139684,This is a nice living room set up with two couches and a television.,0.000072,0
i2t,139684,"A room with a couch, chair, table and television in it.",139684,"A room with a couch, chair, table and television in it.",0.000424,0
i2t,139684,"A room that has a tv, window, and books, in it.",139684,"A room that has a tv, window, and books, in it.",0.000202,0
i2t,139684,"A room with a couch, chairs, television and a table.",139684,"A room with a couch, chairs, television and a table.",0.000298,0
i2t,139684,A living room filled with furniture and a flat screen tv.,139684,A living room filled with furniture and a flat screen tv.,0.000431,0
i2t,139684,"A living room with a chair, couch, coffee table and television.",139684,"A living room with a chair, couch, coffee table and television.",0.000519,0
i2t,139684,"A living room with sofas, tables, a lamp and windows.",139684,"A living room with sofas, tables, a lamp and windows.",0.000151,0
i2t,139684,"A very simple living area with a chair, sofa and TV.",139684,"A very simple living area with a chair, sofa and TV.",0.000107,0
i2t,139684,"A living room with a couch, chair and a coffee table.",139684,"A living room with a couch, chair and a coffee table.",0.000256,0
i2t,139684,a living room witj a couch some chairs and a tv,139684,a living room witj a couch some chairs and a tv,0.000558,0
i2t,139684,"A living room with a chair, couch, and a TV",139684,"A living room with a chair, couch, and a TV",0.000546,0
i2t,139684,A living room with a couple of furniture.,139684,A living room with a couple of furniture.,0.000803,0
i2t,139684,a living room with a couch a table and a panting,139684,a living room with a couch a table and a panting,0.001269,0
i2t,139684,A living room with comfortable furniture and large tv,139684,A living room with comfortable furniture and large tv,0.000415,0
i2t,139684,A living room with an old fashioned TV and a couch.,139684,A living room with an old fashioned TV and a couch.,0.000262,0
i2t,139684,A TV is on in this unique and eclectic living room.,139684,A TV is on in this unique and eclectic living room.,0.000514,0
i2t,139684,A 70s themed living room displays an old tv.,139684,A 70s themed living room displays an old tv.,0.000312,0
i2t,139684,A living room with furniture and a television.,139684,A living room with furniture and a television.,0.002061,0
i2t,139684,"A television, couch and chair in the corner of a room.",139684,"A television, couch and chair in the corner of a room.",0.000258,0
i2t,139684,A large flat screen TV sitting in a living room surrounded by furniture.,139684,A large flat screen TV sitting in a living room surrounded by furniture.,0.000302,0
i2t,203488,A sign stating tree trimming is on a tree by a parking meter.,203488,A sign stating tree trimming is on a tree by a parking meter.,0.000113,0
i2t,203488,A silver and gray parking meter sitting by a tree.,203488,A silver and gray parking meter sitting by a tree.,0.000140,0
i2t,203488,A parking meter sitting next to a tall tree.,203488,A parking meter sitting next to a tall tree.,0.000205,0
i2t,203488,A sign pinned to a tree next to a parking meter.,203488,A sign pinned to a tree next to a parking meter.,0.000140,0
i2t,203488,a single parking meter sitting next to some plants and a tree,203488,a single parking meter sitting next to some plants and a tree,0.000108,0
i2t,203488,Parketing meter next to a tree with a warning sign on it.,203488,Parketing meter next to a tree with a warning sign on it.,0.000072,0
i2t,203488,A parking meter with a note attached to it.,203488,A parking meter with a note attached to it.,0.000062,0
i2t,203488,Parking meters and signage are on the side of the street,203488,Parking meters and signage are on the side of the street,0.000145,0
i2t,203488,A group of street signs sitting in front of a tree.,203488,A group of street signs sitting in front of a tree.,0.000097,0
i2t,203488,There's a warning not to park under this tree.,203488,There's a warning not to park under this tree.,0.002673,0
i2t,203488,A parket meter sitting next to a parking space.,203488,A parket meter sitting next to a parking space.,0.000112,0
i2t,203488,A street scene with a parking meter on the side.,203488,A street scene with a parking meter on the side.,0.000265,0
i2t,203488,A parking meter is on the street in front of a building.,203488,A parking meter is on the street in front of a building.,0.000280,0
i2t,203488,A parking meter that is placed right next to a parking lot.,203488,A parking meter that is placed right next to a parking lot.,0.000313,0
i2t,203488,A parking meter near the side of the road.,203488,A parking meter near the side of the road.,0.000099,0
i2t,203488,A parking meter sitting on the sidewalk in front of a building.,203488,A parking meter sitting on the sidewalk in front of a building.,0.000203,0
i2t,203488,A parking meter next to a parking lot,203488,A parking meter next to a parking lot,0.000382,0
i2t,203488,They'll probably tow your car if you don't pay for parking.,203488,They'll probably tow your car if you don't pay for parking.,0.099286,0
i2t,203488,a no parking sign at some sort of shopping mall.,203488,a no parking sign at some sort of shopping mall.,0.000328,0
i2t,203488,A building near the sidewalk with a yellow curb and a no parking sign next to it,203488,A building near the sidewalk with a yellow curb and a no parking sign next to it,0.000104,0
i2t,203488,A red sign notifying drivers that there is no parking allowed at any time.,203488,A red sign notifying drivers that there is no parking allowed at any time.,0.000304,0
i2t,203488,a double parking meter in front of a building,203488,a double parking meter in front of a building,0.000094,0
i2t,203488,A street sign prohibiting vehicles in front of a store.,203488,A street sign prohibiting vehicles in front of a store.,0.000070,0
i2t,203488,"A no parking zone sign, on a street corner.",203488,"A no parking zone sign, on a street corner.",0.000058,0
i2t,203488,A parking meter has a sign promoting the end to homelessness.,203488,A parking meter has a sign promoting the end to homelessness.,0.000043,0
i2t,203488,A black and red parking meter on sidewalk next to a street.,203488,A black and red parking meter on sidewalk next to a street.,0.000191,0
i2t,203488,Road signage with sticker displayed near parking area.,203488,Road signage with sticker displayed near parking area.,0.000121,0
i2t,203488,A parking meter with a sidewalk and fence in the background.,203488,A parking meter with a sidewalk and fence in the background.,0.000067,0
i2t,203488,A parking meter that has a sign to end homelessness on it.,203488,A parking meter that has a sign to end homelessness on it.,0.000035,0
i2t,203488,A parking meter is on a sidewalk next to some green bushes.,203488,A parking meter is on a sidewalk next to some green bushes.,0.000114,0
i2t,203488,"A parking meeter next to a wall that reads ""tie.""",203488,"A parking meeter next to a wall that reads ""tie.""",0.000061,0
i2t,203488,A parking meter in front of a wall that has been written on.,203488,A parking meter in front of a wall that has been written on.,0.000068,0
i2t,203488,A parking meter and wall that has graffiti on it.,203488,A parking meter and wall that has graffiti on it.,0.000042,0
i2t,92091,A little girl playing with a teddy bear and chewing on a toothbrush.,92091,A little girl playing with a teddy bear and chewing on a toothbrush.,0.000095,0
i2t,92091,A little girl standing in front of a couch holding a remote.,92091,A little girl standing in front of a couch holding a remote.,0.000062,0
i2t,92091,A baby girl chews on a stick with a teddy bear in hand.,92091,A baby girl chews on a stick with a teddy bear in hand.,0.000077,0
i2t,92091,A toddler standing with a brush in her mouth.,92091,A toddler standing with a brush in her mouth.,0.000151,0
i2t,92091,A small child sitting on the couch holding a Wii remote.,92091,A small child sitting on the couch holding a Wii remote.,0.000067,0
i2t,92091,A child in a room with a remote in hand.,92091,A child in a room with a remote in hand.,0.000112,0
i2t,92091,A child holding a sippy cup and the remote,92091,A child holding a sippy cup and the remote,0.000070,0
i2t,92091,a toddler playing with a hairbrush in a living room,92091,a toddler playing with a hairbrush in a living room,0.000081,0
i2t,92091,The small child is brushing it's teeth with a green toothbrush.,92091,The small child is brushing it's teeth with a green toothbrush.,0.000234,0
i2t,92091,A young girl plays with a teddy bear and puts a brush in her mouth.,92091,A young girl plays with a teddy bear and puts a brush in her mouth.,0.000108,0
i2t,92091,A little girl is using the toy brush for a chew toy rather than brushing the teddy.,92091,A little girl is using the toy brush for a chew toy rather than brushing the teddy.,0.000082,0
i2t,92091,A small child that is holding a toothbrush and brushing their teeth.,92091,A small child that is holding a toothbrush and brushing their teeth.,0.000441,0
i2t,92091,A child holds a toothbrush in their hand.,92091,A child holds a toothbrush in their hand.,0.000081,0
i2t,92091,A young girl who is brushing her teeth with a toothbrush.,92091,A young girl who is brushing her teeth with a toothbrush.,0.000162,0
i2t,92091,A very small cute kid brushing his teeth.,92091,A very small cute kid brushing his teeth.,0.000187,0
i2t,92091,Playing Wii with the nunchuk never looked so good.,92091,Playing Wii with the nunchuk never looked so good.,0.006703,0
i2t,92091,A young boy stands in the living room playing with a brush,92091,A young boy stands in the living room playing with a brush,0.000188,0
i2t,92091,A baby girl is holding a pink brush as she scratches her head.,92091,A baby girl is holding a pink brush as she scratches her head.,0.000053,0
i2t,92091,A young child brushes their teeth with a blue toothbrush.,92091,A young child brushes their teeth with a blue toothbrush.,0.000192,0
i2t,92091,A small child stands in front of a television playing a video game.,92091,A small child stands in front of a television playing a video game.,0.000045,0
i2t,92091,Adults playing in living room using remote controllers.,92091,Adults playing in living room using remote controllers.,0.000038,0
i2t,92091,A beat up girl holding a teddy bear.,92091,A beat up girl holding a teddy bear.,0.000074,0
i2t,92091,"The stuffed bear is holding a hockey stick and ""playing"" hockey with them ""watching.""",92091,"The stuffed bear is holding a hockey stick and ""playing"" hockey with them ""watching.""",0.000089,0
i2t,92091,a close up of a child on a couch,92091,a close up of a child on a couch,0.000060,0
i2t,92091,The young boy is playing in the living room of his house.,92091,The young boy is playing in the living room of his house.,0.000084,0
i2t,92091,A little girl sitting at the end of a bed looking at a teddy bear.,92091,A little girl sitting at the end of a bed looking at a teddy bear.,0.000045,0
i2t,92091,A small child sitting on a bed looking at a teddy bear.,92091,A small child sitting on a bed looking at a teddy bear.,0.000065,0
i2t,92091,A little girl sitting on a bed with a teddy bear.,92091,A little girl sitting on a bed with a teddy bear.,0.000046,0
i2t,92091,A child sitting on a bed looking at a teddy bear.,92091,A child sitting on a bed looking at a teddy bear.,0.000062,0
i2t,266082,An orange fire hydrant outside a modern office building,266082,An orange fire hydrant outside a modern office building,0.000164,0
i2t,266082,A fire hydrant waits in front of a tall building.,266082,A fire hydrant waits in front of a tall building.,0.000050,0
i2t,266082,An orange fire hydrant with a face and bow tie drawn on it.,266082,An orange fire hydrant with a face and bow tie drawn on it.,0.000198,0
i2t,266082,The fire hydrant is painted yellow and orange.,266082,The fire hydrant is painted yellow and orange.,0.000112,0
i2t,266082,A orange fire hydrant with a couple of men standing around it.,266082,A orange fire hydrant with a couple of men standing around it.,0.000094,0
i2t,266082,A red fire hydrant is next to a public water fountain.,266082,A red fire hydrant is next to a public water fountain.,0.000093,0
i2t,266082,A red fire hydrant with a building in the background.,266082,A red fire hydrant with a building in the background.,0.000044,0
i2t,266082,a brown dog with a collar sniffing a red fire hydrant,266082,a brown dog with a collar sniffing a red fire hydrant,0.000099,0
i2t,266082,a red fire hydrant with a building in the background,266082,a red fire hydrant with a building in the background,0.000050,0
i2t,266082,Orange fire hydrant on the sidewalk in a commercial area,266082,Orange fire hydrant on the sidewalk in a commercial area,0.000103,0
i2t,266082,A long fire plug stands some distance away from the building.,266082,A long fire plug stands some distance away from the building.,0.000950,0
i2t,266082,a fire hydrgen that is next to a street,266082,a fire hydrgen that is next to a street,0.000700,0
i2t,266082,AN IMAGE OF A FIRED HYDRANT ON THE STREET,266082,AN IMAGE OF A FIRED HYDRANT ON THE STREET,0.000132,0
i2t,266082,A close up picture of a fire hydrant on a street.,266082,A close up picture of a fire hydrant on a street.,0.000137,0
i2t,266082,A fire hydrant on a side walk in front of a building.,266082,A fire hydrant on a side walk in front of a building.,0.000094,0
i2t,266082,A fire hydrant on the side of the street.,266082,A fire hydrant on the side of the street.,0.000070,0
i2t,266082,an orange fire hydrant between two white poles on the side of a sidewalk,266082,an orange fire hydrant between two white poles on the side of a sidewalk,0.000255,0
i2t,266082,A red fire hydrant in front of a skyscraper,266082,A red fire hydrant in front of a skyscraper,0.000064,0
i2t,266082,A view of a modern building with skylight and a fire hydrant.,266082,A view of a modern building with skylight and a fire hydrant.,0.000053,0
i2t,266082,A grey and orange fire hydrant next to a street.,266082,A grey and orange fire hydrant next to a street.,0.000142,0
i2t,266082,A fire hydrant sits by itself in front of a business,266082,A fire hydrant sits by itself in front of a business,0.000052,0
i2t,266082,Three fire hydrants in front of a huge building.,266082,Three fire hydrants in front of a huge building.,0.000074,0
i2t,266082,A red fire hydrant sitting in a field next to a white building.,266082,A red fire hydrant sitting in a field next to a white building.,0.000061,0
i2t,266082,A fire hydrant sits in front of a brick building,266082,A fire hydrant sits in front of a brick building,0.000049,0
i2t,266082,A brown and gold fire hydrant in front of a brick building.,266082,A brown and gold fire hydrant in front of a brick building.,0.000049,0
i2t,266082,A fire hydrant across from a red bricked building.,266082,A fire hydrant across from a red bricked building.,0.000056,0
i2t,334767,Cross country skiers travel through the snow during a race.,334767,Cross country skiers travel through the snow during a race.,0.000071,0
i2t,334767,A group of ski racers on a race trail.,334767,A group of ski racers on a race trail.,0.000061,0
i2t,334767,A cross country skier move across a snow covered ground.,334767,A cross country skier move across a snow covered ground.,0.000054,0
i2t,334767,The cross country skiers are enjoying their run.,334767,The cross country skiers are enjoying their run.,0.000125,0
i2t,334767,A group of people standing around each other in skis.,334767,A group of people standing around each other in skis.,0.000055,0
i2t,334767,A cross country skier stretches on an open field of snow.,334767,A cross country skier stretches on an open field of snow.,0.000032,0
i2t,334767,Several cross country skiers traveling through the snow.,334767,Several cross country skiers traveling through the snow.,0.000104,0
i2t,334767,Five men skiing in the snow in the same direction.,334767,Five men skiing in the snow in the same direction.,0.000160,0
i2t,334767,Cross country skier skiing along a well-worn trail.,334767,Cross country skier skiing along a well-worn trail.,0.000036,0
i2t,334767,Five skiers race each other on the snow.,334767,Five skiers race each other on the snow.,0.000059,0
i2t,334767,some snow skiers one in a blue jacket the other white,334767,some snow skiers one in a blue jacket the other white,0.000049,0
i2t,334767,A skier in a blue and white outfit,334767,A skier in a blue and white outfit,0.000036,0
i2t,334767,a group of beginner snow skiers having class,334767,a group of beginner snow skiers having class,0.000327,0
i2t,334767,A group of people that are standing in the snow.,334767,A group of people that are standing in the snow.,0.000168,0
i2t,334767,A group of people standing on ski's in the snow.,334767,A group of people standing on ski's in the snow.,0.000067,0
i2t,334767,a group of people on skis in the snow,334767,a group of people on skis in the snow,0.000091,0
i2t,334767,A group of skiers going downhill together.,334767,A group of skiers going downhill together.,0.000051,0
i2t,334767,Skiers line up for the starting gate at a race.,334767,Skiers line up for the starting gate at a race.,0.000076,0
i2t,334767,competitive skiers ski forward on a flat surface,334767,competitive skiers ski forward on a flat surface,0.000143,0
i2t,334767,A team of skiers rides intently across the snow.,334767,A team of skiers rides intently across the snow.,0.000065,0
i2t,334767,A group pauses to mingle and relax while skiing.,334767,A group pauses to mingle and relax while skiing.,0.000076,0
i2t,334767,Number of skiers coming down the mountain on a glorious day,334767,Number of skiers coming down the mountain on a glorious day,0.000097,0
i2t,334767,A picture of skiers skiing on the snow,334767,A picture of skiers skiing on the snow,0.000133,0
i2t,334767,Three cross-country skiers posing for the camera on a snowy lane,334767,Three cross-country skiers posing for the camera on a snowy lane,0.000049,0
i2t,334767,people going along a hill on skiis during a race,334767,people going along a hill on skiis during a race,0.000058,0
i2t,334767,Three people cross country skiing in a field.,334767,Three people cross country skiing in a field.,0.000113,0
i2t,334767,Two people cross country skiing on a snow covered hill.,334767,Two people cross country skiing on a snow covered hill.,0.000078,0
i2t,334767,There are a bunch of people cross-country skiing.,334767,There are a bunch of people cross-country skiing.,0.000062,0
i2t,334767,A cross country skier on the slopes on a sunny day,334767,A cross country skier on the slopes on a sunny day,0.000043,0
i2t,334767,A person on cross country skis while it's snowing,334767,A person on cross country skis while it's snowing,0.000093,0
i2t,334767,A group of people riding skis across a snow covered slope.,334767,A group of people riding skis across a snow covered slope.,0.000075,0
i2t,334767,A group of people on the ski slope in their skis.,334767,A group of people on the ski slope in their skis.,0.000061,0
i2t,334767,People cross country skiing on a path between trees.,334767,People cross country skiing on a path between trees.,0.000056,0
i2t,334767,This is a picture of skiers enjoying their day on a mountain.,334767,This is a picture of skiers enjoying their day on a mountain.,0.000047,0
i2t,203580,A colorful umbrella sitting outside of a pink building.,203580,A colorful umbrella sitting outside of a pink building.,0.000399,0
i2t,203580,The colorful umbrella sits in front of the lavender building.,203580,The colorful umbrella sits in front of the lavender building.,0.000432,0
i2t,203580,"A sidewalk with sandwich board, table and umbrella.",203580,"A sidewalk with sandwich board, table and umbrella.",0.000283,0
i2t,203580,A woman walks under an umbrella next to a food stand,203580,A woman walks under an umbrella next to a food stand,0.000063,0
i2t,203580,Surf boards adorn the windows of a dessert shop.,203580,Surf boards adorn the windows of a dessert shop.,0.000131,0
i2t,203580,An umbrella is placed outside of a shop.,203580,An umbrella is placed outside of a shop.,0.000332,0
i2t,203580,Umbrellas are used as parasols to deter the sun on hot streets.,203580,Umbrellas are used as parasols to deter the sun on hot streets.,0.032328,0
i2t,203580,A person is sitting under a colorful umbrella.,203580,A person is sitting under a colorful umbrella.,0.000140,0
i2t,203580,A lamp post stands next to an umbrella and table.,203580,A lamp post stands next to an umbrella and table.,0.000099,0
i2t,203580,A multi-colored umbrella that is blocking out the sun,203580,A multi-colored umbrella that is blocking out the sun,0.000301,0
i2t,203580,A sidewalk next to the outdoor sitting area of a restaurant.,203580,A sidewalk next to the outdoor sitting area of a restaurant.,0.000352,0
i2t,203580,"What appears to be a beach-side eatery has an outdoor area with a metal railing and high stools, the whole of which rests on a tilted walkway with a sign and a bench with a logo on it.",203580,"What appears to be a beach-side eatery has an outdoor area with a metal railing and high stools, the whole of which rests on a tilted walkway with a sign and a bench with a logo on it.",0.000242,0
i2t,203580,a round outdoor courtyard table with a hotdog and a bag of chips on it.,203580,a round outdoor courtyard table with a hotdog and a bag of chips on it.,0.000040,0
i2t,203580,A fold out sign sitting on a rainy sidewalk.,203580,A fold out sign sitting on a rainy sidewalk.,0.000037,0
i2t,203580,A table with an umbrella and other things,203580,A table with an umbrella and other things,0.004611,0
i2t,203580,The side walk outside a diner that appears to be deserted.,203580,The side walk outside a diner that appears to be deserted.,0.000370,0
i2t,203580,"A diner named ""Court Order"" sitting on the side of a dirt road.",203580,"A diner named ""Court Order"" sitting on the side of a dirt road.",0.000290,0
i2t,203580,A patio umbrella pointed inside out over a picnic table.,203580,A patio umbrella pointed inside out over a picnic table.,0.000131,0
i2t,203580,A diner sitting on a street with the side of the building fenced in.,203580,A diner sitting on a street with the side of the building fenced in.,0.000112,0
i2t,203580,all umbrellas are closed at he tables outside the hotel,203580,all umbrellas are closed at he tables outside the hotel,0.048142,0
i2t,203580,Outdoor patio and front of a bar that serves hot dogs,203580,Outdoor patio and front of a bar that serves hot dogs,0.013242,0
i2t,203580,Purple and blue building which has an atm inside.,203580,Purple and blue building which has an atm inside.,0.001588,0
i2t,203580,a bench with a couple of purple benches,203580,a bench with a couple of purple benches,0.000680,0
i2t,203580,Advertising sign above a patio umbrella on sunny day.,203580,Advertising sign above a patio umbrella on sunny day.,0.000282,0
i2t,203580,a bench outdoors with an open umbrella,203580,a bench outdoors with an open umbrella,0.000645,0
i2t,203580,Blue tables sit under blue umbrellas and people sit around the tables.,203580,Blue tables sit under blue umbrellas and people sit around the tables.,0.000038,0
i2t,203580,An umbrella is opened over a table at an outdoor market.,203580,An umbrella is opened over a table at an outdoor market.,0.000138,0
i2t,203580,The people are sitting outside under a large umbrella.,203580,The people are sitting outside under a large umbrella.,0.000245,0
i2t,203580,An umbrella is opened over an outdoor table.,203580,An umbrella is opened over an outdoor table.,0.000286,0
i2t,203580,A patio with a table and blue and white umbrella.,203580,A patio with a table and blue and white umbrella.,0.000125,0
i2t,127517,A bunch of surfboards that are in the sand.,127517,A bunch of surfboards that are in the sand.,0.002164,0
i2t,127517,A colorful surfboard stands erected on the sandy beach.,127517,A colorful surfboard stands erected on the sandy beach.,0.000098,0
i2t,127517,Several surfboards standing in a row on the beach,127517,Several surfboards standing in a row on the beach,0.004416,0
i2t,127517,A group of surfboards sitting up against wooden poles.,127517,A group of surfboards sitting up against wooden poles.,0.002466,0
i2t,127517,A row of surfboards sticking out of the sand sitting next to each other.,127517,A row of surfboards sticking out of the sand sitting next to each other.,0.001120,0
i2t,127517,A row of surfboards leaned up against a wood rail in the sand.,127517,A row of surfboards leaned up against a wood rail in the sand.,0.000628,0
i2t,127517,Many surfboards are propped against a rail on the beach.,127517,Many surfboards are propped against a rail on the beach.,0.000978,0
i2t,127517,a row of surf boards placed in the sand,127517,a row of surf boards placed in the sand,0.001908,0
i2t,127517,a white tent cover and many surfboards in a rack and people,127517,a white tent cover and many surfboards in a rack and people,0.000345,0
i2t,127517,Surfboards lined up in a rack at a competition,127517,Surfboards lined up in a rack at a competition,0.018794,0
i2t,127517,All of the umbrellas are folded up.,127517,All of the umbrellas are folded up.,0.000574,0
i2t,127517,A multi-colored umbrella that is blocking out the sun,127517,A multi-colored umbrella that is blocking out the sun,0.000200,0
i2t,127517,A large open multi- colored umbrella and tree branches.,127517,A large open multi- colored umbrella and tree branches.,0.000138,0
i2t,127517,Beach goes lay out underneath a red umbrella.,127517,Beach goes lay out underneath a red umbrella.,0.016350,0
i2t,127517,Opened up umbrellas in different colors and patterns.,127517,Opened up umbrellas in different colors and patterns.,0.000208,0
i2t,127517,this is a mulicolored stripe sun umbrella near a palm tree,127517,this is a mulicolored stripe sun umbrella near a palm tree,0.000088,0
i2t,127517,A surf board sticking up in the sand.,127517,A surf board sticking up in the sand.,0.000250,0
i2t,127517,A photo of a group of surfboards under and awning.,127517,A photo of a group of surfboards under and awning.,0.003606,0
i2t,127517,A beige outdoor umbrella is blown upside down.,127517,A beige outdoor umbrella is blown upside down.,0.000241,0
i2t,127517,A surfboard propped up in the sand on a beech.,127517,A surfboard propped up in the sand on a beech.,0.000228,0
i2t,127517,A sandy beach with surf boards sitting on top of it,127517,A sandy beach with surf boards sitting on top of it,0.000354,0
i2t,127517,People on a beach and a line of surfboards.,127517,People on a beach and a line of surfboards.,0.000388,0
i2t,127517,Their underbelly of the surfboard shows that it has been used frequently.,127517,Their underbelly of the surfboard shows that it has been used frequently.,0.000801,0
i2t,127517,Several items including two surf boards on the beach,127517,Several items including two surf boards on the beach,0.003894,0
i2t,127517,"A blue, yellow and green surfboard sticking out of a sandy beach.",127517,"A blue, yellow and green surfboard sticking out of a sandy beach.",0.000102,0
i2t,127517,"Surf boards, towels chairs and bags are lying on a beach.",127517,"Surf boards, towels chairs and bags are lying on a beach.",0.000143,0
i2t,42276,A bathroom with ski equipment laid out on the floor.,42276,A bathroom with ski equipment laid out on the floor.,0.000525,0
i2t,42276,a bathroom with a toilet and a lot of ski boots,42276,a bathroom with a toilet and a lot of ski boots,0.003099,0
i2t,42276,A toilet sitting in a room surrounded by personal items.,42276,A toilet sitting in a room surrounded by personal items.,0.000333,0
i2t,42276,A toilet covered in glitter sitting inside of a room.,42276,A toilet covered in glitter sitting inside of a room.,0.000062,0
i2t,42276,The bathroom is a mess with sports gear.,42276,The bathroom is a mess with sports gear.,0.008632,0
i2t,42276,A person and a toilet standing in a room.,42276,A person and a toilet standing in a room.,0.000597,0
i2t,42276,A dirty white toilet in a small room.,42276,A dirty white toilet in a small room.,0.000275,0
i2t,42276,A person sprays the inside of a toilet.,42276,A person sprays the inside of a toilet.,0.000104,0
i2t,42276,Three people live in one room who share a bathroom.,42276,Three people live in one room who share a bathroom.,0.014803,0
i2t,42276,A man climbing on a toilet bowl in a closet,42276,A man climbing on a toilet bowl in a closet,0.000393,0
i2t,42276,This picture looks like a janitors closet with buckets on the floor.,42276,This picture looks like a janitors closet with buckets on the floor.,0.000085,0
i2t,42276,"A bathroom with a toilet, a plant, a stand and several footwear on the floor.",42276,"A bathroom with a toilet, a plant, a stand and several footwear on the floor.",0.000385,0
i2t,42276,a bunch of bottle sitting under a little bed,42276,a bunch of bottle sitting under a little bed,0.000371,0
i2t,42276,A floor filled with the contents of a woman's bag.,42276,A floor filled with the contents of a woman's bag.,0.000462,0
i2t,42276,A bathroom sink is all piled up with toiletries.,42276,A bathroom sink is all piled up with toiletries.,0.000265,0
i2t,42276,Cleaning products are on the counter of the bathroom.,42276,Cleaning products are on the counter of the bathroom.,0.000072,0
i2t,42276,A picture of the photographer sitting on the toilet,42276,A picture of the photographer sitting on the toilet,0.586115,1
i2t,42276,The hotel guests have messed up their room.,42276,The hotel guests have messed up their room.,0.178136,0
i2t,42276,"Shoes, a cap, an iPod, a name tag and other items",42276,"Shoes, a cap, an iPod, a name tag and other items",0.123794,0
i2t,42276,An umbrella and rain boots in a corner,42276,An umbrella and rain boots in a corner,0.016132,0
i2t,42276,View of a very messy bedroom with boxes and bags covering the floor.,42276,View of a very messy bedroom with boxes and bags covering the floor.,0.000249,0
i2t,42276,"Metal commode from above, photographer's shoes visible.",42276,"Metal commode from above, photographer's shoes visible.",0.000476,0
i2t,42276,Blue toilet in center of shot with tile floor.,42276,Blue toilet in center of shot with tile floor.,0.000133,0
i2t,42276,A person is laying on the bathroom floor in front of toilet.,42276,A person is laying on the bathroom floor in front of toilet.,0.000505,0
i2t,42276,A man sitting on a toilet in someone's house.,42276,A man sitting on a toilet in someone's house.,0.000258,0
i2t,42276,A man attempting to lift up a toilet off the floor.,42276,A man attempting to lift up a toilet off the floor.,0.000100,0
i2t,42276,a garbage bag in a white lighted bathroom,42276,a garbage bag in a white lighted bathroom,0.001662,0
i2t,42276,A toilet in a restroom next to a busted toilet paper dispenser.,42276,A toilet in a restroom next to a busted toilet paper dispenser.,0.000193,0
i2t,42276,Cluttered bathroom with sink in foreground and towel on a rack.,42276,Cluttered bathroom with sink in foreground and towel on a rack.,0.000078,0
i2t,42276,THERE IS AN IMAGE OF A DIRTY TOIET,42276,THERE IS AN IMAGE OF A DIRTY TOIET,0.000288,0
i2t,42276,a messy bed room a bed a chair and boxes,42276,a messy bed room a bed a chair and boxes,0.000637,0
i2t,42276,A row of toilets with broken seat tops on the ground.,42276,A row of toilets with broken seat tops on the ground.,0.000060,0
i2t,42276,A bathroom with toilet and sink with lots of items on the sink counter.,42276,A bathroom with toilet and sink with lots of items on the sink counter.,0.000241,0
i2t,42276,A bathroom scene with focus on the toilet.,42276,A bathroom scene with focus on the toilet.,0.000215,0
i2t,42276,a toilet a bathtub a rack bottles and a shower curtain,42276,a toilet a bathtub a rack bottles and a shower curtain,0.000307,0
i2t,42276,a bathroom with a toilet and a small bucket on a small stool,42276,a bathroom with a toilet and a small bucket on a small stool,0.000300,0
i2t,534041,A woman feeds a toddler a hot dog while he holds a purple bottle.,534041,A woman feeds a toddler a hot dog while he holds a purple bottle.,0.000253,0
i2t,534041,Mom has to help him eat his hot dog and bun.,534041,Mom has to help him eat his hot dog and bun.,0.101114,0
i2t,534041,a woman is feeding food to this small child,534041,a woman is feeding food to this small child,0.000091,0
i2t,534041,A person feeding a little boy a hot dog as he sits at an iron table.,534041,A person feeding a little boy a hot dog as he sits at an iron table.,0.000469,0
i2t,534041,Parent serving a plastic hot dog in a bun to their child during play,534041,Parent serving a plastic hot dog in a bun to their child during play,0.000969,0
i2t,534041,The little boy is drinking from a sippy cup and holding the remote control.,534041,The little boy is drinking from a sippy cup and holding the remote control.,0.000072,0
i2t,534041,A young boy is holding a couple of hotdogs,534041,A young boy is holding a couple of hotdogs,0.000298,0
i2t,534041,A little boy is being held on a lap while eating.,534041,A little boy is being held on a lap while eating.,0.000237,0
i2t,534041,A young boy wearing a striped shirt eating some food.,534041,A young boy wearing a striped shirt eating some food.,0.000118,0
i2t,534041,A woman feeding a little boy french fries at a restaurant.,534041,A woman feeding a little boy french fries at a restaurant.,0.000134,0
i2t,534041,A GIRL IS IN A GROCERY CART,534041,A GIRL IS IN A GROCERY CART,0.000790,0
i2t,534041,a kid is wearing a blanket on a coach,534041,a kid is wearing a blanket on a coach,0.000052,0
i2t,534041,Two little children on stroller in a parking lot.,534041,Two little children on stroller in a parking lot.,0.000045,0
i2t,534041,A lady seems to be attending to a fallen toddler.,534041,A lady seems to be attending to a fallen toddler.,0.000302,0
i2t,534041,Two children in a stroller among cars in a rental lot.,534041,Two children in a stroller among cars in a rental lot.,0.000027,0
i2t,534041,A little girl inside of a shopping cart.,534041,A little girl inside of a shopping cart.,0.000113,0
i2t,534041,A person they sitting down in a chair.,534041,A person they sitting down in a chair.,0.000190,0
i2t,534041,The people was looking at the balls and chair,534041,The people was looking at the balls and chair,0.000109,0
i2t,534041,Eating a donut makes for a quick and easy breakfast.,534041,Eating a donut makes for a quick and easy breakfast.,0.068434,0
i2t,534041,A child with a messy face eating a plate of food with hands,534041,A child with a messy face eating a plate of food with hands,0.000113,0
i2t,534041,an image of man having lunch with kids,534041,an image of man having lunch with kids,0.008673,0
i2t,534041,The young is enjoying his cake so much its all over him.,534041,The young is enjoying his cake so much its all over him.,0.002905,0
i2t,534041,Baby boy at the table eating cake frosting off his hand.,534041,Baby boy at the table eating cake frosting off his hand.,0.001711,0
i2t,534041,A toddler eats cake with his hands in his high chair.,534041,A toddler eats cake with his hands in his high chair.,0.000094,0
i2t,534041,a small child with his fingers in his mouth and plate of food,534041,a small child with his fingers in his mouth and plate of food,0.000253,0
i2t,534041,A child is holding two hot dogs up to the photographer.,534041,A child is holding two hot dogs up to the photographer.,0.000179,0
i2t,534041,A person getting ready to take a bite of a hot dog.,534041,A person getting ready to take a bite of a hot dog.,0.000201,0
i2t,534041,"Boxed hotdog, fries and a drink are set out for daytime reading.",534041,"Boxed hotdog, fries and a drink are set out for daytime reading.",0.000126,0
i2t,534041,A very cute lady holding a hot dog to her face.,534041,A very cute lady holding a hot dog to her face.,0.000116,0
i2t,534041,A little boy smiling for a picture as he eats.,534041,A little boy smiling for a picture as he eats.,0.000229,0
i2t,534041,A small child is eating out of a tray.,534041,A small child is eating out of a tray.,0.000131,0
i2t,534041,A small child eating a plate of food with their hands.,534041,A small child eating a plate of food with their hands.,0.000093,0
i2t,534041,A little girl sitting at a table with food on her face,534041,A little girl sitting at a table with food on her face,0.000072,0
i2t,534041,a girl holds a baby eating a bagel with a boy standing next to them,534041,a girl holds a baby eating a bagel with a boy standing next to them,0.000077,0
i2t,534041,A man feeding pizza to a reluctant toddler.,534041,A man feeding pizza to a reluctant toddler.,0.000201,0
i2t,534041,A table has a hot dog and french fries on it.,534041,A table has a hot dog and french fries on it.,0.000074,0
i2t,534041,A child plays with a toy picnic set including a plastic hotdog.,534041,A child plays with a toy picnic set including a plastic hotdog.,0.000045,0
i2t,226592,The bedroom is is decorated in various zebra prints.,226592,The bedroom is is decorated in various zebra prints.,0.000576,0
i2t,226592,A zebra-print futon with red cushions in a student's room,226592,A zebra-print futon with red cushions in a student's room,0.007713,0
i2t,226592,A poster bed with canopy in a room.,226592,A poster bed with canopy in a room.,0.002180,0
i2t,226592,A bedroom done in animal prints with red and black pillows.,226592,A bedroom done in animal prints with red and black pillows.,0.000452,0
i2t,226592,A bed that is very nice and clean.,226592,A bed that is very nice and clean.,0.000961,0
i2t,226592,A bed with a person sleeping in it covered in a blanket.,226592,A bed with a person sleeping in it covered in a blanket.,0.001706,0
i2t,226592,A makeshift bedroom is decorated in plastic and cardboard.,226592,A makeshift bedroom is decorated in plastic and cardboard.,0.000414,0
i2t,226592,a bed surrounded with plastic for walls and ceiling,226592,a bed surrounded with plastic for walls and ceiling,0.028681,0
i2t,226592,A room with a day bed is very cluttered and dusty.,226592,A room with a day bed is very cluttered and dusty.,0.000511,0
i2t,226592,A bed set up on the wooden floor of a large wooden house,226592,A bed set up on the wooden floor of a large wooden house,0.000404,0
i2t,226592,Reading materials are stowed above a zebra themed bed for relaxation.,226592,Reading materials are stowed above a zebra themed bed for relaxation.,0.010299,0
i2t,226592,a bedroom with a blanket and some pillows,226592,a bedroom with a blanket and some pillows,0.000978,0
i2t,226592,this is a bed with a blanket on it,226592,this is a bed with a blanket on it,0.001596,0
i2t,226592,An animal laying under a blanket on top of a bed.,226592,An animal laying under a blanket on top of a bed.,0.001016,0
i2t,226592,A room with a t.v. and other bedroom items and accessories in it.,226592,A room with a t.v. and other bedroom items and accessories in it.,0.000258,0
i2t,226592,A bed covered in blankets and pillows next to a window.,226592,A bed covered in blankets and pillows next to a window.,0.000171,0
i2t,226592,a white pillow white sheets and an orange and tan bedspread,226592,a white pillow white sheets and an orange and tan bedspread,0.000317,0
i2t,226592,assorted items sitting neatly on a bed,226592,assorted items sitting neatly on a bed,0.000453,0
i2t,226592,A bed on an empty floor surrounded by plastic bottles.,226592,A bed on an empty floor surrounded by plastic bottles.,0.000274,0
i2t,226592,Playing board games while the iron heats up in the bedroom.,226592,Playing board games while the iron heats up in the bedroom.,0.018496,0
i2t,226592,A bed in a ten with a colorful ceiling.,226592,A bed in a ten with a colorful ceiling.,0.001607,0
i2t,226592,A single bed sits on a wood floor surrounded by partially-filled bottles of colored liquid.,226592,A single bed sits on a wood floor surrounded by partially-filled bottles of colored liquid.,0.000129,0
i2t,226592,A newspaper spread out on a made bed with a quilt and pillow.,226592,A newspaper spread out on a made bed with a quilt and pillow.,0.000161,0
i2t,226592,A made up bed with a pile of newspapers on it.,226592,A made up bed with a pile of newspapers on it.,0.000321,0
i2t,226592,A made bed with a laptop computer on it,226592,A made bed with a laptop computer on it,0.000394,0
i2t,226592,Man dressed in leopard robe next to a bed.,226592,Man dressed in leopard robe next to a bed.,0.000225,0
i2t,226592,The bed has been neatly made and the pillows arranged.,226592,The bed has been neatly made and the pillows arranged.,0.000256,0
i2t,226592,Two blankets have been folded on a large bed.,226592,Two blankets have been folded on a large bed.,0.000372,0
i2t,226592,A simple modern bedroom sheets on the bed,226592,A simple modern bedroom sheets on the bed,0.000831,0
i2t,226592,A bed has white and brown pillows and sheets on it.,226592,A bed has white and brown pillows and sheets on it.,0.000197,0
i2t,226592,The bedroom with the bedspread is dimly lit.,226592,The bedroom with the bedspread is dimly lit.,0.001268,0
i2t,226592,A bed with a yellow blanket and a white pillow.,226592,A bed with a yellow blanket and a white pillow.,0.000172,0
i2t,226592,"A room with purple walls, carpet and bed comforter.",226592,"A room with purple walls, carpet and bed comforter.",0.000542,0
i2t,226592,A bed is shown with a rug and side table.,226592,A bed is shown with a rug and side table.,0.000566,0
i2t,226592,A messy bedroom has one red brick wall.,226592,A messy bedroom has one red brick wall.,0.000243,0
i2t,331817,A table with several dishes on it with a television.,331817,A table with several dishes on it with a television.,0.000641,0
i2t,331817,Two plates of assorted food and two beverages are shown on a table.,331817,Two plates of assorted food and two beverages are shown on a table.,0.000159,0
i2t,331817,A plate of blueberry coffee cake with butter and an orange slice on a table with breakfast foods.,331817,A plate of blueberry coffee cake with butter and an orange slice on a table with breakfast foods.,0.000206,0
i2t,331817,Several pastries sitting on aluminum foil next to a bowl with a knife and spatula in it.,331817,Several pastries sitting on aluminum foil next to a bowl with a knife and spatula in it.,0.000117,0
i2t,331817,A dining table with cakes and a tv monitor,331817,A dining table with cakes and a tv monitor,0.000545,0
i2t,331817,A persons arm reaching over a table filled with food.,331817,A persons arm reaching over a table filled with food.,0.000337,0
i2t,331817,A woman standing next to a table covered with plates of mostly eaten food.,331817,A woman standing next to a table covered with plates of mostly eaten food.,0.000307,0
i2t,331817,an image of a table setting with a breakfast platter on it,331817,an image of a table setting with a breakfast platter on it,0.000519,0
i2t,331817,Breakfast items including juice are on the table.,331817,Breakfast items including juice are on the table.,0.000302,0
i2t,331817,Two plates of breakfast food and a glass of juice.,331817,Two plates of breakfast food and a glass of juice.,0.000189,0
i2t,331817,a lady that has a bowl in her hand,331817,a lady that has a bowl in her hand,0.003724,0
i2t,331817,there is whine and bread on this table,331817,there is whine and bread on this table,0.001402,0
i2t,331817,A table with some oranges and some cups.,331817,A table with some oranges and some cups.,0.000200,0
i2t,331817,"A close up of a table with food, bowls and cups.",331817,"A close up of a table with food, bowls and cups.",0.000474,0
i2t,331817,A person fills jars with orange slices from a large bowl.,331817,A person fills jars with orange slices from a large bowl.,0.000080,0
i2t,331817,Two glass bowls of oranges add up to more than enough.,331817,Two glass bowls of oranges add up to more than enough.,0.000161,0
i2t,331817,A man sitting by a table with food in bowls and pans,331817,A man sitting by a table with food in bowls and pans,0.000256,0
i2t,331817,The woman is dipping food out of the pot to eat.,331817,The woman is dipping food out of the pot to eat.,0.000098,0
i2t,331817,Stemmed glass of amber liquid on a counter,331817,Stemmed glass of amber liquid on a counter,0.000121,0
i2t,331817,Many containers of food are on the table.,331817,Many containers of food are on the table.,0.000111,0
i2t,331817,This tray includes several different items for a full breakfast.,331817,This tray includes several different items for a full breakfast.,0.002268,0
i2t,331817,"Some bread, ham, fruit, jam, and a glass of orange juice",331817,"Some bread, ham, fruit, jam, and a glass of orange juice",0.012428,0
i2t,331817,Banana bread and orange juice with a orange wedge is sweet tasting.,331817,Banana bread and orange juice with a orange wedge is sweet tasting.,0.001905,0
i2t,331817,A table full of food served in baskets,331817,A table full of food served in baskets,0.000419,0
i2t,331817,"A plate filled with eggs, corn, toast and coffee",331817,"A plate filled with eggs, corn, toast and coffee",0.000619,0
i2t,331817,Arrows show what to do with the bowls of food.,331817,Arrows show what to do with the bowls of food.,0.003495,0
i2t,331817,A housewife holds a platter of food in the kitchen.,331817,A housewife holds a platter of food in the kitchen.,0.000834,0
i2t,331817,A young woman licks her lips while eating breakfast.,331817,A young woman licks her lips while eating breakfast.,0.000373,0
i2t,331817,A table full of plates of breakfast food.,331817,A table full of plates of breakfast food.,0.000223,0
i2t,331817,A table is covered in breakfast foods at a Waffle House.,331817,A table is covered in breakfast foods at a Waffle House.,0.000056,0
i2t,331817,A close up picture of a table with some good food on it.,331817,A close up picture of a table with some good food on it.,0.000573,0
i2t,331817,A meal sits on a table that has been well decorated.,331817,A meal sits on a table that has been well decorated.,0.000224,0
i2t,331817,Two dishes of food and several blue arrows.,331817,Two dishes of food and several blue arrows.,0.000213,0
i2t,331817,A table has colorful flowers and food on it.,331817,A table has colorful flowers and food on it.,0.000152,0
i2t,331817,A table that has several plates of breakfast food on it.,331817,A table that has several plates of breakfast food on it.,0.000731,0
i2t,331817,"A table with many different objects, including a plate of sandwiches.",331817,"A table with many different objects, including a plate of sandwiches.",0.000170,0
i2t,331817,"A woman getting food off of a table, with a purple sweater on.",331817,"A woman getting food off of a table, with a purple sweater on.",0.000109,0
i2t,331817,A woman standing at a kitchen counter pouring something from a measuring cup.,331817,A woman standing at a kitchen counter pouring something from a measuring cup.,0.000294,0
i2t,331817,A young woman standing in the kitchen pours from a large measuring cup.,331817,A young woman standing in the kitchen pours from a large measuring cup.,0.000334,0
i2t,331817,The man is holding a bowl over dough on the kitchen counter.,331817,The man is holding a bowl over dough on the kitchen counter.,0.000085,0
i2t,331817,A person is holding a spatula near slices of bread on a stove.,331817,A person is holding a spatula near slices of bread on a stove.,0.000027,0
i2t,331817,A child on a counter by a plate of fires.,331817,A child on a counter by a plate of fires.,0.000880,0
i2t,331817,a woman standing over a pot holding a plate of food,331817,a woman standing over a pot holding a plate of food,0.000786,0
i2t,331817,A picture of some food in the kitchen.,331817,A picture of some food in the kitchen.,0.000232,0
i2t,331817,A woman prepares bread and pastries on a table.,331817,A woman prepares bread and pastries on a table.,0.000071,0
i2t,331817,A women who is holding a whisk in the kitchen.,331817,A women who is holding a whisk in the kitchen.,0.000117,0
i2t,331817,Woman working with large assortment of baked goods at kitchen table.,331817,Woman working with large assortment of baked goods at kitchen table.,0.000276,0
i2t,331817,A person at a table in a room with some food.,331817,A person at a table in a room with some food.,0.000604,0
i2t,331817,A woman eating food at a table in a kitchen.,331817,A woman eating food at a table in a kitchen.,0.000366,0
i2t,331817,A girl in orange sweater using spoon in bowl.,331817,A girl in orange sweater using spoon in bowl.,0.000111,0
i2t,331817,Some cinnamon toast and eggs that are half eaten on a table.,331817,Some cinnamon toast and eggs that are half eaten on a table.,0.000130,0
i2t,473974,Four zebras stand together in a grassy plain.,473974,Four zebras stand together in a grassy plain.,0.001821,0
i2t,473974,A group of zebras stand together in a field.,473974,A group of zebras stand together in a field.,0.000683,0
i2t,473974,A group of four zebras standing in different positions.,473974,A group of four zebras standing in different positions.,0.000966,0
i2t,473974,Three zebras are standing together in a line.,473974,Three zebras are standing together in a line.,0.001350,0
i2t,473974,Three zebras gather to stand and graze in their enclosure.,473974,Three zebras gather to stand and graze in their enclosure.,0.000401,0
i2t,473974,Three zebras standing next to each other in a meadow with other zebras visible behind them,473974,Three zebras standing next to each other in a meadow with other zebras visible behind them,0.000377,0
i2t,473974,Four zebra are standing next to each other in a field.,473974,Four zebra are standing next to each other in a field.,0.000666,0
i2t,473974,A group of zebras are standing together in the grass.,473974,A group of zebras are standing together in the grass.,0.001631,0
i2t,473974,A trio of zebras stand together in the grass.,473974,A trio of zebras stand together in the grass.,0.000418,0
i2t,473974,Too zebras stand together near a wooded area.,473974,Too zebras stand together near a wooded area.,0.000341,0
i2t,473974,there seem to be very few animals on this field,473974,there seem to be very few animals on this field,0.008229,0
i2t,473974,A field with a lot of dead trees.,473974,A field with a lot of dead trees.,0.000172,0
i2t,473974,A herd of zebra in dry vegetation near dry trees.,473974,A herd of zebra in dry vegetation near dry trees.,0.000110,0
i2t,473974,A herd of zebra are grazing on tall dry grass.,473974,A herd of zebra are grazing on tall dry grass.,0.000342,0
i2t,473974,A herd of animals grazing on a dry grass field.,473974,A herd of animals grazing on a dry grass field.,0.000177,0
i2t,473974,Herd of zebra grazing on dried grasses in open field.,473974,Herd of zebra grazing on dried grasses in open field.,0.000439,0
i2t,473974,The animals are grazing on the wheat grain,473974,The animals are grazing on the wheat grain,0.010587,0
i2t,473974,A herd of wild animals walking across a dry grass park.,473974,A herd of wild animals walking across a dry grass park.,0.000133,0
i2t,473974,Nice open stretches of land that is alive.,473974,Nice open stretches of land that is alive.,0.002065,0
i2t,473974,no image again there are a lot of these lately,473974,no image again there are a lot of these lately,0.003331,0
i2t,473974,a little zebra biting its own tali,473974,a little zebra biting its own tali,0.326301,0
i2t,473974,Zebras with feral hogs in a wild habitat.,473974,Zebras with feral hogs in a wild habitat.,0.005106,0
i2t,473974,Those zebras may have lost their parents and they could be nearby.,473974,Those zebras may have lost their parents and they could be nearby.,0.019482,0
i2t,473974,A group of zebra stand in the plain.,473974,A group of zebra stand in the plain.,0.001173,0
i2t,473974,Two zebras fighting in a cloud of dust,473974,Two zebras fighting in a cloud of dust,0.009286,0
i2t,473974,A group of zebras on a green plain,473974,A group of zebras on a green plain,0.003426,0
i2t,473974,a zebra but the everything after the head is pure white,473974,a zebra but the everything after the head is pure white,0.021315,0
i2t,473974,Baby zebra sucking milk from its mothers teat.,473974,Baby zebra sucking milk from its mothers teat.,0.001347,0
i2t,473974,Zebras and wort hogs living together on the plains.,473974,Zebras and wort hogs living together on the plains.,0.021697,0
i2t,473974,Two zebras standing in a field of tall grass.,473974,Two zebras standing in a field of tall grass.,0.000303,0
i2t,473974,Three zebras stand together in a field of grass.,473974,Three zebras stand together in a field of grass.,0.001155,0
i2t,473974,A group of zebra standing in the tall grass.,473974,A group of zebra standing in the tall grass.,0.000429,0
i2t,473974,A grassy field with various zebras standing next to each other.,473974,A grassy field with various zebras standing next to each other.,0.000482,0
i2t,473974,Three zebras standing together in a grassy field.,473974,Three zebras standing together in a grassy field.,0.001177,0
i2t,473974,Two zebras standing in tall savannah grass near forest brush.,473974,Two zebras standing in tall savannah grass near forest brush.,0.000503,0
i2t,473974,A group of zebras in a field by some trees.,473974,A group of zebras in a field by some trees.,0.000222,0
i2t,473974,A group of zebra standing on top of a grass covered field.,473974,A group of zebra standing on top of a grass covered field.,0.000570,0
i2t,473974,A group of zebras standing and grazing in a grass field.,473974,A group of zebras standing and grazing in a grass field.,0.000800,0
i2t,473974,A herd of zebra are grazing in a grassy meadow.,473974,A herd of zebra are grazing in a grassy meadow.,0.000308,0
i2t,473974,A group of zebra grazing grass with a backdrop of bushes.,473974,A group of zebra grazing grass with a backdrop of bushes.,0.000196,0
i2t,473974,The group of zebras are in the field.,473974,The group of zebras are in the field.,0.000635,0
i2t,473974,A group of zebras in grassy field next to trees.,473974,A group of zebras in grassy field next to trees.,0.000435,0
i2t,473974,A group of zebras in a grassy area next to trees.,473974,A group of zebras in a grassy area next to trees.,0.000270,0
i2t,473974,A herd of zebra standing on a dry grass field.,473974,A herd of zebra standing on a dry grass field.,0.000217,0
i2t,473974,Several zebras grazing on grasses in a natural habitat.,473974,Several zebras grazing on grasses in a natural habitat.,0.000839,0
i2t,473974,Several zebras stand in a field and graze.,473974,Several zebras stand in a field and graze.,0.000866,0
i2t,473974,A group of zebras grazing in the grass.,473974,A group of zebras grazing in the grass.,0.000531,0
i2t,473974,A panoramic view of zebras in a dry field.,473974,A panoramic view of zebras in a dry field.,0.000046,0
i2t,473118,A young man is skateboarding on a wall and holding onto a bar.,473118,A young man is skateboarding on a wall and holding onto a bar.,0.001456,0
i2t,473118,A young man balances himself as he tilts his skateboard up at the edge of an obstacle.,473118,A young man balances himself as he tilts his skateboard up at the edge of an obstacle.,0.000655,0
i2t,473118,A man standing on a skateboard near a ramp.,473118,A man standing on a skateboard near a ramp.,0.000669,0
i2t,473118,A BOY WITH A BLUE SHIRT AND JEAN PANTS DOING A TRICK WITH HIS SKATEBOARD,473118,A BOY WITH A BLUE SHIRT AND JEAN PANTS DOING A TRICK WITH HIS SKATEBOARD,0.000994,0
i2t,473118,A young man riding a skateboard down the side of a ramp.,473118,A young man riding a skateboard down the side of a ramp.,0.000917,0
i2t,473118,a man in the air standing above the skateboard,473118,a man in the air standing above the skateboard,0.000669,0
i2t,473118,a young male in mid air flipping a skateboard off of a ramp,473118,a young male in mid air flipping a skateboard off of a ramp,0.001138,0
i2t,473118,A young man riding a skateboard on top of a cement block.,473118,A young man riding a skateboard on top of a cement block.,0.001628,0
i2t,473118,A person standing on a skateboard on top of a ramp.,473118,A person standing on a skateboard on top of a ramp.,0.001332,0
i2t,473118,A man performing a trick on a ledge on a skateboard.,473118,A man performing a trick on a ledge on a skateboard.,0.001236,0
i2t,473118,A boy on a bike watches a boy on a skateboard go over a ramp.,473118,A boy on a bike watches a boy on a skateboard go over a ramp.,0.000313,0
i2t,473118,A person on a skateboard and bike at a skate park.,473118,A person on a skateboard and bike at a skate park.,0.000931,0
i2t,473118,The kid is on a skateboard and on a ramp.,473118,The kid is on a skateboard and on a ramp.,0.000967,0
i2t,473118,A man riding a skateboard on top of a ramp.,473118,A man riding a skateboard on top of a ramp.,0.001255,0
i2t,473118,A skateboarder is doing tricks on a ramp.,473118,A skateboarder is doing tricks on a ramp.,0.000411,0
i2t,473118,A skate board rider skating on the edge of a ramp.,473118,A skate board rider skating on the edge of a ramp.,0.000659,0
i2t,473118,A man riding a skateboard up the side of a ramp.,473118,A man riding a skateboard up the side of a ramp.,0.000841,0
i2t,473118,A male skateboarder is trying to pull off a trick on the ramp.,473118,A male skateboarder is trying to pull off a trick on the ramp.,0.000424,0
i2t,473118,A man is doing skateboard tricks on a ramp,473118,A man is doing skateboard tricks on a ramp,0.000914,0
i2t,473118,Parkour while skating on a rail in urban,473118,Parkour while skating on a rail in urban,0.085662,0
i2t,473118,"Youngster on a skateboard, trying simple tip up stunt.",473118,"Youngster on a skateboard, trying simple tip up stunt.",0.062492,0
i2t,473118,a young man doing a jump with his skateboard in a skate park,473118,a young man doing a jump with his skateboard in a skate park,0.001406,0
i2t,473118,Grabbing the front of the skateboard maintains control over it.,473118,Grabbing the front of the skateboard maintains control over it.,0.017680,0
i2t,473118,A man attempts a trick after riding off of a low ramp.,473118,A man attempts a trick after riding off of a low ramp.,0.005042,0
i2t,473118,A boy performs a skateboarding stunt in a skate park,473118,A boy performs a skateboarding stunt in a skate park,0.001528,0
i2t,473118,a teenager attempting a jump on his skateboard,473118,a teenager attempting a jump on his skateboard,0.001955,0
i2t,473118,Teenager doing stunts with a skateboard at a skateboard park.,473118,Teenager doing stunts with a skateboard at a skateboard park.,0.000301,0
i2t,473118,A man on a skateboard performs a trick at the skate park,473118,A man on a skateboard performs a trick at the skate park,0.000492,0
i2t,473118,A skate boarder 50/50 grinds a hand rail,473118,A skate boarder 50/50 grinds a hand rail,0.001607,0
i2t,473118,A guy doing tricks on his kate board,473118,A guy doing tricks on his kate board,0.010806,0
i2t,473118,A somewhat blurry image of a young man in the air on his skateboard.,473118,A somewhat blurry image of a young man in the air on his skateboard.,0.000784,0
i2t,473118,Boy making high jumps with his skate board,473118,Boy making high jumps with his skate board,0.001864,0
i2t,473118,Filtered photograph of a boy on a skateboard.,473118,Filtered photograph of a boy on a skateboard.,0.005851,0
i2t,473118,A skater is attempting a rail grind.,473118,A skater is attempting a rail grind.,0.001695,0
i2t,473118,A skateboarder wearing a DC shirt is doing tricks on a rail.,473118,A skateboarder wearing a DC shirt is doing tricks on a rail.,0.000605,0
i2t,473118,A skateboarder jumping of of a ledge onto a parking lot.,473118,A skateboarder jumping of of a ledge onto a parking lot.,0.000451,0
i2t,473118,A young man skateboarding jumps on a concrete ramp.,473118,A young man skateboarding jumps on a concrete ramp.,0.000392,0
i2t,473118,A man riding a skateboard on a ramp.,473118,A man riding a skateboard on a ramp.,0.000742,0
i2t,473118,A man riding a skateboard on the edge of a ramp.,473118,A man riding a skateboard on the edge of a ramp.,0.000678,0
i2t,473118,A young man on a skate board riding a ramp.,473118,A young man on a skate board riding a ramp.,0.000840,0
i2t,473118,A young man riding a skateboard down a rail.,473118,A young man riding a skateboard down a rail.,0.000892,0
i2t,473118,The man is riding his skateboard down the ramp.,473118,The man is riding his skateboard down the ramp.,0.001068,0
i2t,473118,A skateboarder careening off concrete in a park,473118,A skateboarder careening off concrete in a park,0.000204,0
i2t,473118,a man is doing skateboard tricks off the side of a busy street,473118,a man is doing skateboard tricks off the side of a busy street,0.000833,0
i2t,473118,A boy who is skateboarding does a trick.,473118,A boy who is skateboarding does a trick.,0.001723,0
i2t,473118,Boy on a skate board taking a jump down a ramp.,473118,Boy on a skate board taking a jump down a ramp.,0.000555,0
i2t,473118,Kid on a skate board in a skate park preforming a stunt.,473118,Kid on a skate board in a skate park preforming a stunt.,0.000451,0
i2t,473118,A teenager is doing a wheelie on a skateboard.,473118,A teenager is doing a wheelie on a skateboard.,0.000967,0
i2t,473118,A boy is doing a trick on his skateboard.,473118,A boy is doing a trick on his skateboard.,0.001047,0
i2t,473118,A young man performs a trick on a skate board.,473118,A young man performs a trick on a skate board.,0.000791,0
i2t,473118,A young person is doing a trick on their skateboard.,473118,A young person is doing a trick on their skateboard.,0.001574,0
i2t,473118,A boy doing a trick on a skateboard on a ramp.,473118,A boy doing a trick on a skateboard on a ramp.,0.000594,0
i2t,297343,A stop sign standing up against a wall.,297343,A stop sign standing up against a wall.,0.012060,0
i2t,297343,A stop sign on post with a building in the background.,297343,A stop sign on post with a building in the background.,0.000615,0
i2t,297343,A stop sighn is propped up against the side of a building.,297343,A stop sighn is propped up against the side of a building.,0.003851,0
i2t,297343,A close up of a stop sign with two hand written notes taped to it.,297343,A close up of a stop sign with two hand written notes taped to it.,0.003362,0
i2t,297343,A person walking near a stop sign in a residential neighborhood.,297343,A person walking near a stop sign in a residential neighborhood.,0.000945,0
i2t,297343,A stop sign taken through the window of a train,297343,A stop sign taken through the window of a train,0.006672,0
i2t,297343,A red stop sign with paper with writing on top of it.,297343,A red stop sign with paper with writing on top of it.,0.006276,0
i2t,297343,an over head view of a stop sign,297343,an over head view of a stop sign,0.016121,0
i2t,297343,A close up of the stop sign and to street signs.,297343,A close up of the stop sign and to street signs.,0.011640,0
i2t,297343,"A street sign reads ""Bacchanalia"" above a stop sign.",297343,"A street sign reads ""Bacchanalia"" above a stop sign.",0.003758,0
i2t,297343,Road sigh on wooden pole shown upside down next to white wall.,297343,Road sigh on wooden pole shown upside down next to white wall.,0.007978,0
i2t,297343,A stop sign is on a dented wooden pole.,297343,A stop sign is on a dented wooden pole.,0.004431,0
i2t,297343,a street sign attached to a wooden pole,297343,a street sign attached to a wooden pole,0.001226,0
i2t,297343,A sign that is sitting on a wooden pole.,297343,A sign that is sitting on a wooden pole.,0.008464,0
i2t,297343,Stop sign with a tree branch touching it.,297343,Stop sign with a tree branch touching it.,0.002421,0
i2t,297343,A stop sign that is attached to a broken wooden pole.,297343,A stop sign that is attached to a broken wooden pole.,0.002412,0
i2t,297343,A stop sgn with a branch in front of it,297343,A stop sgn with a branch in front of it,0.007609,0
i2t,297343,Very detailed white roof behind a stop sign.,297343,Very detailed white roof behind a stop sign.,0.001441,0
i2t,297343,The sign is now at a red light.,297343,The sign is now at a red light.,0.036021,0
i2t,297343,A stop sign is mounted upside-down on it's post.,297343,A stop sign is mounted upside-down on it's post.,0.003698,0
i2t,297343,A stop sign saying whoa instead of stop.,297343,A stop sign saying whoa instead of stop.,0.023987,0
i2t,297343,A stop sign that is displaying a different meaning than the original one.,297343,A stop sign that is displaying a different meaning than the original one.,0.042093,0
i2t,297343,A joke stop sign saying go placed before the real stop sign.,297343,A joke stop sign saying go placed before the real stop sign.,0.061899,0
i2t,297343,A stop sign with words added to it in marker,297343,A stop sign with words added to it in marker,0.011372,0
i2t,297343,"STOP sign with a ""Gentrifying Georgetown"" stamp on it",297343,"STOP sign with a ""Gentrifying Georgetown"" stamp on it",0.308236,0
i2t,297343,People don't seem to be able to pass a Stop sign without defacing them.,297343,People don't seem to be able to pass a Stop sign without defacing them.,0.040455,0
i2t,297343,A stop sign with the work stop written in Arabic.,297343,A stop sign with the work stop written in Arabic.,0.005483,0
i2t,297343,a stop sign with hammertime written on it,297343,a stop sign with hammertime written on it,0.069533,0
i2t,297343,A close up view of a stop sign in a neighborhood.,297343,A close up view of a stop sign in a neighborhood.,0.009352,0
i2t,297343,A close shot of a Bus stop sign near the building.,297343,A close shot of a Bus stop sign near the building.,0.000412,0
i2t,297343,A red stop sign sitting on the floor next to a wall.,297343,A red stop sign sitting on the floor next to a wall.,0.006763,0
i2t,297343,A stop sign on the side of a street.,297343,A stop sign on the side of a street.,0.004233,0
i2t,297343,A red stop sign sitting on the side of a tall building.,297343,A red stop sign sitting on the side of a tall building.,0.006704,0
i2t,297343,A red stop sign sitting on top of a metal pole.,297343,A red stop sign sitting on top of a metal pole.,0.007012,0
i2t,297343,there is a very close-up view of a stop sign,297343,there is a very close-up view of a stop sign,0.012698,0
i2t,297343,A red stop sign sitting on the side of a road.,297343,A red stop sign sitting on the side of a road.,0.013708,0
i2t,297343,there is a red stop sign on this street,297343,there is a red stop sign on this street,0.003119,0
i2t,297343,A large red stop sign on a street.,297343,A large red stop sign on a street.,0.015040,0
i2t,297343,Red stop sign sitting on a pole in the middle of city street.,297343,Red stop sign sitting on a pole in the middle of city street.,0.002745,0
i2t,297343,there is a stop sign along this street,297343,there is a stop sign along this street,0.003221,0
i2t,297343,A red stop sign sitting above a no parking sign.,297343,A red stop sign sitting above a no parking sign.,0.015046,0
i2t,297343,A red stop sign sitting under a couple of street signs.,297343,A red stop sign sitting under a couple of street signs.,0.049346,0
i2t,297343,a red stop sign with a street sign attached,297343,a red stop sign with a street sign attached,0.012647,0
i2t,297343,A red stop sign sitting on the side of a dark road.,297343,A red stop sign sitting on the side of a dark road.,0.003413,0
i2t,297343,A stop sign that is on the side of a pole.,297343,A stop sign that is on the side of a pole.,0.007791,0
i2t,297343,A stop sign on a sidewalk next to a street.,297343,A stop sign on a sidewalk next to a street.,0.003733,0
i2t,297343,A stop sign has been placed upside-down in the grass beside a building.,297343,A stop sign has been placed upside-down in the grass beside a building.,0.000493,0
i2t,457262,Two very small yellow bananas on top of a wooden table next to a Malaysian coin.,457262,Two very small yellow bananas on top of a wooden table next to a Malaysian coin.,0.004807,0
i2t,457262,A coin laying next to some small bananas.,457262,A coin laying next to some small bananas.,0.002933,0
i2t,457262,A wooden table with miniature bananas next to a Malaysian coin from 2009.,457262,A wooden table with miniature bananas next to a Malaysian coin from 2009.,0.004906,0
i2t,457262,A half eaten banana being held by a human hand.,457262,A half eaten banana being held by a human hand.,0.000211,0
i2t,457262,A peeled banana on a table next to an unpeeled banana.,457262,A peeled banana on a table next to an unpeeled banana.,0.001546,0
i2t,457262,A partially eaten and peeled banana being held by someone.,457262,A partially eaten and peeled banana being held by someone.,0.000375,0
i2t,457262,a small stereo a banana and a flashlight,457262,a small stereo a banana and a flashlight,0.000312,0
i2t,457262,Someone holding a half eaten banana in their hand.,457262,Someone holding a half eaten banana in their hand.,0.000286,0
i2t,457262,A banana and a container with a lid on a counter.,457262,A banana and a container with a lid on a counter.,0.000424,0
i2t,457262,A woman's hand holding a half peeled banana with a large bite out of it,457262,A woman's hand holding a half peeled banana with a large bite out of it,0.000091,0
i2t,457262,A table topped with bananas next to a coin.,457262,A table topped with bananas next to a coin.,0.003365,0
i2t,457262,Some fruit and a coin are next to each other.,457262,Some fruit and a coin are next to each other.,0.001508,0
i2t,457262,some little stones sitting around a dime,457262,some little stones sitting around a dime,0.003241,0
i2t,457262,A dime sits in the middle of a group of stones.,457262,A dime sits in the middle of a group of stones.,0.000107,0
i2t,457262,A dime surrounded by a bunch of stones with holes in them,457262,A dime surrounded by a bunch of stones with holes in them,0.000481,0
i2t,457262,a couple of thigs are sitting on a wood table,457262,a couple of thigs are sitting on a wood table,0.002275,0
i2t,457262,A banana sitting next to a dollop of butterscotch.,457262,A banana sitting next to a dollop of butterscotch.,0.001147,0
i2t,457262,Banana on a paper towel behind a banana shaped paper towel.,457262,Banana on a paper towel behind a banana shaped paper towel.,0.001953,0
i2t,457262,There are bananas around another piece of fruit.,457262,There are bananas around another piece of fruit.,0.000787,0
i2t,457262,multiple shots of a banana and a banana guard,457262,multiple shots of a banana and a banana guard,0.022444,0
i2t,457262,A opened peeld banana half way eatened.,457262,A opened peeld banana half way eatened.,0.004921,0
i2t,457262,A yellow ripe banana sitting on top of a wooden table.,457262,A yellow ripe banana sitting on top of a wooden table.,0.002806,0
i2t,457262,"A papia, orange and bruised banana sitting in a bowl.",457262,"A papia, orange and bruised banana sitting in a bowl.",0.000232,0
i2t,457262,Four bananas in a bunch with brown dots,457262,Four bananas in a bunch with brown dots,0.031811,0
i2t,457262,A group of slightly bruised banana's in a bowl.,457262,A group of slightly bruised banana's in a bowl.,0.001006,0
i2t,457262,A bunch of bananas very close up on a table.,457262,A bunch of bananas very close up on a table.,0.005885,0
i2t,457262,A bunch of bananas on a plate with a sign on it.,457262,A bunch of bananas on a plate with a sign on it.,0.000474,0
i2t,457262,very ripe bananas placed on a purple basket,457262,very ripe bananas placed on a purple basket,0.001083,0
i2t,457262,A banana laying next to a plastic container with lid.,457262,A banana laying next to a plastic container with lid.,0.000986,0
i2t,457262,A banana resting on a paper towel atop a wooden table.,457262,A banana resting on a paper towel atop a wooden table.,0.000607,0
i2t,457262,Display for bananas with a euro money sign,457262,Display for bananas with a euro money sign,0.003974,0
i2t,457262,A bunch of bananas sitting on top of a wooden table.,457262,A bunch of bananas sitting on top of a wooden table.,0.003057,0
i2t,475678,A close up photo of suitcases and luggage,475678,A close up photo of suitcases and luggage,0.032470,0
i2t,475678,Rows of various colored suitcases at an airport.,475678,Rows of various colored suitcases at an airport.,0.009425,0
i2t,475678,Three rows of luggage of various color and size.,475678,Three rows of luggage of various color and size.,0.026347,0
i2t,475678,an image of a large number of suitcases in a pile,475678,an image of a large number of suitcases in a pile,0.047086,0
i2t,475678,"Many pieces of luggage gathers together, all with tags attached.",475678,"Many pieces of luggage gathers together, all with tags attached.",0.002471,0
i2t,475678,Several suit cases lined in rows with luggage tags on them.,475678,Several suit cases lined in rows with luggage tags on them.,0.017485,0
i2t,475678,A stack of many different types of suitcases.,475678,A stack of many different types of suitcases.,0.006462,0
i2t,475678,A pile of different colored bags of luggage sitting on a floor.,475678,A pile of different colored bags of luggage sitting on a floor.,0.033700,0
i2t,475678,A man standing beside several small orange suitcases.,475678,A man standing beside several small orange suitcases.,0.001060,0
i2t,475678,The luggage suitcases with tags on them are stacked near one another.,475678,The luggage suitcases with tags on them are stacked near one another.,0.011322,0
i2t,475678,Two pieces of hard luggage are seen here.,475678,Two pieces of hard luggage are seen here.,0.000480,0
i2t,475678,A rolling suitcase with smaller case attached to the handle of it.,475678,A rolling suitcase with smaller case attached to the handle of it.,0.000485,0
i2t,475678,A piece of luggage is ready to go with cold wear on top for quick usage.,475678,A piece of luggage is ready to go with cold wear on top for quick usage.,0.000314,0
i2t,475678,"A small carry-on bag, strapped to the handle of a larger suitcase from the same set of luggage.",475678,"A small carry-on bag, strapped to the handle of a larger suitcase from the same set of luggage.",0.000953,0
i2t,475678,"A piece of luggage is beside bags, one in plastic.",475678,"A piece of luggage is beside bags, one in plastic.",0.000613,0
i2t,475678,A pile of suitcases that are stacked on a green roller.,475678,A pile of suitcases that are stacked on a green roller.,0.003514,0
i2t,475678,A carry on rolling luggage with stuff bursting out the top.,475678,A carry on rolling luggage with stuff bursting out the top.,0.001373,0
i2t,475678,very many travelling bags placed on the floor,475678,very many travelling bags placed on the floor,0.106492,0
i2t,475678,aerial view of suitcases grouped together waiting on a sidewalk,475678,aerial view of suitcases grouped together waiting on a sidewalk,0.004181,0
i2t,475678,There are lots and lots of suitcases stacked up together.,475678,There are lots and lots of suitcases stacked up together.,0.028325,0
i2t,475678,Vintage suitcases with price tags on their handles.,475678,Vintage suitcases with price tags on their handles.,0.000559,0
i2t,475678,Several suitcases sitting on a shelf with tags on them.,475678,Several suitcases sitting on a shelf with tags on them.,0.000934,0
i2t,475678,A bunch of suitcases that are on a cart.,475678,A bunch of suitcases that are on a cart.,0.015193,0
i2t,475678,Several pieces of luggage are on display.,475678,Several pieces of luggage are on display.,0.004789,0
i2t,475678,A rack filled with lots of different bags of luggage.,475678,A rack filled with lots of different bags of luggage.,0.046436,0
i2t,296224,A white bus that has a 41 Crosstown sign on the front.,296224,A white bus that has a 41 Crosstown sign on the front.,0.000047,0
i2t,296224,A bus which is part of the Metropolitan Transit System.,296224,A bus which is part of the Metropolitan Transit System.,0.000031,0
i2t,296224,A large white bus on a city street.,296224,A large white bus on a city street.,0.000058,0
i2t,296224,a large white bus that is by a building,296224,a large white bus that is by a building,0.000111,0
i2t,296224,A city bus is driving through the town,296224,A city bus is driving through the town,0.000107,0
i2t,296224,A transit bus with its doors opened as passengers board.,296224,A transit bus with its doors opened as passengers board.,0.000046,0
i2t,296224,An angle view of city bus near a side walk.,296224,An angle view of city bus near a side walk.,0.000069,0
i2t,296224,an image of a side symbol on a bus,296224,an image of a side symbol on a bus,0.000023,0
i2t,296224,a bus with a kitty face on the front of it,296224,a bus with a kitty face on the front of it,0.000043,0
i2t,296224,A bus with destination signs drives around a curve where children stand.,296224,A bus with destination signs drives around a curve where children stand.,0.000031,0
i2t,296224,There are not many passengers on the bus.,296224,There are not many passengers on the bus.,0.000025,0
i2t,296224,a public transit bus with traffic lights,296224,a public transit bus with traffic lights,0.000062,0
i2t,296224,A bus with a reflection of metal work on the windshield.,296224,A bus with a reflection of metal work on the windshield.,0.000023,0
i2t,296224,A large bus parked by the curb,296224,A large bus parked by the curb,0.000031,0
i2t,296224,Bus stopped at the side of the road.,296224,Bus stopped at the side of the road.,0.000122,0
i2t,296224,The side of a buss with a sign on it.,296224,The side of a buss with a sign on it.,0.000024,0
i2t,296224,A passenger bus that is leaning to the right.,296224,A passenger bus that is leaning to the right.,0.000088,0
i2t,296224,A public transportation bus near a curb with a bicycle rack.,296224,A public transportation bus near a curb with a bicycle rack.,0.000038,0
i2t,296224,The inside of a commuter city bus with palide seats,296224,The inside of a commuter city bus with palide seats,0.000033,0
i2t,296224,a bus stops to pick up some passengers,296224,a bus stops to pick up some passengers,0.000164,0
i2t,296224,A stopped bus pulled up to the bus stop,296224,A stopped bus pulled up to the bus stop,0.000044,0
i2t,296224,A white bus parked next to a sidewalk near a fence.,296224,A white bus parked next to a sidewalk near a fence.,0.000048,0
i2t,296224,A white bus is pulled up to a sidewalk.,296224,A white bus is pulled up to a sidewalk.,0.000082,0
i2t,296224,A double city bus is pulled up to a bus stop.,296224,A double city bus is pulled up to a bus stop.,0.000053,0
i2t,296224,theres a number 41 bus with a green stripe on it,296224,theres a number 41 bus with a green stripe on it,0.000071,0
i2t,296224,A white bus with bicycle rack parked on the side of a street.,296224,A white bus with bicycle rack parked on the side of a street.,0.000031,0
i2t,296224,A transit bus coming down a street with a large wooded side area.,296224,A transit bus coming down a street with a large wooded side area.,0.000124,0
i2t,296224,The #41 bus parked at the curb waiting for passengers to board,296224,The #41 bus parked at the curb waiting for passengers to board,0.000114,0
i2t,296224,A bus that is parked along side a curb,296224,A bus that is parked along side a curb,0.000117,0
i2t,296224,A close up view of a very big pretty city bus.,296224,A close up view of a very big pretty city bus.,0.000055,0
i2t,296224,A city bus parked on the side of a road.,296224,A city bus parked on the side of a road.,0.000107,0
i2t,296224,A bus in China is parked along a curb.,296224,A bus in China is parked along a curb.,0.000036,0
i2t,296224,A bus going to crosstown parked on side of road.,296224,A bus going to crosstown parked on side of road.,0.000102,0
i2t,296224,A white bus driving down a street next to a building.,296224,A white bus driving down a street next to a building.,0.000073,0
i2t,296224,A white bus is driving down the street,296224,A white bus is driving down the street,0.000100,0
i2t,296224,a public transit bus in a city street,296224,a public transit bus in a city street,0.000087,0
i2t,296224,a public transit bus on a city street,296224,a public transit bus on a city street,0.000062,0
i2t,296224,A large bus driving down a city street.,296224,A large bus driving down a city street.,0.000091,0
i2t,296224,A passenger bus that is driving down a street.,296224,A passenger bus that is driving down a street.,0.000194,0
i2t,296224,a public bus driving on a city street,296224,a public bus driving on a city street,0.000063,0
i2t,296224,A front shot of a Crosstown bus is parked on the side of the road.,296224,A front shot of a Crosstown bus is parked on the side of the road.,0.000031,0
i2t,296224,A passenger bus that has been parked on a street.,296224,A passenger bus that has been parked on a street.,0.000060,0
i2t,296224,The side of a bus parked on the side of a street.,296224,The side of a bus parked on the side of a street.,0.000042,0
i2t,374727,A street sign is pointing towards 8th avenue and the other is pointing towards 22 3/4 street in the middle of the forest.,374727,A street sign is pointing towards 8th avenue and the other is pointing towards 22 3/4 street in the middle of the forest.,0.000124,0
i2t,374727,"A street sign marks the intersection of 3 streets, while three housed stand in the background.",374727,"A street sign marks the intersection of 3 streets, while three housed stand in the background.",0.001619,0
i2t,374727,street signs for Lynn street and Bigelow Avenue,374727,street signs for Lynn street and Bigelow Avenue,0.167679,0
i2t,374727,Street signs show the intersection of two city streets.,374727,Street signs show the intersection of two city streets.,0.008224,0
i2t,374727,A two way street sign with one sign that changes from one name to another.,374727,A two way street sign with one sign that changes from one name to another.,0.001307,0
i2t,374727,The black street pole has three different signs on it.,374727,The black street pole has three different signs on it.,0.002227,0
i2t,374727,Both streets of the intersection are marked as one way.,374727,Both streets of the intersection are marked as one way.,0.000140,0
i2t,374727,Peculiar street sign showing intersection of 23 3/4 St and 8th Ave/CTH D.,374727,Peculiar street sign showing intersection of 23 3/4 St and 8th Ave/CTH D.,0.013599,0
i2t,374727,Several street signs stating road names and the right ways to go.,374727,Several street signs stating road names and the right ways to go.,0.001439,0
i2t,374727,Street signs for the intersection of Anza and 21st Avenue in front of a large building,374727,Street signs for the intersection of Anza and 21st Avenue in front of a large building,0.001927,0
i2t,374727,A green pole with street signs attached to it.,374727,A green pole with street signs attached to it.,0.000788,0
i2t,374727,The two street name signs are protruding from a street pole.,374727,The two street name signs are protruding from a street pole.,0.001535,0
i2t,374727,two street signs one is green and white the other brown and white,374727,two street signs one is green and white the other brown and white,0.003815,0
i2t,374727,A four cross street of a downtown area.,374727,A four cross street of a downtown area.,0.000377,0
i2t,374727,Street corner sign in a big city with multiple names,374727,Street corner sign in a big city with multiple names,0.003001,0
i2t,374727,Identical street signs pointing in the opposite directions of each other.,374727,Identical street signs pointing in the opposite directions of each other.,0.001352,0
i2t,374727,Four signs are stacked together under two others.,374727,Four signs are stacked together under two others.,0.000944,0
i2t,374727,signs hanging from a metal pole bordering a street.,374727,signs hanging from a metal pole bordering a street.,0.000407,0
i2t,374727,Street signs from the corner of 8th ave. and 22 3/4 st.,374727,Street signs from the corner of 8th ave. and 22 3/4 st.,0.124203,0
i2t,374727,A street sign at an intersection of Library Way and Madison Avenue,374727,A street sign at an intersection of Library Way and Madison Avenue,0.010053,0
i2t,374727,A one-way sign at Library Way and Madison Ave.,374727,A one-way sign at Library Way and Madison Ave.,0.003110,0
i2t,374727,Street sign with large buildings in the background,374727,Street sign with large buildings in the background,0.004411,0
i2t,374727,A West 32nd sign under a Korea Way road sign.,374727,A West 32nd sign under a Korea Way road sign.,0.004929,0
i2t,374727,street signs on the corner of Gladys and Detroit,374727,street signs on the corner of Gladys and Detroit,0.233126,0
i2t,374727,"Corner of Broadway, West 32nd Street, and Korea Way.",374727,"Corner of Broadway, West 32nd Street, and Korea Way.",0.010283,0
i2t,374727,New York street sign showing Broadway and West 122nd Street,374727,New York street sign showing Broadway and West 122nd Street,0.006597,0
i2t,374727,a close up of street signs with buildings in the background,374727,a close up of street signs with buildings in the background,0.002711,0
i2t,374727,Two street signs side by side on a street corner.,374727,Two street signs side by side on a street corner.,0.009659,0
i2t,374727,A pole with multiple street signs in front of a tall building.,374727,A pole with multiple street signs in front of a tall building.,0.000761,0
i2t,374727,A street sign that reads Sparta sitting next to a tall building.,374727,A street sign that reads Sparta sitting next to a tall building.,0.000286,0
i2t,374727,A couple of green street signs sitting in front of a gray building.,374727,A couple of green street signs sitting in front of a gray building.,0.001439,0
i2t,374727,"Various street signs including one that reads ""Newlon Hale Village.""",374727,"Various street signs including one that reads ""Newlon Hale Village.""",0.002114,0
i2t,374727,A green street sign on a pole in front of a tall building.,374727,A green street sign on a pole in front of a tall building.,0.000648,0
i2t,374727,A double street sign at a neighbourhood corner.,374727,A double street sign at a neighbourhood corner.,0.000457,0
i2t,374727,A street sign on a street corner in some very busy area.,374727,A street sign on a street corner in some very busy area.,0.001967,0
i2t,374727,A street sign on a street corner outside of a building.,374727,A street sign on a street corner outside of a building.,0.001607,0
i2t,374727,A street sign gives the cross streets on a sunny day.,374727,A street sign gives the cross streets on a sunny day.,0.000226,0
i2t,374727,A sign on the street that lets you know where you are.,374727,A sign on the street that lets you know where you are.,0.004810,0
i2t,374727,Street signs going in every direction in front of a yellow building.,374727,Street signs going in every direction in front of a yellow building.,0.000290,0
i2t,374727,There is a street sign on the corner by a building.,374727,There is a street sign on the corner by a building.,0.000799,0
i2t,374727,"A view of the street signs ""W 122 St."", ""Seminary Row"", and ""Broadway"" in front of an old red brick building.",374727,"A view of the street signs ""W 122 St."", ""Seminary Row"", and ""Broadway"" in front of an old red brick building.",0.000517,0
i2t,374727,A variety of street signs on a light post in front of a tall building.,374727,A variety of street signs on a light post in front of a tall building.,0.000677,0
i2t,374727,Street sign for Anza and 21st Streets in front of building.,374727,Street sign for Anza and 21st Streets in front of building.,0.002029,0
i2t,374727,A street sign in front of a skyscraper,374727,A street sign in front of a skyscraper,0.001062,0
i2t,336587,A stop sign is leaning on a rusted pole near a phone pole.,336587,A stop sign is leaning on a rusted pole near a phone pole.,0.000151,0
i2t,336587,A stop sign that is attached to a broken wooden pole.,336587,A stop sign that is attached to a broken wooden pole.,0.000292,0
i2t,336587,A broken telephone pole in a neighborhood with a stop sign attached to it.,336587,A broken telephone pole in a neighborhood with a stop sign attached to it.,0.000052,0
i2t,336587,a stop sign put upside down on a metal pole,336587,a stop sign put upside down on a metal pole,0.000137,0
i2t,336587,A stop sign is on a dented wooden pole.,336587,A stop sign is on a dented wooden pole.,0.000258,0
i2t,336587,A stop sign on a broken post across the street from houses.,336587,A stop sign on a broken post across the street from houses.,0.000091,0
i2t,336587,A tilted traffic pole on the island of the street with broken concrete.,336587,A tilted traffic pole on the island of the street with broken concrete.,0.000071,0
i2t,336587,A red stop sign sitting on top of a metal pole.,336587,A red stop sign sitting on top of a metal pole.,0.000176,0
i2t,336587,An aerial view of a stop sign that is attached to a pole and is on the sidewalk.,336587,An aerial view of a stop sign that is attached to a pole and is on the sidewalk.,0.000085,0
i2t,336587,An upside down stop sign by the road.,336587,An upside down stop sign by the road.,0.000135,0
i2t,336587,A stop sign on the side of a street.,336587,A stop sign on the side of a street.,0.000172,0
i2t,336587,A stop sign leans to the right at a small town intersection,336587,A stop sign leans to the right at a small town intersection,0.000067,0
i2t,336587,A stop sign on a pole on a street corner.,336587,A stop sign on a pole on a street corner.,0.000210,0
i2t,336587,there is a stop sign along this street,336587,there is a stop sign along this street,0.000418,0
i2t,336587,A stop sign on a post at a public street.,336587,A stop sign on a post at a public street.,0.000133,0
i2t,336587,A stop sign at the cross section of two streets.,336587,A stop sign at the cross section of two streets.,0.000109,0
i2t,336587,There is a truck behind the stop sign.,336587,There is a truck behind the stop sign.,0.000424,0
i2t,336587,A stop sign on post with a building in the background.,336587,A stop sign on post with a building in the background.,0.000049,0
i2t,336587,a road that has a small red stop sign by it,336587,a road that has a small red stop sign by it,0.000520,0
i2t,336587,Stop sign with a tree branch touching it.,336587,Stop sign with a tree branch touching it.,0.000548,0
i2t,336587,A cross road of Furnace St. and Crapo St.,336587,A cross road of Furnace St. and Crapo St.,0.178122,0
i2t,336587,A stop sgn with a branch in front of it,336587,A stop sgn with a branch in front of it,0.000391,0
i2t,336587,Ice covered tree branch rubbing a stop sign.,336587,Ice covered tree branch rubbing a stop sign.,0.000930,0
i2t,336587,"STOP sign with a ""Gentrifying Georgetown"" stamp on it",336587,"STOP sign with a ""Gentrifying Georgetown"" stamp on it",0.011147,0
i2t,336587,A stop sign installed upside down on a street corner,336587,A stop sign installed upside down on a street corner,0.000129,0
i2t,336587,a stop sign sittin on a pole that is somewhat broken,336587,a stop sign sittin on a pole that is somewhat broken,0.000225,0
i2t,336587,A leaning stop sign has a street sign on top.,336587,A leaning stop sign has a street sign on top.,0.000214,0
i2t,336587,A close up of the stop sign and to street signs.,336587,A close up of the stop sign and to street signs.,0.000562,0
i2t,336587,A stop sign is mounted upside-down on it's post.,336587,A stop sign is mounted upside-down on it's post.,0.000181,0
i2t,336587,A stop sign with dirty edges at a cross walk of a street.,336587,A stop sign with dirty edges at a cross walk of a street.,0.000175,0
i2t,336587,A stop sign has been placed upside-down in the grass beside a building.,336587,A stop sign has been placed upside-down in the grass beside a building.,0.000035,0
i2t,336587,Red stop sign sitting on a pole in the middle of city street.,336587,Red stop sign sitting on a pole in the middle of city street.,0.000199,0
i2t,336587,The stop sign is behind the fence instead of on the street.,336587,The stop sign is behind the fence instead of on the street.,0.000057,0
i2t,336587,A red stop sign sitting on the side of a dark road.,336587,A red stop sign sitting on the side of a dark road.,0.000096,0
i2t,336587,A close up view of a stop sign in a neighborhood.,336587,A close up view of a stop sign in a neighborhood.,0.000230,0
i2t,336587,A stop sign in front of two buildings on a street.,336587,A stop sign in front of two buildings on a street.,0.000093,0
i2t,336587,A stop sign located at the intersection of East Village and Woodfield Rd.,336587,A stop sign located at the intersection of East Village and Woodfield Rd.,0.000226,0
i2t,392722,a yellow green white and red double decker bus and a building,392722,a yellow green white and red double decker bus and a building,0.000045,0
i2t,392722,a car and a bus at an intersection in front of a historical looking building,392722,a car and a bus at an intersection in front of a historical looking building,0.000035,0
i2t,392722,A bus parked in front of a brick building.,392722,A bus parked in front of a brick building.,0.000048,0
i2t,392722,a yellow and white bus a red car a street and some houses,392722,a yellow and white bus a red car a street and some houses,0.000040,0
i2t,392722,Old style bus and trolley going down a modern street.,392722,Old style bus and trolley going down a modern street.,0.000032,0
i2t,392722,A bus and a car travelling in the same direction on a sunny day.,392722,A bus and a car travelling in the same direction on a sunny day.,0.000021,0
i2t,392722,Two double-decker buses going in opposite directions on a road.,392722,Two double-decker buses going in opposite directions on a road.,0.000042,0
i2t,392722,"Two buses and a taxi go down a street,",392722,"Two buses and a taxi go down a street,",0.000034,0
i2t,392722,Photograph of an outdoor place with a bus.,392722,Photograph of an outdoor place with a bus.,0.000089,0
i2t,392722,Double-decker buses sit at the curb in front of an old building.,392722,Double-decker buses sit at the curb in front of an old building.,0.000033,0
i2t,392722,People stand near the curb behind a lime green double-decked bus.,392722,People stand near the curb behind a lime green double-decked bus.,0.000033,0
i2t,392722,A couple of people that are outside a double high bus.,392722,A couple of people that are outside a double high bus.,0.000062,0
i2t,392722,A green bus with a smaller bus sitting on top of it.,392722,A green bus with a smaller bus sitting on top of it.,0.000035,0
i2t,392722,a green bus is out on the road,392722,a green bus is out on the road,0.000045,0
i2t,392722,there is a double decker bus that is next to a small bus,392722,there is a double decker bus that is next to a small bus,0.000069,0
i2t,392722,A bus sits diagonal from the curb next to a building and people.,392722,A bus sits diagonal from the curb next to a building and people.,0.000041,0
i2t,392722,A green bus with people driving on a city street.,392722,A green bus with people driving on a city street.,0.000055,0
i2t,392722,a double decked bus sits parked next to a side walk,392722,a double decked bus sits parked next to a side walk,0.000049,0
i2t,392722,A large green bus and people on a motor bike.,392722,A large green bus and people on a motor bike.,0.000036,0
i2t,392722,double-decker buses in the street in residential area,392722,double-decker buses in the street in residential area,0.000053,0
i2t,392722,Vintage street with cars and buses lining it,392722,Vintage street with cars and buses lining it,0.000345,0
i2t,392722,people walking towards a parked bus on the street,392722,people walking towards a parked bus on the street,0.000037,0
i2t,392722,a bus stops to pick up some passengers,392722,a bus stops to pick up some passengers,0.000540,0
i2t,392722,a bus stops to load and unload passengers,392722,a bus stops to load and unload passengers,0.000316,0
i2t,392722,Double-Decker buses line up at a bus stop.,392722,Double-Decker buses line up at a bus stop.,0.000035,0
i2t,392722,A group of people stand on a path outside a parked bus.,392722,A group of people stand on a path outside a parked bus.,0.000029,0
i2t,392722,A street with two busses and people walking.,392722,A street with two busses and people walking.,0.000069,0
i2t,392722,A green and two red double decker tour buses.,392722,A green and two red double decker tour buses.,0.000033,0
i2t,392722,Three double decked buses are parked on pavement.,392722,Three double decked buses are parked on pavement.,0.000052,0
i2t,392722,We see a double decker bus wit a compartment in the side.,392722,We see a double decker bus wit a compartment in the side.,0.000062,0
i2t,392722,Two old fashioned buses parked on the side of the road.,392722,Two old fashioned buses parked on the side of the road.,0.000052,0
i2t,392722,A man walking down a street past a double decker bus.,392722,A man walking down a street past a double decker bus.,0.000037,0
i2t,392722,A double decker bus next to a normal sized bus.,392722,A double decker bus next to a normal sized bus.,0.000042,0
i2t,392722,An intersection with antique cars and a bus at it.,392722,An intersection with antique cars and a bus at it.,0.000033,0
i2t,392722,some people some buildings cars and a red double decker bus,392722,some people some buildings cars and a red double decker bus,0.000109,0
i2t,392722,a green double decker bus sits at the front of a row of buses,392722,a green double decker bus sits at the front of a row of buses,0.000039,0
i2t,392722,A city road with buses and people on the sidewalk,392722,A city road with buses and people on the sidewalk,0.000032,0
i2t,392722,a red double decker bus going down the road with a lot of pedestrians on the side,392722,a red double decker bus going down the road with a lot of pedestrians on the side,0.000030,0
i2t,392722,A scene of a street.A bus for tourists is standing.,392722,A scene of a street.A bus for tourists is standing.,0.000036,0
i2t,392722,Red bus parked on street near stone steps.,392722,Red bus parked on street near stone steps.,0.000038,0
i2t,392722,A bus is passing in front of big buildings and beautiful gardens.,392722,A bus is passing in front of big buildings and beautiful gardens.,0.000031,0
i2t,392722,A double decker bus driving down a street.,392722,A double decker bus driving down a street.,0.000051,0
i2t,392722,A double decker bus is going down a street.,392722,A double decker bus is going down a street.,0.000055,0
i2t,392722,A group of people standing next to a double decker bus.,392722,A group of people standing next to a double decker bus.,0.000038,0
i2t,392722,A double decker bus sitting on a green field.,392722,A double decker bus sitting on a green field.,0.000057,0
i2t,392722,A double decker bus driving down a city street.,392722,A double decker bus driving down a city street.,0.000048,0
i2t,392722,A group of people standing outside of a double decker bus.,392722,A group of people standing outside of a double decker bus.,0.000034,0
i2t,392722,A double decker bus rolls along the streets.,392722,A double decker bus rolls along the streets.,0.000082,0
i2t,193162,a man on a three wheeler following behind a two dogs and a cow,193162,a man on a three wheeler following behind a two dogs and a cow,0.000111,0
i2t,193162,A man is using two cows to plow a field.,193162,A man is using two cows to plow a field.,0.000034,0
i2t,193162,Cows in a field being rounded up by a herding dog.,193162,Cows in a field being rounded up by a herding dog.,0.000027,0
i2t,193162,Some people in a field working with some big animals.,193162,Some people in a field working with some big animals.,0.000030,0
i2t,193162,a cow walks as a man on a quad follows it,193162,a cow walks as a man on a quad follows it,0.000054,0
i2t,193162,a border collie runs around a small herd of cows in the yard,193162,a border collie runs around a small herd of cows in the yard,0.000050,0
i2t,193162,A cow is being milked by a machine.,193162,A cow is being milked by a machine.,0.000030,0
i2t,193162,A dairy cow is being milked by machine..,193162,A dairy cow is being milked by machine..,0.000096,0
i2t,193162,Small cow sitting on a milking machine in a dirty area.,193162,Small cow sitting on a milking machine in a dirty area.,0.000030,0
i2t,193162,A woman standing in front of a cow explaining a milking machine to a group of people.,193162,A woman standing in front of a cow explaining a milking machine to a group of people.,0.000019,0
i2t,193162,A man on a vehicle in a field and a few animals.,193162,A man on a vehicle in a field and a few animals.,0.000036,0
i2t,193162,a couple of animals walking around a farm,193162,a couple of animals walking around a farm,0.000088,0
i2t,193162,A man that is standing in the grass near animals.,193162,A man that is standing in the grass near animals.,0.000061,0
i2t,193162,These sheep are being watched by three dogs.,193162,These sheep are being watched by three dogs.,0.000058,0
i2t,193162,Small group of sheep being herded by three border collies.,193162,Small group of sheep being herded by three border collies.,0.000038,0
i2t,193162,A shepard and his dogs herding a flock of sheep.,193162,A shepard and his dogs herding a flock of sheep.,0.000023,0
i2t,193162,A sheepdog runs around a herd of cows in a fenced-in field.,193162,A sheepdog runs around a herd of cows in a fenced-in field.,0.000020,0
i2t,193162,A sheep is on a field of grass with two men walking around it.,193162,A sheep is on a field of grass with two men walking around it.,0.000067,0
i2t,193162,Cow eating grass while a bull watches nearby,193162,Cow eating grass while a bull watches nearby,0.000350,0
i2t,193162,A dog and some cattle by a fence..,193162,A dog and some cattle by a fence..,0.000034,0
i2t,193162,Two men being drug on buggies by dogs.,193162,Two men being drug on buggies by dogs.,0.000144,0
i2t,193162,two black and white cows on a green hill,193162,two black and white cows on a green hill,0.000090,0
i2t,193162,"Their is a hadron and their in this lot,",193162,"Their is a hadron and their in this lot,",0.022626,0
i2t,193162,The men are checking in on the herd of cows.,193162,The men are checking in on the herd of cows.,0.000029,0
i2t,193162,Jogger running past a flock of white sheep.,193162,Jogger running past a flock of white sheep.,0.000022,0
i2t,193162,Two men guiding cows while behind on horses.,193162,Two men guiding cows while behind on horses.,0.000047,0
i2t,193162,A man is right behind a cow on green grass.,193162,A man is right behind a cow on green grass.,0.000045,0
i2t,193162,Why would the cow be grazing in front of those homes?,193162,Why would the cow be grazing in front of those homes?,0.001607,0
i2t,193162,"All of the cows are poking their heads out, eating some hay.",193162,"All of the cows are poking their heads out, eating some hay.",0.000040,0
i2t,193162,A man that is standing with a cow.,193162,A man that is standing with a cow.,0.000163,0
i2t,193162,Two men are standing near the pasture of cows.,193162,Two men are standing near the pasture of cows.,0.000038,0
i2t,193162,A dog runs around a herd of cows in a field.,193162,A dog runs around a herd of cows in a field.,0.000023,0
i2t,193162,An old man walking a big brown cow around.,193162,An old man walking a big brown cow around.,0.000030,0
i2t,193162,a person standing next to cows behind containers,193162,a person standing next to cows behind containers,0.000044,0
i2t,193162,A cow standing in a field with a smaller cow.,193162,A cow standing in a field with a smaller cow.,0.000047,0
i2t,193162,Three cows stand in a field behind a barbed wire fence.,193162,Three cows stand in a field behind a barbed wire fence.,0.000033,0
i2t,147729,A man in a crowd taking pictures with a cell phone.,147729,A man in a crowd taking pictures with a cell phone.,0.000265,0
i2t,147729,a man holding his cell phone up in a crowd,147729,a man holding his cell phone up in a crowd,0.000385,0
i2t,147729,People at a public event using cell phones to take pictures of the event.,147729,People at a public event using cell phones to take pictures of the event.,0.000250,0
i2t,147729,A man with a bald head and glasses is sitting while holding up a cell phone.,147729,A man with a bald head and glasses is sitting while holding up a cell phone.,0.000121,0
i2t,147729,A man in a green shirt is taking a picture with his cell phone.,147729,A man in a green shirt is taking a picture with his cell phone.,0.000153,0
i2t,147729,People in an audience taking pictures with their cell phones.,147729,People in an audience taking pictures with their cell phones.,0.000123,0
i2t,147729,Person taking a photo of a black cellphone.,147729,Person taking a photo of a black cellphone.,0.000229,0
i2t,147729,A person holding a cell phone showing a text.,147729,A person holding a cell phone showing a text.,0.000316,0
i2t,147729,A young guy on a cell phone by a crowd of people.,147729,A young guy on a cell phone by a crowd of people.,0.000124,0
i2t,147729,A person wearing a heavy coat while holding up a cell phone.,147729,A person wearing a heavy coat while holding up a cell phone.,0.000089,0
i2t,147729,a white male taking pictures with his cellphone,147729,a white male taking pictures with his cellphone,0.002475,0
i2t,147729,A man who is taking a picture with his cell phone.,147729,A man who is taking a picture with his cell phone.,0.000724,0
i2t,147729,a man holding a cell phone that is powered on,147729,a man holding a cell phone that is powered on,0.000819,0
i2t,147729,The man is listening on his cell phone,147729,The man is listening on his cell phone,0.000184,0
i2t,147729,There is a person holding a cell phone in their hand.,147729,There is a person holding a cell phone in their hand.,0.000201,0
i2t,147729,A man holding up his smart phone to take a picture.,147729,A man holding up his smart phone to take a picture.,0.000346,0
i2t,147729,The man is taking a photo of him self with his cellphone.,147729,The man is taking a photo of him self with his cellphone.,0.000243,0
i2t,147729,A picture of a man giving a thumps up with a cell phone in hand.,147729,A picture of a man giving a thumps up with a cell phone in hand.,0.000134,0
i2t,147729,Guy sitting down and using his cell during the party,147729,Guy sitting down and using his cell during the party,0.194114,0
i2t,147729,A lot if people are in the conference too,147729,A lot if people are in the conference too,0.590036,1
i2t,147729,a picture of a cellphone on a cellphone,147729,a picture of a cellphone on a cellphone,0.075428,0
i2t,147729,All of these men are using their cell phones.,147729,All of these men are using their cell phones.,0.000064,0
i2t,147729,A child watching an event and taking a picture with his cell phone.,147729,A child watching an event and taking a picture with his cell phone.,0.000254,0
i2t,147729,People gathered taking pictures with a cell phone.,147729,People gathered taking pictures with a cell phone.,0.000187,0
i2t,147729,A guy in a green shirt holding his cell phone to take a picture.,147729,A guy in a green shirt holding his cell phone to take a picture.,0.000199,0
i2t,147729,A couple of guys that were eating and are now on their cell phones.,147729,A couple of guys that were eating and are now on their cell phones.,0.000100,0
i2t,147729,some people sitting and one man looking at his cellphone,147729,some people sitting and one man looking at his cellphone,0.000368,0
i2t,147729,A person on her cell phone in a large crowd of people.,147729,A person on her cell phone in a large crowd of people.,0.000119,0
i2t,147729,A person on a cell phone in a group of people.,147729,A person on a cell phone in a group of people.,0.000300,0
i2t,147729,A black and white photo of a man on a cell phone.,147729,A black and white photo of a man on a cell phone.,0.000059,0
i2t,147729,A woman on a cell phone with a group of people.,147729,A woman on a cell phone with a group of people.,0.000068,0
i2t,147729,A man talking a phone up to his face near a crows of people.,147729,A man talking a phone up to his face near a crows of people.,0.000117,0
i2t,268375,An adult and two baby elephants standing near a fence.,268375,An adult and two baby elephants standing near a fence.,0.000075,0
i2t,268375,"A group of elephants, including a baby elephant, gather at a wildlife exhibit.",268375,"A group of elephants, including a baby elephant, gather at a wildlife exhibit.",0.000126,0
i2t,268375,THERE ARE ELEPHANTS BEHIND A FENCE AT A ZOO,268375,THERE ARE ELEPHANTS BEHIND A FENCE AT A ZOO,0.000232,0
i2t,268375,A baby elephant stands near to four larger adult elephants.,268375,A baby elephant stands near to four larger adult elephants.,0.000155,0
i2t,268375,The family of elephants is looking for some good food.,268375,The family of elephants is looking for some good food.,0.000484,0
i2t,268375,A baby and a young elephant walk in front of the herd.,268375,A baby and a young elephant walk in front of the herd.,0.003115,0
i2t,268375,A group of elephants walk around within an enclosure.,268375,A group of elephants walk around within an enclosure.,0.000085,0
i2t,268375,a family of elephants standing together in the jungle,268375,a family of elephants standing together in the jungle,0.000391,0
i2t,268375,Sepia photograph of small elephants in a wildlife park,268375,Sepia photograph of small elephants in a wildlife park,0.000108,0
i2t,268375,a herd of elephants standing side by side in an enclosed area,268375,a herd of elephants standing side by side in an enclosed area,0.000104,0
i2t,268375,a few animals that are in side a fence,268375,a few animals that are in side a fence,0.000487,0
i2t,268375,Here is a image of an zoo animals.,268375,Here is a image of an zoo animals.,0.016895,0
i2t,268375,Two large elephants standing next to a wire fence.,268375,Two large elephants standing next to a wire fence.,0.000192,0
i2t,268375,Several kits are tied to a wood fence in this fake picture.,268375,Several kits are tied to a wood fence in this fake picture.,0.000159,0
i2t,268375,a close up of a lot of animals with a fence,268375,a close up of a lot of animals with a fence,0.000304,0
i2t,268375,two elephants in a zoo behind a wire fence,268375,two elephants in a zoo behind a wire fence,0.000221,0
i2t,268375,Two elephants with a rubber ball are kept in the area with a little chain.,268375,Two elephants with a rubber ball are kept in the area with a little chain.,0.000046,0
i2t,268375,A man watching two elephants behind a wire fence.,268375,A man watching two elephants behind a wire fence.,0.000103,0
i2t,268375,"Trees mark the far side of a fence that encloses a large environment space with man made rocks and two giraffes, one close up and very large, the other small, and seemingly far away.",268375,"Trees mark the far side of a fence that encloses a large environment space with man made rocks and two giraffes, one close up and very large, the other small, and seemingly far away.",0.000163,0
i2t,268375,Two elephants standing behind a rope in an enclosure,268375,Two elephants standing behind a rope in an enclosure,0.000088,0
i2t,268375,Elephant enjoying a drink of water in zoo.,268375,Elephant enjoying a drink of water in zoo.,0.003118,0
i2t,268375,Elephants in a zoo close to buildings,268375,Elephants in a zoo close to buildings,0.002115,0
i2t,268375,a family of elephants walking next to each other,268375,a family of elephants walking next to each other,0.000572,0
i2t,268375,a pack of elephants standing next to each other in a pen,268375,a pack of elephants standing next to each other in a pen,0.000068,0
i2t,268375,Looking up at elephants in an enclosure at the zoo,268375,Looking up at elephants in an enclosure at the zoo,0.000386,0
i2t,268375,A herd of gray elephants standing next to each other on a block of cement.,268375,A herd of gray elephants standing next to each other on a block of cement.,0.000058,0
i2t,268375,Two elephants are standing inside of an enclosure,268375,Two elephants are standing inside of an enclosure,0.000180,0
i2t,268375,Two young elephants stand next to a wooden fence.,268375,Two young elephants stand next to a wooden fence.,0.000113,0
i2t,268375,Two elephants in an enclosure at a zoo.,268375,Two elephants in an enclosure at a zoo.,0.000086,0
i2t,268375,A family of three elephants standing next to a forest.,268375,A family of three elephants standing next to a forest.,0.000050,0
i2t,268375,a bunch of elephants are standing together in a pin,268375,a bunch of elephants are standing together in a pin,0.000219,0
i2t,268375,A mama elephant and her baby inside a fence.,268375,A mama elephant and her baby inside a fence.,0.000079,0
i2t,268375,A group of adult and young elephants walking.,268375,A group of adult and young elephants walking.,0.000159,0
i2t,268375,a group of little elephants standing close to each other,268375,a group of little elephants standing close to each other,0.000224,0
i2t,268375,A group of elephants contains a baby one.,268375,A group of elephants contains a baby one.,0.000121,0
i2t,268375,A herd of elephants standing next to each other.,268375,A herd of elephants standing next to each other.,0.000094,0
i2t,268375,A couple of large elephants standing next to a baby elephant.,268375,A couple of large elephants standing next to a baby elephant.,0.000159,0
i2t,268375,Two large elephants together with a baby elephant close by.,268375,Two large elephants together with a baby elephant close by.,0.000192,0
i2t,268375,A couple of adult elephants with a baby one following along.,268375,A couple of adult elephants with a baby one following along.,0.000049,0
i2t,268375,A goup of elephants in an enclosed area with a lot of trees behind them.,268375,A goup of elephants in an enclosed area with a lot of trees behind them.,0.000075,0
i2t,561465,Donuts in a box and a type of meat on a plate.,561465,Donuts in a box and a type of meat on a plate.,0.016582,0
i2t,561465,The table has meat and donuts sitting on it.,561465,The table has meat and donuts sitting on it.,0.013559,0
i2t,561465,Food on plates and a box of doughnuts.,561465,Food on plates and a box of doughnuts.,0.000646,0
i2t,561465,There are donuts arranged on a silver plate,561465,There are donuts arranged on a silver plate,0.001086,0
i2t,561465,A box of doughnuts and some food on a plate.,561465,A box of doughnuts and some food on a plate.,0.002727,0
i2t,561465,a donut with a cup of coffee and an ornate napkin holder,561465,a donut with a cup of coffee and an ornate napkin holder,0.000290,0
i2t,561465,A chocolate frosted donut on a plate with a cup of coffee and a penguin napkin holder.,561465,A chocolate frosted donut on a plate with a cup of coffee and a penguin napkin holder.,0.000203,0
i2t,561465,"A plate of assorted donuts, muffins, and danishes.",561465,"A plate of assorted donuts, muffins, and danishes.",0.000684,0
i2t,561465,Eating a donut makes for a quick and easy breakfast.,561465,Eating a donut makes for a quick and easy breakfast.,0.014531,0
i2t,561465,A rack topped with glazed donuts sitting side by side.,561465,A rack topped with glazed donuts sitting side by side.,0.000756,0
i2t,561465,Side of meat sitting on a white plate on a dinner table.,561465,Side of meat sitting on a white plate on a dinner table.,0.000172,0
i2t,561465,A meal is lying on a plate on a table.,561465,A meal is lying on a plate on a table.,0.001080,0
i2t,561465,Here is a plate of food that appears to have been browned in butter.,561465,Here is a plate of food that appears to have been browned in butter.,0.000079,0
i2t,561465,a big plate with some potatoes and meat on it,561465,a big plate with some potatoes and meat on it,0.000396,0
i2t,561465,A plate of food at the table with meat,561465,A plate of food at the table with meat,0.000300,0
i2t,561465,The dinner on the plate is ready to eat.,561465,The dinner on the plate is ready to eat.,0.000631,0
i2t,561465,A plate of food laying on a table.,561465,A plate of food laying on a table.,0.001091,0
i2t,561465,A plate of cooked food in seen in this image.,561465,A plate of cooked food in seen in this image.,0.000378,0
i2t,561465,Arrangement of food with variety of meat and potatoes in upscale fashion.,561465,Arrangement of food with variety of meat and potatoes in upscale fashion.,0.000482,0
i2t,561465,A BOX OF DOUGHNUTS JUST SHORT OF A DOZEN,561465,A BOX OF DOUGHNUTS JUST SHORT OF A DOZEN,0.009633,0
i2t,561465,"Six donuts, all being a different kind of flavor.",561465,"Six donuts, all being a different kind of flavor.",0.009905,0
i2t,561465,A box with half a dozen glazed and frosted donuts.,561465,A box with half a dozen glazed and frosted donuts.,0.000333,0
i2t,561465,Donuts and assorted pastries fill this white plate.,561465,Donuts and assorted pastries fill this white plate.,0.001801,0
i2t,561465,The store makes fresh doughnuts on site for the customers.,561465,The store makes fresh doughnuts on site for the customers.,0.000218,0
i2t,561465,A box of donuts and a bag of nuts sitting on a table.,561465,A box of donuts and a bag of nuts sitting on a table.,0.000449,0
i2t,561465,Small certain was child eating donuts off a blue plate.,561465,Small certain was child eating donuts off a blue plate.,0.000464,0
i2t,561465,A box that has doughnuts inside of it.,561465,A box that has doughnuts inside of it.,0.001002,0
i2t,561465,A table with a bag of beans and donuts box on it.,561465,A table with a bag of beans and donuts box on it.,0.000770,0
i2t,561465,A box of donuts that is opened up.,561465,A box of donuts that is opened up.,0.000482,0
i2t,561465,A donut is on the table on a white saucer.,561465,A donut is on the table on a white saucer.,0.000281,0
i2t,561465,"A table with a napkin, doughnut on a plate, and a cup of coffee.",561465,"A table with a napkin, doughnut on a plate, and a cup of coffee.",0.000697,0
i2t,561465,A table topped with a white plate covered in three donuts.,561465,A table topped with a white plate covered in three donuts.,0.000459,0
i2t,561465,A bunch of doughnuts in a silver pan with serving tongs.,561465,A bunch of doughnuts in a silver pan with serving tongs.,0.000171,0
i2t,561465,a doughnut like pastry sitting on parchment paper,561465,a doughnut like pastry sitting on parchment paper,0.000450,0
i2t,561465,A doughnut with a bite taken from it next to a cup.,561465,A doughnut with a bite taken from it next to a cup.,0.000444,0
i2t,561465,A variety of donuts sit in a box.,561465,A variety of donuts sit in a box.,0.000592,0
i2t,561465,A few boxes of glazed donuts on a table.,561465,A few boxes of glazed donuts on a table.,0.000480,0
i2t,561465,A box filled with six donuts covered on toppings.,561465,A box filled with six donuts covered on toppings.,0.000462,0
i2t,561465,Half a dozen donuts are sitting in a box.,561465,Half a dozen donuts are sitting in a box.,0.000917,0
i2t,344816,A diesel locomotive hauling some freight through the countyside,344816,A diesel locomotive hauling some freight through the countyside,0.002679,0
i2t,344816,A freight train with a green engine coming down the tracks.,344816,A freight train with a green engine coming down the tracks.,0.000078,0
i2t,344816,a long cargo train going down a track by some trees,344816,a long cargo train going down a track by some trees,0.000284,0
i2t,344816,A train belches smoke and speeds down a city train track.,344816,A train belches smoke and speeds down a city train track.,0.000148,0
i2t,344816,A long black train sitting on top of railroad tracks.,344816,A long black train sitting on top of railroad tracks.,0.000173,0
i2t,344816,A train carrying freight containers is on the tracks.,344816,A train carrying freight containers is on the tracks.,0.000057,0
i2t,344816,A locomotive in the rear of a train pushing it.,344816,A locomotive in the rear of a train pushing it.,0.000320,0
i2t,344816,A freight train running along tracks beneath a bridge.,344816,A freight train running along tracks beneath a bridge.,0.000096,0
i2t,344816,A black and green train locomotive engine traveling along a railroad track.,344816,A black and green train locomotive engine traveling along a railroad track.,0.000127,0
i2t,344816,The blue train engine emits black smoke as it speeds down the track.,344816,The blue train engine emits black smoke as it speeds down the track.,0.000113,0
i2t,344816,A train going down the train track.,344816,A train going down the train track.,0.001989,0
i2t,344816,Locomotive engine and cargo cars traveling on train tracks.,344816,Locomotive engine and cargo cars traveling on train tracks.,0.000233,0
i2t,344816,A long train filled with nothing but cabooses.,344816,A long train filled with nothing but cabooses.,0.000066,0
i2t,344816,The train engine is followed by a line of open cars.,344816,The train engine is followed by a line of open cars.,0.000098,0
i2t,344816,A white and black train on rusty train tracks.,344816,A white and black train on rusty train tracks.,0.000065,0
i2t,344816,A white train hauling cargo along a track.,344816,A white train hauling cargo along a track.,0.000087,0
i2t,344816,a big long train that has some storage containers on it,344816,a big long train that has some storage containers on it,0.000127,0
i2t,344816,Cargo train is traveling on a track next to a forest.,344816,Cargo train is traveling on a track next to a forest.,0.000075,0
i2t,344816,This is a extremely long freight train heading south.,344816,This is a extremely long freight train heading south.,0.020409,0
i2t,344816,A train pulls a large number of cars through a junction.,344816,A train pulls a large number of cars through a junction.,0.000357,0
i2t,344816,a big train passes under a big bridge,344816,a big train passes under a big bridge,0.000739,0
i2t,344816,Train drives down the tracks along the treeline,344816,Train drives down the tracks along the treeline,0.000208,0
i2t,344816,A train in its full span gives the illusion of a neverending adventure.,344816,A train in its full span gives the illusion of a neverending adventure.,0.025573,0
i2t,344816,A cargo train crossing under an overpass and switching tracks.,344816,A cargo train crossing under an overpass and switching tracks.,0.000124,0
i2t,344816,a train moving along a railway line in the bush,344816,a train moving along a railway line in the bush,0.000144,0
i2t,344816,A freight train riding on tracks through a forested area.,344816,A freight train riding on tracks through a forested area.,0.000102,0
i2t,344816,A train with a yellow front driving on a track.,344816,A train with a yellow front driving on a track.,0.000102,0
i2t,344816,A white train with a yellow front running on rails.,344816,A white train with a yellow front running on rails.,0.000044,0
i2t,344816,A train driving down a track surrounded by trees.,344816,A train driving down a track surrounded by trees.,0.000159,0
i2t,344816,A train rounding a corner on the tracks.,344816,A train rounding a corner on the tracks.,0.000071,0
i2t,344816,A train passing through wooded areas on a train track.,344816,A train passing through wooded areas on a train track.,0.000107,0
i2t,344816,A yellow train engine pulling train cars over road.,344816,A yellow train engine pulling train cars over road.,0.000085,0
i2t,344816,A train engine carrying carts down a track into a station.,344816,A train engine carrying carts down a track into a station.,0.000067,0
i2t,344816,Yellow train engine hauling freight cars past a level crossing.,344816,Yellow train engine hauling freight cars past a level crossing.,0.000050,0
i2t,344816,The streamlined view of railroad cars traveling along the track.,344816,The streamlined view of railroad cars traveling along the track.,0.000066,0
i2t,344816,A locomotive train carrying carts down a track.,344816,A locomotive train carrying carts down a track.,0.000121,0
i2t,344816,A long train pulling several cars along the tracks,344816,A long train pulling several cars along the tracks,0.000240,0
i2t,344816,A railroad train that has just gone under an overpass.,344816,A railroad train that has just gone under an overpass.,0.000082,0
i2t,344816,A train as it travels down the tracks over a bridge.,344816,A train as it travels down the tracks over a bridge.,0.000112,0
i2t,344816,A train driving down the tracks under a bridge.,344816,A train driving down the tracks under a bridge.,0.000229,0
i2t,344816,A long passenger train traveling over a rail bridge.,344816,A long passenger train traveling over a rail bridge.,0.000086,0
i2t,344816,A train is sitting along tracks under and overpass.,344816,A train is sitting along tracks under and overpass.,0.000125,0
i2t,344816,A train sits on train tracks under a bridge.,344816,A train sits on train tracks under a bridge.,0.000120,0
i2t,77460,A colorful kite flying through a cloudy blue sky.,77460,A colorful kite flying through a cloudy blue sky.,0.000116,0
i2t,77460,A crowd of people flying kites in a blue cloudy sky.,77460,A crowd of people flying kites in a blue cloudy sky.,0.000171,0
i2t,77460,THIS IS A BREATHTAKING PHOTO OF SOMEONE FLYING A KITE,77460,THIS IS A BREATHTAKING PHOTO OF SOMEONE FLYING A KITE,0.000058,0
i2t,77460,A person in a field flying a kite in the sky.,77460,A person in a field flying a kite in the sky.,0.000128,0
i2t,77460,A fighter jet gaining altitude in a cloudy sky.,77460,A fighter jet gaining altitude in a cloudy sky.,0.000045,0
i2t,77460,A airplane is flying through a cloudy blue sky.,77460,A airplane is flying through a cloudy blue sky.,0.000052,0
i2t,77460,AN EDITED PICTURE WITH SEA HORSES FLYING IN THE SKY.,77460,AN EDITED PICTURE WITH SEA HORSES FLYING IN THE SKY.,0.000069,0
i2t,77460,A blue colorful kite flying through the gray sky.,77460,A blue colorful kite flying through the gray sky.,0.000070,0
i2t,77460,A field full of people flying kites in a cloudy blue sky.,77460,A field full of people flying kites in a cloudy blue sky.,0.000135,0
i2t,77460,Several colorful kites in the sky by several persons in the ground.,77460,Several colorful kites in the sky by several persons in the ground.,0.002782,0
i2t,77460,A group of people standing on a field under a cloudy blue sky.,77460,A group of people standing on a field under a cloudy blue sky.,0.000085,0
i2t,77460,THERE ARE PEOPLE THAT ARE STANDING IN THE GRASS,77460,THERE ARE PEOPLE THAT ARE STANDING IN THE GRASS,0.000415,0
i2t,77460,Many people are flying different kites in a field on a cloudy day.,77460,Many people are flying different kites in a field on a cloudy day.,0.000179,0
i2t,77460,A group of people who are standing in the grass.,77460,A group of people who are standing in the grass.,0.000096,0
i2t,77460,There are many people on this field flying kites,77460,There are many people on this field flying kites,0.000288,0
i2t,77460,Many people flying kits under a party cloudy sky.,77460,Many people flying kits under a party cloudy sky.,0.000225,0
i2t,77460,A group of people standing on a lush green field flying a kite.,77460,A group of people standing on a lush green field flying a kite.,0.000167,0
i2t,77460,A group of people in a field with various kites in the sky.,77460,A group of people in a field with various kites in the sky.,0.000761,0
i2t,77460,A lush green field full of people flying kites.,77460,A lush green field full of people flying kites.,0.000288,0
i2t,77460,people flying kites on a bright sunny day,77460,people flying kites on a bright sunny day,0.000508,0
i2t,77460,People fill a park area under a cloudy sky while kites pepper the sky.,77460,People fill a park area under a cloudy sky while kites pepper the sky.,0.000832,0
i2t,77460,People flying kites in a park on a windy day.,77460,People flying kites in a park on a windy day.,0.000236,0
i2t,77460,A grassy field with kites being flown above,77460,A grassy field with kites being flown above,0.000583,0
i2t,77460,Kites fly over the grass on a clear day.,77460,Kites fly over the grass on a clear day.,0.000289,0
i2t,77460,A crowd of people flying kites in the grass.,77460,A crowd of people flying kites in the grass.,0.000335,0
i2t,77460,A crowd of people flying kites over a field.,77460,A crowd of people flying kites over a field.,0.000267,0
i2t,77460,A large group of people in a field with kites.,77460,A large group of people in a field with kites.,0.000385,0
i2t,77460,Several people in a green field flying kites.,77460,Several people in a green field flying kites.,0.000313,0
i2t,77460,Several people are flying kites in an open field of grass.,77460,Several people are flying kites in an open field of grass.,0.000550,0
i2t,77460,A group of people flying kites of a lush green field.,77460,A group of people flying kites of a lush green field.,0.000326,0
i2t,77460,Some people in a grass field flying a kite in the sky.,77460,Some people in a grass field flying a kite in the sky.,0.000423,0
i2t,77460,A group of people flying kites in grassy field.,77460,A group of people flying kites in grassy field.,0.000834,0
i2t,77460,Several people are flying kites in a field.,77460,Several people are flying kites in a field.,0.000268,0
i2t,77460,Some people who are flying kites in a field.,77460,Some people who are flying kites in a field.,0.000240,0
i2t,465836,Three cross-country skiers posing for the camera on a snowy lane,465836,Three cross-country skiers posing for the camera on a snowy lane,0.000135,0
i2t,465836,Three skiers pose in the snow in front of barren trees.,465836,Three skiers pose in the snow in front of barren trees.,0.000080,0
i2t,465836,Three people on skis are posing for a picture in the snow.,465836,Three people on skis are posing for a picture in the snow.,0.000647,0
i2t,465836,Three young people on skis pose for a picture.,465836,Three young people on skis pose for a picture.,0.000238,0
i2t,465836,Three people with ski poles standing in the snow,465836,Three people with ski poles standing in the snow,0.000533,0
i2t,465836,Five men skiing in the snow in the same direction.,465836,Five men skiing in the snow in the same direction.,0.001383,0
i2t,465836,A group of people on snow shoes posing for a photo.,465836,A group of people on snow shoes posing for a photo.,0.000163,0
i2t,465836,Three men are skiing down a snow covered hill.,465836,Three men are skiing down a snow covered hill.,0.000429,0
i2t,465836,A group of people with skis standing in the snow.,465836,A group of people with skis standing in the snow.,0.000352,0
i2t,465836,A group of men riding skis on top of a snow covered slope.,465836,A group of men riding skis on top of a snow covered slope.,0.000534,0
i2t,465836,A group of three men standing next to each other.,465836,A group of three men standing next to each other.,0.002966,0
i2t,465836,The skiers are happy to pose for the picture.,465836,The skiers are happy to pose for the picture.,0.001658,0
i2t,465836,3 people separated by a short distance skiing on a ski slope,465836,3 people separated by a short distance skiing on a ski slope,0.000367,0
i2t,465836,A group of three soldiers standing next to each other.,465836,A group of three soldiers standing next to each other.,0.000379,0
i2t,465836,some snow skiers one in a blue jacket the other white,465836,some snow skiers one in a blue jacket the other white,0.000164,0
i2t,465836,The woman using the skies is wearing all black.,465836,The woman using the skies is wearing all black.,0.000061,0
i2t,465836,A group of men standing next to each other.,465836,A group of men standing next to each other.,0.001983,0
i2t,465836,A group pauses to mingle and relax while skiing.,465836,A group pauses to mingle and relax while skiing.,0.002623,0
i2t,465836,A picture of skiers skiing on the snow,465836,A picture of skiers skiing on the snow,0.000932,0
i2t,465836,A GROUP OF PEOPLE SKIING STOP TO POSE FOR PHOTO,465836,A GROUP OF PEOPLE SKIING STOP TO POSE FOR PHOTO,0.000688,0
i2t,465836,Three people cross country skiing in a field.,465836,Three people cross country skiing in a field.,0.000717,0
i2t,465836,Skiers look at the snow that they skied down.,465836,Skiers look at the snow that they skied down.,0.000179,0
i2t,465836,The cross country skiers are enjoying their run.,465836,The cross country skiers are enjoying their run.,0.000402,0
i2t,465836,Man cross country skiing on slight down hill slope.,465836,Man cross country skiing on slight down hill slope.,0.000110,0
i2t,465836,A person cross-country skiing on a winters day.,465836,A person cross-country skiing on a winters day.,0.000063,0
i2t,465836,Several cross country skiers traveling through the snow.,465836,Several cross country skiers traveling through the snow.,0.000166,0
i2t,465836,There are a bunch of people cross-country skiing.,465836,There are a bunch of people cross-country skiing.,0.000133,0
i2t,465836,There are people standing in the snow on skis.,465836,There are people standing in the snow on skis.,0.000395,0
i2t,465836,"Three people on packed snow trail, two skiing, one walking.",465836,"Three people on packed snow trail, two skiing, one walking.",0.000267,0
i2t,465836,A group of people in the snow with skis.,465836,A group of people in the snow with skis.,0.000386,0
i2t,465836,A group of people with skis in the snow.,465836,A group of people with skis in the snow.,0.000418,0
i2t,465836,A group of people standing on ski's in the snow.,465836,A group of people standing on ski's in the snow.,0.000412,0
i2t,465836,Three people are skiing on the snowy mountain.,465836,Three people are skiing on the snowy mountain.,0.000308,0
i2t,207585,A group of stuffed animals sitting on top of a wall.,207585,A group of stuffed animals sitting on top of a wall.,0.000149,0
i2t,207585,"Four stuffed animals, a leopard and three teddy bears, in a row sitting on a stone ledge with grass and trees behind.",207585,"Four stuffed animals, a leopard and three teddy bears, in a row sitting on a stone ledge with grass and trees behind.",0.002202,0
i2t,207585,some teddy bears dressed and posed for a picnic,207585,some teddy bears dressed and posed for a picnic,0.000663,0
i2t,207585,a stuffed bear with others wearing crowns,207585,a stuffed bear with others wearing crowns,0.000380,0
i2t,207585,A group of three stuffed animal teddy bears.,207585,A group of three stuffed animal teddy bears.,0.000474,0
i2t,207585,four small teddy bears with tiaras and bows,207585,four small teddy bears with tiaras and bows,0.000501,0
i2t,207585,A bunch of teddy bears sitting on a stone wall.,207585,A bunch of teddy bears sitting on a stone wall.,0.000363,0
i2t,207585,This is a picture of four stuffed animals.,207585,This is a picture of four stuffed animals.,0.000169,0
i2t,207585,A group of stuffed animals are arranged together.,207585,A group of stuffed animals are arranged together.,0.000386,0
i2t,207585,A group of children are holding various stuffed animals and dolls.,207585,A group of children are holding various stuffed animals and dolls.,0.000039,0
i2t,207585,two stuffed animals a bear and a monkey,207585,two stuffed animals a bear and a monkey,0.000817,0
i2t,207585,A stuffed teddy bear and monkey share the picture.,207585,A stuffed teddy bear and monkey share the picture.,0.000105,0
i2t,207585,"A white, beige and brown baby bear under a beige/white comforter.",207585,"A white, beige and brown baby bear under a beige/white comforter.",0.000026,0
i2t,207585,a teddy bear that has a red scarf on,207585,a teddy bear that has a red scarf on,0.000068,0
i2t,207585,Teddy bear next to monkey in foreground of picture.,207585,Teddy bear next to monkey in foreground of picture.,0.000095,0
i2t,207585,A stuffed animal with a smaller one on its back.,207585,A stuffed animal with a smaller one on its back.,0.000048,0
i2t,207585,"Their is a hadron and their in this lot,",207585,"Their is a hadron and their in this lot,",0.226242,0
i2t,207585,Couple of sheep relaxing in a fielder brown,207585,Couple of sheep relaxing in a fielder brown,0.000089,0
i2t,207585,Three teddy bears and a stuffed cat on a stone wall.,207585,Three teddy bears and a stuffed cat on a stone wall.,0.000225,0
i2t,207585,three teddy bears giving each other a hug,207585,three teddy bears giving each other a hug,0.001061,0
i2t,207585,A bunch of teddy bears posed to look like a D-day scene.,207585,A bunch of teddy bears posed to look like a D-day scene.,0.000273,0
i2t,207585,Two teddy bears are seated with the other stuffed animals.,207585,Two teddy bears are seated with the other stuffed animals.,0.001388,0
i2t,207585,Two stuffed brown teddy bears sitting next to a wall.,207585,Two stuffed brown teddy bears sitting next to a wall.,0.000174,0
i2t,207585,Two brown teddy bears sitting side by side.,207585,Two brown teddy bears sitting side by side.,0.000227,0
i2t,207585,A group of stuffed bears that are sitting on fake grass.,207585,A group of stuffed bears that are sitting on fake grass.,0.000268,0
i2t,207585,Three stuffed teddy bears are set on a toy picnic scene.,207585,Three stuffed teddy bears are set on a toy picnic scene.,0.000226,0
i2t,207585,Three teddy bears that are sitting next to each other.,207585,Three teddy bears that are sitting next to each other.,0.001438,0
i2t,207585,A teddy bear and a stuffed monkey sit side by side.,207585,A teddy bear and a stuffed monkey sit side by side.,0.000149,0
i2t,207585,A group of stuffed animals sitting next to each other in bed.,207585,A group of stuffed animals sitting next to each other in bed.,0.000066,0
i2t,358525,A child in a hat playing on a laptop computer,358525,A child in a hat playing on a laptop computer,0.000181,0
i2t,358525,Cute little boy with hat playing on laptop computer,358525,Cute little boy with hat playing on laptop computer,0.003121,0
i2t,358525,a small child operating a laptop on a bed,358525,a small child operating a laptop on a bed,0.000126,0
i2t,358525,A young boy sitting at a laptop computer.,358525,A young boy sitting at a laptop computer.,0.000166,0
i2t,358525,A little child sitting in front of a laptop watching whats is on the screen.,358525,A little child sitting in front of a laptop watching whats is on the screen.,0.000102,0
i2t,358525,A very young boy is using a keyboard on a laptop computer.,358525,A very young boy is using a keyboard on a laptop computer.,0.000271,0
i2t,358525,A blue-eyed toddler talks on the cellphone while he types something on the laptop.,358525,A blue-eyed toddler talks on the cellphone while he types something on the laptop.,0.000163,0
i2t,358525,A little kid that is on the phone and computer.,358525,A little kid that is on the phone and computer.,0.000414,0
i2t,358525,A little boy talking on the phone and playing with a computer.,358525,A little boy talking on the phone and playing with a computer.,0.000136,0
i2t,358525,A little boy is staring attentively while playing a video game.,358525,A little boy is staring attentively while playing a video game.,0.000077,0
i2t,358525,a luggage bag on top of a table,358525,a luggage bag on top of a table,0.000082,0
i2t,358525,a small boy with a bag of luggage,358525,a small boy with a bag of luggage,0.000170,0
i2t,358525,A suitcase and a laptop sit on a bedroom floor,358525,A suitcase and a laptop sit on a bedroom floor,0.000090,0
i2t,358525,Two pieces of luggage sitting near a dresser and laptop.,358525,Two pieces of luggage sitting near a dresser and laptop.,0.000113,0
i2t,358525,A little boy is pulling the luguage in a suit case,358525,A little boy is pulling the luguage in a suit case,0.000135,0
i2t,358525,A little boy is playing with a suitcase.,358525,A little boy is playing with a suitcase.,0.000158,0
i2t,358525,Corner of a bedroom with a laptop and luggage on a floor.,358525,Corner of a bedroom with a laptop and luggage on a floor.,0.000042,0
i2t,358525,A large grey suitcase is places near a tan sofa.,358525,A large grey suitcase is places near a tan sofa.,0.000086,0
i2t,358525,"A bedroom with a laptop, suitcase and backpack on the floor.",358525,"A bedroom with a laptop, suitcase and backpack on the floor.",0.000053,0
i2t,358525,A wheeled suitcase sits on a wooden floor in front of a sofa.,358525,A wheeled suitcase sits on a wooden floor in front of a sofa.,0.000043,0
i2t,358525,A laptop on the table and a baby looking at it,358525,A laptop on the table and a baby looking at it,0.000181,0
i2t,358525,A young girl watches a laptop on a bed.,358525,A young girl watches a laptop on a bed.,0.000048,0
i2t,358525,Cat staring at the screen of an open laptop.,358525,Cat staring at the screen of an open laptop.,0.000044,0
i2t,358525,Someone sitting on their bed looking at their laptop,358525,Someone sitting on their bed looking at their laptop,0.000296,0
i2t,358525,A little girl sitting in front of a laptop computer.,358525,A little girl sitting in front of a laptop computer.,0.000094,0
i2t,358525,A little girl sitting on a bed looking at a laptop,358525,A little girl sitting on a bed looking at a laptop,0.000062,0
i2t,358525,The little boy is having fun playing at the computer keybord,358525,The little boy is having fun playing at the computer keybord,0.000311,0
i2t,358525,A young boy sitting on a bed in a bedroom.,358525,A young boy sitting on a bed in a bedroom.,0.000240,0
i2t,246454,A black and white photo of a girl petting three dogs.,246454,A black and white photo of a girl petting three dogs.,0.000118,0
i2t,246454,A child petting two dogs on the side of the street,246454,A child petting two dogs on the side of the street,0.000097,0
i2t,246454,A little girl kneeling down to pet two dogs on a leash.,246454,A little girl kneeling down to pet two dogs on a leash.,0.000086,0
i2t,246454,A girl kneels down to pet two dogs.,246454,A girl kneels down to pet two dogs.,0.000156,0
i2t,246454,Girl bending down with hand bag on her shoulder petting two dogs.,246454,Girl bending down with hand bag on her shoulder petting two dogs.,0.000180,0
i2t,246454,A woman kneeling to pet animals while others wait.,246454,A woman kneeling to pet animals while others wait.,0.000125,0
i2t,246454,A photo of a woman sitting with two dogs.,246454,A photo of a woman sitting with two dogs.,0.000171,0
i2t,246454,a black and white photo of children siting posing for a photo,246454,a black and white photo of children siting posing for a photo,0.000065,0
i2t,246454,Three people stand on the street talking next to a dog.,246454,Three people stand on the street talking next to a dog.,0.000130,0
i2t,246454,A black and white photo of a group of kids.,246454,A black and white photo of a group of kids.,0.000160,0
i2t,246454,TWO PET DOGS ARE ON A LEASH,246454,TWO PET DOGS ARE ON A LEASH,0.004464,0
i2t,246454,a couple of women that have a dog on a leash,246454,a couple of women that have a dog on a leash,0.000786,0
i2t,246454,a black and white dog and a brown and white dog both on leashes,246454,a black and white dog and a brown and white dog both on leashes,0.000089,0
i2t,246454,A woman carrying her dog on a busy city street.,246454,A woman carrying her dog on a busy city street.,0.000250,0
i2t,246454,"A dog being led down the street, by a woman on a bike.",246454,"A dog being led down the street, by a woman on a bike.",0.000074,0
i2t,246454,Nothing is quite as soft as a young puppy.,246454,Nothing is quite as soft as a young puppy.,0.010665,0
i2t,246454,A family shopping at a farmers marked with their dog.,246454,A family shopping at a farmers marked with their dog.,0.002496,0
i2t,246454,Mom has to help him eat his hot dog and bun.,246454,Mom has to help him eat his hot dog and bun.,0.007572,0
i2t,246454,A woman with headphones in walking her white dog.,246454,A woman with headphones in walking her white dog.,0.000475,0
i2t,246454,A child is holding two hot dogs up to the photographer.,246454,A child is holding two hot dogs up to the photographer.,0.000048,0
i2t,246454,A photo of someone watching TV with their dog.,246454,A photo of someone watching TV with their dog.,0.000066,0
i2t,246454,This is an image of two girls with goats,246454,This is an image of two girls with goats,0.000046,0
i2t,246454,Two women eat chili dogs on a city sidewalk.,246454,Two women eat chili dogs on a city sidewalk.,0.000078,0
i2t,246454,Two kids witting on a sidewalk having a snack.,246454,Two kids witting on a sidewalk having a snack.,0.000115,0
i2t,246454,A woman standing next to a brown and white dog.,246454,A woman standing next to a brown and white dog.,0.000115,0
i2t,246454,woman is walking with a dog in her hands,246454,woman is walking with a dog in her hands,0.001651,0
i2t,246454,A woman and a dog sitting on the ground.,246454,A woman and a dog sitting on the ground.,0.000243,0
i2t,246454,A woman wearing glasses holding a brown and white dog.,246454,A woman wearing glasses holding a brown and white dog.,0.000044,0
i2t,246454,A woman is walking her dogs on the city sidewalks through the newly fallen snow.,246454,A woman is walking her dogs on the city sidewalks through the newly fallen snow.,0.000092,0
i2t,246454,A woman is playing with her dogs under an umbrella.,246454,A woman is playing with her dogs under an umbrella.,0.000052,0
i2t,246454,A woman is walking two dogs in the snow.,246454,A woman is walking two dogs in the snow.,0.000035,0
i2t,2592,a white mug showing pirate skull and bones and a large knife on a counter top.,2592,a white mug showing pirate skull and bones and a large knife on a counter top.,0.003199,0
i2t,2592,A large knife is sitting in front of a mug has a skull and crossbones.,2592,A large knife is sitting in front of a mug has a skull and crossbones.,0.000502,0
i2t,2592,There is a white coffee cup with a skull and bones on it next to a knife,2592,There is a white coffee cup with a skull and bones on it next to a knife,0.000850,0
i2t,2592,a close up of a knife and a cup on a surface,2592,a close up of a knife and a cup on a surface,0.013834,0
i2t,2592,Decorated coffee cup and knife sitting on a patterned surface.,2592,Decorated coffee cup and knife sitting on a patterned surface.,0.000323,0
i2t,2592,A view of a coffee cup and a pair of scissors sitting on a table.,2592,A view of a coffee cup and a pair of scissors sitting on a table.,0.000372,0
i2t,2592,A cellphone and scissors are next to a coffee mug.,2592,A cellphone and scissors are next to a coffee mug.,0.000580,0
i2t,2592,Scissors and other utensils in a cup sitting on a desk.,2592,Scissors and other utensils in a cup sitting on a desk.,0.000235,0
i2t,2592,A silver cup is holding scissors and tongs.,2592,A silver cup is holding scissors and tongs.,0.000142,0
i2t,2592,"Kitchen counter with mugs, coffee, and a knife block on it.",2592,"Kitchen counter with mugs, coffee, and a knife block on it.",0.000773,0
i2t,2592,The front edge of a well used skateboard.,2592,The front edge of a well used skateboard.,0.000080,0
i2t,2592,a knife being stuck into a laptop and stabbed,2592,a knife being stuck into a laptop and stabbed,0.002049,0
i2t,2592,A pair of black scissors sitting on a role of tape.,2592,A pair of black scissors sitting on a role of tape.,0.000063,0
i2t,2592,a pair of scissor that is laying on a wooden table,2592,a pair of scissor that is laying on a wooden table,0.000437,0
i2t,2592,An old corroded spoon setting on a bamboo mat.,2592,An old corroded spoon setting on a bamboo mat.,0.000432,0
i2t,2592,a big spoon that is laying on a table,2592,a big spoon that is laying on a table,0.001747,0
i2t,2592,A pair of black handled scissors lying on a roll of tape.,2592,A pair of black handled scissors lying on a roll of tape.,0.000050,0
i2t,2592,A large dark colored spoon sitting on a rack,2592,A large dark colored spoon sitting on a rack,0.000142,0
i2t,2592,Kitchen utensils and appliances have been left unattended,2592,Kitchen utensils and appliances have been left unattended,0.061950,0
i2t,2592,A cup with a bird on it and a cup with a wolf on it.,2592,A cup with a bird on it and a cup with a wolf on it.,0.000861,0
i2t,2592,Vegetable pieces and knife are kept on cutting board.Cabbage is on the table.,2592,Vegetable pieces and knife are kept on cutting board.Cabbage is on the table.,0.000500,0
i2t,2592,Some interesting food sitting on a white plate by a knife,2592,Some interesting food sitting on a white plate by a knife,0.000132,0
i2t,2592,A cup and a plate with food on it on a table next to a toilet.,2592,A cup and a plate with food on it on a table next to a toilet.,0.000076,0
i2t,2592,"A plate with food on it, a mug, and a fork.",2592,"A plate with food on it, a mug, and a fork.",0.000068,0
i2t,2592,A metal cup filled with scissors and two ladels.,2592,A metal cup filled with scissors and two ladels.,0.000094,0
i2t,163640,A man is at the counter by a bowl of fruit.,163640,A man is at the counter by a bowl of fruit.,0.000083,0
i2t,163640,Bananas being sold and a man looking at them.,163640,Bananas being sold and a man looking at them.,0.000041,0
i2t,163640,A smiling man is behind the counter at a restaurant.,163640,A smiling man is behind the counter at a restaurant.,0.000069,0
i2t,163640,A man is smiling for the camera while standing in a kitchen.,163640,A man is smiling for the camera while standing in a kitchen.,0.000091,0
i2t,163640,A person holding a piece of food in front of a cafe.,163640,A person holding a piece of food in front of a cafe.,0.000042,0
i2t,163640,A man serves a sliced apple to one of his friends,163640,A man serves a sliced apple to one of his friends,0.000185,0
i2t,163640,some people at an outdoor shop and some different fruits,163640,some people at an outdoor shop and some different fruits,0.000042,0
i2t,163640,A man eating a banana and smiling at the camera,163640,A man eating a banana and smiling at the camera,0.000057,0
i2t,163640,a smiling man holding a little plate of food,163640,a smiling man holding a little plate of food,0.000081,0
i2t,163640,A man in a kitchen smiles towards a camera,163640,A man in a kitchen smiles towards a camera,0.000093,0
i2t,163640,A man holding a piece of food by a string.,163640,A man holding a piece of food by a string.,0.000080,0
i2t,163640,A man taking a photo with his right hand and eating food with his left hand.,163640,A man taking a photo with his right hand and eating food with his left hand.,0.000052,0
i2t,163640,A man with a piece of food in his mouth.,163640,A man with a piece of food in his mouth.,0.000074,0
i2t,163640,A man taking a selfie eating something fried,163640,A man taking a selfie eating something fried,0.000076,0
i2t,163640,"A man has stick, which is holding some bread, between his fingers.",163640,"A man has stick, which is holding some bread, between his fingers.",0.000091,0
i2t,163640,A person that is eating some food in his hands.,163640,A person that is eating some food in his hands.,0.000176,0
i2t,163640,a man that is taking a picture of some food,163640,a man that is taking a picture of some food,0.000159,0
i2t,163640,A man takes a picture of himself eating food.,163640,A man takes a picture of himself eating food.,0.000068,0
i2t,163640,A guy is hold up a big pastry to is mouth.,163640,A guy is hold up a big pastry to is mouth.,0.000132,0
i2t,163640,A man looking in the window of a cafe.,163640,A man looking in the window of a cafe.,0.000242,0
i2t,163640,Bearded man shows off his grilled cheese sandwiches.,163640,Bearded man shows off his grilled cheese sandwiches.,0.000791,0
i2t,163640,The front of a restaurant with someone holding up food,163640,The front of a restaurant with someone holding up food,0.000099,0
i2t,163640,Man photographing a fresh pizza his tired buddy just wants to eat,163640,Man photographing a fresh pizza his tired buddy just wants to eat,0.000167,0
i2t,163640,A man eating a giant piece of bread.,163640,A man eating a giant piece of bread.,0.000064,0
i2t,163640,Man taking a photograph of himself eating a pizza slice,163640,Man taking a photograph of himself eating a pizza slice,0.000761,0
i2t,163640,A man eats from a green dish while holding a handheld radio.,163640,A man eats from a green dish while holding a handheld radio.,0.000043,0
i2t,163640,a couple of pans you would use to pee in,163640,a couple of pans you would use to pee in,0.009048,0
i2t,163640,A woman sits at a counter while a man looks at her through a window.,163640,A woman sits at a counter while a man looks at her through a window.,0.000077,0
i2t,163640,A man looks on as he finishes his meal,163640,A man looks on as he finishes his meal,0.000283,0
i2t,163640,Two men ordering food from a small outside restaurant.,163640,Two men ordering food from a small outside restaurant.,0.000078,0
i2t,163640,A couple of guys cooking in a restaruant kitchen that is open to the restaurant.,163640,A couple of guys cooking in a restaruant kitchen that is open to the restaurant.,0.000100,0
i2t,163640,One guy is showing another guy the intricacies of the Wii.,163640,One guy is showing another guy the intricacies of the Wii.,0.000050,0
i2t,163640,Two men getting food at an outside restaurant.,163640,Two men getting food at an outside restaurant.,0.000119,0
i2t,163640,A man holds an object as he looks at himself in the mirror.,163640,A man holds an object as he looks at himself in the mirror.,0.000043,0
i2t,163640,The people are selecting their donuts at the counter.,163640,The people are selecting their donuts at the counter.,0.000094,0
i2t,163640,A man with his hair tied back prepares food.,163640,A man with his hair tied back prepares food.,0.000047,0
i2t,163640,A man taking a picture of his reflection in a mirror.,163640,A man taking a picture of his reflection in a mirror.,0.000048,0
i2t,163640,a man is standing inside of a food truck,163640,a man is standing inside of a food truck,0.000074,0
i2t,163640,A vendor standing behind a stall of various foods.,163640,A vendor standing behind a stall of various foods.,0.000040,0
i2t,163640,People on both sides of a counter at a small food market.,163640,People on both sides of a counter at a small food market.,0.000039,0
i2t,163640,A man working the counter at a pastry shop.,163640,A man working the counter at a pastry shop.,0.000057,0
i2t,163640,a man outside cooking at an event and serving customers,163640,a man outside cooking at an event and serving customers,0.000083,0
i2t,163640,a man is sitting in front of some food at a table,163640,a man is sitting in front of some food at a table,0.000070,0
i2t,163640,an attendant in a doughnut shop waiting on customers,163640,an attendant in a doughnut shop waiting on customers,0.000144,0
i2t,163640,A meal of donuts and a beverage is seen in front of a man at a restaurant.,163640,A meal of donuts and a beverage is seen in front of a man at a restaurant.,0.000027,0
i2t,163640,A man biting into a doughnut with a sly look.,163640,A man biting into a doughnut with a sly look.,0.000048,0
i2t,163640,A man baking and preparing donuts to sell at shop.,163640,A man baking and preparing donuts to sell at shop.,0.000070,0
i2t,179653,A tall clock sitting next to a fence and a forest.,179653,A tall clock sitting next to a fence and a forest.,0.000240,0
i2t,179653,A tall lamp post clock rises above a wooden fence of a property for sale,179653,A tall lamp post clock rises above a wooden fence of a property for sale,0.001437,0
i2t,179653,Very tall clock behind wooden fence in residential area,179653,Very tall clock behind wooden fence in residential area,0.000665,0
i2t,179653,A clock sits above green bushes under a blue sky.,179653,A clock sits above green bushes under a blue sky.,0.000068,0
i2t,179653,An old time looking clock surrounded by greenery.,179653,An old time looking clock surrounded by greenery.,0.000153,0
i2t,179653,A large ornate clock with gold colored trim,179653,A large ornate clock with gold colored trim,0.000941,0
i2t,179653,An large ornate wooden clock with golden accents.,179653,An large ornate wooden clock with golden accents.,0.000077,0
i2t,179653,A clock on a stand displays the time in a garden.,179653,A clock on a stand displays the time in a garden.,0.000170,0
i2t,179653,a tall clock tower with trees all around,179653,a tall clock tower with trees all around,0.000419,0
i2t,179653,A large metal clock on a pole outside.,179653,A large metal clock on a pole outside.,0.002667,0
i2t,179653,"Their is a hadron and their in this lot,",179653,"Their is a hadron and their in this lot,",0.007689,0
i2t,179653,A lot of different size trees in the woods.,179653,A lot of different size trees in the woods.,0.000444,0
i2t,179653,A tree stands net to an old wood house,179653,A tree stands net to an old wood house,0.000775,0
i2t,179653,A field with a lot of dead trees.,179653,A field with a lot of dead trees.,0.000054,0
i2t,179653,a wood bench is next to a tree,179653,a wood bench is next to a tree,0.000113,0
i2t,179653,A stop sgn with a branch in front of it,179653,A stop sgn with a branch in front of it,0.000130,0
i2t,179653,some construction stucks pared on the side of the road,179653,some construction stucks pared on the side of the road,0.001201,0
i2t,179653,There's a warning not to park under this tree.,179653,There's a warning not to park under this tree.,0.000820,0
i2t,179653,The encompassing of an outside town in the picture.,179653,The encompassing of an outside town in the picture.,0.000425,0
i2t,179653,Stop sign with a tree branch touching it.,179653,Stop sign with a tree branch touching it.,0.000070,0
i2t,179653,Public clock tells the time on a street corner.,179653,Public clock tells the time on a street corner.,0.000328,0
i2t,179653,A clock on a pole on a sidewalk.,179653,A clock on a pole on a sidewalk.,0.002408,0
i2t,179653,A clock that has replaced numbers with teacups,179653,A clock that has replaced numbers with teacups,0.003323,0
i2t,179653,A clock displays a time for the public to see.,179653,A clock displays a time for the public to see.,0.000278,0
i2t,179653,A grandfather clock marks an elegant starting position for visiting shops.,179653,A grandfather clock marks an elegant starting position for visiting shops.,0.000936,0
i2t,179653,It sure is a beautiful day to sit outside and read the paper.,179653,It sure is a beautiful day to sit outside and read the paper.,0.007796,0
i2t,179653,A clock set to twenty after three in a field,179653,A clock set to twenty after three in a field,0.000284,0
i2t,179653,A clock outside a building says the time is 4:30,179653,A clock outside a building says the time is 4:30,0.000612,0
i2t,179653,The clock is at the top of the pole on the fence.,179653,The clock is at the top of the pole on the fence.,0.000211,0
i2t,179653,A clock that is on the top of a pole.,179653,A clock that is on the top of a pole.,0.008284,0
i2t,179653,A pole that has a clock on the top of it.,179653,A pole that has a clock on the top of it.,0.002545,0
i2t,179653,A clock that is at the top of a pole.,179653,A clock that is at the top of a pole.,0.006379,0
i2t,179653,A street corner has a clock on a post.,179653,A street corner has a clock on a post.,0.001607,0
i2t,179653,A clock that is surrounded by tall grass in a park.,179653,A clock that is surrounded by tall grass in a park.,0.000068,0
i2t,179653,An old standing clock surrounded by tall grass.,179653,An old standing clock surrounded by tall grass.,0.000082,0
i2t,179653,Two clocks behind glass reflecting grass and shrubs.,179653,Two clocks behind glass reflecting grass and shrubs.,0.000100,0
i2t,179653,a black and white clock is hanging up outside,179653,a black and white clock is hanging up outside,0.002485,0
i2t,179653,An ornate clock on the side of a building next to a tree.,179653,An ornate clock on the side of a building next to a tree.,0.000159,0
i2t,179653,An ornate clock on a building with tree branches.,179653,An ornate clock on a building with tree branches.,0.000062,0
i2t,399462,A young girl running with a kite in a field.,399462,A young girl running with a kite in a field.,0.001541,0
i2t,399462,A little girl laughs and runs with a kite in a grassy park.,399462,A little girl laughs and runs with a kite in a grassy park.,0.000723,0
i2t,399462,a little girl is running on the grass with a kite,399462,a little girl is running on the grass with a kite,0.001841,0
i2t,399462,A LITTLE GIRL IS RUNNING WITH HER KITE IN A OPEN FIELD,399462,A LITTLE GIRL IS RUNNING WITH HER KITE IN A OPEN FIELD,0.000754,0
i2t,399462,A young child holding onto a kite while standing on a green grass covered field.,399462,A young child holding onto a kite while standing on a green grass covered field.,0.000543,0
i2t,399462,A girl with a kite running in the grass.,399462,A girl with a kite running in the grass.,0.001459,0
i2t,399462,A child standing outdoors in the yard playing with a kite,399462,A child standing outdoors in the yard playing with a kite,0.002311,0
i2t,399462,A child is chasing after a box kite.,399462,A child is chasing after a box kite.,0.002928,0
i2t,399462,A lady and a little girl flying a kite on a grassy field.,399462,A lady and a little girl flying a kite on a grassy field.,0.001442,0
i2t,399462,An adult and a child in a green field flying a kite.,399462,An adult and a child in a green field flying a kite.,0.001459,0
i2t,399462,Kid is over joyed as he flies his multi colored kite,399462,Kid is over joyed as he flies his multi colored kite,0.000406,0
i2t,399462,A kid is running while pulling a kite behind him.,399462,A kid is running while pulling a kite behind him.,0.001614,0
i2t,399462,A woman and a young girl holding a kite on a green field.,399462,A woman and a young girl holding a kite on a green field.,0.000442,0
i2t,399462,This youngster tries to get his kite off the ground,399462,This youngster tries to get his kite off the ground,0.004033,0
i2t,399462,Just a little help from Mom will get his kite up in the air.,399462,Just a little help from Mom will get his kite up in the air.,0.030187,0
i2t,399462,some douchey kid in vest who is about to fail at kite flying.,399462,some douchey kid in vest who is about to fail at kite flying.,0.014700,0
i2t,399462,A boy running while holding onto a kite string.,399462,A boy running while holding onto a kite string.,0.001403,0
i2t,399462,Man flying kite in open field near RV park.,399462,Man flying kite in open field near RV park.,0.000172,0
i2t,399462,A young girl flies a kite in the grass by the water.,399462,A young girl flies a kite in the grass by the water.,0.000284,0
i2t,399462,A little boy standing on a field with a kite over his head.,399462,A little boy standing on a field with a kite over his head.,0.000247,0
i2t,399462,A little boy standing in the grass with a kite in the sky in the background.,399462,A little boy standing in the grass with a kite in the sky in the background.,0.000193,0
i2t,399462,This girl is flying a kite near a tree and and small boy.,399462,This girl is flying a kite near a tree and and small boy.,0.000102,0
i2t,399462,A girl is playing in a grassy area.,399462,A girl is playing in a grassy area.,0.006654,0
i2t,284282,An old blender and printer sitting on a table.,284282,An old blender and printer sitting on a table.,0.000535,0
i2t,284282,A blender laying on a table in a room.,284282,A blender laying on a table in a room.,0.002564,0
i2t,284282,A GREEN TABLE WITH A OLD RUSTY BLENDER AND A PRINTER,284282,A GREEN TABLE WITH A OLD RUSTY BLENDER AND A PRINTER,0.003119,0
i2t,284282,A metal blender on top of a stone counter.,284282,A metal blender on top of a stone counter.,0.001331,0
i2t,284282,a close up of a blender on a counter being operated by a person,284282,a close up of a blender on a counter being operated by a person,0.002518,0
i2t,284282,A person presses the power button on a blender containing liquid,284282,A person presses the power button on a blender containing liquid,0.000122,0
i2t,284282,A pile of different ingredients sitting next to a metal blender.,284282,A pile of different ingredients sitting next to a metal blender.,0.000259,0
i2t,284282,An old blender is sitting next to a printer.,284282,An old blender is sitting next to a printer.,0.001190,0
i2t,284282,Blender with portions of its contents spilled around it.,284282,Blender with portions of its contents spilled around it.,0.000214,0
i2t,284282,A blending mixer sitting on a kitchen counter.,284282,A blending mixer sitting on a kitchen counter.,0.001200,0
i2t,284282,A blender is sitting next to a printer.,284282,A blender is sitting next to a printer.,0.001844,0
i2t,284282,"A close shot of some type of machine, maybe in a factory.",284282,"A close shot of some type of machine, maybe in a factory.",0.003297,0
i2t,284282,A computer sits on a desk by a printer.,284282,A computer sits on a desk by a printer.,0.000181,0
i2t,284282,a white desk a keyboard two laptops and a printer,284282,a white desk a keyboard two laptops and a printer,0.001110,0
i2t,284282,Thee computer keyboard is white and it has a matching white mouse.,284282,Thee computer keyboard is white and it has a matching white mouse.,0.000045,0
i2t,284282,A clean white keyboard laying on the table,284282,A clean white keyboard laying on the table,0.000158,0
i2t,284282,A white Macintosh next to duct tape and red scissors.,284282,A white Macintosh next to duct tape and red scissors.,0.000168,0
i2t,284282,Kitchen utensils and appliances have been left unattended,284282,Kitchen utensils and appliances have been left unattended,0.627379,1
i2t,284282,"Not the biggest workspace in the world, but it works",284282,"Not the biggest workspace in the world, but it works",0.800681,1
i2t,284282,deck with lap top computer and desk top,284282,deck with lap top computer and desk top,0.337066,0
i2t,284282,Toaster and blender plugged in on a kitchen counter.,284282,Toaster and blender plugged in on a kitchen counter.,0.001267,0
i2t,284282,A toaster sits on a kitchen shelf in front of a blender.,284282,A toaster sits on a kitchen shelf in front of a blender.,0.001352,0
i2t,284282,A toaster and blender are sitting on a tile kitchen counter.,284282,A toaster and blender are sitting on a tile kitchen counter.,0.001482,0
i2t,284282,A blender with liquid sprayed onto the counter top.,284282,A blender with liquid sprayed onto the counter top.,0.000138,0
i2t,284282,"A table with a blender, oil and several seasonings.",284282,"A table with a blender, oil and several seasonings.",0.000168,0
i2t,284282,Microwave and other appliance sitting outdoors on pavement against a fence.,284282,Microwave and other appliance sitting outdoors on pavement against a fence.,0.000279,0
i2t,284282,The blender is being used to liquify vegetables for sauces during dinner preparation.,284282,The blender is being used to liquify vegetables for sauces during dinner preparation.,0.000188,0
i2t,284282,A toaster and blender sitting on a counter top.,284282,A toaster and blender sitting on a counter top.,0.001540,0
i2t,284282,a person operating a blender hooked up to a small motor,284282,a person operating a blender hooked up to a small motor,0.000760,0
i2t,284282,A blender on the c9unter that has spilled everywhere.,284282,A blender on the c9unter that has spilled everywhere.,0.000700,0
i2t,24144,A large pizza on a white plate sitting on a blue table.,24144,A large pizza on a white plate sitting on a blue table.,0.000183,0
i2t,24144,A large cheese pizza being served to customers.,24144,A large cheese pizza being served to customers.,0.000222,0
i2t,24144,A pizza is shown with various toppings on it.,24144,A pizza is shown with various toppings on it.,0.000280,0
i2t,24144,A close up of a cheese pizza on a plate.,24144,A close up of a cheese pizza on a plate.,0.000362,0
i2t,24144,A close up of a pizza pie sitting on a table.,24144,A close up of a pizza pie sitting on a table.,0.000950,0
i2t,24144,a close up of a pizza with several toppings,24144,a close up of a pizza with several toppings,0.000664,0
i2t,24144,A large pizza on a plate with forks,24144,A large pizza on a plate with forks,0.000264,0
i2t,24144,a large pizza is on a white plate,24144,a large pizza is on a white plate,0.000864,0
i2t,24144,A pizza placed on a white plate on a wooden table.,24144,A pizza placed on a white plate on a wooden table.,0.000106,0
i2t,24144,A close-up of a cheese pizza on a wooden table.,24144,A close-up of a cheese pizza on a wooden table.,0.000089,0
i2t,24144,A cheese pizza from a store in a box.,24144,A cheese pizza from a store in a box.,0.000788,0
i2t,24144,A large cheese pizza in a cardboard box.,24144,A large cheese pizza in a cardboard box.,0.000484,0
i2t,24144,a close up of a foam box of food,24144,a close up of a foam box of food,0.001864,0
i2t,24144,The pizza is cheesey wiith peporoni for the topping,24144,The pizza is cheesey wiith peporoni for the topping,0.002665,0
i2t,24144,A pizza sitting on top of a pizza box covered in cheese.,24144,A pizza sitting on top of a pizza box covered in cheese.,0.000989,0
i2t,24144,a sliced pizza in a box with different topings,24144,a sliced pizza in a box with different topings,0.000671,0
i2t,24144,A pizza sitting in a pizza box on top of a table.,24144,A pizza sitting in a pizza box on top of a table.,0.000863,0
i2t,24144,A cheese pizza cut into eight pieces in the box.,24144,A cheese pizza cut into eight pieces in the box.,0.000232,0
i2t,24144,A box of cheese pizza with green peppers in a box,24144,A box of cheese pizza with green peppers in a box,0.000641,0
i2t,24144,A pizza in a box with toppings that are divided into thirds.,24144,A pizza in a box with toppings that are divided into thirds.,0.000229,0
i2t,24144,I want the pizza that has extra cheese on it.,24144,I want the pizza that has extra cheese on it.,0.173809,0
i2t,24144,The pizza looks like it was ordered with extra cheese.,24144,The pizza looks like it was ordered with extra cheese.,0.001505,0
i2t,24144,A pineapple and ham pizza in a pizza tin,24144,A pineapple and ham pizza in a pizza tin,0.003434,0
i2t,24144,They are going to serve pizza for lunch today.,24144,They are going to serve pizza for lunch today.,0.021578,0
i2t,24144,there is a large air bubble on the crust of this pizza,24144,there is a large air bubble on the crust of this pizza,0.006390,0
i2t,24144,A very large pizza covered in cheese and toppings.,24144,A very large pizza covered in cheese and toppings.,0.000237,0
i2t,24144,A pizza in an oven that had a lot of cheese melted off of it.,24144,A pizza in an oven that had a lot of cheese melted off of it.,0.000143,0
i2t,24144,A pizza sitting on top of a white plate with lots of toppings.,24144,A pizza sitting on top of a white plate with lots of toppings.,0.000455,0
i2t,24144,A large slice of pizza with cheese and marinara sauce on a plate.,24144,A large slice of pizza with cheese and marinara sauce on a plate.,0.000190,0
i2t,24144,A cheese pizza sitting on top of white paper and a large plate.,24144,A cheese pizza sitting on top of white paper and a large plate.,0.000282,0
i2t,24144,"A pizza that is sitting on a plate, on a table.",24144,"A pizza that is sitting on a plate, on a table.",0.001027,0
i2t,24144,A pizza with toppings served on a plate,24144,A pizza with toppings served on a plate,0.000348,0
i2t,24144,A delicious pizza sets on top of a plate.,24144,A delicious pizza sets on top of a plate.,0.000697,0
i2t,24144,A pizza with lots of cheese on a flat brown surface.,24144,A pizza with lots of cheese on a flat brown surface.,0.000115,0
i2t,140840,"Many decorated kites, including Batman, are scattered around.",140840,"Many decorated kites, including Batman, are scattered around.",0.000485,0
i2t,140840,Several colorful kites in the sky by several persons in the ground.,140840,Several colorful kites in the sky by several persons in the ground.,0.000761,0
i2t,140840,Large assortment of kites on large field at outdoor event.,140840,Large assortment of kites on large field at outdoor event.,0.016760,0
i2t,140840,Various kites near the ground in a field.,140840,Various kites near the ground in a field.,0.002231,0
i2t,140840,"Several kites sit on the ground, with a few people in the background.",140840,"Several kites sit on the ground, with a few people in the background.",0.000449,0
i2t,140840,A group of people in a field with various kites in the sky.,140840,A group of people in a field with various kites in the sky.,0.000599,0
i2t,140840,A grassy field with kites being flown above,140840,A grassy field with kites being flown above,0.001471,0
i2t,140840,A field beside a lake is occupied by many kite flyers.,140840,A field beside a lake is occupied by many kite flyers.,0.000562,0
i2t,140840,Large crowd gathered to watch decorative a fleet of decorative kites.,140840,Large crowd gathered to watch decorative a fleet of decorative kites.,0.000205,0
i2t,140840,A large colorful kite is being flown over a field.,140840,A large colorful kite is being flown over a field.,0.000337,0
i2t,140840,Several kits are tied to a wood fence in this fake picture.,140840,Several kits are tied to a wood fence in this fake picture.,0.000211,0
i2t,140840,A person crafting a kite around two sticks.,140840,A person crafting a kite around two sticks.,0.000125,0
i2t,140840,"Some large streamers, some look like a clown fish.",140840,"Some large streamers, some look like a clown fish.",0.006328,0
i2t,140840,a teenager hanging paper tassels from a long string,140840,a teenager hanging paper tassels from a long string,0.000270,0
i2t,140840,A fence with a bunch of kites attached to it,140840,A fence with a bunch of kites attached to it,0.000426,0
i2t,140840,a person hanging paper kites to a wire,140840,a person hanging paper kites to a wire,0.000228,0
i2t,140840,A close up of several wind kites hanging.,140840,A close up of several wind kites hanging.,0.000736,0
i2t,140840,Multiple pairs of scissors attached by a beaded metal string.,140840,Multiple pairs of scissors attached by a beaded metal string.,0.000036,0
i2t,140840,A young boy tying paper kites to a string stretched across a room.,140840,A young boy tying paper kites to a string stretched across a room.,0.000045,0
i2t,140840,"A game at an outdoor fair called ""Ball In The Bog""",140840,"A game at an outdoor fair called ""Ball In The Bog""",0.026354,0
i2t,140840,The signs describe which rules will be enforced.,140840,The signs describe which rules will be enforced.,0.027841,0
i2t,140840,Signs are blocking off a street for an art exhibit.,140840,Signs are blocking off a street for an art exhibit.,0.000343,0
i2t,140840,A cordoned swimming area with warning sign and lifeguarding equipment.,140840,A cordoned swimming area with warning sign and lifeguarding equipment.,0.000607,0
i2t,140840,Kites tied to a fence flying on a windy day.,140840,Kites tied to a fence flying on a windy day.,0.000212,0
i2t,140840,many kites with different shapes all laying on the ground,140840,many kites with different shapes all laying on the ground,0.001436,0
i2t,140840,There are many people on this field flying kites,140840,There are many people on this field flying kites,0.000535,0
i2t,140840,A group of people are flying kites on a crowded field.,140840,A group of people are flying kites on a crowded field.,0.001074,0
i2t,140840,A field full of people flying kites in a cloudy blue sky.,140840,A field full of people flying kites in a cloudy blue sky.,0.000096,0
i2t,140840,Several people are flying kites in a field.,140840,Several people are flying kites in a field.,0.000440,0
i2t,140840,Some people who are flying kites in a field.,140840,Some people who are flying kites in a field.,0.000506,0
i2t,140840,A crowd of people gathering and flying kites,140840,A crowd of people gathering and flying kites,0.000253,0
i2t,140840,A filed full of people flying colorful kites.,140840,A filed full of people flying colorful kites.,0.000324,0
i2t,140840,Colorful kite being flown in a city park land,140840,Colorful kite being flown in a city park land,0.000827,0
i2t,140840,Many kites can be seen in the air through umbrellas.,140840,Many kites can be seen in the air through umbrellas.,0.000385,0
i2t,140840,a colorful kite flying by some people in the park,140840,a colorful kite flying by some people in the park,0.000166,0
i2t,140840,A crowd of people flying kites in the grass.,140840,A crowd of people flying kites in the grass.,0.000332,0
i2t,140840,A crowd of people flying kites over a field.,140840,A crowd of people flying kites over a field.,0.000280,0
i2t,140840,a large gathering of people flying their kites,140840,a large gathering of people flying their kites,0.000181,0
i2t,140840,Many people are flying different kites in a field on a cloudy day.,140840,Many people are flying different kites in a field on a cloudy day.,0.000203,0
i2t,140840,A crowd of people standing on top of a field flying colorful kites.,140840,A crowd of people standing on top of a field flying colorful kites.,0.000196,0
i2t,511321,Water traffic along the Thames by Big Ben,511321,Water traffic along the Thames by Big Ben,0.187661,0
i2t,511321,"The London eye stands overlooking the Thames river, various buildings, and Big Ben.",511321,"The London eye stands overlooking the Thames river, various buildings, and Big Ben.",0.000254,0
i2t,511321,The Thames river near Westminster on a cloudy evening.,511321,The Thames river near Westminster on a cloudy evening.,0.000175,0
i2t,511321,a big boat on a river with a cityscape in the background,511321,a big boat on a river with a cityscape in the background,0.000062,0
i2t,511321,A barge floating down a river with the skyline in the background.,511321,A barge floating down a river with the skyline in the background.,0.000094,0
i2t,511321,Scenic boats daily travel the Thames in England.,511321,Scenic boats daily travel the Thames in England.,0.000893,0
i2t,511321,A large trains travels past a river that contains several different boats,511321,A large trains travels past a river that contains several different boats,0.000403,0
i2t,511321,A boat can be seen at the edge of the water and a building is in the background.,511321,A boat can be seen at the edge of the water and a building is in the background.,0.000038,0
i2t,511321,"Two large ferries passing by each other in a city scape,",511321,"Two large ferries passing by each other in a city scape,",0.000065,0
i2t,511321,A white double decker boat n water next to buildings.,511321,A white double decker boat n water next to buildings.,0.000052,0
i2t,511321,THERE IS A BOAT THAT IS COMING DOWN THE RIVER,511321,THERE IS A BOAT THAT IS COMING DOWN THE RIVER,0.000133,0
i2t,511321,a boat with some people on it drive through a water way,511321,a boat with some people on it drive through a water way,0.000242,0
i2t,511321,there are two large boats that are in the water,511321,there are two large boats that are in the water,0.000060,0
i2t,511321,a tub boat pulling a small barge through the water,511321,a tub boat pulling a small barge through the water,0.001936,0
i2t,511321,a couple of boats sitting on top of a body of water.,511321,a couple of boats sitting on top of a body of water.,0.000050,0
i2t,511321,A large body of water with three boats floating on top of it.,511321,A large body of water with three boats floating on top of it.,0.000046,0
i2t,511321,a small boat in a body of water,511321,a small boat in a body of water,0.000146,0
i2t,511321,A small boat makes its way across the water on an overcast day.,511321,A small boat makes its way across the water on an overcast day.,0.000063,0
i2t,511321,A city ferry sits docked with the city in the background.,511321,A city ferry sits docked with the city in the background.,0.000074,0
i2t,511321,a ferris wheel water buildings boats and lights,511321,a ferris wheel water buildings boats and lights,0.000073,0
i2t,511321,A gondola like boat crossing over a bridge,511321,A gondola like boat crossing over a bridge,0.000564,0
i2t,511321,A cruise ship sits out in the water while a large grey building sits in background.,511321,A cruise ship sits out in the water while a large grey building sits in background.,0.000049,0
i2t,511321,A ferry the is pulling into the dock for off loading.,511321,A ferry the is pulling into the dock for off loading.,0.000070,0
i2t,511321,Some very nice looking boats in the water.,511321,Some very nice looking boats in the water.,0.000032,0
i2t,511321,A large passenger boat is floating down a canal.,511321,A large passenger boat is floating down a canal.,0.000091,0
i2t,511321,People walk by a boat near a lighted bridge,511321,People walk by a boat near a lighted bridge,0.000042,0
i2t,511321,A red boat floating in front of a city scape.,511321,A red boat floating in front of a city scape.,0.000033,0
i2t,511321,Two long boats are sailing near a large bridge.,511321,Two long boats are sailing near a large bridge.,0.000065,0
i2t,511321,a castle and the big ben clocktower next to a river,511321,a castle and the big ben clocktower next to a river,0.000048,0
i2t,421455,rear view mirror reflection showing a dog in the back seat,421455,rear view mirror reflection showing a dog in the back seat,0.006657,0
i2t,421455,A dog sticks its head out of the car and is reflected in the side mirror.,421455,A dog sticks its head out of the car and is reflected in the side mirror.,0.000486,0
i2t,421455,a reflection of a dog looking out a window in a side view mirror,421455,a reflection of a dog looking out a window in a side view mirror,0.000279,0
i2t,421455,A side mirror shows a dog sticking its head out of a car window.,421455,A side mirror shows a dog sticking its head out of a car window.,0.000335,0
i2t,421455,The reflection of a dogs head out of a car window in one of the cars wing mirrors,421455,The reflection of a dogs head out of a car window in one of the cars wing mirrors,0.002876,0
i2t,421455,Guy takes a picture of his dog in the backseat through his side mirror.,421455,Guy takes a picture of his dog in the backseat through his side mirror.,0.004583,0
i2t,421455,A dog is shown in a car rear view mirror.,421455,A dog is shown in a car rear view mirror.,0.000455,0
i2t,421455,A brown dog hanging it's head out of a car window.,421455,A brown dog hanging it's head out of a car window.,0.000825,0
i2t,421455,A mirror shot of a dog sitting in a car.,421455,A mirror shot of a dog sitting in a car.,0.000484,0
i2t,421455,A dog on a leash looks out the rear window while sitting next to a male passenger.,421455,A dog on a leash looks out the rear window while sitting next to a male passenger.,0.000169,0
i2t,421455,a white male taking pictures with his cellphone,421455,a white male taking pictures with his cellphone,0.005874,0
i2t,421455,Person taking a photo of a black cellphone.,421455,Person taking a photo of a black cellphone.,0.000393,0
i2t,421455,The man is taking a photo of him self with his cellphone.,421455,The man is taking a photo of him self with his cellphone.,0.000399,0
i2t,421455,A person I. A hood jacket capturing a photo using a flip phone,421455,A person I. A hood jacket capturing a photo using a flip phone,0.000662,0
i2t,421455,A person looking at their cell phone at another person taking a picture.,421455,A person looking at their cell phone at another person taking a picture.,0.001059,0
i2t,421455,A man who is taking a picture with his cell phone.,421455,A man who is taking a picture with his cell phone.,0.001442,0
i2t,421455,A person showing a picture on their cellular phone.,421455,A person showing a picture on their cellular phone.,0.000215,0
i2t,421455,A man taking a picture of himself in the rear view mirror.,421455,A man taking a picture of himself in the rear view mirror.,0.000261,0
i2t,421455,A person taking a picture with a cell phone of them and a dog in a mirror.,421455,A person taking a picture with a cell phone of them and a dog in a mirror.,0.001748,0
i2t,421455,Car with window down and dog sticking out while taking pictures,421455,Car with window down and dog sticking out while taking pictures,0.330838,0
i2t,421455,A dog looks out of the window as the car driver goes past a historic town.,421455,A dog looks out of the window as the car driver goes past a historic town.,0.001590,0
i2t,421455,The woman is holding her phone toward the dog hanging out the car window.,421455,The woman is holding her phone toward the dog hanging out the car window.,0.001543,0
i2t,421455,A dog sticks his head out of a car window.,421455,A dog sticks his head out of a car window.,0.000814,0
i2t,421455,"An open-mouthed, leashed dog has its head outside of an unlocked car door window as a blurry park-like vista rushes by.",421455,"An open-mouthed, leashed dog has its head outside of an unlocked car door window as a blurry park-like vista rushes by.",0.000985,0
i2t,421455,A dog looking out the window of a car.,421455,A dog looking out the window of a car.,0.000754,0
i2t,421455,A man taking a picture in a side car mirror with his cell phone.,421455,A man taking a picture in a side car mirror with his cell phone.,0.000750,0
i2t,421455,A dog sticking it's head out of the drivers side window.,421455,A dog sticking it's head out of the drivers side window.,0.000443,0
i2t,421455,A person holds a phone in a car with the window rolled down,421455,A person holds a phone in a car with the window rolled down,0.000315,0
i2t,421455,a guy inside a car taking a picture through the mirror in a remote area,421455,a guy inside a car taking a picture through the mirror in a remote area,0.000447,0
i2t,432898,Adult males in large grassy field with large kite.,432898,Adult males in large grassy field with large kite.,0.000258,0
i2t,432898,A man standing on a lush green field under a kite.,432898,A man standing on a lush green field under a kite.,0.000088,0
i2t,432898,some people in a park flying a kite with a long tail,432898,some people in a park flying a kite with a long tail,0.000054,0
i2t,432898,Young man flying a kite over a grassy area by water.,432898,Young man flying a kite over a grassy area by water.,0.000040,0
i2t,432898,Many people walk through a park as few kites fly in the air.,432898,Many people walk through a park as few kites fly in the air.,0.000050,0
i2t,432898,"A man in a park, flies his kite with a long tail.",432898,"A man in a park, flies his kite with a long tail.",0.000034,0
i2t,432898,A bunch of people are holding kites and the wind is blowing them on a grassy field.,432898,A bunch of people are holding kites and the wind is blowing them on a grassy field.,0.000114,0
i2t,432898,A kite flying around a park with two men near it.,432898,A kite flying around a park with two men near it.,0.000061,0
i2t,432898,Man flying kite in open field near RV park.,432898,Man flying kite in open field near RV park.,0.000095,0
i2t,432898,A group of people are flying kites on a crowded field.,432898,A group of people are flying kites on a crowded field.,0.000065,0
i2t,432898,An open field with a truck and some kites being flown,432898,An open field with a truck and some kites being flown,0.000046,0
i2t,432898,A an flying a kite in a field away from parked cars and other flying kites.,432898,A an flying a kite in a field away from parked cars and other flying kites.,0.000063,0
i2t,432898,Many people flying kits under a party cloudy sky.,432898,Many people flying kits under a party cloudy sky.,0.000035,0
i2t,432898,A truck driving through a field with people flying kites.,432898,A truck driving through a field with people flying kites.,0.000035,0
i2t,432898,People fill a park area under a cloudy sky while kites pepper the sky.,432898,People fill a park area under a cloudy sky while kites pepper the sky.,0.000066,0
i2t,432898,A truck sitting on a field with kites in the air.,432898,A truck sitting on a field with kites in the air.,0.000026,0
i2t,432898,Large assortment of kites on large field at outdoor event.,432898,Large assortment of kites on large field at outdoor event.,0.000159,0
i2t,432898,A lush green field full of people flying kites.,432898,A lush green field full of people flying kites.,0.000069,0
i2t,432898,There are many people on this field flying kites,432898,There are many people on this field flying kites,0.000065,0
i2t,432898,Many people are flying different kites in a field on a cloudy day.,432898,Many people are flying different kites in a field on a cloudy day.,0.000039,0
i2t,432898,some douchey kid in vest who is about to fail at kite flying.,432898,some douchey kid in vest who is about to fail at kite flying.,0.001443,0
i2t,432898,This youngster tries to get his kite off the ground,432898,This youngster tries to get his kite off the ground,0.000155,0
i2t,432898,A person in a field flying a kite in the sky.,432898,A person in a field flying a kite in the sky.,0.000090,0
i2t,432898,A grassy field with kites being flown above,432898,A grassy field with kites being flown above,0.000086,0
i2t,432898,People are flying kites in the park and walking.,432898,People are flying kites in the park and walking.,0.000046,0
i2t,432898,Man flying a kite high above hotel buildings,432898,Man flying a kite high above hotel buildings,0.000525,0
i2t,432898,A man is bluing a kite in an open area.,432898,A man is bluing a kite in an open area.,0.000091,0
i2t,432898,A crowd of people flying kites in the grass.,432898,A crowd of people flying kites in the grass.,0.000055,0
i2t,432898,A young boy flying a kite with other people.,432898,A young boy flying a kite with other people.,0.000043,0
i2t,432898,Large kite flying above a well-attended waterfront event,432898,Large kite flying above a well-attended waterfront event,0.000218,0
i2t,432898,a person on a field flying a kite with trees in the background,432898,a person on a field flying a kite with trees in the background,0.000044,0
i2t,432898,The man in the park is flying his kite.,432898,The man in the park is flying his kite.,0.000055,0
i2t,432898,The man is flying his kite in the sky.,432898,The man is flying his kite in the sky.,0.000040,0
i2t,432898,Some people who are flying kites in a field.,432898,Some people who are flying kites in a field.,0.000067,0
i2t,432898,a person that is flying a kite in the sky,432898,a person that is flying a kite in the sky,0.000123,0
i2t,432898,A man is flying a kite on a beach.,432898,A man is flying a kite on a beach.,0.000031,0
i2t,432898,Several people are flying kites in an open field of grass.,432898,Several people are flying kites in an open field of grass.,0.000082,0
i2t,432898,Several people are flying kites in a field.,432898,Several people are flying kites in a field.,0.000061,0
i2t,432898,A crowd of people flying kites over a field.,432898,A crowd of people flying kites over a field.,0.000049,0
i2t,432898,A group of people flying kites in grassy field.,432898,A group of people flying kites in grassy field.,0.000094,0
i2t,468124,A Northumbria bus is parked in a field.,468124,A Northumbria bus is parked in a field.,0.000090,0
i2t,468124,A double-decker bus turned in to a traveling showcase for a University,468124,A double-decker bus turned in to a traveling showcase for a University,0.020157,0
i2t,468124,A double decker passenger bus with advertising for a technology product.,468124,A double decker passenger bus with advertising for a technology product.,0.000041,0
i2t,468124,A group of people standing outside of a double decker bus.,468124,A group of people standing outside of a double decker bus.,0.000072,0
i2t,468124,a double decker bus with people waving from the top,468124,a double decker bus with people waving from the top,0.000087,0
i2t,468124,a red and white passenger bus with a 'final destination 5' billboard on the side of it,468124,a red and white passenger bus with a 'final destination 5' billboard on the side of it,0.000053,0
i2t,468124,a double decker bus with a giant iPod advertisement plastered over the entire bus,468124,a double decker bus with a giant iPod advertisement plastered over the entire bus,0.000042,0
i2t,468124,A double decker bus is shown that is not in service.,468124,A double decker bus is shown that is not in service.,0.000149,0
i2t,468124,Red double decker bus with people standing on top.,468124,Red double decker bus with people standing on top.,0.000100,0
i2t,468124,A group of people standing next to a double decker bus.,468124,A group of people standing next to a double decker bus.,0.000074,0
i2t,468124,We see a double decker bus wit a compartment in the side.,468124,We see a double decker bus wit a compartment in the side.,0.000808,0
i2t,468124,Photograph of an outdoor place with a bus.,468124,Photograph of an outdoor place with a bus.,0.000764,0
i2t,468124,A book mobile bus from a library sitting by a street side.,468124,A book mobile bus from a library sitting by a street side.,0.000081,0
i2t,468124,There are not many passengers on the bus.,468124,There are not many passengers on the bus.,0.000267,0
i2t,468124,A couple of people that are outside a double high bus.,468124,A couple of people that are outside a double high bus.,0.000200,0
i2t,468124,Bus stopped at the side of the road.,468124,Bus stopped at the side of the road.,0.011503,0
i2t,468124,A man standing next to a stage coach bus parked at a bus stop.,468124,A man standing next to a stage coach bus parked at a bus stop.,0.000156,0
i2t,468124,A tour bus with advertisement on the side of it,468124,A tour bus with advertisement on the side of it,0.000135,0
i2t,468124,A double-decker bus is parked in a large field.,468124,A double-decker bus is parked in a large field.,0.000143,0
i2t,468124,a bus stops to load and unload passengers,468124,a bus stops to load and unload passengers,0.008116,0
i2t,468124,A double decker bus sitting on a green field.,468124,A double decker bus sitting on a green field.,0.000373,0
i2t,468124,This is a Canadian sightseeing bus with a maple leaf advertising on the,468124,This is a Canadian sightseeing bus with a maple leaf advertising on the,0.000685,0
i2t,468124,a bus stops to pick up some passengers,468124,a bus stops to pick up some passengers,0.013147,0
i2t,468124,A logo on a double decker bus with a lion and a sword.,468124,A logo on a double decker bus with a lion and a sword.,0.000076,0
i2t,468124,A double decker bus is parked in the parking lot.,468124,A double decker bus is parked in the parking lot.,0.000166,0
i2t,468124,"A double decker tour bus with the logo ""SBS Transit"".",468124,"A double decker tour bus with the logo ""SBS Transit"".",0.000046,0
i2t,468124,A large double decked bus parked in a lot.,468124,A large double decked bus parked in a lot.,0.000152,0
i2t,468124,A double decker red white and purple bus,468124,A double decker red white and purple bus,0.000081,0
i2t,468124,A large orange double decker bus parked in a parking lot.,468124,A large orange double decker bus parked in a parking lot.,0.000072,0
i2t,468124,an orange double decker bus parked in a parking lot,468124,an orange double decker bus parked in a parking lot,0.000062,0
i2t,468124,A double decker bus parked near a curb by trees.,468124,A double decker bus parked near a curb by trees.,0.000134,0
i2t,468124,a double decked bus sits parked next to a side walk,468124,a double decked bus sits parked next to a side walk,0.000119,0
i2t,468124,a double decker bus sits parked on a curb,468124,a double decker bus sits parked on a curb,0.000174,0
i2t,468124,This is a double-decker bus shown in a tropical area.,468124,This is a double-decker bus shown in a tropical area.,0.000238,0
i2t,267191,A man throws his head back as an elephant touches his face with its trunk.,267191,A man throws his head back as an elephant touches his face with its trunk.,0.000037,0
i2t,267191,A man getting a kiss on the neck from an elephant's trunk,267191,A man getting a kiss on the neck from an elephant's trunk,0.000100,0
i2t,267191,An elephant rubbing its head against a large metal pole.,267191,An elephant rubbing its head against a large metal pole.,0.000036,0
i2t,267191,An elephant looking at the camera in a pin.,267191,An elephant looking at the camera in a pin.,0.000033,0
i2t,267191,A man reaches out to give the elephant something.,267191,A man reaches out to give the elephant something.,0.000054,0
i2t,267191,"A little elephant stands between two large, tusked elephants",267191,"A little elephant stands between two large, tusked elephants",0.000069,0
i2t,267191,An elephant is being fed while in a truck.,267191,An elephant is being fed while in a truck.,0.000058,0
i2t,267191,Two elephants with a rubber ball are kept in the area with a little chain.,267191,Two elephants with a rubber ball are kept in the area with a little chain.,0.000030,0
i2t,267191,An elephant eating something from a hanging net.,267191,An elephant eating something from a hanging net.,0.000033,0
i2t,267191,The elephants are walking through the trees in the shade.,267191,The elephants are walking through the trees in the shade.,0.000044,0
i2t,267191,An elephant messing with a tree trunk.,267191,An elephant messing with a tree trunk.,0.001843,0
i2t,267191,An elephant wearing a saddle holds leaves in it's trunk.,267191,An elephant wearing a saddle holds leaves in it's trunk.,0.000037,0
i2t,267191,A man and a woman holding big wooden sticks with elephants in the background.,267191,A man and a woman holding big wooden sticks with elephants in the background.,0.000025,0
i2t,267191,An elephant with a saddle eats some food,267191,An elephant with a saddle eats some food,0.000052,0
i2t,267191,A man that is on the back of a elephant.,267191,A man that is on the back of a elephant.,0.000144,0
i2t,267191,an elephant is carrying some plants in its tusk,267191,an elephant is carrying some plants in its tusk,0.000052,0
i2t,267191,A elephant reaching out with some thing with its nose.,267191,A elephant reaching out with some thing with its nose.,0.000050,0
i2t,267191,A man rides on top of an elephant's back.,267191,A man rides on top of an elephant's back.,0.000048,0
i2t,267191,A man is sitting on the back of an elephant.,267191,A man is sitting on the back of an elephant.,0.000055,0
i2t,267191,An elephant using his truck to cuddle with a man.,267191,An elephant using his truck to cuddle with a man.,0.000053,0
i2t,267191,A man pulls an elephant out of a truck.,267191,A man pulls an elephant out of a truck.,0.000065,0
i2t,267191,Elephants carrying their handlers and passengers on their backs,267191,Elephants carrying their handlers and passengers on their backs,0.000362,0
i2t,267191,A man sprays an elephant with a water hose.,267191,A man sprays an elephant with a water hose.,0.000041,0
i2t,267191,a man sprays an elephant with a water hose,267191,a man sprays an elephant with a water hose,0.000050,0
i2t,267191,The elephants are about to leave the ring.,267191,The elephants are about to leave the ring.,0.000061,0
i2t,267191,Two large elephants waiting to enter their shelter.,267191,Two large elephants waiting to enter their shelter.,0.000052,0
i2t,267191,"Two elephants outside, one being fed, one standing.",267191,"Two elephants outside, one being fed, one standing.",0.000093,0
i2t,267191,A man riding on the back of a tusked elephant by a muddy river,267191,A man riding on the back of a tusked elephant by a muddy river,0.000043,0
i2t,267191,a man standing next to an elephant next to his trunk,267191,a man standing next to an elephant next to his trunk,0.000049,0
i2t,267191,a man standing next to a big elephant,267191,a man standing next to a big elephant,0.000062,0
i2t,267191,A man standing next to an elephant with a long trunk.,267191,A man standing next to an elephant with a long trunk.,0.000038,0
i2t,267191,A group of elephants being ridden by people wearing blue,267191,A group of elephants being ridden by people wearing blue,0.000040,0
i2t,267191,A man riding on the back of an elephant along a dirt road.,267191,A man riding on the back of an elephant along a dirt road.,0.000048,0
i2t,267191,a large elephant that has people sitting on top.,267191,a large elephant that has people sitting on top.,0.000074,0
i2t,267191,A man standing next to an elephant smiling,267191,A man standing next to an elephant smiling,0.000053,0
i2t,267191,A man in helmet riding an elephant next to trees.,267191,A man in helmet riding an elephant next to trees.,0.000044,0
i2t,267191,Two people are riding elephants beside some trees.,267191,Two people are riding elephants beside some trees.,0.000048,0
i2t,267191,two huge elephant with tusks hidden among the trees,267191,two huge elephant with tusks hidden among the trees,0.000067,0
i2t,267191,Two elephants with their heads close together.,267191,Two elephants with their heads close together.,0.000080,0
i2t,267191,Two elephants behind a tree in a grassy area.,267191,Two elephants behind a tree in a grassy area.,0.000036,0
i2t,267191,Two elephants that are pressing their heads together.,267191,Two elephants that are pressing their heads together.,0.000056,0
i2t,211042,there is a cat that is drinking out of the toilet,211042,there is a cat that is drinking out of the toilet,0.000153,0
i2t,211042,A cat pears into the bowl of a toilet.,211042,A cat pears into the bowl of a toilet.,0.000115,0
i2t,211042,A tabby cat standing on a closed toilet lid.,211042,A tabby cat standing on a closed toilet lid.,0.000065,0
i2t,211042,A cat sits on top of a toilet bowl.,211042,A cat sits on top of a toilet bowl.,0.000103,0
i2t,211042,A cat sits on the edge of a toilet.,211042,A cat sits on the edge of a toilet.,0.000089,0
i2t,211042,a cat is standing up to a white toilet,211042,a cat is standing up to a white toilet,0.000246,0
i2t,211042,A cat drinking water from a bathroom faucet.,211042,A cat drinking water from a bathroom faucet.,0.000133,0
i2t,211042,A cat in a bathroom with a tub and a toilet.,211042,A cat in a bathroom with a tub and a toilet.,0.000309,0
i2t,211042,A cat sitting on the back of a toilet bowl with no tank.,211042,A cat sitting on the back of a toilet bowl with no tank.,0.000082,0
i2t,211042,Cat standing on a toilet seat looking at the person taking the photo.,211042,Cat standing on a toilet seat looking at the person taking the photo.,0.000077,0
i2t,211042,Small white bathroom with a black-and-white shower curtain.,211042,Small white bathroom with a black-and-white shower curtain.,0.000037,0
i2t,211042,A small dug stands on a white rug in the bathroom.,211042,A small dug stands on a white rug in the bathroom.,0.000159,0
i2t,211042,A bathroom decorated in black and white.,211042,A bathroom decorated in black and white.,0.000059,0
i2t,211042,A white toilet with a black colored seat.,211042,A white toilet with a black colored seat.,0.000056,0
i2t,211042,this floor has a pattern of black and white tiles the sink is the same pattern,211042,this floor has a pattern of black and white tiles the sink is the same pattern,0.000237,0
i2t,211042,THERE IS A TOILET IN THE CONER IWTH WALL PAPER,211042,THERE IS A TOILET IN THE CONER IWTH WALL PAPER,0.000078,0
i2t,211042,A black and white tiled floor in a bathroom,211042,A black and white tiled floor in a bathroom,0.000105,0
i2t,211042,A bathroom with black and white toilet and a tiled floor.,211042,A bathroom with black and white toilet and a tiled floor.,0.000066,0
i2t,211042,A toilet lid is closed next to a bathtub with a white curtain and pink tile wall.,211042,A toilet lid is closed next to a bathtub with a white curtain and pink tile wall.,0.000055,0
i2t,211042,A white toilet filled with crap with two pink roles of toilet paper.,211042,A white toilet filled with crap with two pink roles of toilet paper.,0.000099,0
i2t,211042,A cat sitting on a toilet in a bathroom,211042,A cat sitting on a toilet in a bathroom,0.000492,0
i2t,211042,A cat standing next to a white toilet near a bath tub.,211042,A cat standing next to a white toilet near a bath tub.,0.000166,0
i2t,211042,a cat that is standing on a toilet and next to a sink,211042,a cat that is standing on a toilet and next to a sink,0.000216,0
i2t,211042,A small cat sits on top of a white toilet missing its seat in a bathroom.,211042,A small cat sits on top of a white toilet missing its seat in a bathroom.,0.000202,0
i2t,211042,A cat sitting on the edge of the toilet looking toward the open bathroom door.,211042,A cat sitting on the edge of the toilet looking toward the open bathroom door.,0.000109,0
i2t,211042,A cat is propped up on the toilet seat.,211042,A cat is propped up on the toilet seat.,0.000107,0
i2t,211042,A small cat sits perched on the back of a toilet.,211042,A small cat sits perched on the back of a toilet.,0.000069,0
i2t,211042,A cat with a look of annoyance standing on a toilet lid.,211042,A cat with a look of annoyance standing on a toilet lid.,0.000041,0
i2t,211042,A cat laying on a toilet seat with its paws inside .,211042,A cat laying on a toilet seat with its paws inside .,0.000056,0
i2t,211042,A cat has its front paws on a toilet seat.,211042,A cat has its front paws on a toilet seat.,0.000058,0
i2t,211042,A toilet and a bathtub in a bathroom with a cat next to it,211042,A toilet and a bathtub in a bathroom with a cat next to it,0.000274,0
i2t,211042,"A bathroom with a toilet, bathtub, and a cat in a bathroom.",211042,"A bathroom with a toilet, bathtub, and a cat in a bathroom.",0.000782,0
i2t,447314,"A mother and child fly a kite in a grassy field, with a tower in the background.",447314,"A mother and child fly a kite in a grassy field, with a tower in the background.",0.000083,0
i2t,447314,The people fly a kite by the tall stone building.,447314,The people fly a kite by the tall stone building.,0.000136,0
i2t,447314,A woman and child play with a kite in a park.,447314,A woman and child play with a kite in a park.,0.000046,0
i2t,447314,A woman and girl flying a kite near a large castle.,447314,A woman and girl flying a kite near a large castle.,0.000141,0
i2t,447314,An adult and a child in a green field flying a kite.,447314,An adult and a child in a green field flying a kite.,0.000197,0
i2t,447314,A woman and small child are trying to fly a kite.,447314,A woman and small child are trying to fly a kite.,0.000100,0
i2t,447314,A woman flies a kite near a young child.,447314,A woman flies a kite near a young child.,0.000082,0
i2t,447314,A couple of people on a hill flying a kite.,447314,A couple of people on a hill flying a kite.,0.000074,0
i2t,447314,A woman and a young girl holding a kite on a green field.,447314,A woman and a young girl holding a kite on a green field.,0.000095,0
i2t,447314,A lady and a little girl flying a kite on a grassy field.,447314,A lady and a little girl flying a kite on a grassy field.,0.000132,0
i2t,447314,A lady and her child outside playing with a kite.,447314,A lady and her child outside playing with a kite.,0.000080,0
i2t,447314,A man and child standing on top of a lush green field.,447314,A man and child standing on top of a lush green field.,0.000062,0
i2t,447314,Just a little help from Mom will get his kite up in the air.,447314,Just a little help from Mom will get his kite up in the air.,0.005081,0
i2t,447314,People are flying a kite on a windy manicured hill.,447314,People are flying a kite on a windy manicured hill.,0.000078,0
i2t,447314,some douchey kid in vest who is about to fail at kite flying.,447314,some douchey kid in vest who is about to fail at kite flying.,0.000887,0
i2t,447314,Children & one adult flying a kite in an open area,447314,Children & one adult flying a kite in an open area,0.000154,0
i2t,447314,A man and a child flying a kite.,447314,A man and a child flying a kite.,0.000057,0
i2t,447314,a person on a field flying a kite with trees in the background,447314,a person on a field flying a kite with trees in the background,0.000076,0
i2t,447314,A lady flying a kite during the day in a park.,447314,A lady flying a kite during the day in a park.,0.000056,0
i2t,447314,A woman with backpack flying a kite in grassy field.,447314,A woman with backpack flying a kite in grassy field.,0.000086,0
i2t,489764,A woman holding a game controller as her friend watches.,489764,A woman holding a game controller as her friend watches.,0.000169,0
i2t,489764,a woman watching two people play a wii game with wii motes,489764,a woman watching two people play a wii game with wii motes,0.001499,0
i2t,489764,"Two girls holding Wii controllers, playing video games in a living room.",489764,"Two girls holding Wii controllers, playing video games in a living room.",0.000253,0
i2t,489764,A woman in a messy living room playing the Wii.,489764,A woman in a messy living room playing the Wii.,0.000171,0
i2t,489764,Person holding on to a video game remote while using a computer mouse with other hand,489764,Person holding on to a video game remote while using a computer mouse with other hand,0.000061,0
i2t,489764,A woman in a striped shirt playing a video game.,489764,A woman in a striped shirt playing a video game.,0.000167,0
i2t,489764,A woman playing a Wii game with other people.,489764,A woman playing a Wii game with other people.,0.000291,0
i2t,489764,Two young people standing in a living room holding game controllers.,489764,Two young people standing in a living room holding game controllers.,0.000160,0
i2t,489764,A woman holding a game controller with a man looking on.,489764,A woman holding a game controller with a man looking on.,0.000183,0
i2t,489764,A woman playing a video game with the Nintendo Wii.,489764,A woman playing a video game with the Nintendo Wii.,0.000440,0
i2t,489764,Those look like remote or game controls in their hands.,489764,Those look like remote or game controls in their hands.,0.000234,0
i2t,489764,A woman is playing with a video game controller.,489764,A woman is playing with a video game controller.,0.000386,0
i2t,489764,A woman holding a Nintendo Wii game controller in her hand.,489764,A woman holding a Nintendo Wii game controller in her hand.,0.000525,0
i2t,489764,A young person is playing with a video game controller.,489764,A young person is playing with a video game controller.,0.000294,0
i2t,489764,A woman that is looking at a white remote.,489764,A woman that is looking at a white remote.,0.000760,0
i2t,489764,a girl is playing with a video game controller,489764,a girl is playing with a video game controller,0.000368,0
i2t,489764,A beautiful young woman holding a Nintendo Wii game controller.,489764,A beautiful young woman holding a Nintendo Wii game controller.,0.000223,0
i2t,489764,a lady that has a wii remote in her hand,489764,a lady that has a wii remote in her hand,0.000964,0
i2t,489764,A woman holding a Nintendo Wii game controller near a man.,489764,A woman holding a Nintendo Wii game controller near a man.,0.000445,0
i2t,489764,A person that is playing a video game.,489764,A person that is playing a video game.,0.002316,0
i2t,489764,Playing Wii with the nunchuk never looked so good.,489764,Playing Wii with the nunchuk never looked so good.,0.134876,0
i2t,489764,Video games are fun for people of all ages!,489764,Video games are fun for people of all ages!,0.286754,0
i2t,489764,ai man and a woman playing with a wii,489764,ai man and a woman playing with a wii,0.000910,0
i2t,489764,A woman and a man playing a video game in the living room,489764,A woman and a man playing a video game in the living room,0.000224,0
i2t,489764,A woman plays a video game with a controller.,489764,A woman plays a video game with a controller.,0.000129,0
i2t,489764,Blurry photo of a young man playing a video game.,489764,Blurry photo of a young man playing a video game.,0.000168,0
i2t,489764,Man with video game controller in living room with onlooker seated nearby.,489764,Man with video game controller in living room with onlooker seated nearby.,0.000206,0
i2t,489764,A young man playing with video game controllers.,489764,A young man playing with video game controllers.,0.000147,0
i2t,489764,The woman is enjoying playing a Wii interactive video game.,489764,The woman is enjoying playing a Wii interactive video game.,0.000879,0
i2t,489764,a guy playing wii in a blurry photo,489764,a guy playing wii in a blurry photo,0.000567,0
i2t,489764,A blurry photo of a girl concentrating next to what seems like party goers.,489764,A blurry photo of a girl concentrating next to what seems like party goers.,0.000036,0
i2t,489764,A couple of guys playing on the nintendo wii at a gathering.,489764,A couple of guys playing on the nintendo wii at a gathering.,0.000100,0
i2t,489764,A boy playing wii in the living room while several other children watch.,489764,A boy playing wii in the living room while several other children watch.,0.000146,0
i2t,489764,Two people playing wii in a living room.,489764,Two people playing wii in a living room.,0.000488,0
i2t,489764,Young women holding remote game controls while playing.,489764,Young women holding remote game controls while playing.,0.000493,0
i2t,489764,two women holding remotes playing a game,489764,two women holding remotes playing a game,0.000600,0
i2t,489764,A young woman is playing a video game on a couch.,489764,A young woman is playing a video game on a couch.,0.000053,0
i2t,489764,this lady is using controllers and those men are watching,489764,this lady is using controllers and those men are watching,0.000122,0
i2t,489764,A couple of women holding game controllers in their hands.,489764,A couple of women holding game controllers in their hands.,0.000261,0
i2t,489764,Two people in a living room playing with a Wii.,489764,Two people in a living room playing with a Wii.,0.000352,0
i2t,489764,Two people in a living room playing a wii video game.,489764,Two people in a living room playing a wii video game.,0.000423,0
i2t,489764,Two people in a living room hold Wii remote controls,489764,Two people in a living room hold Wii remote controls,0.000327,0
i2t,489764,Two men in living room playing a game with a Nintendo Wii controller.,489764,Two men in living room playing a game with a Nintendo Wii controller.,0.000235,0
i2t,489764,A man playing a game with a wii controller in a living room.,489764,A man playing a game with a wii controller in a living room.,0.000279,0
i2t,489764,Two people are playing on a Wii in a house.,489764,Two people are playing on a Wii in a house.,0.000537,0
i2t,489764,A man and woman playing games on the Nintendo Wii.,489764,A man and woman playing games on the Nintendo Wii.,0.000216,0
i2t,2157,A white cake topped with berries and a plate of fruit and cheeses.,2157,A white cake topped with berries and a plate of fruit and cheeses.,0.000495,0
i2t,2157,A table topped with a cake covered in berries next to a plate of sandwiches.,2157,A table topped with a cake covered in berries next to a plate of sandwiches.,0.003880,0
i2t,2157,A nicely set dining table filled with food and a cake topped with berries.,2157,A nicely set dining table filled with food and a cake topped with berries.,0.003251,0
i2t,2157,a man is carving into a cake covered in fruit,2157,a man is carving into a cake covered in fruit,0.000187,0
i2t,2157,A dense cake with fruit in it sitting on a blue plate.,2157,A dense cake with fruit in it sitting on a blue plate.,0.000329,0
i2t,2157,a table with a large cake and small plates of cake,2157,a table with a large cake and small plates of cake,0.013727,0
i2t,2157,The remains of a piece of white cake sits on a red plate.,2157,The remains of a piece of white cake sits on a red plate.,0.000834,0
i2t,2157,A white table topped with cakes and nuts.,2157,A white table topped with cakes and nuts.,0.001255,0
i2t,2157,A peice of cake sit on a red plate with a fork beside it.,2157,A peice of cake sit on a red plate with a fork beside it.,0.000487,0
i2t,2157,A table covered in different kinds of baked goods and fruit.,2157,A table covered in different kinds of baked goods and fruit.,0.000484,0
i2t,2157,A plate of finger foods next to a blue and raspberry topped cake.,2157,A plate of finger foods next to a blue and raspberry topped cake.,0.000370,0
i2t,2157,"A table set up as a buffet with fruits, snacks and plates.",2157,"A table set up as a buffet with fruits, snacks and plates.",0.000661,0
i2t,2157,A table with plates of sandwiches and fruit.,2157,A table with plates of sandwiches and fruit.,0.003620,0
i2t,2157,A table displaying wine glasses and a platter of assorted meats and cheeses.,2157,A table displaying wine glasses and a platter of assorted meats and cheeses.,0.000313,0
i2t,2157,A viw of a cake with pieces cut off of it.,2157,A viw of a cake with pieces cut off of it.,0.000945,0
i2t,2157,Lavishly decorated cake and empty drinking glasses await their tropical guests,2157,Lavishly decorated cake and empty drinking glasses await their tropical guests,0.022240,0
i2t,2157,piece of cake with a plate and fork,2157,piece of cake with a plate and fork,0.284441,0
i2t,2157,"A square, white cake sits on a round plate and is decorated with strawberries.",2157,"A square, white cake sits on a round plate and is decorated with strawberries.",0.000186,0
i2t,2157,"A table with a plate, wine-filled glass, and bread, among other items",2157,"A table with a plate, wine-filled glass, and bread, among other items",0.001376,0
i2t,2157,A piece of cake left on a plate,2157,A piece of cake left on a plate,0.153069,0
i2t,2157,People outside at table eating cake on plates.,2157,People outside at table eating cake on plates.,0.013413,0
i2t,2157,A large white cake on a small table.,2157,A large white cake on a small table.,0.001259,0
i2t,2157,This table has cupcakes and cake on it.,2157,This table has cupcakes and cake on it.,0.010128,0
i2t,2157,There is a piece of cake on a plate with decorations on it.,2157,There is a piece of cake on a plate with decorations on it.,0.001439,0
i2t,2157,A table topped with three trays filled with cakes and desserts.,2157,A table topped with three trays filled with cakes and desserts.,0.003581,0
i2t,2157,Closeup of a cake that is sitting on a white plate.,2157,Closeup of a cake that is sitting on a white plate.,0.002131,0
i2t,2157,a cake near many glasses and cups wit ha sky background,2157,a cake near many glasses and cups wit ha sky background,0.000727,0
i2t,2157,Plates loaded with thanksgiving dinner and dessert with two glasses.,2157,Plates loaded with thanksgiving dinner and dessert with two glasses.,0.000448,0
i2t,2157,Plates of food and two glasses of red wine are on a table.,2157,Plates of food and two glasses of red wine are on a table.,0.000641,0
i2t,2157,Plates of food and glasses of wine sitting on a table,2157,Plates of food and glasses of wine sitting on a table,0.001878,0
i2t,286994,A elephant drinks from a stream with several other elephants walking in the background.,286994,A elephant drinks from a stream with several other elephants walking in the background.,0.000122,0
i2t,286994,some elephants and one is by some water,286994,some elephants and one is by some water,0.000343,0
i2t,286994,A view of several different types of animals near a watering hole in Africa.,286994,A view of several different types of animals near a watering hole in Africa.,0.000159,0
i2t,286994,a herd of elephants standing in a water hole with a crowd of people watching,286994,a herd of elephants standing in a water hole with a crowd of people watching,0.000054,0
i2t,286994,A group of elephants with water in front and trees behind.,286994,A group of elephants with water in front and trees behind.,0.000058,0
i2t,286994,"One elephant standing away from the rest of the herd, drinking water.",286994,"One elephant standing away from the rest of the herd, drinking water.",0.000068,0
i2t,286994,a herd of elephants drinking together at a body of water,286994,a herd of elephants drinking together at a body of water,0.000247,0
i2t,286994,a bunch of elephants are standing by a body of water,286994,a bunch of elephants are standing by a body of water,0.000171,0
i2t,286994,A group of elephants standing next to some water.,286994,A group of elephants standing next to some water.,0.000105,0
i2t,286994,Some cute elephants gathered together by the water.,286994,Some cute elephants gathered together by the water.,0.000062,0
i2t,286994,Something sticking out of the body of water.,286994,Something sticking out of the body of water.,0.001356,0
i2t,286994,there seem to be very few animals on this field,286994,there seem to be very few animals on this field,0.006714,0
i2t,286994,Nice open stretches of land that is alive.,286994,Nice open stretches of land that is alive.,0.007555,0
i2t,286994,A picture full of water and some trees around.,286994,A picture full of water and some trees around.,0.000238,0
i2t,286994,A bunch of water covering a lot of stuff in the streer,286994,A bunch of water covering a lot of stuff in the streer,0.001270,0
i2t,286994,A pond of water with three giraffe walking in the dirt.,286994,A pond of water with three giraffe walking in the dirt.,0.000114,0
i2t,286994,A duck is floating in the pond next to muddy mounds in the water.,286994,A duck is floating in the pond next to muddy mounds in the water.,0.000069,0
i2t,286994,The zebra is standing by the local watering hole.,286994,The zebra is standing by the local watering hole.,0.000068,0
i2t,286994,a big river flowing past some dry grass and reeds,286994,a big river flowing past some dry grass and reeds,0.000148,0
i2t,286994,A herd of elephants cross a shallow river.,286994,A herd of elephants cross a shallow river.,0.000197,0
i2t,286994,Elephants line up in a river to take a drink,286994,Elephants line up in a river to take a drink,0.000369,0
i2t,286994,A herd of grey elephants drinking from a pond,286994,A herd of grey elephants drinking from a pond,0.000397,0
i2t,286994,A herd of large elephants get to the other side after crossing a river.,286994,A herd of large elephants get to the other side after crossing a river.,0.000126,0
i2t,286994,A small herd of buffalo resting on the ither side of the stream.,286994,A small herd of buffalo resting on the ither side of the stream.,0.000280,0
i2t,286994,A herd of elephants is moving across a stream.,286994,A herd of elephants is moving across a stream.,0.000075,0
i2t,286994,An elephant drinking water while the rest of the herd is walking in dry grass.,286994,An elephant drinking water while the rest of the herd is walking in dry grass.,0.000078,0
i2t,286994,A mother elephant and her baby are standing alongside a dry water pool.,286994,A mother elephant and her baby are standing alongside a dry water pool.,0.000059,0
i2t,286994,A baby elephant walking through a shallow pool of flowing water,286994,A baby elephant walking through a shallow pool of flowing water,0.000329,0
i2t,286994,Elephants are standing on a muddy bank next to water.,286994,Elephants are standing on a muddy bank next to water.,0.000107,0
i2t,286994,A herd of elephants walking away from a watering hole.,286994,A herd of elephants walking away from a watering hole.,0.000068,0
i2t,286994,A herd of elephants in rocky area next to water.,286994,A herd of elephants in rocky area next to water.,0.000064,0
i2t,286994,A herd of elephants standing on a pond of water.,286994,A herd of elephants standing on a pond of water.,0.000100,0
i2t,286994,A group of adult elephants and one baby elephant drinking water.,286994,A group of adult elephants and one baby elephant drinking water.,0.000123,0
i2t,36936,Two people using an interactive gaming system while a person observes them from a couch.,36936,Two people using an interactive gaming system while a person observes them from a couch.,0.000046,0
i2t,36936,a woman watching two people play a wii game with wii motes,36936,a woman watching two people play a wii game with wii motes,0.000200,0
i2t,36936,A person playing the Nintendo Wii in their messy living room,36936,A person playing the Nintendo Wii in their messy living room,0.000107,0
i2t,36936,Two people in a living room playing a wii video game.,36936,Two people in a living room playing a wii video game.,0.000200,0
i2t,36936,Two people playing a video game on a television.,36936,Two people playing a video game on a television.,0.000118,0
i2t,36936,People playing the Wii together in a room.,36936,People playing the Wii together in a room.,0.000114,0
i2t,36936,A group of people are gathered around at television playing WII.,36936,A group of people are gathered around at television playing WII.,0.000090,0
i2t,36936,People using video game controllers in a living room.,36936,People using video game controllers in a living room.,0.000072,0
i2t,36936,A group of people playing with a Wii in the living room.,36936,A group of people playing with a Wii in the living room.,0.000084,0
i2t,36936,A man playing a game with a wii controller in a living room.,36936,A man playing a game with a wii controller in a living room.,0.000094,0
i2t,36936,Some people chilling on the couch playing with a Nintendo Wii,36936,Some people chilling on the couch playing with a Nintendo Wii,0.000076,0
i2t,36936,A man and woman sitting on a couch playing a game.,36936,A man and woman sitting on a couch playing a game.,0.000042,0
i2t,36936,"Two friends are sitting on the couch, enjoying a game played on the wii.",36936,"Two friends are sitting on the couch, enjoying a game played on the wii.",0.000073,0
i2t,36936,The friends are playing a game together in a living room.,36936,The friends are playing a game together in a living room.,0.000059,0
i2t,36936,Man with video game controller in living room with onlooker seated nearby.,36936,Man with video game controller in living room with onlooker seated nearby.,0.000079,0
i2t,36936,Two people play video games while sitting on a couch.,36936,Two people play video games while sitting on a couch.,0.000051,0
i2t,36936,A man and woman sitting on a couch playing a video game.,36936,A man and woman sitting on a couch playing a video game.,0.000047,0
i2t,36936,A couple sits on a couch while playing wii.,36936,A couple sits on a couch while playing wii.,0.000089,0
i2t,36936,A couple sitting on a couch holding Wii remotes.,36936,A couple sitting on a couch holding Wii remotes.,0.000094,0
i2t,36936,a bunch of stuff in a home living room,36936,a bunch of stuff in a home living room,0.000097,0
i2t,36936,Playing Wii with the nunchuk never looked so good.,36936,Playing Wii with the nunchuk never looked so good.,0.024218,0
i2t,36936,ai man and a woman playing with a wii,36936,ai man and a woman playing with a wii,0.000341,0
i2t,36936,A woman and a man playing a video game in the living room,36936,A woman and a man playing a video game in the living room,0.000084,0
i2t,36936,A man and woman sitting on a sofa watching tv.,36936,A man and woman sitting on a sofa watching tv.,0.000042,0
i2t,36936,A man and woman playing games on the Nintendo Wii.,36936,A man and woman playing games on the Nintendo Wii.,0.000086,0
i2t,36936,Two people playing wii in a living room.,36936,Two people playing wii in a living room.,0.000239,0
i2t,36936,Two people sitting together on a couch playing wii,36936,Two people sitting together on a couch playing wii,0.000263,0
i2t,36936,Two men play Wii in a cramped living room.,36936,Two men play Wii in a cramped living room.,0.000152,0
i2t,36936,A living room with two televisions decorated for the holiday.,36936,A living room with two televisions decorated for the holiday.,0.000062,0
i2t,36936,Two people holding wii remote controls in a living room.,36936,Two people holding wii remote controls in a living room.,0.000192,0
i2t,36936,Two friends are playing each other on the wii.,36936,Two friends are playing each other on the wii.,0.000167,0
i2t,36936,a group of people all sitting on the couch and doing things,36936,a group of people all sitting on the couch and doing things,0.000045,0
i2t,36936,Three people with cups on the couch and one with remote standing,36936,Three people with cups on the couch and one with remote standing,0.000065,0
i2t,36936,A woman and a man sitting on a couch next to each other.,36936,A woman and a man sitting on a couch next to each other.,0.000038,0
i2t,36936,Some people hanging around in a living room with a big couch.,36936,Some people hanging around in a living room with a big couch.,0.000042,0
i2t,36936,Two people in a living room playing with a Wii.,36936,Two people in a living room playing with a Wii.,0.000187,0
i2t,36936,Two people playing a video game in a living room.,36936,Two people playing a video game in a living room.,0.000128,0
i2t,171190,A group of people gather around a glass drinking wine.,171190,A group of people gather around a glass drinking wine.,0.000758,0
i2t,171190,A group of people tasting wine at a bar.,171190,A group of people tasting wine at a bar.,0.001390,0
i2t,171190,A ground of people sitting around a table holding wine glasses in their hands.,171190,A ground of people sitting around a table holding wine glasses in their hands.,0.000153,0
i2t,171190,A lot of people having some wine and talking.,171190,A lot of people having some wine and talking.,0.002073,0
i2t,171190,Dinner party guests enjoy a glass of fine wine.,171190,Dinner party guests enjoy a glass of fine wine.,0.007095,0
i2t,171190,A group pauses to mingle and relax while skiing.,171190,A group pauses to mingle and relax while skiing.,0.000040,0
i2t,171190,The group of people is standing at a wine bar.,171190,The group of people is standing at a wine bar.,0.002912,0
i2t,171190,A group of people gathered inside of a room.,171190,A group of people gathered inside of a room.,0.000546,0
i2t,171190,A group of people are socializing in a room.,171190,A group of people are socializing in a room.,0.000886,0
i2t,171190,A group of people are gathered together for an event.,171190,A group of people are gathered together for an event.,0.000401,0
i2t,171190,A group of people sitting down to eat and having conversations.,171190,A group of people sitting down to eat and having conversations.,0.000437,0
i2t,171190,a party that is full of wine tasters seems pumping.,171190,a party that is full of wine tasters seems pumping.,0.053064,0
i2t,171190,A crowd of people sitting down next to each other.,171190,A crowd of people sitting down next to each other.,0.000293,0
i2t,171190,A bunch of people that are holding wine glasses.,171190,A bunch of people that are holding wine glasses.,0.001949,0
i2t,171190,small gathering of people at a friends house for drinks,171190,small gathering of people at a friends house for drinks,0.002137,0
i2t,171190,People holding up for wineglasses to each other.,171190,People holding up for wineglasses to each other.,0.000191,0
i2t,171190,A lot of people that are in a room together.,171190,A lot of people that are in a room together.,0.000779,0
i2t,171190,A group of people are socializing with each other.,171190,A group of people are socializing with each other.,0.000693,0
i2t,171190,A lot if people are in the conference too,171190,A lot if people are in the conference too,0.393211,0
i2t,171190,People sit around a table that is covered in liquor bottles.,171190,People sit around a table that is covered in liquor bottles.,0.000590,0
i2t,171190,A long table full of people on both sides.,171190,A long table full of people on both sides.,0.000539,0
i2t,171190,Hey man that is opening up a bottle of wine.,171190,Hey man that is opening up a bottle of wine.,0.001423,0
i2t,171190,"Lots of people at a long table eating, drinking and smiling",171190,"Lots of people at a long table eating, drinking and smiling",0.000615,0
i2t,171190,Many people line up to taste some wine.,171190,Many people line up to taste some wine.,0.000310,0
i2t,171190,Three people pose for a picture while drinking wine,171190,Three people pose for a picture while drinking wine,0.000609,0
i2t,171190,A group of people sit outside with wine glasses in hand.,171190,A group of people sit outside with wine glasses in hand.,0.000326,0
i2t,171190,Three individuals are at a restaurant and drinking wine.,171190,Three individuals are at a restaurant and drinking wine.,0.001064,0
i2t,171190,People are holding wine glasses next to each other.,171190,People are holding wine glasses next to each other.,0.000714,0
i2t,171190,three men sitting at a table with some wine glasses,171190,three men sitting at a table with some wine glasses,0.001011,0
i2t,171190,Three people standing around drinking wine together,171190,Three people standing around drinking wine together,0.005194,0
i2t,171190,A man standing in front of a wooden table covered in glasses of wine.,171190,A man standing in front of a wooden table covered in glasses of wine.,0.000132,0
i2t,171190,A man sitting at a table with wine glasses lined up in front of him.,171190,A man sitting at a table with wine glasses lined up in front of him.,0.000216,0
i2t,386912,a woman at her desk sits intently and happy,386912,a woman at her desk sits intently and happy,0.103189,0
i2t,386912,A woman sitting in a room near some computers.,386912,A woman sitting in a room near some computers.,0.006707,0
i2t,386912,A woman sitting at a desk in her work station,386912,A woman sitting at a desk in her work station,0.323097,0
i2t,386912,a person sitting at a desk with a monitor and keyboard,386912,a person sitting at a desk with a monitor and keyboard,0.006978,0
i2t,386912,this woman is at a desk using a computer,386912,this woman is at a desk using a computer,0.012769,0
i2t,386912,a woman is sitting in front of a desk,386912,a woman is sitting in front of a desk,0.075263,0
i2t,386912,A woman writes in her notebook at her desk.,386912,A woman writes in her notebook at her desk.,0.112164,0
i2t,386912,"A view of a large, cluttered office desk area.",386912,"A view of a large, cluttered office desk area.",0.000520,0
i2t,386912,a person sitting at a desk with a keyboard and monitor,386912,a person sitting at a desk with a keyboard and monitor,0.006118,0
i2t,386912,A home office with two computers and a picture.,386912,A home office with two computers and a picture.,0.000432,0
i2t,386912,A very busy woman working on her computer.,386912,A very busy woman working on her computer.,0.003481,0
i2t,386912,The woman is working on her computer at the desk.,386912,The woman is working on her computer at the desk.,0.005135,0
i2t,386912,A woman sitting in front of a laptop computer.,386912,A woman sitting in front of a laptop computer.,0.003765,0
i2t,386912,A woman works at a computer workstation in an office.,386912,A woman works at a computer workstation in an office.,0.014430,0
i2t,386912,This small room is packed with personal memorabilia.,386912,This small room is packed with personal memorabilia.,0.244349,0
i2t,386912,"Chair at a desk in the corner with lamp, monitor, keyboard and mouse on top.",386912,"Chair at a desk in the corner with lamp, monitor, keyboard and mouse on top.",0.001303,0
i2t,386912,Room in residence with art work and electronic equipment.,386912,Room in residence with art work and electronic equipment.,0.001234,0
i2t,386912,Cat sitting on a desk with a computer behind him.,386912,Cat sitting on a desk with a computer behind him.,0.000429,0
i2t,386912,"An old, captioned picture of a telegraph editor readying stories for a paper.",386912,"An old, captioned picture of a telegraph editor readying stories for a paper.",0.001003,0
i2t,386912,The home office space seems to be very cluttered.,386912,The home office space seems to be very cluttered.,0.000745,0
i2t,386912,A TV sits in a room with many other things.,386912,A TV sits in a room with many other things.,0.000239,0
i2t,386912,Three different computer monitors are cluttered on one desk.,386912,Three different computer monitors are cluttered on one desk.,0.000713,0
i2t,386912,A man sitting in front of a computer on top of a desk.,386912,A man sitting in front of a computer on top of a desk.,0.001880,0
i2t,386912,A man sitting at a computer desk in front of a monitor.,386912,A man sitting at a computer desk in front of a monitor.,0.002298,0
i2t,386912,A man sitting in front of a laptop computer in an office.,386912,A man sitting in front of a laptop computer in an office.,0.000695,0
i2t,386912,A computer is sitting on a home office work desk.,386912,A computer is sitting on a home office work desk.,0.000705,0
i2t,386912,A home computer on a desk in a room.,386912,A home computer on a desk in a room.,0.001265,0
i2t,386912,This desk has a desk top computer along with pictures and a lamp,386912,This desk has a desk top computer along with pictures and a lamp,0.000737,0
i2t,209757,Filtered photograph of a boy on a skateboard.,209757,Filtered photograph of a boy on a skateboard.,0.002601,0
i2t,209757,A young man is skateboarding on a wall and holding onto a bar.,209757,A young man is skateboarding on a wall and holding onto a bar.,0.000298,0
i2t,209757,A young man balances himself as he tilts his skateboard up at the edge of an obstacle.,209757,A young man balances himself as he tilts his skateboard up at the edge of an obstacle.,0.000185,0
i2t,209757,A black and white photograph of a person wearing DC shoes on a skateboard in the sun.,209757,A black and white photograph of a person wearing DC shoes on a skateboard in the sun.,0.000172,0
i2t,209757,This is a picture of a boy with his skateboard.,209757,This is a picture of a boy with his skateboard.,0.000237,0
i2t,209757,A skateboarder is doing a trick on his board.,209757,A skateboarder is doing a trick on his board.,0.001391,0
i2t,209757,A small child on a skateboard photoshopped over a street image.,209757,A small child on a skateboard photoshopped over a street image.,0.000320,0
i2t,209757,A photo of a man doing a trick on his skateboard.,209757,A photo of a man doing a trick on his skateboard.,0.002447,0
i2t,209757,A young man riding a skateboard down a rail.,209757,A young man riding a skateboard down a rail.,0.000417,0
i2t,209757,Skateboarder holding the bottom of his board in the air.,209757,Skateboarder holding the bottom of his board in the air.,0.000285,0
i2t,209757,A person with duplicate images of himself skateboarding.,209757,A person with duplicate images of himself skateboarding.,0.000602,0
i2t,209757,Two snapshots of a skate boarder doing stunts in an open area,209757,Two snapshots of a skate boarder doing stunts in an open area,0.000249,0
i2t,209757,A young skateboarder isn't much bigger than his board.,209757,A young skateboarder isn't much bigger than his board.,0.000724,0
i2t,209757,A person being photographed while on a skateboard.,209757,A person being photographed while on a skateboard.,0.000618,0
i2t,209757,A somewhat blurry image of a young man in the air on his skateboard.,209757,A somewhat blurry image of a young man in the air on his skateboard.,0.000657,0
i2t,209757,One young man films another on a skateboard,209757,One young man films another on a skateboard,0.000136,0
i2t,209757,A town square that has a skateboarding ramp that a boy is using.,209757,A town square that has a skateboarding ramp that a boy is using.,0.000167,0
i2t,209757,Boy riding a skate board over a concrete seat.,209757,Boy riding a skate board over a concrete seat.,0.000495,0
i2t,209757,a man films a skate boarder doing a trick,209757,a man films a skate boarder doing a trick,0.000242,0
i2t,209757,Parkour while skating on a rail in urban,209757,Parkour while skating on a rail in urban,0.030897,0
i2t,209757,"Youngster on a skateboard, trying simple tip up stunt.",209757,"Youngster on a skateboard, trying simple tip up stunt.",0.001678,0
i2t,209757,"Skateboarder and his shadow, performing the same trick",209757,"Skateboarder and his shadow, performing the same trick",0.005571,0
i2t,209757,A skate boarder 50/50 grinds a hand rail,209757,A skate boarder 50/50 grinds a hand rail,0.000820,0
i2t,209757,skateboarder does a jump off of the street corner,209757,skateboarder does a jump off of the street corner,0.001388,0
i2t,209757,Man preforming stunt on skateboard outside in the city.,209757,Man preforming stunt on skateboard outside in the city.,0.001731,0
i2t,209757,a teenager attempting a jump on his skateboard,209757,a teenager attempting a jump on his skateboard,0.000490,0
i2t,209757,A skateboarder skates and balances on a railing.,209757,A skateboarder skates and balances on a railing.,0.000116,0
i2t,209757,A skateboarder wearing a DC shirt is doing tricks on a rail.,209757,A skateboarder wearing a DC shirt is doing tricks on a rail.,0.000321,0
i2t,209757,A skater is attempting a rail grind.,209757,A skater is attempting a rail grind.,0.001073,0
i2t,209757,A man doing a trick on a skateboard off of a rail.,209757,A man doing a trick on a skateboard off of a rail.,0.000439,0
i2t,209757,A guy on a skateboard grinding on a short concrete platform.,209757,A guy on a skateboard grinding on a short concrete platform.,0.000716,0
i2t,209757,A skateboarder jumping of of a ledge onto a parking lot.,209757,A skateboarder jumping of of a ledge onto a parking lot.,0.000305,0
i2t,209757,A young man riding a skateboard on top of a cement block.,209757,A young man riding a skateboard on top of a cement block.,0.001091,0
i2t,209757,A skateboarder performing a trick on a ledge.,209757,A skateboarder performing a trick on a ledge.,0.000257,0
i2t,209757,A man performing a trick on a ledge on a skateboard.,209757,A man performing a trick on a ledge on a skateboard.,0.000780,0
i2t,209757,A man riding a skateboard on the side of a metal rail.,209757,A man riding a skateboard on the side of a metal rail.,0.000427,0
i2t,209757,a man is doing skateboard tricks off the side of a busy street,209757,a man is doing skateboard tricks off the side of a busy street,0.000584,0
i2t,209757,a guy doing a skateboard trick along a concrete railing,209757,a guy doing a skateboard trick along a concrete railing,0.000549,0
i2t,209757,A boy on a skateboard rail on a skateboard,209757,A boy on a skateboard rail on a skateboard,0.000571,0
i2t,209757,Young man skate boarding on railing in urban setting.,209757,Young man skate boarding on railing in urban setting.,0.001761,0
i2t,209757,a man that is on a skateboard on a rail,209757,a man that is on a skateboard on a rail,0.001290,0
i2t,209757,A skateboarder careening off concrete in a park,209757,A skateboarder careening off concrete in a park,0.000084,0
i2t,209757,A skateboarder grinds down a railing in front of buildings.,209757,A skateboarder grinds down a railing in front of buildings.,0.000095,0
i2t,209757,A man is doing a skateboard trick in a city.,209757,A man is doing a skateboard trick in a city.,0.002869,0
i2t,209757,A man riding a skateboard down a metal hand rail next to some buildings.,209757,A man riding a skateboard down a metal hand rail next to some buildings.,0.000068,0
i2t,209757,A black and white photo of a man doing a trick on his skateboard.,209757,A black and white photo of a man doing a trick on his skateboard.,0.000306,0
i2t,209757,A man doing a leap on a skateboard on a city sidewalk.,209757,A man doing a leap on a skateboard on a city sidewalk.,0.001200,0
i2t,209757,A young man doing a flip on a skateboard in the middle of a busy street.,209757,A young man doing a flip on a skateboard in the middle of a busy street.,0.000247,0
i2t,46252,A batter swinging a bat at a baseball with the catcher and umpire behind him.,46252,A batter swinging a bat at a baseball with the catcher and umpire behind him.,0.000176,0
i2t,46252,A man swinging a baseball bat during a baseball game.,46252,A man swinging a baseball bat during a baseball game.,0.000210,0
i2t,46252,A baseball player swings his bat while the umpire and referee wait behind him.,46252,A baseball player swings his bat while the umpire and referee wait behind him.,0.000057,0
i2t,46252,A man taking a swing of a bat at a baseball game,46252,A man taking a swing of a bat at a baseball game,0.000091,0
i2t,46252,A man is hitting a baseball with a baseball bat.,46252,A man is hitting a baseball with a baseball bat.,0.000238,0
i2t,46252,A player swings at a baseball while the catcher is ready to catch the ball.,46252,A player swings at a baseball while the catcher is ready to catch the ball.,0.000081,0
i2t,46252,A man swinging a baseball bat on a baseball field.,46252,A man swinging a baseball bat on a baseball field.,0.000188,0
i2t,46252,A baseball game showing a batter waiting for a pitch.,46252,A baseball game showing a batter waiting for a pitch.,0.000227,0
i2t,46252,A man swinging a baseball bat as another looks on.,46252,A man swinging a baseball bat as another looks on.,0.000153,0
i2t,46252,A man swinging a baseball bat on a field.,46252,A man swinging a baseball bat on a field.,0.000170,0
i2t,46252,Two people playing baseball and a couple of observers.,46252,Two people playing baseball and a couple of observers.,0.000086,0
i2t,46252,A group of three men standing around a baseball field.,46252,A group of three men standing around a baseball field.,0.000038,0
i2t,46252,The ump and baseball players on the field.,46252,The ump and baseball players on the field.,0.000269,0
i2t,46252,some ball players are looking home plate and talking,46252,some ball players are looking home plate and talking,0.000054,0
i2t,46252,A group of three men standing next to each other on a baseball field.,46252,A group of three men standing next to each other on a baseball field.,0.000044,0
i2t,46252,some baseball players a batter catcher and an umpire,46252,some baseball players a batter catcher and an umpire,0.000169,0
i2t,46252,"The umpire, catcher, and batter as soon as the batter had swung.",46252,"The umpire, catcher, and batter as soon as the batter had swung.",0.001476,0
i2t,46252,"A batter, catcher and umpire in a baseball game with man recording.",46252,"A batter, catcher and umpire in a baseball game with man recording.",0.000122,0
i2t,46252,A group of men standing on top of a baseball field.,46252,A group of men standing on top of a baseball field.,0.000045,0
i2t,46252,"A batter, catcher and umpire during a baseball game.",46252,"A batter, catcher and umpire during a baseball game.",0.000066,0
i2t,46252,Batter takes a swing at the incoming ball during the baseball game,46252,Batter takes a swing at the incoming ball during the baseball game,0.000292,0
i2t,46252,derek jeter swings his bat at a baseball,46252,derek jeter swings his bat at a baseball,0.002091,0
i2t,46252,Cole Ballew at the bat for his baseball team,46252,Cole Ballew at the bat for his baseball team,0.105005,0
i2t,46252,baseball players getting paid to play a game,46252,baseball players getting paid to play a game,0.028714,0
i2t,46252,"The batter, catcher and umpire during a baseball game",46252,"The batter, catcher and umpire during a baseball game",0.000071,0
i2t,46252,baseball players with a bat and glove at the pitch,46252,baseball players with a bat and glove at the pitch,0.000115,0
i2t,46252,A batter ready to swing at home plate with an umpire and catcher behind him,46252,A batter ready to swing at home plate with an umpire and catcher behind him,0.000057,0
i2t,46252,Baseball team holding batting practice on the field,46252,Baseball team holding batting practice on the field,0.000878,0
i2t,46252,Baseball player in the cage practicing his swings,46252,Baseball player in the cage practicing his swings,0.005438,0
i2t,46252,A baseball player swings the bat while the catcher & umpire look on,46252,A baseball player swings the bat while the catcher & umpire look on,0.000066,0
i2t,46252,"Professional baseball players watch the batter, catcher and umpire",46252,"Professional baseball players watch the batter, catcher and umpire",0.000080,0
i2t,46252,A baseball player swinging a bat over home plate.,46252,A baseball player swinging a bat over home plate.,0.000079,0
i2t,46252,A baseball player swings his bat while a ball floats above his head towards the catcher and umpire.,46252,A baseball player swings his bat while a ball floats above his head towards the catcher and umpire.,0.000121,0
i2t,46252,A baseball player attempting a bunt during a baseball game.,46252,A baseball player attempting a bunt during a baseball game.,0.000055,0
i2t,46252,A baseball game in progress with the batter in the middle of a swing.,46252,A baseball game in progress with the batter in the middle of a swing.,0.000205,0
i2t,46252,a baseball game featuring a batter a catcher and an umpire,46252,a baseball game featuring a batter a catcher and an umpire,0.000178,0
i2t,46252,A batter swings as the catcher and umpire squat down behind him.,46252,A batter swings as the catcher and umpire squat down behind him.,0.000062,0
i2t,46252,"A batter, catcher and umpire in a baseball game.",46252,"A batter, catcher and umpire in a baseball game.",0.000083,0
i2t,46252,The home plate with the back catcher and someone ready to bat.,46252,The home plate with the back catcher and someone ready to bat.,0.000052,0
i2t,46252,A batter getting ready to bat with the catcher and umpire behind him.,46252,A batter getting ready to bat with the catcher and umpire behind him.,0.000091,0
i2t,46252,Baseball batter and catcher awaiting the pitch at the plate.,46252,Baseball batter and catcher awaiting the pitch at the plate.,0.000066,0
i2t,46252,"A hitter, catcher, and umpire near home plate during a baseball game.",46252,"A hitter, catcher, and umpire near home plate during a baseball game.",0.000040,0
i2t,363840,Four computers and keyboards arranged on a desk.,363840,Four computers and keyboards arranged on a desk.,0.000532,0
i2t,363840,Several laptop computers and electronic devices on a desk.,363840,Several laptop computers and electronic devices on a desk.,0.000780,0
i2t,363840,A work station with multiple computers and cell phones.,363840,A work station with multiple computers and cell phones.,0.000438,0
i2t,363840,"Many electronics, cords, and wires are arranged on the desk.",363840,"Many electronics, cords, and wires are arranged on the desk.",0.000135,0
i2t,363840,A desk with multiple computers and cell phones.,363840,A desk with multiple computers and cell phones.,0.000494,0
i2t,363840,Several different pieces of electronic equipment and computers on a desk.,363840,Several different pieces of electronic equipment and computers on a desk.,0.000296,0
i2t,363840,"A desk has two computer monitors, a keyboard, and a laptop that is all connected.",363840,"A desk has two computer monitors, a keyboard, and a laptop that is all connected.",0.000325,0
i2t,363840,"An Apple desktop computer system is turned on with a monitor, keyboard, mouse, two speakers, and other peripherals.",363840,"An Apple desktop computer system is turned on with a monitor, keyboard, mouse, two speakers, and other peripherals.",0.000213,0
i2t,363840,"A workstation desk filled with computers, a printer, and other electronics.",363840,"A workstation desk filled with computers, a printer, and other electronics.",0.000211,0
i2t,363840,An un-attended office desk with multiple monitors and a laptop computer.,363840,An un-attended office desk with multiple monitors and a laptop computer.,0.000142,0
i2t,363840,two laptops a mouse cords wires and a monitor,363840,two laptops a mouse cords wires and a monitor,0.001091,0
i2t,363840,"A laptop next to two computers, keyboards and some mouses.",363840,"A laptop next to two computers, keyboards and some mouses.",0.000287,0
i2t,363840,a desk with keyboards and a laptop and a pair of monitors,363840,a desk with keyboards and a laptop and a pair of monitors,0.000478,0
i2t,363840,A variety of computer equipment sitting on a desk.,363840,A variety of computer equipment sitting on a desk.,0.000202,0
i2t,363840,Many electronic devises and a tangle of wires are on and around the desk.,363840,Many electronic devises and a tangle of wires are on and around the desk.,0.000226,0
i2t,363840,"Two laptops,computer,keyboard and other electrical gadgets are on the table.",363840,"Two laptops,computer,keyboard and other electrical gadgets are on the table.",0.000099,0
i2t,363840,a laptop computer a keyboard and two monitors,363840,a laptop computer a keyboard and two monitors,0.002495,0
i2t,363840,Computer equipment displayed on desk in open room.,363840,Computer equipment displayed on desk in open room.,0.000562,0
i2t,363840,"Not the biggest workspace in the world, but it works",363840,"Not the biggest workspace in the world, but it works",0.902400,1
i2t,363840,"A table with laptops, monitor screens, keyboards, mice, phone handsets and chairs",363840,"A table with laptops, monitor screens, keyboards, mice, phone handsets and chairs",0.000613,0
i2t,363840,A desk with five computers in a row on it.,363840,A desk with five computers in a row on it.,0.000478,0
i2t,363840,A desktop containing various computers missing their screens.,363840,A desktop containing various computers missing their screens.,0.000287,0
i2t,363840,a computer desk with multiple computers and screens,363840,a computer desk with multiple computers and screens,0.000379,0
i2t,363840,A collection of computers and a printer sit on an office desk.,363840,A collection of computers and a printer sit on an office desk.,0.000223,0
i2t,363840,A computer desk is filled with laptop computers.,363840,A computer desk is filled with laptop computers.,0.000381,0
i2t,363840,The computer desk has two monitors and two keyboards near a laptop.,363840,The computer desk has two monitors and two keyboards near a laptop.,0.000206,0
i2t,363840,"A desk with a laptop, two monitors, two speakers, a keyboard, a mouse and a cell phone on it.",363840,"A desk with a laptop, two monitors, two speakers, a keyboard, a mouse and a cell phone on it.",0.000272,0
i2t,363840,The desk has two monitors and one laptop on it.,363840,The desk has two monitors and one laptop on it.,0.000158,0
i2t,363840,Three computers sit opened on top of the desk.,363840,Three computers sit opened on top of the desk.,0.000231,0
i2t,363840,A view of a work desk complete with computers and camera.,363840,A view of a work desk complete with computers and camera.,0.000150,0
i2t,363840,a desk with two laptops and a monitor,363840,a desk with two laptops and a monitor,0.001103,0
i2t,363840,A desk with two laptops and a monitor.,363840,A desk with two laptops and a monitor.,0.000608,0
i2t,363840,This computer desk has several laptops and a printer sitting on it.,363840,This computer desk has several laptops and a printer sitting on it.,0.000118,0
i2t,363840,A cluttered desk filled with monitors and various items.,363840,A cluttered desk filled with monitors and various items.,0.000383,0
i2t,363840,Three laptop computers and a desktop computer sit next to each other.,363840,Three laptop computers and a desktop computer sit next to each other.,0.000275,0
i2t,363840,"A laptop next to a monitor, keyboard and mouse on a desk.",363840,"A laptop next to a monitor, keyboard and mouse on a desk.",0.000271,0
i2t,363840,"A desk with two computer monitors, a laptop computer, keyboard and set of headphones.",363840,"A desk with two computer monitors, a laptop computer, keyboard and set of headphones.",0.000172,0
i2t,363840,"A laptop with external keyboard, mouse, phone and photo on a desk.",363840,"A laptop with external keyboard, mouse, phone and photo on a desk.",0.000071,0
i2t,363840,Laptop with computer monitors displayed on wooden desk.,363840,Laptop with computer monitors displayed on wooden desk.,0.001458,0
i2t,363840,"A home office desk with a desktop computer, large flat screen monitor, and laptop computer on it.",363840,"A home office desk with a desktop computer, large flat screen monitor, and laptop computer on it.",0.000149,0
i2t,363840,a computer desk with a laptop another monitor with a keyboard and mouse,363840,a computer desk with a laptop another monitor with a keyboard and mouse,0.000348,0
i2t,164602,A man and woman brushing their teeth and taking a selfie photo with a camera in a bathroom mirror.,164602,A man and woman brushing their teeth and taking a selfie photo with a camera in a bathroom mirror.,0.001119,0
i2t,164602,A guy and a girl looking into the bathroom mirror taking a selfie photo with toothbrushes in their mouths.,164602,A guy and a girl looking into the bathroom mirror taking a selfie photo with toothbrushes in their mouths.,0.000424,0
i2t,164602,A couple taking a photo of themselves cleaning their teeth,164602,A couple taking a photo of themselves cleaning their teeth,0.000916,0
i2t,164602,a young boy brushing his teeth in the bathroom.,164602,a young boy brushing his teeth in the bathroom.,0.000150,0
i2t,164602,A woman is brushing her teeth and posing for a picture.,164602,A woman is brushing her teeth and posing for a picture.,0.000055,0
i2t,164602,A girl with a green shirt brushing her teeth with a blue toothbrush.,164602,A girl with a green shirt brushing her teeth with a blue toothbrush.,0.000058,0
i2t,164602,A woman brushing her teeth while taking a selfie,164602,A woman brushing her teeth while taking a selfie,0.000052,0
i2t,164602,A young child brushing his teeth in the bathroom.,164602,A young child brushing his teeth in the bathroom.,0.000151,0
i2t,164602,a close up of an adult holding a child brushing their teeth,164602,a close up of an adult holding a child brushing their teeth,0.000097,0
i2t,164602,"Young lady, wearing a black dress, brushing her teeth.",164602,"Young lady, wearing a black dress, brushing her teeth.",0.000025,0
i2t,164602,A guy and a pretty girl taking a picture in the mirror.,164602,A guy and a pretty girl taking a picture in the mirror.,0.000186,0
i2t,164602,A pretty young dark haired girl brushing her teeth.,164602,A pretty young dark haired girl brushing her teeth.,0.000041,0
i2t,164602,A woman taking a picture of herself while brushing her teeth,164602,A woman taking a picture of herself while brushing her teeth,0.000087,0
i2t,164602,A girl brushing her teeth holding up her other hand trying to shield from the camera.,164602,A girl brushing her teeth holding up her other hand trying to shield from the camera.,0.000032,0
i2t,164602,A girl is taking a selfie while brushing her teeth.,164602,A girl is taking a selfie while brushing her teeth.,0.000067,0
i2t,164602,A woman brushing her teeth while taking a picture of herself,164602,A woman brushing her teeth while taking a picture of herself,0.000070,0
i2t,164602,In bathroom taking selfie of herself brushing teeth.,164602,In bathroom taking selfie of herself brushing teeth.,0.000200,0
i2t,164602,A picture of the photographer sitting on the toilet,164602,A picture of the photographer sitting on the toilet,0.145583,0
i2t,164602,Three people live in one room who share a bathroom.,164602,Three people live in one room who share a bathroom.,0.000893,0
i2t,164602,"Strike a pose, you hunky young tennis player!",164602,"Strike a pose, you hunky young tennis player!",0.037058,0
i2t,164602,The dork with the earring stands next to the Asian beauty who is way out of his league.,164602,The dork with the earring stands next to the Asian beauty who is way out of his league.,0.008701,0
i2t,164602,a couple of pans you would use to pee in,164602,a couple of pans you would use to pee in,0.009801,0
i2t,164602,A man takes his picture using the bathroom mirror.,164602,A man takes his picture using the bathroom mirror.,0.000091,0
i2t,164602,Someone sitting on the toilet in the bathroom holding their camera at the mirror.,164602,Someone sitting on the toilet in the bathroom holding their camera at the mirror.,0.000038,0
i2t,164602,A young Asian women takes a picture of a bathroom.,164602,A young Asian women takes a picture of a bathroom.,0.000101,0
i2t,164602,A man taking his picture in a bathroom mirror.,164602,A man taking his picture in a bathroom mirror.,0.000115,0
i2t,164602,Man in tshirt and tie with cellphone in bathroom taking picture,164602,Man in tshirt and tie with cellphone in bathroom taking picture,0.000325,0
i2t,164602,A man with a toothbrush taking a selfie in the bathroom mirror,164602,A man with a toothbrush taking a selfie in the bathroom mirror,0.000142,0
i2t,164602,A man taking a selfie while brushing his teeth and looking in the mirror,164602,A man taking a selfie while brushing his teeth and looking in the mirror,0.000073,0
i2t,164602,A man is taking a picture of himself in the bathroom using the mirror for a reflection.,164602,A man is taking a picture of himself in the bathroom using the mirror for a reflection.,0.000063,0
i2t,385190,The view from a city street of a building covered with a painted mural.,385190,The view from a city street of a building covered with a painted mural.,0.000303,0
i2t,385190,a street corner is boarded by painted walls,385190,a street corner is boarded by painted walls,0.001567,0
i2t,385190,"A street sign marks the intersection of 3 streets, while three housed stand in the background.",385190,"A street sign marks the intersection of 3 streets, while three housed stand in the background.",0.000060,0
i2t,385190,a split photo of a person standing on a street corner,385190,a split photo of a person standing on a street corner,0.000053,0
i2t,385190,A graffiti covered building with a woman walking past it.,385190,A graffiti covered building with a woman walking past it.,0.000037,0
i2t,385190,Street art painted on the wall in an asian country.,385190,Street art painted on the wall in an asian country.,0.000648,0
i2t,385190,A construction wall that has been used as a billboard.,385190,A construction wall that has been used as a billboard.,0.000200,0
i2t,385190,A large mural on a building at an intersection.,385190,A large mural on a building at an intersection.,0.000324,0
i2t,385190,A store covered in graffiti on a street corner.,385190,A store covered in graffiti on a street corner.,0.000090,0
i2t,385190,a homeless man holding a cup and standing next to a shopping cart on a street,385190,a homeless man holding a cup and standing next to a shopping cart on a street,0.000061,0
i2t,385190,A post office box is on the side of a busy street.,385190,A post office box is on the side of a busy street.,0.000022,0
i2t,385190,a green red and white truck a building and a black car,385190,a green red and white truck a building and a black car,0.000045,0
i2t,385190,There is a billboard add on the side of the street.,385190,There is a billboard add on the side of the street.,0.000253,0
i2t,385190,Poplewalk on the sidewalk near the colorfully striped building.,385190,Poplewalk on the sidewalk near the colorfully striped building.,0.000151,0
i2t,385190,A picture of a public parking booth.,385190,A picture of a public parking booth.,0.000099,0
i2t,385190,A box where you pay for your parking.,385190,A box where you pay for your parking.,0.000204,0
i2t,385190,A delivery box truck with a painting going around it.,385190,A delivery box truck with a painting going around it.,0.000029,0
i2t,385190,A pay phone is sitting at the corner of an empty street.,385190,A pay phone is sitting at the corner of an empty street.,0.000037,0
i2t,385190,A large sign with neon green wording sitting on the side of a road.,385190,A large sign with neon green wording sitting on the side of a road.,0.000042,0
i2t,385190,The image has a large cubed clock on a post.,385190,The image has a large cubed clock on a post.,0.000024,0
i2t,385190,Different color paintings on the side of a building.,385190,Different color paintings on the side of a building.,0.002238,0
i2t,385190,a building with so many arts on it,385190,a building with so many arts on it,0.233116,0
i2t,385190,The subway stop Square Victoria entrance and the map of the neighborhood,385190,The subway stop Square Victoria entrance and the map of the neighborhood,0.001151,0
i2t,385190,I do not know what this is supposed to be..,385190,I do not know what this is supposed to be..,0.447515,0
i2t,385190,a chinese street with a mcdonalds in the back drop,385190,a chinese street with a mcdonalds in the back drop,0.000119,0
i2t,385190,Smoke from a passing train obscures a huge mural.,385190,Smoke from a passing train obscures a huge mural.,0.000230,0
i2t,385190,People walking in a urban area near a 'no peddling' sign,385190,People walking in a urban area near a 'no peddling' sign,0.000027,0
i2t,385190,Street signs on the corner of Furnace St and Crapo St.,385190,Street signs on the corner of Furnace St and Crapo St.,0.000045,0
i2t,385190,"Various street signs including one that reads ""Newlon Hale Village.""",385190,"Various street signs including one that reads ""Newlon Hale Village.""",0.000044,0
i2t,385190,Signs are blocking off a street for an art exhibit.,385190,Signs are blocking off a street for an art exhibit.,0.000076,0
i2t,385190,A street corner sign is on the corner in Little Italy.,385190,A street corner sign is on the corner in Little Italy.,0.000046,0
i2t,385190,A sign with a face next to a side walk on a street.,385190,A sign with a face next to a side walk on a street.,0.000069,0
i2t,385190,Street signs cast shadows on the graffiti decorated wall.,385190,Street signs cast shadows on the graffiti decorated wall.,0.000098,0
i2t,385190,Traffic sign with graffiti displayed near white building in urban area.,385190,Traffic sign with graffiti displayed near white building in urban area.,0.000096,0
i2t,385190,Graffiti on a building next to street signs.,385190,Graffiti on a building next to street signs.,0.000053,0
i2t,385190,graffiti and stickers are plastered on the stop sign and street sign,385190,graffiti and stickers are plastered on the stop sign and street sign,0.000037,0
i2t,385190,A graffiti covered wall and parking meter are seen in this image.,385190,A graffiti covered wall and parking meter are seen in this image.,0.000033,0
i2t,385190,a street sign on a city side walk,385190,a street sign on a city side walk,0.000333,0
i2t,385190,A wall covered in graffiti next to a sidewalk.,385190,A wall covered in graffiti next to a sidewalk.,0.000030,0
i2t,385190,Graffiti decorates the wall in front of a parking meter.,385190,Graffiti decorates the wall in front of a parking meter.,0.000024,0
i2t,385190,"A graffiti-ridden building in an urban setting, a fire hydrant at curbside.",385190,"A graffiti-ridden building in an urban setting, a fire hydrant at curbside.",0.000042,0
i2t,511647,A man holding onto a kite with one hand and spool on the other.,511647,A man holding onto a kite with one hand and spool on the other.,0.000159,0
i2t,511647,A man standing next to a body of water while flying a kite.,511647,A man standing next to a body of water while flying a kite.,0.000167,0
i2t,511647,A man holds strings connected to a large parachute or kite on the beach.,511647,A man holds strings connected to a large parachute or kite on the beach.,0.000841,0
i2t,511647,THIS IS A BREATHTAKING PHOTO OF SOMEONE FLYING A KITE,511647,THIS IS A BREATHTAKING PHOTO OF SOMEONE FLYING A KITE,0.000969,0
i2t,511647,Young man flying a kite over a grassy area by water.,511647,Young man flying a kite over a grassy area by water.,0.000105,0
i2t,511647,A person flying a kite high above buildings,511647,A person flying a kite high above buildings,0.001794,0
i2t,511647,A man flying a kite with two strings on a beach.,511647,A man flying a kite with two strings on a beach.,0.000307,0
i2t,511647,A man flying a kite while standing on a beach.,511647,A man flying a kite while standing on a beach.,0.000124,0
i2t,511647,A person standing on a beach holding onto a kite string.,511647,A person standing on a beach holding onto a kite string.,0.000227,0
i2t,511647,A man flying a kite above a tall building in a cloudy blue sky.,511647,A man flying a kite above a tall building in a cloudy blue sky.,0.000492,0
i2t,511647,Is he going to saw somebody's arm off with that thing?,511647,Is he going to saw somebody's arm off with that thing?,0.065879,0
i2t,511647,A man stands and holds his hands out in front of him.,511647,A man stands and holds his hands out in front of him.,0.000091,0
i2t,511647,A man looks at something that he is holding,511647,A man looks at something that he is holding,0.000102,0
i2t,511647,A man is staring at something in his hand.,511647,A man is staring at something in his hand.,0.000056,0
i2t,511647,A man holding a white object in his hand.,511647,A man holding a white object in his hand.,0.000098,0
i2t,511647,The man is holding an object in his hand.,511647,The man is holding an object in his hand.,0.000025,0
i2t,511647,An individual is in the open view in the picture.,511647,An individual is in the open view in the picture.,0.000281,0
i2t,511647,This is a blurry image of a man looking at something yellow and roundish.,511647,This is a blurry image of a man looking at something yellow and roundish.,0.000060,0
i2t,511647,A man in a shirt and tie motioning with his hand.,511647,A man in a shirt and tie motioning with his hand.,0.000062,0
i2t,511647,Man holding a ball he is about to throw.,511647,Man holding a ball he is about to throw.,0.000038,0
i2t,511647,Man flying a kite high above hotel buildings,511647,Man flying a kite high above hotel buildings,0.099351,0
i2t,511647,some douchey kid in vest who is about to fail at kite flying.,511647,some douchey kid in vest who is about to fail at kite flying.,0.018424,0
i2t,511647,A person is flying a kite near some buildings.,511647,A person is flying a kite near some buildings.,0.000775,0
i2t,511647,Just a little help from Mom will get his kite up in the air.,511647,Just a little help from Mom will get his kite up in the air.,0.119246,0
i2t,511647,a person that is flying a kite in the sky,511647,a person that is flying a kite in the sky,0.008002,0
i2t,511647,people flying kites on a bright sunny day,511647,people flying kites on a bright sunny day,0.000249,0
i2t,511647,The man is flying his kite in the sky.,511647,The man is flying his kite in the sky.,0.000527,0
i2t,511647,Clouds soar above a tall building on a sunny day.,511647,Clouds soar above a tall building on a sunny day.,0.000200,0
i2t,511647,An airplane leaves a contrail in the air.,511647,An airplane leaves a contrail in the air.,0.000684,0
i2t,511647,An American Airlines plane is in the sky,511647,An American Airlines plane is in the sky,0.000089,0
i2t,511647,Storm clouds over a traffic interception probably taken while someone was waiting for red light to turn green.,511647,Storm clouds over a traffic interception probably taken while someone was waiting for red light to turn green.,0.000029,0
i2t,511647,Skate boarder hang time with young man appearing to streak though the air.,511647,Skate boarder hang time with young man appearing to streak though the air.,0.000061,0
i2t,511647,Two airplanes having a close call in the sky.,511647,Two airplanes having a close call in the sky.,0.000077,0
i2t,511647,"A man in a park, flies his kite with a long tail.",511647,"A man in a park, flies his kite with a long tail.",0.000117,0
i2t,511647,The man in the park is flying his kite.,511647,The man in the park is flying his kite.,0.000316,0
i2t,511647,A man is flying a kite at the beach.,511647,A man is flying a kite at the beach.,0.000172,0
i2t,511647,A man is flying a kite on a beach.,511647,A man is flying a kite on a beach.,0.000165,0
i2t,511647,A man holding a kite on a beach during the day.,511647,A man holding a kite on a beach during the day.,0.000126,0
i2t,511647,A large kite is being flown above a town's skyline.,511647,A large kite is being flown above a town's skyline.,0.000462,0
i2t,511647,A few people flying homemade kites in the center of some buildings.,511647,A few people flying homemade kites in the center of some buildings.,0.000177,0
i2t,511647,A person in a field flying a kite in the sky.,511647,A person in a field flying a kite in the sky.,0.000749,0
i2t,356427,A young man standing with luggage next to the tracks,356427,A young man standing with luggage next to the tracks,0.000384,0
i2t,356427,A man standing next to train tracks with bags of luggage.,356427,A man standing next to train tracks with bags of luggage.,0.000172,0
i2t,356427,A man standing at a train station near a pile of luggage,356427,A man standing at a train station near a pile of luggage,0.000189,0
i2t,356427,A man stands at a train station with lots of luggage,356427,A man stands at a train station with lots of luggage,0.000266,0
i2t,356427,A man standing next to luggage on a railway platform.,356427,A man standing next to luggage on a railway platform.,0.000143,0
i2t,356427,People standing with their luggage on a train platform.,356427,People standing with their luggage on a train platform.,0.000068,0
i2t,356427,A man standing next to suitcases and bags.,356427,A man standing next to suitcases and bags.,0.000453,0
i2t,356427,a person standing next to a pile of luggage bags,356427,a person standing next to a pile of luggage bags,0.000905,0
i2t,356427,Person waiting on a train platform near a train.,356427,Person waiting on a train platform near a train.,0.000182,0
i2t,356427,A man standing in front of the Amtrak train.,356427,A man standing in front of the Amtrak train.,0.000387,0
i2t,356427,A man standing next to a stack of red luggage.,356427,A man standing next to a stack of red luggage.,0.000143,0
i2t,356427,a group of people that are next to some bags,356427,a group of people that are next to some bags,0.000736,0
i2t,356427,A man waiting for the next train to come.,356427,A man waiting for the next train to come.,0.000820,0
i2t,356427,woman standing with backpacks on platform with train,356427,woman standing with backpacks on platform with train,0.003658,0
i2t,356427,A wheel along back pack with a jacket strapped to the top,356427,A wheel along back pack with a jacket strapped to the top,0.001353,0
i2t,356427,A woman with suitcases waiting for a train.,356427,A woman with suitcases waiting for a train.,0.000146,0
i2t,356427,A man carrying a bag walking down the train tracks.,356427,A man carrying a bag walking down the train tracks.,0.000066,0
i2t,356427,A woman is sitting with a suitcase on some train tracks.,356427,A woman is sitting with a suitcase on some train tracks.,0.000056,0
i2t,356427,a woman with her luggage at a train station,356427,a woman with her luggage at a train station,0.000160,0
i2t,356427,A womman sitting on railroad tracks with a suitcase beside her.,356427,A womman sitting on railroad tracks with a suitcase beside her.,0.000071,0
i2t,356427,A young man standing in front of a luggage carousel at an airport.,356427,A young man standing in front of a luggage carousel at an airport.,0.000055,0
i2t,356427,A young man with suitcases on the conveyor belt in an airport,356427,A young man with suitcases on the conveyor belt in an airport,0.000251,0
i2t,356427,Rear view of a man with a sack walking on railroad track next to a train.,356427,Rear view of a man with a sack walking on railroad track next to a train.,0.000360,0
i2t,399205,A group of people on a sidewalk with their mobile phones.,399205,A group of people on a sidewalk with their mobile phones.,0.000087,0
i2t,399205,A person on a cell phone in a group of people.,399205,A person on a cell phone in a group of people.,0.000227,0
i2t,399205,"Men are standing on the street behind a barrier, using their cell phones.",399205,"Men are standing on the street behind a barrier, using their cell phones.",0.000103,0
i2t,399205,A man in a gray shirt holds his phone as he sits by a man in a white t-shirt.,399205,A man in a gray shirt holds his phone as he sits by a man in a white t-shirt.,0.000037,0
i2t,399205,A young guy on a cell phone by a crowd of people.,399205,A young guy on a cell phone by a crowd of people.,0.000070,0
i2t,399205,A man in a green shirt is taking a picture with his cell phone.,399205,A man in a green shirt is taking a picture with his cell phone.,0.000091,0
i2t,399205,Two boys in yellow shirts looking at cell phones,399205,Two boys in yellow shirts looking at cell phones,0.000148,0
i2t,399205,A man in a crowd taking pictures with a cell phone.,399205,A man in a crowd taking pictures with a cell phone.,0.000185,0
i2t,399205,some people sitting and one man looking at his cellphone,399205,some people sitting and one man looking at his cellphone,0.000243,0
i2t,399205,A person looking at their cell phone at another person taking a picture.,399205,A person looking at their cell phone at another person taking a picture.,0.000387,0
i2t,399205,a white male taking pictures with his cellphone,399205,a white male taking pictures with his cellphone,0.001786,0
i2t,399205,The man is holding an object in his hand.,399205,The man is holding an object in his hand.,0.000052,0
i2t,399205,A middle aged man is looking at his phone.,399205,A middle aged man is looking at his phone.,0.000068,0
i2t,399205,A picture of a man giving a thumps up with a cell phone in hand.,399205,A picture of a man giving a thumps up with a cell phone in hand.,0.000139,0
i2t,399205,A man who is taking a picture with his cell phone.,399205,A man who is taking a picture with his cell phone.,0.000489,0
i2t,399205,A man on a cell phone in a public area holding his thumb up.,399205,A man on a cell phone in a public area holding his thumb up.,0.000080,0
i2t,399205,A man giving a thumbs up while on a cell phone.,399205,A man giving a thumbs up while on a cell phone.,0.000091,0
i2t,399205,a man holding a cell phone that is powered on,399205,a man holding a cell phone that is powered on,0.000271,0
i2t,399205,A service man is looking at his cel phone.,399205,A service man is looking at his cel phone.,0.000077,0
i2t,399205,A man holding a phone that has a picture on it of a man holding a phone.,399205,A man holding a phone that has a picture on it of a man holding a phone.,0.000148,0
i2t,399205,men staning in the street and holding cell phones,399205,men staning in the street and holding cell phones,0.000764,0
i2t,399205,All of these men are using their cell phones.,399205,All of these men are using their cell phones.,0.000063,0
i2t,399205,Is he going to saw somebody's arm off with that thing?,399205,Is he going to saw somebody's arm off with that thing?,0.188569,0
i2t,399205,"There is an iphone, a blue pen, and a soda",399205,"There is an iphone, a blue pen, and a soda",0.022650,0
i2t,399205,"Shoes, a cap, an iPod, a name tag and other items",399205,"Shoes, a cap, an iPod, a name tag and other items",0.023537,0
i2t,399205,The cog is getting cozy with the remote control.,399205,The cog is getting cozy with the remote control.,0.002603,0
i2t,399205,A lot if people are in the conference too,399205,A lot if people are in the conference too,0.480115,0
i2t,399205,Two men accidentally get their ties too tied up,399205,Two men accidentally get their ties too tied up,0.031048,0
i2t,399205,A couple of guys that were eating and are now on their cell phones.,399205,A couple of guys that were eating and are now on their cell phones.,0.000158,0
i2t,399205,People gathered taking pictures with a cell phone.,399205,People gathered taking pictures with a cell phone.,0.000194,0
i2t,399205,Two men holding smart phones next to each other.,399205,Two men holding smart phones next to each other.,0.000107,0
i2t,399205,Someone pointing at their cell phone in a case on their hip.,399205,Someone pointing at their cell phone in a case on their hip.,0.000086,0
i2t,399205,The woman uses her cell phone near many others standing on the sidewalk.,399205,The woman uses her cell phone near many others standing on the sidewalk.,0.000078,0
i2t,399205,A person on her cell phone in a large crowd of people.,399205,A person on her cell phone in a large crowd of people.,0.000062,0
i2t,399205,Three adults sitting while checking cell phone messages.,399205,Three adults sitting while checking cell phone messages.,0.000063,0
i2t,399205,A group of men standing on the side of a street.,399205,A group of men standing on the side of a street.,0.000110,0
i2t,399205,A group of men standing around a sidewalk together.,399205,A group of men standing around a sidewalk together.,0.000154,0
i2t,399205,Five people sitting on a subway checking their phones,399205,Five people sitting on a subway checking their phones,0.000048,0
i2t,349302,Two giraffes standing on a dirt path in a fenced in area with trees and green grass surrounding them.,349302,Two giraffes standing on a dirt path in a fenced in area with trees and green grass surrounding them.,0.000150,0
i2t,349302,Two tall giraffes standing next to each other by trees.,349302,Two tall giraffes standing next to each other by trees.,0.000832,0
i2t,349302,Three giraffes stand near the fence of their enclosure.,349302,Three giraffes stand near the fence of their enclosure.,0.000315,0
i2t,349302,Two giraffes standing on a dirt expanse with trees in background.,349302,Two giraffes standing on a dirt expanse with trees in background.,0.000240,0
i2t,349302,A couple of giraffes are standing by trees and grass.,349302,A couple of giraffes are standing by trees and grass.,0.000334,0
i2t,349302,Two giraffes wander the open park in the same direction.,349302,Two giraffes wander the open park in the same direction.,0.000415,0
i2t,349302,A group of giraffes standing in dirt field with trees in background.,349302,A group of giraffes standing in dirt field with trees in background.,0.000191,0
i2t,349302,Two giraffe standing on dirt near flowering trees.,349302,Two giraffe standing on dirt near flowering trees.,0.000310,0
i2t,349302,two giraffes are standing together outside a barn,349302,two giraffes are standing together outside a barn,0.000585,0
i2t,349302,Three giraffes are in an enclosure with heads in the air.,349302,Three giraffes are in an enclosure with heads in the air.,0.000845,0
i2t,349302,"Trees mark the far side of a fence that encloses a large environment space with man made rocks and two giraffes, one close up and very large, the other small, and seemingly far away.",349302,"Trees mark the far side of a fence that encloses a large environment space with man made rocks and two giraffes, one close up and very large, the other small, and seemingly far away.",0.000443,0
i2t,349302,A gated grassy noel has a shorted stop sign stuck in part of the land.,349302,A gated grassy noel has a shorted stop sign stuck in part of the land.,0.000107,0
i2t,349302,a few animals that are in side a fence,349302,a few animals that are in side a fence,0.001430,0
i2t,349302,Nice open stretches of land that is alive.,349302,Nice open stretches of land that is alive.,0.011155,0
i2t,349302,Here is a image of an zoo animals.,349302,Here is a image of an zoo animals.,0.040587,0
i2t,349302,there seem to be very few animals on this field,349302,there seem to be very few animals on this field,0.007851,0
i2t,349302,some construction stucks pared on the side of the road,349302,some construction stucks pared on the side of the road,0.000627,0
i2t,349302,some kind of cage that is next to a tree,349302,some kind of cage that is next to a tree,0.000292,0
i2t,349302,The encompassing of an outside town in the picture.,349302,The encompassing of an outside town in the picture.,0.000203,0
i2t,349302,Two horses stand by a wire framed fence.,349302,Two horses stand by a wire framed fence.,0.000241,0
i2t,349302,Giraffes stand around in the wild animal park.,349302,Giraffes stand around in the wild animal park.,0.008051,0
i2t,349302,GIRAFFES EATING THE SHRUBBERY OR THE TOP OF TREES,349302,GIRAFFES EATING THE SHRUBBERY OR THE TOP OF TREES,0.109590,0
i2t,349302,"Giraffes love the tender, young leaves on trees.",349302,"Giraffes love the tender, young leaves on trees.",0.029543,0
i2t,349302,Giraffes leaning down to drink at a watering hole,349302,Giraffes leaning down to drink at a watering hole,0.001026,0
i2t,349302,A giraffe examining the back of another giraffe.,349302,A giraffe examining the back of another giraffe.,0.001589,0
i2t,349302,"Giraffes standing in a wooded area, touching heads.",349302,"Giraffes standing in a wooded area, touching heads.",0.000488,0
i2t,349302,Two giraffes in a zoo enjoy a walk and a snack,349302,Two giraffes in a zoo enjoy a walk and a snack,0.000246,0
i2t,349302,Giraffes in their wood and grass zoo enclosure,349302,Giraffes in their wood and grass zoo enclosure,0.000365,0
i2t,349302,A couple giraffes staring in the same direction,349302,A couple giraffes staring in the same direction,0.000541,0
i2t,349302,Giraffes in a stand of trees stare in the same direction.,349302,Giraffes in a stand of trees stare in the same direction.,0.000248,0
i2t,349302,Two giraffes walking along a trail to the hills.,349302,Two giraffes walking along a trail to the hills.,0.000488,0
i2t,349302,The two giraffes are standing in the dirt.,349302,The two giraffes are standing in the dirt.,0.000211,0
i2t,349302,The back side of two giraffes inside a gated area.,349302,The back side of two giraffes inside a gated area.,0.000201,0
i2t,349302,Two giraffe standing next to each other on a dirt road next to a grass field.,349302,Two giraffe standing next to each other on a dirt road next to a grass field.,0.000341,0
i2t,349302,Two giraffes standing in a dry landscape gaze to the side.,349302,Two giraffes standing in a dry landscape gaze to the side.,0.000578,0
i2t,349302,Three giraffes with heads pointing ahead walk on a dirt path.,349302,Three giraffes with heads pointing ahead walk on a dirt path.,0.000246,0
i2t,349302,Two giraffes walking in an open wooded area.,349302,Two giraffes walking in an open wooded area.,0.000954,0
i2t,349302,Two giraffes are walking abreast on the grassy field.,349302,Two giraffes are walking abreast on the grassy field.,0.000691,0
i2t,349302,Two giraffes walking next to each other in a field.,349302,Two giraffes walking next to each other in a field.,0.000874,0
i2t,349302,Two giraffes standing in a field looking in the same direction.,349302,Two giraffes standing in a field looking in the same direction.,0.000238,0
i2t,349302,Two giraffes standing around in the middle of a field.,349302,Two giraffes standing around in the middle of a field.,0.000495,0
i2t,349302,Two giraffes walking around in the grass and dirt.,349302,Two giraffes walking around in the grass and dirt.,0.000342,0
i2t,349302,There are two giraffes walking near some tall grasses.,349302,There are two giraffes walking near some tall grasses.,0.000264,0
i2t,349302,Two giraffes are shown standing in a grassy field.,349302,Two giraffes are shown standing in a grassy field.,0.000904,0
i2t,349302,Two giraffes standing next to power lines in the sand.,349302,Two giraffes standing next to power lines in the sand.,0.000203,0
i2t,349302,Two Giraffe are out in the wilderness looking at the camera.,349302,Two Giraffe are out in the wilderness looking at the camera.,0.000653,0
i2t,349302,Smal and large giraffes are standing on the dirt.,349302,Smal and large giraffes are standing on the dirt.,0.000671,0
i2t,349302,Two giraffe standing in a field next to trees.,349302,Two giraffe standing in a field next to trees.,0.000486,0
i2t,349302,Giraffes stand in a field surrounded by woods in a zoo.,349302,Giraffes stand in a field surrounded by woods in a zoo.,0.000318,0
i2t,223090,"Salad ingredients, carrots, onions and some leafy green",223090,"Salad ingredients, carrots, onions and some leafy green",0.005245,0
i2t,223090,An assortment of vegetables made into an interesting shape.,223090,An assortment of vegetables made into an interesting shape.,0.002293,0
i2t,223090,A singke vegetable and some herbs that are sitting on a cutting board.,223090,A singke vegetable and some herbs that are sitting on a cutting board.,0.008629,0
i2t,223090,A cutting board with carrots and some other leafy green vegetables along side a knife.,223090,A cutting board with carrots and some other leafy green vegetables along side a knife.,0.003713,0
i2t,223090,There is a carrot next to some greens on the red cutting board.,223090,There is a carrot next to some greens on the red cutting board.,0.001239,0
i2t,223090,"A knife, carrots, and cabbage on a white cutting board.",223090,"A knife, carrots, and cabbage on a white cutting board.",0.000567,0
i2t,223090,A plate of food that includes lentils and leafy greens.,223090,A plate of food that includes lentils and leafy greens.,0.000192,0
i2t,223090,some vegetables on a white plate ready to be cut,223090,some vegetables on a white plate ready to be cut,0.001324,0
i2t,223090,Vegetable pieces and knife are kept on cutting board.Cabbage is on the table.,223090,Vegetable pieces and knife are kept on cutting board.Cabbage is on the table.,0.001540,0
i2t,223090,An assortment of broccoli and cauliflower is arranged.,223090,An assortment of broccoli and cauliflower is arranged.,0.000319,0
i2t,223090,Chopped vegetables and a knife sit on the cutting board.,223090,Chopped vegetables and a knife sit on the cutting board.,0.001135,0
i2t,223090,a wooden cutting board a knife some carrots and onions,223090,a wooden cutting board a knife some carrots and onions,0.005496,0
i2t,223090,A wooden board filled chopped vegetables and a knife.,223090,A wooden board filled chopped vegetables and a knife.,0.000699,0
i2t,223090,"A cutting board and knife, with chopped carrots, celery, and onion.",223090,"A cutting board and knife, with chopped carrots, celery, and onion.",0.000263,0
i2t,223090,A bunch of carrots on a knife sitting on a cutting board.,223090,A bunch of carrots on a knife sitting on a cutting board.,0.001199,0
i2t,223090,a close up of a knife and a cup on a surface,223090,a close up of a knife and a cup on a surface,0.000444,0
i2t,223090,ingredients placed on a table for a dish.,223090,ingredients placed on a table for a dish.,0.028111,0
i2t,223090,"A cutting board with parley, carrot, celery, and garlic.",223090,"A cutting board with parley, carrot, celery, and garlic.",0.001684,0
i2t,223090,"A table with cilantro, a carrot, celery, and garlic.",223090,"A table with cilantro, a carrot, celery, and garlic.",0.000943,0
i2t,223090,"A square plate of carrots, spinach and more.",223090,"A square plate of carrots, spinach and more.",0.000429,0
i2t,223090,Pork and vegetables prepared on a cutting board and counter.,223090,Pork and vegetables prepared on a cutting board and counter.,0.000503,0
i2t,223090,some gross ass vegetables that look slimy AF,223090,some gross ass vegetables that look slimy AF,0.000276,0
i2t,223090,This is a broccoli carrot soup with a lot of broth.,223090,This is a broccoli carrot soup with a lot of broth.,0.000039,0
i2t,223090,A bunch of carrots sitting on top of a cutting board.,223090,A bunch of carrots sitting on top of a cutting board.,0.000858,0
i2t,223090,Fresh carrots from a garden lie on a counter next to a teaspoon.,223090,Fresh carrots from a garden lie on a counter next to a teaspoon.,0.000175,0
i2t,506454,a bench under a tree in a park,506454,a bench under a tree in a park,0.071676,0
i2t,506454,A bench that is sitting in the grass.,506454,A bench that is sitting in the grass.,0.003123,0
i2t,506454,A park bench sitting on a bed of mulch next to a tree.,506454,A park bench sitting on a bed of mulch next to a tree.,0.001715,0
i2t,506454,A park bench that is sitting in grass under a tree.,506454,A park bench that is sitting in grass under a tree.,0.002726,0
i2t,506454,a bench in the shade of a near by tree,506454,a bench in the shade of a near by tree,0.014871,0
i2t,506454,photo of three benches for sitting facing each other,506454,photo of three benches for sitting facing each other,0.016342,0
i2t,506454,There are some benches arranged together in an open park,506454,There are some benches arranged together in an open park,0.000672,0
i2t,506454,A park bench placed near an open field,506454,A park bench placed near an open field,0.001817,0
i2t,506454,A park bench next to a tree in grassy field.,506454,A park bench next to a tree in grassy field.,0.002598,0
i2t,506454,A green park bench underneath a tree in a park.,506454,A green park bench underneath a tree in a park.,0.000366,0
i2t,506454,A tree standing in the middle of a grass circle.,506454,A tree standing in the middle of a grass circle.,0.001210,0
i2t,506454,A park area with a wooden bench that is under a tree and green grass all around the bench.,506454,A park area with a wooden bench that is under a tree and green grass all around the bench.,0.002407,0
i2t,506454,A BENCH IS SEATED ON THE GRASS,506454,A BENCH IS SEATED ON THE GRASS,0.024657,0
i2t,506454,That looks like it may be hiding under something.,506454,That looks like it may be hiding under something.,0.157461,0
i2t,506454,There is a seating area in the middle of a grassy area.,506454,There is a seating area in the middle of a grassy area.,0.001111,0
i2t,506454,A pile of junk sitting next to a curb on green grass.,506454,A pile of junk sitting next to a curb on green grass.,0.000138,0
i2t,506454,a satute in a field of grass near a plant,506454,a satute in a field of grass near a plant,0.000301,0
i2t,506454,A bench on cement in a park,506454,A bench on cement in a park,0.021752,0
i2t,506454,a wood bench is next to a tree,506454,a wood bench is next to a tree,0.001409,0
i2t,506454,A plain wooden bench underneath a large tree.,506454,A plain wooden bench underneath a large tree.,0.003200,0
i2t,506454,The bench's maximum weight capacity may be strained.,506454,The bench's maximum weight capacity may be strained.,0.420497,0
i2t,506454,"A picnic table in sand, underneath a tree.",506454,"A picnic table in sand, underneath a tree.",0.337673,0
i2t,506454,A wooden bench in a grass field with a tree.,506454,A wooden bench in a grass field with a tree.,0.000583,0
i2t,506454,A park bench has a persons hat sitting on it.,506454,A park bench has a persons hat sitting on it.,0.000420,0
i2t,506454,A bench that has been placed in a field.,506454,A bench that has been placed in a field.,0.000609,0
i2t,506454,The metal park bench sits next to green grass.,506454,The metal park bench sits next to green grass.,0.000403,0
i2t,506454,A wooden bench is sitting next to a grassy field.,506454,A wooden bench is sitting next to a grassy field.,0.001149,0
i2t,506454,A park bench next to fence and trees by grassy field.,506454,A park bench next to fence and trees by grassy field.,0.001191,0
i2t,506454,An empty green park bench sitting among overgrowth.,506454,An empty green park bench sitting among overgrowth.,0.000729,0
i2t,323751,A white and yellow car made to look like a train.,323751,A white and yellow car made to look like a train.,0.000037,0
i2t,323751,A long white train has a blue pin stripe.,323751,A long white train has a blue pin stripe.,0.000025,0
i2t,323751,A white train with a yellow front running on rails.,323751,A white train with a yellow front running on rails.,0.000034,0
i2t,323751,A large white and blue train on a train track.,323751,A large white and blue train on a train track.,0.000035,0
i2t,323751,two white trains are parked side by side,323751,two white trains are parked side by side,0.000052,0
i2t,323751,This is a picture of a train coming into the station.,323751,This is a picture of a train coming into the station.,0.000073,0
i2t,323751,A white and black train in train docking area.,323751,A white and black train in train docking area.,0.000098,0
i2t,323751,A train traveling past tall white buildings on train tracks.,323751,A train traveling past tall white buildings on train tracks.,0.000036,0
i2t,323751,A blue and white train is moving on the rails.,323751,A blue and white train is moving on the rails.,0.000032,0
i2t,323751,"Two white passenger trains are parked on the tracks, side by side.",323751,"Two white passenger trains are parked on the tracks, side by side.",0.000044,0
i2t,323751,A station with departing times on the board.,323751,A station with departing times on the board.,0.000101,0
i2t,323751,A train is entering a train station.,323751,A train is entering a train station.,0.000236,0
i2t,323751,A man waiting for the next train to come.,323751,A man waiting for the next train to come.,0.000049,0
i2t,323751,this is a train station waiting for a passenger,323751,this is a train station waiting for a passenger,0.000055,0
i2t,323751,A train is passing by while an onlooker is standing next to track.,323751,A train is passing by while an onlooker is standing next to track.,0.000041,0
i2t,323751,"Train with lights on, multiple track area, near over/under pass.",323751,"Train with lights on, multiple track area, near over/under pass.",0.000125,0
i2t,323751,A sign letting readers know that there is a train.,323751,A sign letting readers know that there is a train.,0.000086,0
i2t,323751,A public transit train at one of its stations.,323751,A public transit train at one of its stations.,0.000793,0
i2t,323751,A person looking at a train going by.,323751,A person looking at a train going by.,0.000068,0
i2t,323751,this trains station has a white building in the background,323751,this trains station has a white building in the background,0.000053,0
i2t,323751,"A modern, electric commuter train coming in to the station",323751,"A modern, electric commuter train coming in to the station",0.000096,0
i2t,323751,Passengers wait for a train as it approaches the platform.,323751,Passengers wait for a train as it approaches the platform.,0.000594,0
i2t,323751,Yellow and grey train near platform at railway station.,323751,Yellow and grey train near platform at railway station.,0.000034,0
i2t,323751,Passengers wait at the platform as a passenger train approaches.,323751,Passengers wait at the platform as a passenger train approaches.,0.000287,0
i2t,323751,The passenger train is pulling has arrived at the station.,323751,The passenger train is pulling has arrived at the station.,0.000050,0
i2t,323751,Train drives down the tracks along the treeline,323751,Train drives down the tracks along the treeline,0.000046,0
i2t,323751,Fast commuter train moving past an outdoor platform.,323751,Fast commuter train moving past an outdoor platform.,0.000090,0
i2t,323751,A yellow and white train passing by multiple rows of tracks.,323751,A yellow and white train passing by multiple rows of tracks.,0.000029,0
i2t,323751,Two white trains on tracks next to a station.,323751,Two white trains on tracks next to a station.,0.000056,0
i2t,323751,A train with a yellow front driving on a track.,323751,A train with a yellow front driving on a track.,0.000060,0
i2t,323751,A train running along a track near a station.,323751,A train running along a track near a station.,0.000073,0
i2t,323751,A train one track away from a platform at a stop.,323751,A train one track away from a platform at a stop.,0.000031,0
i2t,323751,Red and white train at the end of a train station.,323751,Red and white train at the end of a train station.,0.000021,0
i2t,323751,A yellow passenger train pulling up to a station.,323751,A yellow passenger train pulling up to a station.,0.000041,0
i2t,323751,A modern train running on tracks near a station.,323751,A modern train running on tracks near a station.,0.000049,0
i2t,323751,A commuter train traveling down the tracks into the next station.,323751,A commuter train traveling down the tracks into the next station.,0.000044,0
i2t,323751,"A train passing through a station, in the middle of the day.",323751,"A train passing through a station, in the middle of the day.",0.000047,0
i2t,323751,A train sits running in a modern station.,323751,A train sits running in a modern station.,0.000042,0
i2t,323751,A train driving down the tracks near a platform.,323751,A train driving down the tracks near a platform.,0.000057,0
i2t,323751,A train traveling down train tracks near a train station.,323751,A train traveling down train tracks near a train station.,0.000074,0
i2t,323751,A train going down the track near a city,323751,A train going down the track near a city,0.000085,0
i2t,323751,A train traveling down train tracks under parking lights.,323751,A train traveling down train tracks under parking lights.,0.000043,0
i2t,323751,Front view of train with lights on next to a sidewalk.,323751,Front view of train with lights on next to a sidewalk.,0.000030,0
i2t,323751,A train with bright yellow engine on tracks beside tall leafy trees.,323751,A train with bright yellow engine on tracks beside tall leafy trees.,0.000028,0
i2t,323751,A passenger train on the outer track at a railway station.,323751,A passenger train on the outer track at a railway station.,0.000033,0
i2t,323751,A passanger train stopped on the railroad tracks at a station.,323751,A passanger train stopped on the railroad tracks at a station.,0.000045,0
i2t,323751,A train on train tracks with a person in the foreground.,323751,A train on train tracks with a person in the foreground.,0.000055,0
i2t,205776,A large bear laying down on a leather hammock.,205776,A large bear laying down on a leather hammock.,0.000057,0
i2t,205776,A big brown bear asleep in a hammock.,205776,A big brown bear asleep in a hammock.,0.000059,0
i2t,205776,a brown bear is lying asleep in a hammock,205776,a brown bear is lying asleep in a hammock,0.000042,0
i2t,205776,A bear sleeps in a hammock made of heavy canvas.,205776,A bear sleeps in a hammock made of heavy canvas.,0.000509,0
i2t,205776,A bear laying in a canvas type net,205776,A bear laying in a canvas type net,0.000549,0
i2t,205776,A large brown bear laying on a rock.,205776,A large brown bear laying on a rock.,0.000031,0
i2t,205776,A brown bear lays down in the woods.,205776,A brown bear lays down in the woods.,0.000027,0
i2t,205776,A brown bear enjoying the sun and a little water at the zoo,205776,A brown bear enjoying the sun and a little water at the zoo,0.000091,0
i2t,205776,A large metal chair with a brown teddy bear in it.,205776,A large metal chair with a brown teddy bear in it.,0.000035,0
i2t,205776,A brown bear walking in its zoo enclosure,205776,A brown bear walking in its zoo enclosure,0.000044,0
i2t,205776,"Metal commode from above, photographer's shoes visible.",205776,"Metal commode from above, photographer's shoes visible.",0.000054,0
i2t,205776,An assortment of rags hang on a metal rack.,205776,An assortment of rags hang on a metal rack.,0.000018,0
i2t,205776,That looks like it may be hiding under something.,205776,That looks like it may be hiding under something.,0.006040,0
i2t,205776,a little teddy bear dressed in some BDSM gear and chains,205776,a little teddy bear dressed in some BDSM gear and chains,0.000041,0
i2t,205776,some pink thing with holes and bead chains,205776,some pink thing with holes and bead chains,0.005344,0
i2t,205776,A pile of a pigs in a blanket.,205776,A pile of a pigs in a blanket.,0.000162,0
i2t,205776,"A white, beige and brown baby bear under a beige/white comforter.",205776,"A white, beige and brown baby bear under a beige/white comforter.",0.000027,0
i2t,205776,a big grizzly bear looks toward the camersa,205776,a big grizzly bear looks toward the camersa,0.000802,0
i2t,205776,A dog or bear in a controlled area doing something with balls.,205776,A dog or bear in a controlled area doing something with balls.,0.000048,0
i2t,205776,A grizzly bear stares in the direction of the photographer.,205776,A grizzly bear stares in the direction of the photographer.,0.000078,0
i2t,205776,A happy bear putting his paws in some water.,205776,A happy bear putting his paws in some water.,0.000056,0
i2t,205776,An exhibit of a bear and it's cub.,205776,An exhibit of a bear and it's cub.,0.000128,0
i2t,205776,Teddy bears are re-enacting soldiers on the beach with others looking on.,205776,Teddy bears are re-enacting soldiers on the beach with others looking on.,0.000030,0
i2t,205776,Two bears are interrupted on their walk by a surprise picture.,205776,Two bears are interrupted on their walk by a surprise picture.,0.000088,0
i2t,205776,"The bear looks like he is posing, beautifully coiffed.",205776,"The bear looks like he is posing, beautifully coiffed.",0.000437,0
i2t,205776,A baby bear that is laying on a rock.,205776,A baby bear that is laying on a rock.,0.000053,0
i2t,205776,A reclined panda bear is sitting by a bush.,205776,A reclined panda bear is sitting by a bush.,0.000037,0
i2t,205776,A black bear lying down near many trees.,205776,A black bear lying down near many trees.,0.000028,0
i2t,205776,A close up picture of a brown bear's face.,205776,A close up picture of a brown bear's face.,0.000024,0
i2t,205776,A bear doing a tightrope act on a stone wall.,205776,A bear doing a tightrope act on a stone wall.,0.000025,0
i2t,462614,A template example of a bathroom is shown in bright colors.,462614,A template example of a bathroom is shown in bright colors.,0.143083,0
i2t,462614,Drawing of a large bathroom that appears to be vintage.,462614,Drawing of a large bathroom that appears to be vintage.,0.011988,0
i2t,462614,A bathroom filled with fixtures and a shower.,462614,A bathroom filled with fixtures and a shower.,0.007893,0
i2t,462614,Lady standing in a retro pink and turquoise bathroom.,462614,Lady standing in a retro pink and turquoise bathroom.,0.003972,0
i2t,462614,"A small bathroom, with a commode, and a bathtub with bath toys in and around it.",462614,"A small bathroom, with a commode, and a bathtub with bath toys in and around it.",0.000867,0
i2t,462614,A bathroom with orange walls and black tile features.,462614,A bathroom with orange walls and black tile features.,0.002055,0
i2t,462614,A bathroom has red walls with yellow accents.,462614,A bathroom has red walls with yellow accents.,0.000389,0
i2t,462614,A bath scene with a toilet and a wallpaper with a woman on it.,462614,A bath scene with a toilet and a wallpaper with a woman on it.,0.000366,0
i2t,462614,"A bathroom is shown with a stainless steel shelf, toilet and wall phone.",462614,"A bathroom is shown with a stainless steel shelf, toilet and wall phone.",0.001271,0
i2t,462614,"A bathroom with sinks, a brass counter and decorative shower stall.",462614,"A bathroom with sinks, a brass counter and decorative shower stall.",0.001396,0
i2t,462614,"A bathroom area with a sink, toilet and bathtub.",462614,"A bathroom area with a sink, toilet and bathtub.",0.003935,0
i2t,462614,"A bathroom with a spa tub, sink, toilet, yellow stripes on the floor, and flower decorations on the walls.",462614,"A bathroom with a spa tub, sink, toilet, yellow stripes on the floor, and flower decorations on the walls.",0.000257,0
i2t,462614,"There is a tub, a toilet, and a sink in the bathroom.",462614,"There is a tub, a toilet, and a sink in the bathroom.",0.004450,0
i2t,462614,a bath room with a bath tub a toilet and a sink,462614,a bath room with a bath tub a toilet and a sink,0.008315,0
i2t,462614,"A bathroom with a toilet, sink, bath tub, and a small cabinet.",462614,"A bathroom with a toilet, sink, bath tub, and a small cabinet.",0.004097,0
i2t,462614,a bath room with a toilet and a bath tub,462614,a bath room with a toilet and a bath tub,0.002855,0
i2t,462614,A bathroom filled with toilets and a tub next to a sink.,462614,A bathroom filled with toilets and a tub next to a sink.,0.011221,0
i2t,462614,a bathroom with a toilet and tub in it,462614,a bathroom with a toilet and tub in it,0.008463,0
i2t,462614,"A bathroom with a tub, sink, counter and a toilet in it.",462614,"A bathroom with a tub, sink, counter and a toilet in it.",0.021284,0
i2t,462614,Well decorated bathroom in a small yellow tinted area.,462614,Well decorated bathroom in a small yellow tinted area.,0.001595,0
i2t,462614,Bright orange bathroom with spackling on the walls.,462614,Bright orange bathroom with spackling on the walls.,0.006470,0
i2t,462614,A small bathroom still has all of the necessary amenities.,462614,A small bathroom still has all of the necessary amenities.,0.102979,0
i2t,462614,A very small bathroom with only the essentials.,462614,A very small bathroom with only the essentials.,0.050512,0
i2t,462614,A colorful public restroom with striped walls and yellow counter.,462614,A colorful public restroom with striped walls and yellow counter.,0.003084,0
i2t,462614,Feminine ambience style restroom with wide open feel,462614,Feminine ambience style restroom with wide open feel,0.021670,0
i2t,462614,An old advertisement shows a large kitchen with white cabinets and appliances and yellow walls.,462614,An old advertisement shows a large kitchen with white cabinets and appliances and yellow walls.,0.006379,0
i2t,462614,A bathroom is very colorful with blue yellow and red.,462614,A bathroom is very colorful with blue yellow and red.,0.000799,0
i2t,462614,"A bathroom has yellow walls, brown floors, and a closet in it.",462614,"A bathroom has yellow walls, brown floors, and a closet in it.",0.001583,0
i2t,462614,This bathroom has red and white walls and a poster.,462614,This bathroom has red and white walls and a poster.,0.000731,0
i2t,462614,A bathroom is painted in white and orange.,462614,A bathroom is painted in white and orange.,0.002036,0
i2t,462614,"Compact bathroom area, tub, toilet, magazine area and sink.",462614,"Compact bathroom area, tub, toilet, magazine area and sink.",0.004637,0
i2t,462614,a bathroom with red walls a shower a sink mirror and toilet,462614,a bathroom with red walls a shower a sink mirror and toilet,0.003707,0
i2t,462614,A bathroom with white appliances and orange walls.,462614,A bathroom with white appliances and orange walls.,0.001204,0
i2t,462614,The interior layout of an average clean bathroom.,462614,The interior layout of an average clean bathroom.,0.000837,0
i2t,462614,"A bathroom with a sink, toilet, tub and shower head.",462614,"A bathroom with a sink, toilet, tub and shower head.",0.004194,0
i2t,462614,A bathroom with white fixtures and tile floor,462614,A bathroom with white fixtures and tile floor,0.003056,0
i2t,462614,"A bathroom has a shower, sink, and toilet in it.",462614,"A bathroom has a shower, sink, and toilet in it.",0.008543,0
i2t,462614,"A bathroom with a vanity with sink, mirror, toilet and tub.",462614,"A bathroom with a vanity with sink, mirror, toilet and tub.",0.005662,0
i2t,462614,A bathroom view with a toilet and picture frames inside a tub.,462614,A bathroom view with a toilet and picture frames inside a tub.,0.000414,0
i2t,462614,"A picture of a white bathroom with a sink,toilet and bathtub.",462614,"A picture of a white bathroom with a sink,toilet and bathtub.",0.002295,0
i2t,462614,An old and run down bathroom with dark red accent colors.,462614,An old and run down bathroom with dark red accent colors.,0.000350,0
i2t,462614,"A bathroom with a sink, tub, shower head and mirror.",462614,"A bathroom with a sink, tub, shower head and mirror.",0.001883,0
i2t,462614,"A bathroom containing a toilet, sink and bathtub with shower, with no accessories.",462614,"A bathroom containing a toilet, sink and bathtub with shower, with no accessories.",0.000973,0
i2t,462614,a vintage photo of a toilet sitting next to a shower,462614,a vintage photo of a toilet sitting next to a shower,0.000468,0
i2t,377723,A blue bus makes its way down a narrow city street.,377723,A blue bus makes its way down a narrow city street.,0.000531,0
i2t,377723,An empty city bus travels down a city street.,377723,An empty city bus travels down a city street.,0.001164,0
i2t,377723,A man standing in front of the open door of a bus.,377723,A man standing in front of the open door of a bus.,0.000198,0
i2t,377723,A white and blue buss driving on a cobblestone road.,377723,A white and blue buss driving on a cobblestone road.,0.000091,0
i2t,377723,A blue bus driving down a city street.,377723,A blue bus driving down a city street.,0.001839,0
i2t,377723,A large blue bus is driving down a crowded street.,377723,A large blue bus is driving down a crowded street.,0.002253,0
i2t,377723,A man walking towards a blue and white bus on street.,377723,A man walking towards a blue and white bus on street.,0.000120,0
i2t,377723,A city passenger bus stopping to take on passengers.,377723,A city passenger bus stopping to take on passengers.,0.000560,0
i2t,377723,An eco-friendly bus driving through a city intersection.,377723,An eco-friendly bus driving through a city intersection.,0.000430,0
i2t,377723,A large bus and some people on a city street.,377723,A large bus and some people on a city street.,0.000549,0
i2t,377723,A group of people standing next to a crosswalk.,377723,A group of people standing next to a crosswalk.,0.000269,0
i2t,377723,People crossing the street near a parked sightseeing bus.,377723,People crossing the street near a parked sightseeing bus.,0.000303,0
i2t,377723,People cross a crosswalk while a taxi and bus wait.,377723,People cross a crosswalk while a taxi and bus wait.,0.007835,0
i2t,377723,this is people standing in the sidewalk near a bus,377723,this is people standing in the sidewalk near a bus,0.000280,0
i2t,377723,A car stops while people cross in front of it.,377723,A car stops while people cross in front of it.,0.069883,0
i2t,377723,A group of people wait to cross an intersection.,377723,A group of people wait to cross an intersection.,0.000366,0
i2t,377723,People stand on the sidewalk waiting for the bus to come.,377723,People stand on the sidewalk waiting for the bus to come.,0.018505,0
i2t,377723,People crossing a street in front of a taxi and tour bus.,377723,People crossing a street in front of a taxi and tour bus.,0.000643,0
i2t,377723,A city street with people crossing in front of a taxi,377723,A city street with people crossing in front of a taxi,0.000859,0
i2t,377723,Pedestrians crossing a street between buses and cars.,377723,Pedestrians crossing a street between buses and cars.,0.003672,0
i2t,377723,a bus stops to pick up some passengers,377723,a bus stops to pick up some passengers,0.586190,1
i2t,377723,People line up to take a city bus.,377723,People line up to take a city bus.,0.105500,0
i2t,377723,a bus stops to load and unload passengers,377723,a bus stops to load and unload passengers,0.461217,0
i2t,377723,Elderly women debark a bus at a station.,377723,Elderly women debark a bus at a station.,0.082368,0
i2t,377723,group of people waiting to get onto a bus in the city,377723,group of people waiting to get onto a bus in the city,0.028719,0
i2t,377723,A bus full of happy tourists drives down the street.,377723,A bus full of happy tourists drives down the street.,0.024469,0
i2t,377723,A stopped bus pulled up to the bus stop,377723,A stopped bus pulled up to the bus stop,0.002044,0
i2t,377723,A group of people begin boarding a touring bus.,377723,A group of people begin boarding a touring bus.,0.007830,0
i2t,377723,a group of people waiting for the metro bus,377723,a group of people waiting for the metro bus,0.013508,0
i2t,377723,A bus sits diagonal from the curb next to a building and people.,377723,A bus sits diagonal from the curb next to a building and people.,0.000457,0
i2t,377723,A group of people in blue jackets boarding a long white bus.,377723,A group of people in blue jackets boarding a long white bus.,0.000145,0
i2t,377723,A blue bus picking up a load of people.,377723,A blue bus picking up a load of people.,0.000333,0
i2t,377723,A group of people walking down a city street near a bus.,377723,A group of people walking down a city street near a bus.,0.000568,0
i2t,377723,A bus parked along the side of a busy street.,377723,A bus parked along the side of a busy street.,0.000289,0
i2t,377723,Many people are waiting for a bus at the bus terminal.,377723,Many people are waiting for a bus at the bus terminal.,0.000415,0
i2t,377723,people walking towards a parked bus on the street,377723,people walking towards a parked bus on the street,0.002044,0
i2t,377723,The bus stopped at the bus stop and people are getting in.,377723,The bus stopped at the bus stop and people are getting in.,0.000355,0
i2t,377723,A bunch of people who are standing outside a bus.,377723,A bunch of people who are standing outside a bus.,0.000641,0
i2t,377723,A city road with buses and people on the sidewalk,377723,A city road with buses and people on the sidewalk,0.000194,0
i2t,377723,A group of people standing outside of a bus.,377723,A group of people standing outside of a bus.,0.000272,0
i2t,377723,People are boarding a bus parked at a stop.,377723,People are boarding a bus parked at a stop.,0.001111,0
i2t,377723,"A bus stopped at a bus stop, letting people board.",377723,"A bus stopped at a bus stop, letting people board.",0.001107,0
i2t,18837,a man is sitting on top of a green truck,18837,a man is sitting on top of a green truck,0.000044,0
i2t,18837,A green utility truck is parked on a street while a man climbs inside.,18837,A green utility truck is parked on a street while a man climbs inside.,0.000041,0
i2t,18837,some people sitting on top of a green truck as another man tries to get in it,18837,some people sitting on top of a green truck as another man tries to get in it,0.000041,0
i2t,18837,A large group of men traveling on the back of a truck.,18837,A large group of men traveling on the back of a truck.,0.000029,0
i2t,18837,Street cleaners are taking a rest from work.,18837,Street cleaners are taking a rest from work.,0.001222,0
i2t,18837,A large green bus and people on a motor bike.,18837,A large green bus and people on a motor bike.,0.000030,0
i2t,18837,a man leaning over the back of a truck in front of buildings,18837,a man leaning over the back of a truck in front of buildings,0.000028,0
i2t,18837,A group of men are riding in the back of a dump truck.,18837,A group of men are riding in the back of a dump truck.,0.000038,0
i2t,18837,Sanitation trucks on roadway in large city area.,18837,Sanitation trucks on roadway in large city area.,0.000156,0
i2t,18837,A group of people in the back of a dump-truck.,18837,A group of people in the back of a dump-truck.,0.000033,0
i2t,18837,A large truck on a city street with two works sitting on top and one worker climbing in through door.,18837,A large truck on a city street with two works sitting on top and one worker climbing in through door.,0.000164,0
i2t,18837,There are man lining the sides of the dumb truck.,18837,There are man lining the sides of the dumb truck.,0.000206,0
i2t,18837,A car and a large truck on a city street.,18837,A car and a large truck on a city street.,0.000033,0
i2t,18837,The ma is trying to tow a smaller truck.,18837,The ma is trying to tow a smaller truck.,0.000127,0
i2t,18837,two males a truck some cars and trees,18837,two males a truck some cars and trees,0.000069,0
i2t,18837,A car and a truck on a city street.,18837,A car and a truck on a city street.,0.000034,0
i2t,18837,A couple of men standing next to a truck.,18837,A couple of men standing next to a truck.,0.000048,0
i2t,18837,A truck transports another tiny truck on its tow.,18837,A truck transports another tiny truck on its tow.,0.000277,0
i2t,18837,A dump truck with a dumpster on the back,18837,A dump truck with a dumpster on the back,0.000148,0
i2t,18837,Garbage and police trucks on a city street,18837,Garbage and police trucks on a city street,0.000043,0
i2t,18837,A photo of a green truck parked in grass.,18837,A photo of a green truck parked in grass.,0.000030,0
i2t,18837,A truck painted green with designs parked by other vehicles.,18837,A truck painted green with designs parked by other vehicles.,0.000020,0
i2t,18837,A utility truck is parked in the street beside traffic cones.,18837,A utility truck is parked in the street beside traffic cones.,0.000028,0
i2t,18837,Blue truck rolling down the side of a city street.,18837,Blue truck rolling down the side of a city street.,0.000037,0
i2t,18837,A group of motorists pass very large buildings in asia.,18837,A group of motorists pass very large buildings in asia.,0.000020,0
i2t,18837,A truck that is sitting in the street.,18837,A truck that is sitting in the street.,0.000115,0
i2t,18837,A truck loaded with cargo slowly creeps down the street.,18837,A truck loaded with cargo slowly creeps down the street.,0.000064,0
i2t,18837,Large work trucks sitting on the side of the street.,18837,Large work trucks sitting on the side of the street.,0.000023,0
i2t,18837,A white dump truck is going around a corner.,18837,A white dump truck is going around a corner.,0.000031,0
i2t,18837,An orange truck driving down a street full of men in the back.,18837,An orange truck driving down a street full of men in the back.,0.000040,0
i2t,18837,a blue rubbish removal truck and two vehicles behind it,18837,a blue rubbish removal truck and two vehicles behind it,0.000050,0
i2t,18837,a big truck going around a curb,18837,a big truck going around a curb,0.001437,0
i2t,18837,a truck on a street next to a building,18837,a truck on a street next to a building,0.000055,0
i2t,18837,a truck with an open door and two people sitting on top,18837,a truck with an open door and two people sitting on top,0.000071,0
i2t,18837,A green bus with a smaller bus sitting on top of it.,18837,A green bus with a smaller bus sitting on top of it.,0.000032,0
i2t,18837,A green bus with people driving on a city street.,18837,A green bus with people driving on a city street.,0.000032,0
i2t,8532,A smiling man in a hat is wearing sunglasses.,8532,A smiling man in a hat is wearing sunglasses.,0.000755,0
i2t,8532,"A guy wearing glasses, a red shirt and a tie.",8532,"A guy wearing glasses, a red shirt and a tie.",0.000580,0
i2t,8532,"A man with a plaid hat, tie, dress shirt and glasses on.",8532,"A man with a plaid hat, tie, dress shirt and glasses on.",0.000720,0
i2t,8532,A man that has glasses and a hat.,8532,A man that has glasses and a hat.,0.001793,0
i2t,8532,"A man wearing red shirt, tie and glasses.",8532,"A man wearing red shirt, tie and glasses.",0.000786,0
i2t,8532,A man with glasses and wearing a tie poses for a profile picture.,8532,A man with glasses and wearing a tie poses for a profile picture.,0.000701,0
i2t,8532,A man wearing glasses and a green tie,8532,A man wearing glasses and a green tie,0.002276,0
i2t,8532,A man has a checked shirt and striped tie.,8532,A man has a checked shirt and striped tie.,0.001743,0
i2t,8532,a man in a blue shirt and red tie,8532,a man in a blue shirt and red tie,0.116916,0
i2t,8532,Man wearing a blue shirt and pink tie posing for a picture sitting by a window.,8532,Man wearing a blue shirt and pink tie posing for a picture sitting by a window.,0.000517,0
i2t,8532,A man wearing eyeglasses dressed in a shirt and tie.,8532,A man wearing eyeglasses dressed in a shirt and tie.,0.001232,0
i2t,8532,A man wearing a red hat and a suit and tie.,8532,A man wearing a red hat and a suit and tie.,0.000923,0
i2t,8532,A view of a man wearing a casual shirt and tie.,8532,A view of a man wearing a casual shirt and tie.,0.004665,0
i2t,8532,A man with a hat and a tie standing.,8532,A man with a hat and a tie standing.,0.002301,0
i2t,8532,A man wearing a red tie with his long sleeve shirt and pants,8532,A man wearing a red tie with his long sleeve shirt and pants,0.003016,0
i2t,8532,Stylish man looking into camera with blurred background,8532,Stylish man looking into camera with blurred background,0.039097,0
i2t,8532,Man with terrible glasses and a horrible lip ring.,8532,Man with terrible glasses and a horrible lip ring.,0.496425,0
i2t,8532,A young bald man dressed sharply smiles happily,8532,A young bald man dressed sharply smiles happily,0.024890,0
i2t,8532,Not really a good choice for this shirt and tie combination.,8532,Not really a good choice for this shirt and tie combination.,0.030959,0
i2t,8532,"Man posed in flashy clothes, with hat and sunglasses.",8532,"Man posed in flashy clothes, with hat and sunglasses.",0.006222,0
i2t,8532,A man in large sunglasses and a lose tie,8532,A man in large sunglasses and a lose tie,0.196776,0
i2t,8532,This man has several injuries on his face.,8532,This man has several injuries on his face.,0.460096,0
i2t,8532,A professionally dressed man poses for the camera.,8532,A professionally dressed man poses for the camera.,0.004152,0
i2t,8532,A man wearing a blue blazer is also wearing a red hat.,8532,A man wearing a blue blazer is also wearing a red hat.,0.000092,0
i2t,8532,A man in a suit and tie wearing a hat.,8532,A man in a suit and tie wearing a hat.,0.001610,0
i2t,8532,A man wearing a collar shirt with a blue tie,8532,A man wearing a collar shirt with a blue tie,0.008785,0
i2t,8532,A man dressed in a shirt and tie standing in a lobby.,8532,A man dressed in a shirt and tie standing in a lobby.,0.001599,0
i2t,8532,A man wearing a shirt and a pixilated looking neck tie.,8532,A man wearing a shirt and a pixilated looking neck tie.,0.002176,0
i2t,8532,A close-up picture of a man wearing a tie.,8532,A close-up picture of a man wearing a tie.,0.003990,0
i2t,8532,A middle aged man dressed in a blue suit smiling at the camera.,8532,A middle aged man dressed in a blue suit smiling at the camera.,0.016141,0
i2t,8532,A portrait picture of a young man in a suit and tie.,8532,A portrait picture of a young man in a suit and tie.,0.001432,0
i2t,8532,A young man wearing a tie and sunglasses is looking away.,8532,A young man wearing a tie and sunglasses is looking away.,0.001327,0
i2t,8532,a man with a beard and a gray shirt and tie,8532,a man with a beard and a gray shirt and tie,0.009797,0
i2t,8532,"A picture of a man wearing a suit, hat, and sunglasses.",8532,"A picture of a man wearing a suit, hat, and sunglasses.",0.002058,0
i2t,8532,A man in glasses and a light up tie.,8532,A man in glasses and a light up tie.,0.000985,0
i2t,8532,A man wearing sunglasses and a black hat.,8532,A man wearing sunglasses and a black hat.,0.001461,0
i2t,8532,A man with a top hat and a red tie.,8532,A man with a top hat and a red tie.,0.001854,0
i2t,176778,"A bathroom with a toilet, bathtub, and a cat in a bathroom.",176778,"A bathroom with a toilet, bathtub, and a cat in a bathroom.",0.000292,0
i2t,176778,A toilet and a bathtub in a bathroom with a cat next to it,176778,A toilet and a bathtub in a bathroom with a cat next to it,0.000095,0
i2t,176778,A cat in a bathroom with a tub and a toilet.,176778,A cat in a bathroom with a tub and a toilet.,0.000116,0
i2t,176778,A white toilet sits next to a bath tub.,176778,A white toilet sits next to a bath tub.,0.000079,0
i2t,176778,a bath tub with a toilet beside it,176778,a bath tub with a toilet beside it,0.000090,0
i2t,176778,A cat standing next to a white toilet near a bath tub.,176778,A cat standing next to a white toilet near a bath tub.,0.000074,0
i2t,176778,a close up of a toilet and a bath tub with toys,176778,a close up of a toilet and a bath tub with toys,0.000044,0
i2t,176778,"A bathroom containing a toilet, sink and bathtub with shower, with no accessories.",176778,"A bathroom containing a toilet, sink and bathtub with shower, with no accessories.",0.000041,0
i2t,176778,"Compact bathroom area, tub, toilet, magazine area and sink.",176778,"Compact bathroom area, tub, toilet, magazine area and sink.",0.000129,0
i2t,176778,A toilet and bathtub in a dark room with abnormal plumbing.,176778,A toilet and bathtub in a dark room with abnormal plumbing.,0.000025,0
i2t,176778,A cat sitting on a toilet in a bathroom,176778,A cat sitting on a toilet in a bathroom,0.000101,0
i2t,176778,a cat that is standing on a toilet and next to a sink,176778,a cat that is standing on a toilet and next to a sink,0.000079,0
i2t,176778,a cat is standing up to a white toilet,176778,a cat is standing up to a white toilet,0.000089,0
i2t,176778,A cat sitting on the edge of the toilet looking toward the open bathroom door.,176778,A cat sitting on the edge of the toilet looking toward the open bathroom door.,0.000043,0
i2t,176778,a little red tabke with a plate on it in the bathroom,176778,a little red tabke with a plate on it in the bathroom,0.000049,0
i2t,176778,A cat pears into the bowl of a toilet.,176778,A cat pears into the bowl of a toilet.,0.000059,0
i2t,176778,Cat messing around in the white bathtub.,176778,Cat messing around in the white bathtub.,0.000721,0
i2t,176778,A cat sits on the edge of a toilet.,176778,A cat sits on the edge of a toilet.,0.000037,0
i2t,176778,A picture of the photographer sitting on the toilet,176778,A picture of the photographer sitting on the toilet,0.050588,0
i2t,176778,A small cat sits on top of a white toilet missing its seat in a bathroom.,176778,A small cat sits on top of a white toilet missing its seat in a bathroom.,0.000055,0
i2t,176778,A white toilet sitting next to a white bath tub.,176778,A white toilet sitting next to a white bath tub.,0.000083,0
i2t,176778,A white bath tub sitting next to a toilet.,176778,A white bath tub sitting next to a toilet.,0.000067,0
i2t,176778,Blue toilet in center of shot with tile floor.,176778,Blue toilet in center of shot with tile floor.,0.000041,0
i2t,176778,A cat sitting on the back of a toilet bowl with no tank.,176778,A cat sitting on the back of a toilet bowl with no tank.,0.000036,0
i2t,176778,A cat sits on top of a toilet bowl.,176778,A cat sits on top of a toilet bowl.,0.000048,0
i2t,176778,A cat is laying on a toilet seat,176778,A cat is laying on a toilet seat,0.000029,0
i2t,176778,A cat laying on a toilet seat with its paws inside .,176778,A cat laying on a toilet seat with its paws inside .,0.000026,0
i2t,176778,A toilet sits next to a bathtub in an empty bathroom.,176778,A toilet sits next to a bathtub in an empty bathroom.,0.000062,0
i2t,38048,A red fire hydrant is standing on a sidewalk.,38048,A red fire hydrant is standing on a sidewalk.,0.001738,0
i2t,38048,A white fire hydrant stand on a side walk.,38048,A white fire hydrant stand on a side walk.,0.000230,0
i2t,38048,A dog is tied to a fire hydrant.,38048,A dog is tied to a fire hydrant.,0.000138,0
i2t,38048,a brown dog with a collar sniffing a red fire hydrant,38048,a brown dog with a collar sniffing a red fire hydrant,0.001281,0
i2t,38048,A white fire hydrant sitting on a sidewalk.,38048,A white fire hydrant sitting on a sidewalk.,0.000218,0
i2t,38048,A red and silver fire hydrant sitting on top of a sidewalk.,38048,A red and silver fire hydrant sitting on top of a sidewalk.,0.000936,0
i2t,38048,A fire hydrant is standing on a sidewalk with a person walking by.,38048,A fire hydrant is standing on a sidewalk with a person walking by.,0.000325,0
i2t,38048,a dog sniffing a red fire hydrant near grass,38048,a dog sniffing a red fire hydrant near grass,0.000166,0
i2t,38048,A dog sitting with his leash tied to a fire hydrant,38048,A dog sitting with his leash tied to a fire hydrant,0.000070,0
i2t,38048,A diminutive fire hydrant rising though a suburban sidewalk.,38048,A diminutive fire hydrant rising though a suburban sidewalk.,0.000107,0
i2t,38048,THERE IS A WOMAN WALKING THE SIDE WALK,38048,THERE IS A WOMAN WALKING THE SIDE WALK,0.000425,0
i2t,38048,People walking on sidewalk with yellow fire hydrant nearby,38048,People walking on sidewalk with yellow fire hydrant nearby,0.000822,0
i2t,38048,A red fire hydrant is on the sidewalk next to a sign.,38048,A red fire hydrant is on the sidewalk next to a sign.,0.000638,0
i2t,38048,A street sign and fire hydrant sit next to a sidewalk,38048,A street sign and fire hydrant sit next to a sidewalk,0.000348,0
i2t,38048,a fire hyrdant sitting on the sidewalk next to the road,38048,a fire hyrdant sitting on the sidewalk next to the road,0.000630,0
i2t,38048,a small group of people on a side walk next to a street sign,38048,a small group of people on a side walk next to a street sign,0.000123,0
i2t,38048,A hydrant is shown on the side of the walkway.,38048,A hydrant is shown on the side of the walkway.,0.000436,0
i2t,38048,A sidewalk grass median with a street sign and a fire hydrant.,38048,A sidewalk grass median with a street sign and a fire hydrant.,0.000204,0
i2t,38048,a fire hydrgen that is next to a street,38048,a fire hydrgen that is next to a street,0.029699,0
i2t,38048,A long fire plug stands some distance away from the building.,38048,A long fire plug stands some distance away from the building.,0.005328,0
i2t,38048,"Patchy lawn, a road sign and a fire hydrant",38048,"Patchy lawn, a road sign and a fire hydrant",0.051359,0
i2t,38048,The subject of this photo is a fire plug on a city street.,38048,The subject of this photo is a fire plug on a city street.,0.000689,0
i2t,38048,A red fire hydrant on a city sidewalk.,38048,A red fire hydrant on a city sidewalk.,0.001020,0
i2t,38048,Red fire hydrant on a curb by a street.,38048,Red fire hydrant on a curb by a street.,0.000923,0
i2t,38048,a fire hydrant with a face drawn on the front,38048,a fire hydrant with a face drawn on the front,0.006484,0
i2t,38048,A red fire hydrant with a face drawn on it's side.,38048,A red fire hydrant with a face drawn on it's side.,0.003481,0
i2t,38048,A bused fire hydrant sitting on top of a sidewalk next to a street.,38048,A bused fire hydrant sitting on top of a sidewalk next to a street.,0.001813,0
i2t,38048,A fire hydrant on the side of a street.,38048,A fire hydrant on the side of a street.,0.000541,0
i2t,38048,A fire hydrant and a street sign are on the side of a street.,38048,A fire hydrant and a street sign are on the side of a street.,0.000583,0
i2t,38048,A red fire hydrant on a street corner near a sign,38048,A red fire hydrant on a street corner near a sign,0.000599,0
i2t,38048,A fire hydrant with several outlets on it by a street side.,38048,A fire hydrant with several outlets on it by a street side.,0.000388,0
i2t,38048,a red and black fire hydrant sitting next to a crosswalk,38048,a red and black fire hydrant sitting next to a crosswalk,0.000215,0
i2t,38048,A red fire hydrant is on a crosswalk intersection.,38048,A red fire hydrant is on a crosswalk intersection.,0.000284,0
i2t,38048,A red fire hydrant on the right side of a road.,38048,A red fire hydrant on the right side of a road.,0.000457,0
i2t,38048,A red fire hydrant sitting on the side of a road.,38048,A red fire hydrant sitting on the side of a road.,0.001841,0
i2t,38048,A red and yellow fire hydrant sitting on the side of a road.,38048,A red and yellow fire hydrant sitting on the side of a road.,0.000612,0
i2t,38048,A close of a red fire hydrant next to a road.,38048,A close of a red fire hydrant next to a road.,0.001708,0
i2t,38048,A red fire hydrant embedded in a city sidewalk.,38048,A red fire hydrant embedded in a city sidewalk.,0.000969,0
i2t,38048,The red and white fire hydrant is embedded in the street.,38048,The red and white fire hydrant is embedded in the street.,0.000202,0
i2t,38048,A red fire hydrant sitting on a sidewalk.,38048,A red fire hydrant sitting on a sidewalk.,0.001228,0
i2t,1490,"Black and white of a person wearing a wetsuit standing on a surfboard and holding out a paddle, in a large body of water outside.",1490,"Black and white of a person wearing a wetsuit standing on a surfboard and holding out a paddle, in a large body of water outside.",0.000397,0
i2t,1490,A man in black wetsuit riding surfboard on top of water.,1490,A man in black wetsuit riding surfboard on top of water.,0.000095,0
i2t,1490,A man in a wet suit stands on a surfboard and rows with a paddle.,1490,A man in a wet suit stands on a surfboard and rows with a paddle.,0.000089,0
i2t,1490,"A paddle boarder on a large, still body of water.",1490,"A paddle boarder on a large, still body of water.",0.000117,0
i2t,1490,A girl in black wet suit riding on a surfboard.,1490,A girl in black wet suit riding on a surfboard.,0.000056,0
i2t,1490,a person riding a surf board on a body of water,1490,a person riding a surf board on a body of water,0.000407,0
i2t,1490,A man laying flat on a surfboard paddling through the water,1490,A man laying flat on a surfboard paddling through the water,0.000077,0
i2t,1490,this is a man riding a board in the water,1490,this is a man riding a board in the water,0.000368,0
i2t,1490,A person on a surfboard on the water.,1490,A person on a surfboard on the water.,0.000167,0
i2t,1490,Single paddle boarder walking on the shore of a beach.,1490,Single paddle boarder walking on the shore of a beach.,0.000089,0
i2t,1490,Individual is doing something at the moment that is intriguing.,1490,Individual is doing something at the moment that is intriguing.,0.001039,0
i2t,1490,The man in swim gear is dealing with his object,1490,The man in swim gear is dealing with his object,0.000426,0
i2t,1490,Something sticking out of the body of water.,1490,Something sticking out of the body of water.,0.001179,0
i2t,1490,THERE IS A PERSON ON THE BEACH,1490,THERE IS A PERSON ON THE BEACH,0.010327,0
i2t,1490,A person that is going out in the water.,1490,A person that is going out in the water.,0.003907,0
i2t,1490,An individual is capture in the stillness of the picture.,1490,An individual is capture in the stillness of the picture.,0.000189,0
i2t,1490,An individual enjoying itself on a sunny day,1490,An individual enjoying itself on a sunny day,0.000178,0
i2t,1490,a man on a surf board stands in shallow water,1490,a man on a surf board stands in shallow water,0.000127,0
i2t,1490,A wild rides the waves on his surfboard.,1490,A wild rides the waves on his surfboard.,0.001813,0
i2t,1490,A man holds on tight as he rides across the water.,1490,A man holds on tight as he rides across the water.,0.000569,0
i2t,1490,A man is holding a long racquet on a surfboard in the middle of the sea.,1490,A man is holding a long racquet on a surfboard in the middle of the sea.,0.000073,0
i2t,1490,A surfer heads out towards the waves with his board.,1490,A surfer heads out towards the waves with his board.,0.000093,0
i2t,1490,A lone surfer carries his board next to the shore.,1490,A lone surfer carries his board next to the shore.,0.000045,0
i2t,1490,guy with helmet on bicycle at beach,1490,guy with helmet on bicycle at beach,0.124678,0
i2t,1490,A person that is standing on a surfboard in the water.,1490,A person that is standing on a surfboard in the water.,0.000348,0
i2t,1490,A man that is standing on a surfboard in the water.,1490,A man that is standing on a surfboard in the water.,0.000266,0
i2t,1490,A person standing on a surfboard in the water.,1490,A person standing on a surfboard in the water.,0.000221,0
i2t,1490,A man with a wet suit on standing on a surfboard in the water.,1490,A man with a wet suit on standing on a surfboard in the water.,0.000149,0
i2t,1490,a person is on a surfboard in the water,1490,a person is on a surfboard in the water,0.000381,0
i2t,1490,A man that is standing in the water near a wind surfboard.,1490,A man that is standing in the water near a wind surfboard.,0.000214,0
i2t,1490,a man standing at the beach with a surfboard and a paddle,1490,a man standing at the beach with a surfboard and a paddle,0.000064,0
i2t,1490,A man is on his surfboard in the water.,1490,A man is on his surfboard in the water.,0.000117,0
i2t,1490,A man that is on a surfboard in the water.,1490,A man that is on a surfboard in the water.,0.000236,0
i2t,1490,A man on a surfboard that is in the water.,1490,A man on a surfboard that is in the water.,0.000215,0
i2t,1490,A person using a surfboard in a large body of water.,1490,A person using a surfboard in a large body of water.,0.000168,0
i2t,1490,A man riding a kiteboard over the ocean under a gray sky.,1490,A man riding a kiteboard over the ocean under a gray sky.,0.000064,0
i2t,94336,A calico cat standing upon a bathroom sink.,94336,A calico cat standing upon a bathroom sink.,0.000308,0
i2t,94336,A cat sitting in a bathroom sink under a faucet.,94336,A cat sitting in a bathroom sink under a faucet.,0.000697,0
i2t,94336,A calico cat drinking from a sink faucet.,94336,A calico cat drinking from a sink faucet.,0.000204,0
i2t,94336,A yellow cat sits in a small sink.,94336,A yellow cat sits in a small sink.,0.000181,0
i2t,94336,A cat is sitting inside of a bathroom sink.,94336,A cat is sitting inside of a bathroom sink.,0.001170,0
i2t,94336,THERE IS A CAT THAT IS IN THE SINK,94336,THERE IS A CAT THAT IS IN THE SINK,0.000499,0
i2t,94336,a small cat sits inside of a bathroom sink,94336,a small cat sits inside of a bathroom sink,0.000783,0
i2t,94336,A cat sits in a bathroom sink while looking outward.,94336,A cat sits in a bathroom sink while looking outward.,0.000510,0
i2t,94336,A cute cat laying down in a sink.,94336,A cute cat laying down in a sink.,0.000131,0
i2t,94336,A large cat sitting in a bathroom sink under a mirror.,94336,A large cat sitting in a bathroom sink under a mirror.,0.000898,0
i2t,94336,A cat idly looks by on top of a sink,94336,A cat idly looks by on top of a sink,0.000192,0
i2t,94336,A cat sitting in a bathroom sink next to a mirror.,94336,A cat sitting in a bathroom sink next to a mirror.,0.000575,0
i2t,94336,a cat sitting in the sink in the bathroom,94336,a cat sitting in the sink in the bathroom,0.000551,0
i2t,94336,close up of a cat sitting in a bathroom sink,94336,close up of a cat sitting in a bathroom sink,0.001253,0
i2t,94336,A cat is staring while sitting in a sink.,94336,A cat is staring while sitting in a sink.,0.000381,0
i2t,94336,This is someones sink in their bathroom in their home.,94336,This is someones sink in their bathroom in their home.,0.000481,0
i2t,94336,a cat laying in a bathroom sink while looking at the camera,94336,a cat laying in a bathroom sink while looking at the camera,0.000289,0
i2t,94336,Kitten looking puzzled sitting in a bathroom sink,94336,Kitten looking puzzled sitting in a bathroom sink,0.014147,0
i2t,94336,A striped cat is laying on the sink and looking at the camera.,94336,A striped cat is laying on the sink and looking at the camera.,0.000050,0
i2t,94336,Grey and white cat sitting in a small sink.,94336,Grey and white cat sitting in a small sink.,0.000177,0
i2t,94336,Black cat with green eyes sitting in a bathroom sink.,94336,Black cat with green eyes sitting in a bathroom sink.,0.000140,0
i2t,94336,A cat stands in a white bathroom sink.,94336,A cat stands in a white bathroom sink.,0.000636,0
i2t,94336,A black cat is sitting in a bathroom sink.,94336,A black cat is sitting in a bathroom sink.,0.000344,0
i2t,94336,A black cat sits in a white bathroom sink.,94336,A black cat sits in a white bathroom sink.,0.000275,0
i2t,532129,A close up of a pizza pie sitting on a table.,532129,A close up of a pizza pie sitting on a table.,0.011402,0
i2t,532129,A close-up of a cheese pizza on a wooden table.,532129,A close-up of a cheese pizza on a wooden table.,0.000675,0
i2t,532129,A close up of a cheese pizza on a plate.,532129,A close up of a cheese pizza on a plate.,0.004805,0
i2t,532129,a close up of a pizza on a wooden table,532129,a close up of a pizza on a wooden table,0.004606,0
i2t,532129,A pizza placed on a white plate on a wooden table.,532129,A pizza placed on a white plate on a wooden table.,0.001573,0
i2t,532129,A pepperoni pizza sitting on top of a white plate.,532129,A pepperoni pizza sitting on top of a white plate.,0.003008,0
i2t,532129,A closeup of a pizza on a plate.,532129,A closeup of a pizza on a plate.,0.009283,0
i2t,532129,A pizza with lots of cheese on a flat brown surface.,532129,A pizza with lots of cheese on a flat brown surface.,0.000519,0
i2t,532129,A large pizza on a white plate sitting on a blue table.,532129,A large pizza on a white plate sitting on a blue table.,0.003587,0
i2t,532129,a pizza on a white plate on a wooden table,532129,a pizza on a white plate on a wooden table,0.002174,0
i2t,532129,A cheese pizza sitting on top of white paper and a large plate.,532129,A cheese pizza sitting on top of white paper and a large plate.,0.004947,0
i2t,532129,A slice of pizza that is on top of a napkin.,532129,A slice of pizza that is on top of a napkin.,0.010191,0
i2t,532129,a pepperoni pizza laying on a white piece of parchment paper,532129,a pepperoni pizza laying on a white piece of parchment paper,0.000241,0
i2t,532129,The pizza looks like it was ordered with extra cheese.,532129,The pizza looks like it was ordered with extra cheese.,0.004329,0
i2t,532129,The pizza is cheesey wiith peporoni for the topping,532129,The pizza is cheesey wiith peporoni for the topping,0.001907,0
i2t,532129,A couple of slices of pizza sitting on white paper.,532129,A couple of slices of pizza sitting on white paper.,0.005793,0
i2t,532129,A cheese pizza pie is in the serving dish on the counter.,532129,A cheese pizza pie is in the serving dish on the counter.,0.003479,0
i2t,532129,The pizza has been cut into tiny square pieces.,532129,The pizza has been cut into tiny square pieces.,0.000726,0
i2t,532129,a small pizza on a paper plate,532129,a small pizza on a paper plate,0.008093,0
i2t,532129,A personal pizza on table in restaurant,532129,A personal pizza on table in restaurant,0.218857,0
i2t,532129,I want the pizza that has extra cheese on it.,532129,I want the pizza that has extra cheese on it.,0.311626,0
i2t,532129,A whole freshly made pizza in a restaurant.,532129,A whole freshly made pizza in a restaurant.,0.004225,0
i2t,532129,a large cheesy pizza on a wooden counter,532129,a large cheesy pizza on a wooden counter,0.000695,0
i2t,532129,Pizza are on display for the hungry diners,532129,Pizza are on display for the hungry diners,0.166402,0
i2t,532129,A home made pizza with pepperoni and sausage.,532129,A home made pizza with pepperoni and sausage.,0.002924,0
i2t,532129,a pizza on a pan cut into squares,532129,a pizza on a pan cut into squares,0.002835,0
i2t,532129,Someone ordered a piece of pizza for dinner that does not have much cheese on it,532129,Someone ordered a piece of pizza for dinner that does not have much cheese on it,0.001092,0
i2t,532129,Pizza on a table at an outdoor restaurant at night,532129,Pizza on a table at an outdoor restaurant at night,0.002576,0
i2t,532129,A pizza pie sits in a dish on a table.,532129,A pizza pie sits in a dish on a table.,0.013434,0
i2t,532129,A large cheese pizza being served to customers.,532129,A large cheese pizza being served to customers.,0.002168,0
i2t,532129,A silver pan topped with pepperoni pizza on a table.,532129,A silver pan topped with pepperoni pizza on a table.,0.000628,0
i2t,532129,The personal sized pizza is on a table in the restaurant full of people.,532129,The personal sized pizza is on a table in the restaurant full of people.,0.002457,0
i2t,532129,Chicago style deep dish pizza with tomato sauce and sausage.,532129,Chicago style deep dish pizza with tomato sauce and sausage.,0.001404,0
i2t,532129,"A pizza that is sitting on a plate, on a table.",532129,"A pizza that is sitting on a plate, on a table.",0.013804,0
i2t,532129,A pizza sitting on top of a white plate with lots of toppings.,532129,A pizza sitting on top of a white plate with lots of toppings.,0.006271,0
i2t,532129,A pizza sitting on top of a white plate on a kitchen table.,532129,A pizza sitting on top of a white plate on a kitchen table.,0.007907,0
i2t,532129,A pizza with toppings served on a plate,532129,A pizza with toppings served on a plate,0.005371,0
i2t,532129,A pizza sitting on top of a pizza box covered in cheese.,532129,A pizza sitting on top of a pizza box covered in cheese.,0.003615,0
i2t,532129,A large slice of pizza with cheese and marinara sauce on a plate.,532129,A large slice of pizza with cheese and marinara sauce on a plate.,0.001784,0
i2t,532129,a pizza on a plate on a table,532129,a pizza on a plate on a table,0.040150,0
i2t,532129,Cheese pizza is sliced into small pieces on a plate.,532129,Cheese pizza is sliced into small pieces on a plate.,0.005158,0
i2t,532129,A white plate topped with a pizza and cheese.,532129,A white plate topped with a pizza and cheese.,0.005969,0
i2t,532129,A very large pizza covered in cheese and toppings.,532129,A very large pizza covered in cheese and toppings.,0.001124,0
i2t,214224,"a home bar with different drink ingredients under a large decorative sign saying, ""PUB"".",214224,"a home bar with different drink ingredients under a large decorative sign saying, ""PUB"".",0.003270,0
i2t,214224,"A sign with the word ""Pub"" hangs above several liquor bottles.",214224,"A sign with the word ""Pub"" hangs above several liquor bottles.",0.001002,0
i2t,214224,A sign with the word pub sits on a wall and underneath it on a table is a blender and three bottles of variety of alcohol and some flavoring.,214224,A sign with the word pub sits on a wall and underneath it on a table is a blender and three bottles of variety of alcohol and some flavoring.,0.002564,0
i2t,214224,A pub sign for a small home bar has a crooked letter.,214224,A pub sign for a small home bar has a crooked letter.,0.000224,0
i2t,214224,A blender sitting next to bottles of booze under a sign that reads PUB.,214224,A blender sitting next to bottles of booze under a sign that reads PUB.,0.000387,0
i2t,214224,A couple of stools are in front of a kitchen bar,214224,A couple of stools are in front of a kitchen bar,0.001294,0
i2t,214224,A wooden table holding multiple beers and a plate of food with pizza on it.,214224,A wooden table holding multiple beers and a plate of food with pizza on it.,0.000043,0
i2t,214224,Bar stools at a bar separating a dining area from a kitchen.,214224,Bar stools at a bar separating a dining area from a kitchen.,0.000083,0
i2t,214224,A beer sits untouched on a table with other food,214224,A beer sits untouched on a table with other food,0.000169,0
i2t,214224,"A shady spot for cold drinks, including beer in glass bottles.",214224,"A shady spot for cold drinks, including beer in glass bottles.",0.003222,0
i2t,214224,A bunch of items that are on a counter.,214224,A bunch of items that are on a counter.,0.002216,0
i2t,214224,A table topped with blenders and bottles of alcohol and cups.,214224,A table topped with blenders and bottles of alcohol and cups.,0.002746,0
i2t,214224,A blender with margarita ingredients on a table with coolers and a keg.,214224,A blender with margarita ingredients on a table with coolers and a keg.,0.000271,0
i2t,214224,The ingredients are on the kitchen counter next to the blender.,214224,The ingredients are on the kitchen counter next to the blender.,0.000577,0
i2t,214224,A pile of different ingredients sitting next to a metal blender.,214224,A pile of different ingredients sitting next to a metal blender.,0.000248,0
i2t,214224,Various items sit on top of tables and counters.,214224,Various items sit on top of tables and counters.,0.000803,0
i2t,214224,Blender on a counter with alcohol and a lime.,214224,Blender on a counter with alcohol and a lime.,0.000182,0
i2t,214224,The batting line up is pinned on the fridge so everyone can see it,214224,The batting line up is pinned on the fridge so everyone can see it,0.025367,0
i2t,214224,Kitchen utensils and appliances have been left unattended,214224,Kitchen utensils and appliances have been left unattended,0.082226,0
i2t,214224,cereal and juice are placed on top of a fridge,214224,cereal and juice are placed on top of a fridge,0.010161,0
i2t,214224,The decor in this house is out of date.,214224,The decor in this house is out of date.,0.011600,0
i2t,214224,"Not the biggest workspace in the world, but it works",214224,"Not the biggest workspace in the world, but it works",0.051566,0
i2t,214224,"Bottles, and glasses are lined up on shelves in a bar.",214224,"Bottles, and glasses are lined up on shelves in a bar.",0.000788,0
i2t,214224,This small room is packed with personal memorabilia.,214224,This small room is packed with personal memorabilia.,0.000743,0
i2t,214224,A blender where someone is making a mixed drink.,214224,A blender where someone is making a mixed drink.,0.000497,0
i2t,214224,There are a variety of bottles and two towels over the toilet.,214224,There are a variety of bottles and two towels over the toilet.,0.000026,0
i2t,214224,a bottle a glass and utensils behind a stove,214224,a bottle a glass and utensils behind a stove,0.003036,0
i2t,214224,People with drinks standing around a kitchen island.,214224,People with drinks standing around a kitchen island.,0.000203,0
i2t,214224,"A blender, bottle, glass and cutting board with knife on a counter.",214224,"A blender, bottle, glass and cutting board with knife on a counter.",0.001291,0
i2t,214224,"A blender next to some tequila, a lime and a mixed drink.",214224,"A blender next to some tequila, a lime and a mixed drink.",0.000267,0
