direction,query,candidate,image_id,caption,human_correct,p_match
t2i,A girl sits on a ball.,221,221,A girl sits on a ball.,True,0.28936150670051575
t2i,A girl sits on a ball.,2980,2980,A girl sits on a ball.,True,0.07521450519561768
t2i,A girl sits on a ball.,910,910,A girl sits on a ball.,True,0.5779473185539246
t2i,A girl sits on a ball.,7789,7789,A girl sits on a ball.,True,0.24305032193660736
t2i,A girl sits on a ball.,461,461,A girl sits on a ball.,True,0.3712846040725708
t2i,A girl sits on a ball.,1318,1318,A girl sits on a ball.,True,0.537847101688385
t2i,A girl sits on a ball.,6675,6675,A girl sits on a ball.,True,0.4635060429573059
t2i,A girl sits on a ball.,1940,1940,A girl sits on a ball.,False,0.38569024205207825
t2i,A girl sits on a ball.,2687,2687,A girl sits on a ball.,False,0.05098268762230873
t2i,A girl sits on a ball.,5526,5526,A girl sits on a ball.,False,0.8622777462005615
t2i,A girl sits on a ball.,7560,7560,A girl sits on a ball.,False,0.6269962787628174
t2i,A girl sits on a ball.,3626,3626,A girl sits on a ball.,False,0.03973887860774994
t2i,A girl sits on a ball.,789,789,A girl sits on a ball.,False,0.14368312060832977
t2i,A girl sits on a ball.,2054,2054,A girl sits on a ball.,False,0.054135456681251526
t2i,A girl sits on a ball.,6349,6349,A girl sits on a ball.,False,0.25978559255599976
t2i,A girl sits on a ball.,328,328,A girl sits on a ball.,False,0.7709547877311707
t2i,A girl sits on a ball.,10622,10622,A girl sits on a ball.,False,0.8345432281494141
t2i,A girl sits on a ball.,6021,6021,A girl sits on a ball.,False,0.8471947312355042
t2i,A girl sits on a ball.,8006,8006,A girl sits on a ball.,False,0.42793527245521545
t2i,A girl sits on a ball.,2904,2904,A girl sits on a ball.,True,0.03797163441777229
t2i,A girl sits on a ball.,6226,6226,A girl sits on a ball.,False,0.26761284470558167
t2i,A girl sits on a ball.,5485,5485,A girl sits on a ball.,False,0.10439620167016983
t2i,A girl sits on a ball.,11219,11219,A girl sits on a ball.,False,0.662595808506012
t2i,A girl sits on a ball.,177,177,A girl sits on a ball.,False,0.11075357347726822
t2i,A girl sits on a ball.,9237,9237,A girl sits on a ball.,False,0.092254638671875
t2i,A girl sits on a ball.,6907,6907,A girl sits on a ball.,False,0.03153049200773239
t2i,A girl sits on a ball.,909,909,A girl sits on a ball.,False,0.032860953360795975
t2i,A girl sits on a ball.,3813,3813,A girl sits on a ball.,False,0.018471797928214073
t2i,A girl sits on a ball.,10324,10324,A girl sits on a ball.,False,0.2506932020187378
t2i,A girl sits on a ball.,260,260,A girl sits on a ball.,False,0.07682906836271286
t2i,This person carries another person.,6058,6058,This person carries another person.,True,0.006871274206787348
t2i,This person carries another person.,13012,13012,This person carries another person.,True,0.008169969543814659
t2i,This person carries another person.,5869,5869,This person carries another person.,True,0.009748782962560654
t2i,This person carries another person.,7150,7150,This person carries another person.,True,0.0014309440739452839
t2i,This person carries another person.,7378,7378,This person carries another person.,True,0.10420816391706467
t2i,This person carries another person.,8480,8480,This person carries another person.,True,0.01478668674826622
t2i,This person carries another person.,4636,4636,This person carries another person.,False,0.014120548963546753
t2i,This person carries another person.,7756,7756,This person carries another person.,True,0.024747774004936218
t2i,This person carries another person.,9446,9446,This person carries another person.,True,0.010099086910486221
t2i,This person carries another person.,6051,6051,This person carries another person.,True,0.005220620892941952
t2i,This person carries another person.,8564,8564,This person carries another person.,True,0.0035889477003365755
t2i,This person carries another person.,3174,3174,This person carries another person.,False,0.049428295344114304
t2i,This person carries another person.,9275,9275,This person carries another person.,True,0.11001362651586533
t2i,This person carries another person.,4202,4202,This person carries another person.,True,0.014095506630837917
t2i,This person carries another person.,11089,11089,This person carries another person.,True,0.050078947097063065
t2i,This person carries another person.,2008,2008,This person carries another person.,False,0.010612882673740387
t2i,This person carries another person.,2923,2923,This person carries another person.,True,0.07423551380634308
t2i,This person carries another person.,11780,11780,This person carries another person.,False,0.0234441589564085
t2i,This person carries another person.,8035,8035,This person carries another person.,False,0.009549661539494991
t2i,This person carries another person.,522,522,This person carries another person.,False,0.2500753700733185
t2i,This person carries another person.,1907,1907,This person carries another person.,True,0.22593368589878082
t2i,This person carries another person.,7781,7781,This person carries another person.,False,0.2763550579547882
t2i,This person carries another person.,8165,8165,This person carries another person.,False,0.021483296528458595
t2i,This person carries another person.,3559,3559,This person carries another person.,False,0.6299974918365479
t2i,This person carries another person.,4914,4914,This person carries another person.,False,0.528369128704071
t2i,This person carries another person.,11151,11151,This person carries another person.,False,0.9447870254516602
t2i,This person carries another person.,7342,7342,This person carries another person.,False,0.016889065504074097
t2i,This person carries another person.,10850,10850,This person carries another person.,False,0.646453320980072
t2i,This person carries another person.,12982,12982,This person carries another person.,False,0.5404799580574036
t2i,This person carries another person.,2186,2186,This person carries another person.,False,0.20794634521007538
t2i,This person carries another person.,8833,8833,This person carries another person.,True,0.1290498673915863
t2i,This person carries another person.,3269,3269,This person carries another person.,True,0.42934650182724
t2i,This person carries another person.,2727,2727,This person carries another person.,True,0.10256452858448029
t2i,This person carries another person.,13306,13306,This person carries another person.,False,0.013481410220265388
t2i,This person carries another person.,10949,10949,This person carries another person.,False,0.028565382584929466
t2i,This person carries another person.,895,895,This person carries another person.,False,0.24307668209075928
t2i,This person carries another person.,12177,12177,This person carries another person.,True,0.04344172775745392
t2i,This person carries another person.,7066,7066,This person carries another person.,True,0.01127323042601347
t2i,This person carries another person.,67,67,This person carries another person.,True,0.06114174425601959
t2i,This person carries another person.,838,838,This person carries another person.,False,0.000981540302745998
t2i,This person carries another person.,4089,4089,This person carries another person.,True,0.013498580083251
t2i,This person carries another person.,12440,12440,This person carries another person.,True,0.1033831536769867
t2i,This person carries another person.,9210,9210,This person carries another person.,True,0.02240397036075592
t2i,This person carries another person.,338,338,This person carries another person.,True,0.0240547526627779
t2i,This person carries another person.,11562,11562,This person carries another person.,True,0.011385493911802769
t2i,This person carries another person.,13196,13196,This person carries another person.,False,0.009227732196450233
t2i,This person carries another person.,4168,4168,This person carries another person.,True,0.006885358598083258
t2i,This person carries another person.,3717,3717,This person carries another person.,False,0.19025124609470367
t2i,A man runs through the city.,961,961,A man runs through the city.,False,0.6151718497276306
t2i,A man runs through the city.,4819,4819,A man runs through the city.,True,0.9019391536712646
t2i,A man runs through the city.,2915,2915,A man runs through the city.,True,0.9403912425041199
t2i,A man runs through the city.,2740,2740,A man runs through the city.,True,0.9633715748786926
t2i,A man runs through the city.,1159,1159,A man runs through the city.,True,0.7829219698905945
t2i,A man runs through the city.,11659,11659,A man runs through the city.,True,0.9894450306892395
t2i,A man runs through the city.,3445,3445,A man runs through the city.,False,0.8197543621063232
t2i,A man runs through the city.,750,750,A man runs through the city.,False,0.8262621164321899
t2i,A man runs through the city.,8323,8323,A man runs through the city.,False,0.9953063130378723
t2i,A man runs through the city.,2655,2655,A man runs through the city.,False,0.911725640296936
t2i,A man runs through the city.,8699,8699,A man runs through the city.,True,0.9563376903533936
t2i,A man runs through the city.,7353,7353,A man runs through the city.,False,0.9988968372344971
t2i,A man runs through the city.,119,119,A man runs through the city.,True,0.9733606576919556
t2i,A man runs through the city.,3781,3781,A man runs through the city.,True,0.9992751479148865
t2i,A man runs through the city.,10027,10027,A man runs through the city.,False,0.9938734769821167
t2i,A man runs through the city.,10067,10067,A man runs through the city.,True,0.8029878735542297
t2i,A man runs through the city.,1130,1130,A man runs through the city.,True,0.4326609969139099
t2i,A man runs through the city.,9269,9269,A man runs through the city.,False,0.7782474756240845
t2i,A man runs through the city.,7771,7771,A man runs through the city.,False,0.9941595792770386
t2i,A man runs through the city.,7005,7005,A man runs through the city.,True,0.9684714078903198
t2i,A man runs through the city.,2039,2039,A man runs through the city.,True,0.9959696531295776
t2i,A man runs through the city.,6304,6304,A man runs through the city.,True,0.9830594062805176
t2i,A man runs through the city.,12139,12139,A man runs through the city.,True,0.970604658126831
t2i,A man runs through the city.,6746,6746,A man runs through the city.,False,0.42302507162094116
t2i,A man runs through the city.,11547,11547,A man runs through the city.,False,0.976780116558075
t2i,A man runs through the city.,10548,10548,A man runs through the city.,True,0.7662993669509888
t2i,A man runs through the city.,11433,11433,A man runs through the city.,True,0.9960805773735046
t2i,A man runs through the city.,1057,1057,A man runs through the city.,False,0.9918761253356934
t2i,A man runs through the city.,93,93,A man runs through the city.,False,0.9865070581436157
t2i,A man runs through the city.,283,283,A man runs through the city.,False,0.8969075083732605
t2i,A man runs through the city.,1858,1858,A man runs through the city.,False,0.8904238939285278
t2i,A man runs through the city.,2472,2472,A man runs through the city.,True,0.45215731859207153
t2i,A man runs through the city.,588,588,A man runs through the city.,True,0.8471394777297974
t2i,"Boats, at a marina.",5676,5676,"Boats, at a marina.",True,8.98067737580277e-05
t2i,"Boats, at a marina.",6566,6566,"Boats, at a marina.",True,0.006229659076780081
t2i,"Boats, at a marina.",4059,4059,"Boats, at a marina.",True,0.0011205107439309359
t2i,"Boats, at a marina.",7371,7371,"Boats, at a marina.",True,0.11939797550439835
t2i,"Boats, at a marina.",5857,5857,"Boats, at a marina.",True,5.330938074621372e-05
t2i,"Boats, at a marina.",2219,2219,"Boats, at a marina.",False,0.09227581322193146
t2i,"Boats, at a marina.",1121,1121,"Boats, at a marina.",True,0.016534611582756042
t2i,"Boats, at a marina.",2479,2479,"Boats, at a marina.",True,0.002923488849774003
t2i,"Boats, at a marina.",7128,7128,"Boats, at a marina.",True,0.25445353984832764
t2i,"Boats, at a marina.",13613,13613,"Boats, at a marina.",True,0.0010345352347940207
t2i,"Boats, at a marina.",4480,4480,"Boats, at a marina.",True,0.0006477953284047544
t2i,"Boats, at a marina.",4615,4615,"Boats, at a marina.",True,0.0029592302162200212
t2i,"Boats, at a marina.",7424,7424,"Boats, at a marina.",True,0.0007323634345084429
t2i,"Boats, at a marina.",10604,10604,"Boats, at a marina.",True,0.0008139946148730814
t2i,"Boats, at a marina.",10605,10605,"Boats, at a marina.",True,0.0303045567125082
t2i,"Boats, at a marina.",12688,12688,"Boats, at a marina.",True,0.029278015717864037
t2i,"Boats, at a marina.",4188,4188,"Boats, at a marina.",True,0.3104420602321625
t2i,"Boats, at a marina.",1696,1696,"Boats, at a marina.",True,0.067832350730896
t2i,"Boats, at a marina.",13672,13672,"Boats, at a marina.",True,0.2187821865081787
t2i,"Boats, at a marina.",3076,3076,"Boats, at a marina.",True,0.000838884967379272
t2i,"Boats, at a marina.",9421,9421,"Boats, at a marina.",True,9.148064418695867e-05
t2i,"Boats, at a marina.",6567,6567,"Boats, at a marina.",True,0.0012072926620021462
t2i,"Boats, at a marina.",4179,4179,"Boats, at a marina.",False,0.012404878623783588
t2i,"Boats, at a marina.",9353,9353,"Boats, at a marina.",True,0.015560073778033257
t2i,"Boats, at a marina.",9992,9992,"Boats, at a marina.",True,8.209574298234656e-05
t2i,"Boats, at a marina.",3469,3469,"Boats, at a marina.",True,0.005492115393280983
t2i,"Boats, at a marina.",1798,1798,"Boats, at a marina.",True,5.4126376198837534e-05
t2i,"Boats, at a marina.",13839,13839,"Boats, at a marina.",False,4.751342930831015e-05
t2i,"Boats, at a marina.",12487,12487,"Boats, at a marina.",True,0.0002631705719977617
t2i,The woman and her son walk along the trail.,2940,2940,The woman and her son walk along the trail.,True,0.8739252090454102
t2i,The woman and her son walk along the trail.,4655,4655,The woman and her son walk along the trail.,True,0.6641948223114014
t2i,The woman and her son walk along the trail.,9413,9413,The woman and her son walk along the trail.,False,0.7969949245452881
t2i,The woman and her son walk along the trail.,1224,1224,The woman and her son walk along the trail.,False,0.31430891156196594
t2i,The woman and her son walk along the trail.,439,439,The woman and her son walk along the trail.,False,0.36285561323165894
t2i,The woman and her son walk along the trail.,10504,10504,The woman and her son walk along the trail.,True,0.76824951171875
t2i,The woman and her son walk along the trail.,2065,2065,The woman and her son walk along the trail.,False,0.6564006209373474
t2i,The woman and her son walk along the trail.,5754,5754,The woman and her son walk along the trail.,True,0.6294980645179749
t2i,The woman and her son walk along the trail.,3440,3440,The woman and her son walk along the trail.,True,0.5780202150344849
t2i,The woman and her son walk along the trail.,2931,2931,The woman and her son walk along the trail.,True,0.21826067566871643
t2i,The woman and her son walk along the trail.,3011,3011,The woman and her son walk along the trail.,False,0.004216865636408329
t2i,The woman and her son walk along the trail.,1570,1570,The woman and her son walk along the trail.,False,0.8745324611663818
t2i,The woman and her son walk along the trail.,3165,3165,The woman and her son walk along the trail.,False,0.008134028874337673
t2i,The woman and her son walk along the trail.,1031,1031,The woman and her son walk along the trail.,False,0.48550212383270264
t2i,The woman and her son walk along the trail.,3559,3559,The woman and her son walk along the trail.,True,0.9054000973701477
t2i,The woman and her son walk along the trail.,942,942,The woman and her son walk along the trail.,False,0.7153475880622864
t2i,The woman and her son walk along the trail.,2181,2181,The woman and her son walk along the trail.,True,0.458570659160614
t2i,The woman and her son walk along the trail.,9621,9621,The woman and her son walk along the trail.,False,0.7507584691047668
t2i,The woman and her son walk along the trail.,1150,1150,The woman and her son walk along the trail.,False,0.8212361931800842
t2i,The woman and her son walk along the trail.,1799,1799,The woman and her son walk along the trail.,False,0.6066027879714966
t2i,The woman and her son walk along the trail.,1442,1442,The woman and her son walk along the trail.,False,0.8915217518806458
t2i,The woman and her son walk along the trail.,6568,6568,The woman and her son walk along the trail.,False,0.9795881509780884
t2i,The woman and her son walk along the trail.,11651,11651,The woman and her son walk along the trail.,False,0.9065625071525574
t2i,The woman and her son walk along the trail.,1936,1936,The woman and her son walk along the trail.,True,0.63209068775177
t2i,The woman and her son walk along the trail.,3716,3716,The woman and her son walk along the trail.,True,0.31251025199890137
t2i,The woman and her son walk along the trail.,668,668,The woman and her son walk along the trail.,True,0.616866946220398
t2i,The woman and her son walk along the trail.,3084,3084,The woman and her son walk along the trail.,True,0.6890921592712402
t2i,The woman and her son walk along the trail.,9341,9341,The woman and her son walk along the trail.,False,0.8038020133972168
t2i,The woman and her son walk along the trail.,7437,7437,The woman and her son walk along the trail.,True,0.7673805356025696
t2i,The woman and her son walk along the trail.,1313,1313,The woman and her son walk along the trail.,False,0.49457645416259766
t2i,The woman and her son walk along the trail.,3629,3629,The woman and her son walk along the trail.,False,0.11116959899663925
t2i,The woman and her son walk along the trail.,10785,10785,The woman and her son walk along the trail.,True,0.5513628721237183
t2i,The woman and her son walk along the trail.,11379,11379,The woman and her son walk along the trail.,False,0.6028016805648804
t2i,The animals run in the meadow.,1191,1191,The animals run in the meadow.,True,0.06872600317001343
t2i,The animals run in the meadow.,4247,4247,The animals run in the meadow.,True,0.24907182157039642
t2i,The animals run in the meadow.,5699,5699,The animals run in the meadow.,False,0.3248796761035919
t2i,The animals run in the meadow.,4639,4639,The animals run in the meadow.,True,0.10072679072618484
t2i,The animals run in the meadow.,8459,8459,The animals run in the meadow.,True,0.1447000652551651
t2i,The animals run in the meadow.,13709,13709,The animals run in the meadow.,True,0.22535453736782074
t2i,The animals run in the meadow.,10377,10377,The animals run in the meadow.,False,0.13316689431667328
t2i,The animals run in the meadow.,4053,4053,The animals run in the meadow.,True,0.5861920714378357
t2i,The animals run in the meadow.,1976,1976,The animals run in the meadow.,True,0.24514131247997284
t2i,The animals run in the meadow.,4393,4393,The animals run in the meadow.,True,0.3083830177783966
t2i,The animals run in the meadow.,3734,3734,The animals run in the meadow.,True,0.3098892569541931
t2i,The animals run in the meadow.,669,669,The animals run in the meadow.,False,0.23806039988994598
t2i,The animals run in the meadow.,10932,10932,The animals run in the meadow.,False,0.11311201006174088
t2i,The animals run in the meadow.,5621,5621,The animals run in the meadow.,False,0.07843029499053955
t2i,The animals run in the meadow.,2030,2030,The animals run in the meadow.,False,0.004730247892439365
t2i,The animals run in the meadow.,670,670,The animals run in the meadow.,True,0.38345766067504883
t2i,The animals run in the meadow.,3688,3688,The animals run in the meadow.,False,0.022799460217356682
t2i,The animals run in the meadow.,8236,8236,The animals run in the meadow.,False,0.23276597261428833
t2i,The animals run in the meadow.,13542,13542,The animals run in the meadow.,False,0.6820800304412842
t2i,The animals run in the meadow.,4335,4335,The animals run in the meadow.,False,0.03279240056872368
t2i,The animals run in the meadow.,3350,3350,The animals run in the meadow.,False,0.45165568590164185
t2i,The animals run in the meadow.,11551,11551,The animals run in the meadow.,False,0.24745361506938934
t2i,The animals run in the meadow.,3848,3848,The animals run in the meadow.,True,0.07326149940490723
t2i,The animals run in the meadow.,1859,1859,The animals run in the meadow.,False,0.009621094912290573
t2i,The animals run in the meadow.,5469,5469,The animals run in the meadow.,True,0.2634255588054657
t2i,The animals run in the meadow.,1524,1524,The animals run in the meadow.,True,0.5655146837234497
t2i,The animals run in the meadow.,5799,5799,The animals run in the meadow.,False,0.003714717458933592
t2i,The animals run in the meadow.,10158,10158,The animals run in the meadow.,False,0.0760619193315506
t2i,The animals run in the meadow.,7076,7076,The animals run in the meadow.,False,0.7423549294471741
t2i,The animals run in the meadow.,11718,11718,The animals run in the meadow.,False,0.3446471095085144
t2i,The animals run in the meadow.,309,309,The animals run in the meadow.,False,0.022031843662261963
t2i,The animals run in the meadow.,13909,13909,The animals run in the meadow.,False,0.05960528552532196
t2i,The animals run in the meadow.,12241,12241,The animals run in the meadow.,False,0.1639288365840912
t2i,The animals run in the meadow.,6229,6229,The animals run in the meadow.,False,0.179979145526886
t2i,The animals run in the meadow.,6228,6228,The animals run in the meadow.,False,0.683376669883728
t2i,The animals run in the meadow.,14076,14076,The animals run in the meadow.,False,0.03318742662668228
t2i,The animals run in the meadow.,11334,11334,The animals run in the meadow.,True,0.12233531475067139
t2i,The animals run in the meadow.,7891,7891,The animals run in the meadow.,False,0.03295329213142395
t2i,The animals run in the meadow.,742,742,The animals run in the meadow.,True,0.5610394477844238
t2i,Player run with ball,9177,9177,Player run with ball,False,0.7995879054069519
t2i,Player run with ball,9503,9503,Player run with ball,False,0.0019348226487636566
t2i,Player run with ball,8724,8724,Player run with ball,False,0.0014638311695307493
t2i,Player run with ball,2263,2263,Player run with ball,False,0.029538610950112343
t2i,Player run with ball,9944,9944,Player run with ball,False,0.16107475757598877
t2i,Player run with ball,11401,11401,Player run with ball,False,0.0013942974619567394
t2i,Player run with ball,8102,8102,Player run with ball,False,0.0003963675117120147
t2i,Player run with ball,94,94,Player run with ball,False,0.017808567732572556
t2i,Player run with ball,3765,3765,Player run with ball,False,0.00670961569994688
t2i,Player run with ball,12832,12832,Player run with ball,False,0.0002537617110647261
t2i,Player run with ball,8377,8377,Player run with ball,True,0.04680394008755684
t2i,Player run with ball,3148,3148,Player run with ball,True,0.4534832835197449
t2i,Player run with ball,6129,6129,Player run with ball,True,0.0037052175030112267
t2i,Player run with ball,8573,8573,Player run with ball,True,0.6804983019828796
t2i,Player run with ball,4353,4353,Player run with ball,False,0.05676344409584999
t2i,Player run with ball,9573,9573,Player run with ball,True,0.009286394342780113
t2i,Player run with ball,4698,4698,Player run with ball,False,0.46262869238853455
t2i,Player run with ball,8739,8739,Player run with ball,True,0.3001132011413574
t2i,Player run with ball,13793,13793,Player run with ball,False,0.8957718014717102
t2i,Player run with ball,1556,1556,Player run with ball,False,0.868855893611908
t2i,Player run with ball,5397,5397,Player run with ball,False,0.9013779163360596
t2i,Player run with ball,9798,9798,Player run with ball,False,0.9895899891853333
t2i,Player run with ball,9085,9085,Player run with ball,False,0.545822024345398
t2i,Player run with ball,13407,13407,Player run with ball,False,0.6949219703674316
t2i,Player run with ball,5550,5550,Player run with ball,False,0.7176941633224487
t2i,Player run with ball,3330,3330,Player run with ball,False,0.5528580546379089
t2i,Player run with ball,4417,4417,Player run with ball,False,0.38344940543174744
t2i,Player run with ball,2662,2662,Player run with ball,False,0.5548269748687744
t2i,Player run with ball,3147,3147,Player run with ball,False,0.8152056336402893
t2i,Player run with ball,1631,1631,Player run with ball,True,0.708138644695282
t2i,Player run with ball,5525,5525,Player run with ball,False,0.7570704221725464
t2i,Player run with ball,3824,3824,Player run with ball,True,0.03625751659274101
t2i,Player run with ball,5480,5480,Player run with ball,True,0.2036285400390625
t2i,Player run with ball,9843,9843,Player run with ball,False,0.0028187569696456194
t2i,Player run with ball,794,794,Player run with ball,False,0.055659305304288864
t2i,Player run with ball,5521,5521,Player run with ball,False,0.040844663977622986
t2i,Player run with ball,11377,11377,Player run with ball,False,0.49647995829582214
t2i,Player run with ball,7148,7148,Player run with ball,False,0.006319291424006224
t2i,Player run with ball,9598,9598,Player run with ball,True,0.6034864783287048
t2i,Player run with ball,3909,3909,Player run with ball,True,0.1541135311126709
t2i,Player run with ball,2380,2380,Player run with ball,True,0.11512680351734161
t2i,Player run with ball,1678,1678,Player run with ball,False,0.4691920578479767
t2i,Player run with ball,613,613,Player run with ball,False,0.03710552677512169
t2i,Player run with ball,7313,7313,Player run with ball,True,0.037783972918987274
t2i,Player run with ball,4947,4947,Player run with ball,True,0.6836820840835571
t2i,Player run with ball,12090,12090,Player run with ball,True,0.06881239265203476
t2i,Player run with ball,2416,2416,Player run with ball,True,0.00029597574030049145
t2i,Player run with ball,514,514,Player run with ball,False,0.2901650071144104
t2i,Player run with ball,5402,5402,Player run with ball,True,0.02476588264107704
t2i,Player run with ball,13554,13554,Player run with ball,True,0.3865983486175537
t2i,Player run with ball,9846,9846,Player run with ball,False,0.007052286062389612
t2i,Player run with ball,4052,4052,Player run with ball,True,0.38878121972084045
t2i,Player run with ball,4048,4048,Player run with ball,True,0.0023337898310273886
t2i,Player run with ball,10375,10375,Player run with ball,True,0.00034304955624975264
t2i,Player run with ball,8054,8054,Player run with ball,False,0.025393452495336533
t2i,Player run with ball,9978,9978,Player run with ball,True,0.040208231657743454
t2i,The man jumped across the mountain.,445,445,The man jumped across the mountain.,True,0.3778221607208252
t2i,The man jumped across the mountain.,3800,3800,The man jumped across the mountain.,False,0.30738183856010437
t2i,The man jumped across the mountain.,8196,8196,The man jumped across the mountain.,False,0.7522507309913635
t2i,The man jumped across the mountain.,682,682,The man jumped across the mountain.,True,0.2668871283531189
t2i,The man jumped across the mountain.,7741,7741,The man jumped across the mountain.,True,0.8952519297599792
t2i,The man jumped across the mountain.,12124,12124,The man jumped across the mountain.,False,0.587178647518158
t2i,The man jumped across the mountain.,11748,11748,The man jumped across the mountain.,True,0.12722745537757874
t2i,The man jumped across the mountain.,9100,9100,The man jumped across the mountain.,False,0.5695316791534424
t2i,The man jumped across the mountain.,9582,9582,The man jumped across the mountain.,False,0.6153299808502197
t2i,The man jumped across the mountain.,7886,7886,The man jumped across the mountain.,False,0.38671359419822693
t2i,The man jumped across the mountain.,705,705,The man jumped across the mountain.,True,0.6020333170890808
t2i,The man jumped across the mountain.,4964,4964,The man jumped across the mountain.,True,0.5757009387016296
t2i,The man jumped across the mountain.,4824,4824,The man jumped across the mountain.,False,0.34668856859207153
t2i,The man jumped across the mountain.,9386,9386,The man jumped across the mountain.,True,0.6362415552139282
t2i,The man jumped across the mountain.,2641,2641,The man jumped across the mountain.,False,0.4109165370464325
t2i,The man jumped across the mountain.,3699,3699,The man jumped across the mountain.,False,0.4219647943973541
t2i,The man jumped across the mountain.,7821,7821,The man jumped across the mountain.,False,0.7642918229103088
t2i,The man jumped across the mountain.,10713,10713,The man jumped across the mountain.,True,0.4629688262939453
t2i,The man jumped across the mountain.,11762,11762,The man jumped across the mountain.,False,0.812877357006073
t2i,The man jumped across the mountain.,289,289,The man jumped across the mountain.,False,0.2903672456741333
t2i,The man jumped across the mountain.,1544,1544,The man jumped across the mountain.,False,0.7166358828544617
t2i,The man jumped across the mountain.,7822,7822,The man jumped across the mountain.,True,0.7973096370697021
t2i,The man jumped across the mountain.,6217,6217,The man jumped across the mountain.,True,0.5900112390518188
t2i,The man jumped across the mountain.,364,364,The man jumped across the mountain.,False,0.40995821356773376
t2i,The man jumped across the mountain.,11015,11015,The man jumped across the mountain.,True,0.6289543509483337
t2i,The man jumped across the mountain.,6605,6605,The man jumped across the mountain.,False,0.49711236357688904
t2i,The man jumped across the mountain.,5168,5168,The man jumped across the mountain.,True,0.19021660089492798
t2i,The man jumped across the mountain.,3195,3195,The man jumped across the mountain.,False,0.7894020080566406
t2i,The man jumped across the mountain.,11771,11771,The man jumped across the mountain.,False,0.3263397812843323
t2i,The man jumped across the mountain.,8730,8730,The man jumped across the mountain.,True,0.10058692842721939
t2i,A woman is jumping in the sunset.,12373,12373,A woman is jumping in the sunset.,True,0.9568797945976257
t2i,A woman is jumping in the sunset.,1890,1890,A woman is jumping in the sunset.,True,0.9604706168174744
t2i,A woman is jumping in the sunset.,12656,12656,A woman is jumping in the sunset.,True,0.6622306704521179
t2i,A woman is jumping in the sunset.,7866,7866,A woman is jumping in the sunset.,False,0.7833388447761536
t2i,A woman is jumping in the sunset.,6169,6169,A woman is jumping in the sunset.,True,0.991095781326294
t2i,A woman is jumping in the sunset.,3875,3875,A woman is jumping in the sunset.,False,0.8076547384262085
t2i,A woman is jumping in the sunset.,7741,7741,A woman is jumping in the sunset.,True,0.9910020232200623
t2i,A woman is jumping in the sunset.,7822,7822,A woman is jumping in the sunset.,True,0.9967136383056641
t2i,A woman is jumping in the sunset.,2283,2283,A woman is jumping in the sunset.,False,0.5612833499908447
t2i,A woman is jumping in the sunset.,6387,6387,A woman is jumping in the sunset.,True,0.9583612680435181
t2i,A woman is jumping in the sunset.,6706,6706,A woman is jumping in the sunset.,True,0.9983129501342773
t2i,A woman is jumping in the sunset.,6633,6633,A woman is jumping in the sunset.,True,0.9977712631225586
t2i,A woman is jumping in the sunset.,4498,4498,A woman is jumping in the sunset.,False,0.9661617875099182
t2i,A woman is jumping in the sunset.,7964,7964,A woman is jumping in the sunset.,True,0.9877205491065979
t2i,A woman is jumping in the sunset.,10579,10579,A woman is jumping in the sunset.,False,0.8589548468589783
t2i,A woman is jumping in the sunset.,9139,9139,A woman is jumping in the sunset.,False,0.9887337684631348
t2i,A woman is jumping in the sunset.,8914,8914,A woman is jumping in the sunset.,False,0.7420313954353333
t2i,A woman is jumping in the sunset.,6187,6187,A woman is jumping in the sunset.,True,0.9981574416160583
t2i,A woman is jumping in the sunset.,6547,6547,A woman is jumping in the sunset.,True,0.9500470757484436
t2i,A woman is jumping in the sunset.,9386,9386,A woman is jumping in the sunset.,True,0.9077407121658325
t2i,A woman is jumping in the sunset.,12083,12083,A woman is jumping in the sunset.,False,0.918954074382782
t2i,A woman is jumping in the sunset.,4768,4768,A woman is jumping in the sunset.,True,0.4113400876522064
t2i,A woman is jumping in the sunset.,13381,13381,A woman is jumping in the sunset.,False,0.9654320478439331
t2i,A woman is jumping in the sunset.,7764,7764,A woman is jumping in the sunset.,False,0.8249139189720154
t2i,A woman is jumping in the sunset.,7809,7809,A woman is jumping in the sunset.,False,0.7877118587493896
t2i,A person looks ready for a show.,9871,9871,A person looks ready for a show.,False,0.8364838361740112
t2i,A person looks ready for a show.,5432,5432,A person looks ready for a show.,False,0.34405651688575745
t2i,A person looks ready for a show.,5693,5693,A person looks ready for a show.,False,0.44926390051841736
t2i,A person looks ready for a show.,7380,7380,A person looks ready for a show.,False,0.29259803891181946
t2i,A person looks ready for a show.,4122,4122,A person looks ready for a show.,False,0.07492145895957947
t2i,A person looks ready for a show.,5602,5602,A person looks ready for a show.,False,0.34455299377441406
t2i,A person looks ready for a show.,13732,13732,A person looks ready for a show.,False,0.2647937536239624
t2i,A person looks ready for a show.,4521,4521,A person looks ready for a show.,False,0.8875747919082642
t2i,A person looks ready for a show.,10219,10219,A person looks ready for a show.,False,0.8602964878082275
t2i,A person looks ready for a show.,11280,11280,A person looks ready for a show.,False,0.5949482321739197
t2i,A person looks ready for a show.,3290,3290,A person looks ready for a show.,False,0.9428407549858093
t2i,A person looks ready for a show.,13318,13318,A person looks ready for a show.,True,0.24699395895004272
t2i,A person looks ready for a show.,10950,10950,A person looks ready for a show.,False,0.8371001482009888
t2i,A person looks ready for a show.,3683,3683,A person looks ready for a show.,True,0.7987715005874634
t2i,A person looks ready for a show.,15,15,A person looks ready for a show.,False,0.5653759837150574
t2i,A person looks ready for a show.,9720,9720,A person looks ready for a show.,False,0.6232348084449768
t2i,A person looks ready for a show.,11443,11443,A person looks ready for a show.,True,0.26666486263275146
t2i,A person looks ready for a show.,7131,7131,A person looks ready for a show.,True,0.8157318830490112
t2i,A person looks ready for a show.,7487,7487,A person looks ready for a show.,False,0.08593519032001495
t2i,A person looks ready for a show.,4223,4223,A person looks ready for a show.,True,0.5135502815246582
t2i,A person looks ready for a show.,6592,6592,A person looks ready for a show.,False,0.9390769004821777
t2i,A person looks ready for a show.,102,102,A person looks ready for a show.,False,0.9656202793121338
t2i,A person looks ready for a show.,7849,7849,A person looks ready for a show.,False,0.9733076691627502
t2i,A person looks ready for a show.,4839,4839,A person looks ready for a show.,False,0.9108803868293762
t2i,A person looks ready for a show.,8895,8895,A person looks ready for a show.,False,0.9942301511764526
t2i,A person looks ready for a show.,10738,10738,A person looks ready for a show.,False,0.9429087042808533
t2i,A person looks ready for a show.,9329,9329,A person looks ready for a show.,False,0.96250319480896
t2i,A person looks ready for a show.,9482,9482,A person looks ready for a show.,False,0.9927865862846375
t2i,A person looks ready for a show.,4249,4249,A person looks ready for a show.,False,0.9954710006713867
t2i,A person looks ready for a show.,4248,4248,A person looks ready for a show.,False,0.9954710006713867
t2i,A person looks ready for a show.,1422,1422,A person looks ready for a show.,True,0.6984822750091553
t2i,A person looks ready for a show.,1906,1906,A person looks ready for a show.,True,0.22528061270713806
t2i,A person looks ready for a show.,3238,3238,A person looks ready for a show.,True,0.004726874642074108
t2i,A person looks ready for a show.,8828,8828,A person looks ready for a show.,False,0.9888816475868225
t2i,A person looks ready for a show.,98,98,A person looks ready for a show.,False,0.016756098717451096
t2i,A person looks ready for a show.,6497,6497,A person looks ready for a show.,False,0.825010359287262
t2i,A person looks ready for a show.,7349,7349,A person looks ready for a show.,False,0.8096736073493958
t2i,A person looks ready for a show.,1686,1686,A person looks ready for a show.,True,0.32243841886520386
t2i,A person looks ready for a show.,3247,3247,A person looks ready for a show.,True,0.5365565419197083
t2i,A person looks ready for a show.,4112,4112,A person looks ready for a show.,True,0.5167335271835327
t2i,A person looks ready for a show.,3779,3779,A person looks ready for a show.,False,0.7961053252220154
t2i,A person looks ready for a show.,8899,8899,A person looks ready for a show.,True,0.6401126980781555
t2i,A person looks ready for a show.,3933,3933,A person looks ready for a show.,False,0.8112807273864746
t2i,A person looks ready for a show.,8442,8442,A person looks ready for a show.,True,0.9530766606330872
t2i,A person looks ready for a show.,10079,10079,A person looks ready for a show.,True,0.7545965909957886
t2i,A person looks ready for a show.,9827,9827,A person looks ready for a show.,True,0.030895326286554337
t2i,A person looks ready for a show.,1021,1021,A person looks ready for a show.,True,0.9138328433036804
t2i,A person looks ready for a show.,10777,10777,A person looks ready for a show.,False,0.506264328956604
t2i,A person looks ready for a show.,6539,6539,A person looks ready for a show.,True,0.7728344798088074
t2i,A person looks ready for a show.,12611,12611,A person looks ready for a show.,True,0.25790658593177795
t2i,A person looks ready for a show.,9082,9082,A person looks ready for a show.,True,0.8318304419517517
t2i,A person looks ready for a show.,9321,9321,A person looks ready for a show.,True,0.22207292914390564
t2i,A person looks ready for a show.,2013,2013,A person looks ready for a show.,False,0.04578723385930061
t2i,A person looks ready for a show.,7691,7691,A person looks ready for a show.,False,0.47408977150917053
t2i,A person looks ready for a show.,11081,11081,A person looks ready for a show.,True,0.7345221638679504
t2i,A person looks ready for a show.,7610,7610,A person looks ready for a show.,True,0.9797098636627197
t2i,The person will sing into the microphone.,12835,12835,The person will sing into the microphone.,True,0.9931521415710449
t2i,The person will sing into the microphone.,3515,3515,The person will sing into the microphone.,True,0.9917343854904175
t2i,The person will sing into the microphone.,10770,10770,The person will sing into the microphone.,False,0.9959831237792969
t2i,The person will sing into the microphone.,241,241,The person will sing into the microphone.,True,0.8753291368484497
t2i,The person will sing into the microphone.,12834,12834,The person will sing into the microphone.,True,0.9185260534286499
t2i,The person will sing into the microphone.,4203,4203,The person will sing into the microphone.,True,0.8918992877006531
t2i,The person will sing into the microphone.,8789,8789,The person will sing into the microphone.,False,0.5477961301803589
t2i,The person will sing into the microphone.,2595,2595,The person will sing into the microphone.,True,0.9053563475608826
t2i,The person will sing into the microphone.,3115,3115,The person will sing into the microphone.,True,0.9938185811042786
t2i,The person will sing into the microphone.,4837,4837,The person will sing into the microphone.,True,0.9886181354522705
t2i,The person will sing into the microphone.,7583,7583,The person will sing into the microphone.,True,0.03599838539958
t2i,The person will sing into the microphone.,13318,13318,The person will sing into the microphone.,True,0.43400028347969055
t2i,The person will sing into the microphone.,3413,3413,The person will sing into the microphone.,True,0.960303008556366
t2i,The person will sing into the microphone.,8226,8226,The person will sing into the microphone.,True,0.9925419092178345
t2i,The person will sing into the microphone.,3610,3610,The person will sing into the microphone.,True,0.9936933517456055
t2i,The person will sing into the microphone.,3238,3238,The person will sing into the microphone.,True,0.029403485357761383
t2i,The person will sing into the microphone.,13961,13961,The person will sing into the microphone.,True,0.6899396181106567
t2i,The person will sing into the microphone.,3227,3227,The person will sing into the microphone.,True,0.3735722005367279
t2i,The person will sing into the microphone.,4411,4411,The person will sing into the microphone.,True,0.9894975423812866
t2i,The person will sing into the microphone.,3468,3468,The person will sing into the microphone.,True,0.9951713681221008
t2i,The person will sing into the microphone.,1818,1818,The person will sing into the microphone.,True,0.9611424207687378
t2i,The person will sing into the microphone.,6934,6934,The person will sing into the microphone.,False,0.8002063035964966
t2i,The person will sing into the microphone.,4321,4321,The person will sing into the microphone.,True,0.8913468718528748
t2i,The person will sing into the microphone.,3246,3246,The person will sing into the microphone.,True,0.9177430868148804
t2i,The person will sing into the microphone.,3256,3256,The person will sing into the microphone.,True,0.9593285918235779
t2i,The person will sing into the microphone.,3677,3677,The person will sing into the microphone.,True,0.9883937835693359
t2i,The person will sing into the microphone.,1685,1685,The person will sing into the microphone.,True,0.9912644624710083
t2i,The person will sing into the microphone.,1512,1512,The person will sing into the microphone.,True,0.9831932783126831
t2i,The person will sing into the microphone.,3882,3882,The person will sing into the microphone.,True,0.9859536290168762
t2i,The person will sing into the microphone.,1102,1102,The person will sing into the microphone.,True,0.9873894453048706
t2i,The person will sing into the microphone.,4009,4009,The person will sing into the microphone.,True,0.9214081764221191
t2i,The person will sing into the microphone.,3088,3088,The person will sing into the microphone.,True,0.9672313332557678
t2i,The person will sing into the microphone.,7774,7774,The person will sing into the microphone.,True,0.9790313839912415
t2i,The man is taking a walk in the park.,1948,1948,The man is taking a walk in the park.,True,0.6867550015449524
t2i,The man is taking a walk in the park.,961,961,The man is taking a walk in the park.,False,0.1795138716697693
t2i,The man is taking a walk in the park.,542,542,The man is taking a walk in the park.,True,0.5988410711288452
t2i,The man is taking a walk in the park.,7390,7390,The man is taking a walk in the park.,True,0.01088119950145483
t2i,The man is taking a walk in the park.,3253,3253,The man is taking a walk in the park.,True,0.512258768081665
t2i,The man is taking a walk in the park.,3365,3365,The man is taking a walk in the park.,True,0.9450609087944031
t2i,The man is taking a walk in the park.,2857,2857,The man is taking a walk in the park.,True,0.3483840525150299
t2i,The man is taking a walk in the park.,1535,1535,The man is taking a walk in the park.,False,0.5183702111244202
t2i,The man is taking a walk in the park.,7293,7293,The man is taking a walk in the park.,True,0.8739684820175171
t2i,The man is taking a walk in the park.,1303,1303,The man is taking a walk in the park.,False,0.36157312989234924
t2i,The man is taking a walk in the park.,5755,5755,The man is taking a walk in the park.,True,0.09805325418710709
t2i,The man is taking a walk in the park.,5663,5663,The man is taking a walk in the park.,False,0.0202555600553751
t2i,The man is taking a walk in the park.,2861,2861,The man is taking a walk in the park.,True,0.009209513664245605
t2i,The man is taking a walk in the park.,4143,4143,The man is taking a walk in the park.,True,0.04334922879934311
t2i,The man is taking a walk in the park.,10845,10845,The man is taking a walk in the park.,True,0.7941220998764038
t2i,The man is taking a walk in the park.,9383,9383,The man is taking a walk in the park.,True,0.003070525825023651
t2i,The man is taking a walk in the park.,8898,8898,The man is taking a walk in the park.,True,0.018533961847424507
t2i,The man is taking a walk in the park.,1724,1724,The man is taking a walk in the park.,True,0.0028420460876077414
t2i,The man is taking a walk in the park.,1018,1018,The man is taking a walk in the park.,True,0.5280283689498901
t2i,The man is taking a walk in the park.,13595,13595,The man is taking a walk in the park.,True,0.8386869430541992
t2i,The man is taking a walk in the park.,11723,11723,The man is taking a walk in the park.,True,0.33632326126098633
t2i,The man is taking a walk in the park.,11784,11784,The man is taking a walk in the park.,False,0.9794948101043701
t2i,The man is taking a walk in the park.,8596,8596,The man is taking a walk in the park.,False,0.7931379079818726
t2i,The man is taking a walk in the park.,1292,1292,The man is taking a walk in the park.,True,0.8314735889434814
t2i,The man is taking a walk in the park.,2299,2299,The man is taking a walk in the park.,True,0.863487184047699
t2i,The man is taking a walk in the park.,5427,5427,The man is taking a walk in the park.,True,0.9479636549949646
t2i,The man is taking a walk in the park.,624,624,The man is taking a walk in the park.,False,0.4204099774360657
t2i,The man is taking a walk in the park.,1740,1740,The man is taking a walk in the park.,False,0.3190571963787079
t2i,The man is taking a walk in the park.,2997,2997,The man is taking a walk in the park.,True,0.0015689610736444592
t2i,The man is taking a walk in the park.,1660,1660,The man is taking a walk in the park.,False,0.07138897478580475
t2i,The man is taking a walk in the park.,2756,2756,The man is taking a walk in the park.,False,0.6874231696128845
t2i,The man is taking a walk in the park.,8314,8314,The man is taking a walk in the park.,True,0.04004783555865288
t2i,The man is taking a walk in the park.,3727,3727,The man is taking a walk in the park.,False,0.405495822429657
t2i,The man is taking a walk in the park.,9645,9645,The man is taking a walk in the park.,True,0.7079325914382935
t2i,The man is taking a walk in the park.,811,811,The man is taking a walk in the park.,True,0.917364776134491
t2i,The man is taking a walk in the park.,7654,7654,The man is taking a walk in the park.,False,0.011572115123271942
t2i,A player celebrates with his teammates.,12317,12317,A player celebrates with his teammates.,False,0.25794869661331177
t2i,A player celebrates with his teammates.,4541,4541,A player celebrates with his teammates.,False,0.05740298703312874
t2i,A player celebrates with his teammates.,1006,1006,A player celebrates with his teammates.,True,0.2005532830953598
t2i,A player celebrates with his teammates.,10896,10896,A player celebrates with his teammates.,True,0.12089305371046066
t2i,A player celebrates with his teammates.,2508,2508,A player celebrates with his teammates.,True,0.7099615335464478
t2i,A player celebrates with his teammates.,4883,4883,A player celebrates with his teammates.,True,0.06307679414749146
t2i,A player celebrates with his teammates.,353,353,A player celebrates with his teammates.,False,0.08881209045648575
t2i,A player celebrates with his teammates.,13345,13345,A player celebrates with his teammates.,True,0.27883172035217285
t2i,A player celebrates with his teammates.,1207,1207,A player celebrates with his teammates.,False,0.07687582075595856
t2i,A player celebrates with his teammates.,3777,3777,A player celebrates with his teammates.,True,0.0534139946103096
t2i,A player celebrates with his teammates.,10018,10018,A player celebrates with his teammates.,True,0.0421898327767849
t2i,A player celebrates with his teammates.,9837,9837,A player celebrates with his teammates.,True,0.6268715262413025
t2i,A player celebrates with his teammates.,9464,9464,A player celebrates with his teammates.,True,0.04734612628817558
t2i,A player celebrates with his teammates.,3217,3217,A player celebrates with his teammates.,True,0.21608588099479675
t2i,A player celebrates with his teammates.,5701,5701,A player celebrates with his teammates.,True,0.4789572060108185
t2i,A player celebrates with his teammates.,2271,2271,A player celebrates with his teammates.,True,0.6167768239974976
t2i,A player celebrates with his teammates.,10736,10736,A player celebrates with his teammates.,True,0.49618449807167053
t2i,A player celebrates with his teammates.,3968,3968,A player celebrates with his teammates.,False,0.13590459525585175
t2i,A player celebrates with his teammates.,344,344,A player celebrates with his teammates.,True,0.2332332879304886
t2i,A player celebrates with his teammates.,3544,3544,A player celebrates with his teammates.,True,0.2439514398574829
t2i,A player celebrates with his teammates.,12010,12010,A player celebrates with his teammates.,True,0.1952483355998993
t2i,A player celebrates with his teammates.,4459,4459,A player celebrates with his teammates.,False,0.28157922625541687
t2i,A player celebrates with his teammates.,11282,11282,A player celebrates with his teammates.,True,0.19141989946365356
t2i,A player celebrates with his teammates.,14009,14009,A player celebrates with his teammates.,False,0.4055233299732208
t2i,A player celebrates with his teammates.,10533,10533,A player celebrates with his teammates.,True,0.41637417674064636
t2i,A player celebrates with his teammates.,12961,12961,A player celebrates with his teammates.,True,0.1261216253042221
t2i,A player celebrates with his teammates.,6589,6589,A player celebrates with his teammates.,True,0.2532012462615967
t2i,A player celebrates with his teammates.,5272,5272,A player celebrates with his teammates.,False,0.09358015656471252
t2i,A player celebrates with his teammates.,8773,8773,A player celebrates with his teammates.,True,0.22797717154026031
t2i,A player celebrates with his teammates.,10509,10509,A player celebrates with his teammates.,True,0.19173721969127655
t2i,A player celebrates with his teammates.,3411,3411,A player celebrates with his teammates.,True,0.03999148681759834
t2i,A player celebrates with his teammates.,5765,5765,A player celebrates with his teammates.,True,0.582942008972168
t2i,A player celebrates with his teammates.,7945,7945,A player celebrates with his teammates.,False,0.2799682319164276
t2i,A player celebrates with his teammates.,1125,1125,A player celebrates with his teammates.,False,0.4666154682636261
t2i,A player celebrates with his teammates.,2899,2899,A player celebrates with his teammates.,False,0.5304191708564758
t2i,A player celebrates with his teammates.,4116,4116,A player celebrates with his teammates.,False,0.35993969440460205
t2i,A player celebrates with his teammates.,11367,11367,A player celebrates with his teammates.,True,0.6792299151420593
t2i,A player celebrates with his teammates.,8005,8005,A player celebrates with his teammates.,True,0.13812074065208435
t2i,A player celebrates with his teammates.,714,714,A player celebrates with his teammates.,True,0.49809229373931885
t2i,A player celebrates with his teammates.,12783,12783,A player celebrates with his teammates.,True,0.5793406963348389
t2i,A player celebrates with his teammates.,4138,4138,A player celebrates with his teammates.,True,0.6452944278717041
t2i,A player celebrates with his teammates.,2832,2832,A player celebrates with his teammates.,True,0.04357588663697243
t2i,A player celebrates with his teammates.,5199,5199,A player celebrates with his teammates.,True,0.6190257668495178
t2i,A player celebrates with his teammates.,9709,9709,A player celebrates with his teammates.,True,0.470535546541214
t2i,A player celebrates with his teammates.,4345,4345,A player celebrates with his teammates.,True,0.11576860398054123
t2i,A player celebrates with his teammates.,10074,10074,A player celebrates with his teammates.,True,0.24783514440059662
t2i,A player celebrates with his teammates.,7876,7876,A player celebrates with his teammates.,True,0.2517152726650238
t2i,A player celebrates with his teammates.,9249,9249,A player celebrates with his teammates.,True,0.7653380036354065
t2i,A WORKER STANDS IN FRONT,11073,11073,A WORKER STANDS IN FRONT,True,0.27922412753105164
t2i,A WORKER STANDS IN FRONT,8410,8410,A WORKER STANDS IN FRONT,True,0.5594637989997864
t2i,A WORKER STANDS IN FRONT,13828,13828,A WORKER STANDS IN FRONT,True,0.1352350115776062
t2i,A WORKER STANDS IN FRONT,10499,10499,A WORKER STANDS IN FRONT,False,0.21638250350952148
t2i,A WORKER STANDS IN FRONT,6389,6389,A WORKER STANDS IN FRONT,False,0.159002885222435
t2i,A WORKER STANDS IN FRONT,5136,5136,A WORKER STANDS IN FRONT,False,0.2577963173389435
t2i,A WORKER STANDS IN FRONT,13620,13620,A WORKER STANDS IN FRONT,False,0.25664031505584717
t2i,A WORKER STANDS IN FRONT,10104,10104,A WORKER STANDS IN FRONT,True,0.36342766880989075
t2i,A WORKER STANDS IN FRONT,11280,11280,A WORKER STANDS IN FRONT,False,0.26505500078201294
t2i,A WORKER STANDS IN FRONT,13969,13969,A WORKER STANDS IN FRONT,False,0.1402166485786438
t2i,A WORKER STANDS IN FRONT,13840,13840,A WORKER STANDS IN FRONT,True,0.6038735508918762
t2i,A WORKER STANDS IN FRONT,12424,12424,A WORKER STANDS IN FRONT,True,0.5301966667175293
t2i,A WORKER STANDS IN FRONT,4164,4164,A WORKER STANDS IN FRONT,True,0.7071540355682373
t2i,A WORKER STANDS IN FRONT,8593,8593,A WORKER STANDS IN FRONT,False,0.6480441093444824
t2i,A WORKER STANDS IN FRONT,3112,3112,A WORKER STANDS IN FRONT,True,0.677011251449585
t2i,A WORKER STANDS IN FRONT,13918,13918,A WORKER STANDS IN FRONT,False,0.6911900043487549
t2i,A WORKER STANDS IN FRONT,12632,12632,A WORKER STANDS IN FRONT,False,0.1611911952495575
t2i,A WORKER STANDS IN FRONT,10835,10835,A WORKER STANDS IN FRONT,True,0.4202691912651062
t2i,A WORKER STANDS IN FRONT,8174,8174,A WORKER STANDS IN FRONT,True,0.3369336724281311
t2i,A WORKER STANDS IN FRONT,11075,11075,A WORKER STANDS IN FRONT,False,0.6797108054161072
t2i,A WORKER STANDS IN FRONT,3675,3675,A WORKER STANDS IN FRONT,False,0.9770414233207703
t2i,A WORKER STANDS IN FRONT,8486,8486,A WORKER STANDS IN FRONT,False,0.6571972966194153
t2i,A WORKER STANDS IN FRONT,11417,11417,A WORKER STANDS IN FRONT,False,0.7972211241722107
t2i,A WORKER STANDS IN FRONT,3978,3978,A WORKER STANDS IN FRONT,False,0.5180216431617737
t2i,A WORKER STANDS IN FRONT,5175,5175,A WORKER STANDS IN FRONT,False,0.8615708351135254
t2i,A WORKER STANDS IN FRONT,4494,4494,A WORKER STANDS IN FRONT,False,0.8963030576705933
t2i,A WORKER STANDS IN FRONT,3437,3437,A WORKER STANDS IN FRONT,False,0.5791647434234619
t2i,A WORKER STANDS IN FRONT,3333,3333,A WORKER STANDS IN FRONT,False,0.041638076305389404
t2i,A WORKER STANDS IN FRONT,7719,7719,A WORKER STANDS IN FRONT,False,0.020156390964984894
t2i,A WORKER STANDS IN FRONT,9634,9634,A WORKER STANDS IN FRONT,False,0.649339497089386
t2i,A WORKER STANDS IN FRONT,8960,8960,A WORKER STANDS IN FRONT,False,0.2613909840583801
t2i,A WORKER STANDS IN FRONT,7691,7691,A WORKER STANDS IN FRONT,False,0.028217187151312828
t2i,A WORKER STANDS IN FRONT,6181,6181,A WORKER STANDS IN FRONT,False,0.07545582205057144
t2i,A WORKER STANDS IN FRONT,7254,7254,A WORKER STANDS IN FRONT,False,0.37205034494400024
t2i,A WORKER STANDS IN FRONT,5372,5372,A WORKER STANDS IN FRONT,False,0.07055465877056122
t2i,A WORKER STANDS IN FRONT,11294,11294,A WORKER STANDS IN FRONT,False,0.47204193472862244
t2i,A WORKER STANDS IN FRONT,4273,4273,A WORKER STANDS IN FRONT,True,0.6460567712783813
t2i,A WORKER STANDS IN FRONT,3385,3385,A WORKER STANDS IN FRONT,True,0.33037716150283813
t2i,A WORKER STANDS IN FRONT,4255,4255,A WORKER STANDS IN FRONT,True,0.49941959977149963
t2i,A WORKER STANDS IN FRONT,6824,6824,A WORKER STANDS IN FRONT,False,0.4338323175907135
t2i,A WORKER STANDS IN FRONT,5626,5626,A WORKER STANDS IN FRONT,False,0.8954176306724548
t2i,A WORKER STANDS IN FRONT,3608,3608,A WORKER STANDS IN FRONT,False,0.5723837614059448
t2i,A WORKER STANDS IN FRONT,10721,10721,A WORKER STANDS IN FRONT,False,0.38650932908058167
t2i,A WORKER STANDS IN FRONT,7402,7402,A WORKER STANDS IN FRONT,True,0.3625050485134125
t2i,A WORKER STANDS IN FRONT,12108,12108,A WORKER STANDS IN FRONT,True,0.1790747493505478
t2i,A WORKER STANDS IN FRONT,9418,9418,A WORKER STANDS IN FRONT,True,0.6859292387962341
t2i,A WORKER STANDS IN FRONT,9681,9681,A WORKER STANDS IN FRONT,False,0.798732340335846
t2i,A person jumping into water.,8421,8421,A person jumping into water.,False,0.22762657701969147
t2i,A person jumping into water.,8247,8247,A person jumping into water.,False,0.2807323932647705
t2i,A person jumping into water.,3190,3190,A person jumping into water.,False,0.3019670248031616
t2i,A person jumping into water.,2283,2283,A person jumping into water.,True,0.22530335187911987
t2i,A person jumping into water.,8103,8103,A person jumping into water.,True,0.3807940185070038
t2i,A person jumping into water.,4784,4784,A person jumping into water.,True,0.44867008924484253
t2i,A person jumping into water.,7969,7969,A person jumping into water.,False,0.10079967230558395
t2i,A person jumping into water.,12597,12597,A person jumping into water.,True,0.39248815178871155
t2i,A person jumping into water.,866,866,A person jumping into water.,True,0.36172348260879517
t2i,A person jumping into water.,13351,13351,A person jumping into water.,True,0.7126598358154297
t2i,A person jumping into water.,9532,9532,A person jumping into water.,True,0.4320053160190582
t2i,A person jumping into water.,6387,6387,A person jumping into water.,True,0.5507166981697083
t2i,A person jumping into water.,4656,4656,A person jumping into water.,True,0.9081538319587708
t2i,A person jumping into water.,2777,2777,A person jumping into water.,True,0.9565415382385254
t2i,A person jumping into water.,6954,6954,A person jumping into water.,False,0.930850088596344
t2i,A person jumping into water.,1095,1095,A person jumping into water.,True,0.8285194635391235
t2i,A person jumping into water.,272,272,A person jumping into water.,False,0.8430992364883423
t2i,A person jumping into water.,13847,13847,A person jumping into water.,True,0.3649601340293884
t2i,A person jumping into water.,6474,6474,A person jumping into water.,False,0.19323323667049408
t2i,A person jumping into water.,5927,5927,A person jumping into water.,False,0.5264700651168823
t2i,A person jumping into water.,9149,9149,A person jumping into water.,True,0.9743053317070007
t2i,A person jumping into water.,6330,6330,A person jumping into water.,True,0.8169399499893188
t2i,A person jumping into water.,4907,4907,A person jumping into water.,True,0.7020933032035828
t2i,A person jumping into water.,1028,1028,A person jumping into water.,False,0.8718035817146301
t2i,A person jumping into water.,10366,10366,A person jumping into water.,True,0.6734051704406738
t2i,A person jumping into water.,3854,3854,A person jumping into water.,True,0.9438600540161133
t2i,A person jumping into water.,1409,1409,A person jumping into water.,True,0.9025893807411194
t2i,A person jumping into water.,446,446,A person jumping into water.,True,0.8636435866355896
t2i,A person jumping into water.,681,681,A person jumping into water.,True,0.8496559262275696
t2i,A person jumping into water.,1447,1447,A person jumping into water.,True,0.49963125586509705
t2i,A person jumping into water.,7584,7584,A person jumping into water.,False,0.9161169528961182
t2i,A person jumping into water.,10689,10689,A person jumping into water.,False,0.6767749786376953
t2i,A person jumping into water.,8647,8647,A person jumping into water.,True,0.2583983838558197
t2i,A person jumping into water.,5266,5266,A person jumping into water.,True,0.9302210807800293
t2i,A person jumping into water.,687,687,A person jumping into water.,True,0.5249284505844116
t2i,A person jumping into water.,2784,2784,A person jumping into water.,True,0.4830496907234192
t2i,A person jumping into water.,13313,13313,A person jumping into water.,True,0.271360844373703
t2i,A person jumping into water.,106,106,A person jumping into water.,False,0.7518561482429504
t2i,A person jumping into water.,3436,3436,A person jumping into water.,True,0.3150522708892822
t2i,A girl is sitting on the field.,8204,8204,A girl is sitting on the field.,True,0.9085055589675903
t2i,A girl is sitting on the field.,3018,3018,A girl is sitting on the field.,True,0.8571425080299377
t2i,A girl is sitting on the field.,675,675,A girl is sitting on the field.,True,0.9057393074035645
t2i,A girl is sitting on the field.,789,789,A girl is sitting on the field.,True,0.8307386040687561
t2i,A girl is sitting on the field.,2315,2315,A girl is sitting on the field.,True,0.8937548398971558
t2i,A girl is sitting on the field.,260,260,A girl is sitting on the field.,True,0.5302026867866516
t2i,A girl is sitting on the field.,9948,9948,A girl is sitting on the field.,False,0.7878352403640747
t2i,A girl is sitting on the field.,2938,2938,A girl is sitting on the field.,True,0.8725928664207458
t2i,A girl is sitting on the field.,7007,7007,A girl is sitting on the field.,True,0.9547868371009827
t2i,A girl is sitting on the field.,9280,9280,A girl is sitting on the field.,True,0.8251523971557617
t2i,A girl is sitting on the field.,7560,7560,A girl is sitting on the field.,True,0.70320063829422
t2i,A girl is sitting on the field.,1009,1009,A girl is sitting on the field.,True,0.852399468421936
t2i,A girl is sitting on the field.,931,931,A girl is sitting on the field.,True,0.9314232468605042
t2i,A girl is sitting on the field.,6477,6477,A girl is sitting on the field.,True,0.7814547419548035
t2i,A girl is sitting on the field.,6580,6580,A girl is sitting on the field.,True,0.8971035480499268
t2i,A girl is sitting on the field.,11871,11871,A girl is sitting on the field.,True,0.8495444059371948
t2i,A girl is sitting on the field.,2207,2207,A girl is sitting on the field.,True,0.8969406485557556
t2i,A girl is sitting on the field.,13600,13600,A girl is sitting on the field.,False,0.9439803957939148
t2i,A girl is sitting on the field.,1479,1479,A girl is sitting on the field.,False,0.8013443946838379
t2i,A girl is sitting on the field.,4440,4440,A girl is sitting on the field.,False,0.9552929401397705
t2i,A girl is sitting on the field.,652,652,A girl is sitting on the field.,False,0.7360029816627502
t2i,A girl is sitting on the field.,1690,1690,A girl is sitting on the field.,True,0.8732195496559143
t2i,A girl is sitting on the field.,5314,5314,A girl is sitting on the field.,True,0.8391844034194946
t2i,A girl is sitting on the field.,9851,9851,A girl is sitting on the field.,True,0.9501280188560486
t2i,A girl is sitting on the field.,2393,2393,A girl is sitting on the field.,True,0.8942764401435852
t2i,A girl is sitting on the field.,1869,1869,A girl is sitting on the field.,True,0.9164437055587769
t2i,A girl is sitting on the field.,5525,5525,A girl is sitting on the field.,False,0.7993552088737488
t2i,A girl is sitting on the field.,6072,6072,A girl is sitting on the field.,False,0.6590442657470703
t2i,A girl is sitting on the field.,2054,2054,A girl is sitting on the field.,False,0.7581163048744202
t2i,A girl is sitting on the field.,735,735,A girl is sitting on the field.,False,0.6239981651306152
t2i,A girl is sitting on the field.,2980,2980,A girl is sitting on the field.,False,0.24887000024318695
t2i,A girl is sitting on the field.,4957,4957,A girl is sitting on the field.,False,0.23452699184417725
t2i,A girl is sitting on the field.,12908,12908,A girl is sitting on the field.,False,0.17392222583293915
t2i,A girl is sitting on the field.,4251,4251,A girl is sitting on the field.,True,0.8707205653190613
t2i,man walking in the alley,11427,11427,man walking in the alley,True,0.2704494297504425
t2i,man walking in the alley,13335,13335,man walking in the alley,True,0.4820236563682556
t2i,man walking in the alley,8323,8323,man walking in the alley,True,0.8033032417297363
t2i,man walking in the alley,3184,3184,man walking in the alley,True,0.2751202881336212
t2i,man walking in the alley,3581,3581,man walking in the alley,True,0.173940971493721
t2i,man walking in the alley,2154,2154,man walking in the alley,False,0.38471996784210205
t2i,man walking in the alley,10086,10086,man walking in the alley,True,0.8218764066696167
t2i,man walking in the alley,12108,12108,man walking in the alley,False,0.11841625720262527
t2i,man walking in the alley,10696,10696,man walking in the alley,False,0.31250593066215515
t2i,man walking in the alley,10726,10726,man walking in the alley,False,0.14090946316719055
t2i,man walking in the alley,149,149,man walking in the alley,True,0.871271014213562
t2i,man walking in the alley,7831,7831,man walking in the alley,True,0.7051608562469482
t2i,man walking in the alley,2998,2998,man walking in the alley,True,0.495500773191452
t2i,man walking in the alley,3183,3183,man walking in the alley,True,0.719510555267334
t2i,man walking in the alley,13787,13787,man walking in the alley,True,0.8685576319694519
t2i,man walking in the alley,1018,1018,man walking in the alley,False,0.31172701716423035
t2i,man walking in the alley,3188,3188,man walking in the alley,True,0.09438705444335938
t2i,man walking in the alley,9932,9932,man walking in the alley,False,0.9241733551025391
t2i,man walking in the alley,9269,9269,man walking in the alley,True,0.5533638000488281
t2i,man walking in the alley,1056,1056,man walking in the alley,True,0.6866359114646912
t2i,man walking in the alley,3766,3766,man walking in the alley,False,0.42569631338119507
t2i,man walking in the alley,7299,7299,man walking in the alley,False,0.2910480797290802
t2i,man walking in the alley,366,366,man walking in the alley,False,0.5341480374336243
t2i,man walking in the alley,1292,1292,man walking in the alley,False,0.6975653171539307
t2i,man walking in the alley,8734,8734,man walking in the alley,True,0.4200173020362854
t2i,man walking in the alley,11547,11547,man walking in the alley,True,0.5266237258911133
t2i,man walking in the alley,4546,4546,man walking in the alley,False,0.41224318742752075
t2i,man walking in the alley,9092,9092,man walking in the alley,True,0.4101431667804718
t2i,man walking in the alley,359,359,man walking in the alley,False,0.5209306478500366
t2i,A woman kayaking in a lake.,9174,9174,A woman kayaking in a lake.,True,0.19702592492103577
t2i,A woman kayaking in a lake.,10523,10523,A woman kayaking in a lake.,True,0.15351015329360962
t2i,A woman kayaking in a lake.,4752,4752,A woman kayaking in a lake.,False,0.5835762023925781
t2i,A woman kayaking in a lake.,6138,6138,A woman kayaking in a lake.,True,0.28042280673980713
t2i,A woman kayaking in a lake.,5527,5527,A woman kayaking in a lake.,False,0.058137450367212296
t2i,A woman kayaking in a lake.,10731,10731,A woman kayaking in a lake.,False,0.04799336567521095
t2i,A woman kayaking in a lake.,1862,1862,A woman kayaking in a lake.,False,0.20904867351055145
t2i,A woman kayaking in a lake.,5890,5890,A woman kayaking in a lake.,True,0.7662498950958252
t2i,A woman kayaking in a lake.,2327,2327,A woman kayaking in a lake.,False,0.05675191804766655
t2i,A woman kayaking in a lake.,1553,1553,A woman kayaking in a lake.,False,0.011237554252147675
t2i,A woman kayaking in a lake.,7837,7837,A woman kayaking in a lake.,True,0.885434091091156
t2i,A woman kayaking in a lake.,6024,6024,A woman kayaking in a lake.,False,0.5741147398948669
t2i,A woman kayaking in a lake.,10131,10131,A woman kayaking in a lake.,True,0.2836737334728241
t2i,A woman kayaking in a lake.,10446,10446,A woman kayaking in a lake.,True,0.037190958857536316
t2i,A woman kayaking in a lake.,12471,12471,A woman kayaking in a lake.,True,0.7487424612045288
t2i,A woman kayaking in a lake.,9119,9119,A woman kayaking in a lake.,True,0.40759384632110596
t2i,A woman kayaking in a lake.,5904,5904,A woman kayaking in a lake.,False,0.2812991440296173
t2i,A woman kayaking in a lake.,4678,4678,A woman kayaking in a lake.,True,0.7636539936065674
t2i,A woman kayaking in a lake.,2672,2672,A woman kayaking in a lake.,False,0.041682202368974686
t2i,A woman kayaking in a lake.,6996,6996,A woman kayaking in a lake.,False,0.053891830146312714
t2i,A woman kayaking in a lake.,5295,5295,A woman kayaking in a lake.,False,0.44947266578674316
t2i,A girl is running on the street.,4654,4654,A girl is running on the street.,True,0.9648638367652893
t2i,A girl is running on the street.,3831,3831,A girl is running on the street.,True,0.9734005331993103
t2i,A girl is running on the street.,12832,12832,A girl is running on the street.,True,0.9504408240318298
t2i,A girl is running on the street.,10519,10519,A girl is running on the street.,True,0.9941468238830566
t2i,A girl is running on the street.,1977,1977,A girl is running on the street.,True,0.9642318487167358
t2i,A girl is running on the street.,7605,7605,A girl is running on the street.,True,0.7296571731567383
t2i,A girl is running on the street.,1903,1903,A girl is running on the street.,False,0.9629598259925842
t2i,A girl is running on the street.,9146,9146,A girl is running on the street.,True,0.9730678796768188
t2i,A girl is running on the street.,3121,3121,A girl is running on the street.,True,0.9270906448364258
t2i,A girl is running on the street.,2785,2785,A girl is running on the street.,True,0.9749802350997925
t2i,A girl is running on the street.,10383,10383,A girl is running on the street.,True,0.9266912937164307
t2i,A girl is running on the street.,1295,1295,A girl is running on the street.,False,0.8385174870491028
t2i,A girl is running on the street.,2422,2422,A girl is running on the street.,True,0.8698304295539856
t2i,A girl is running on the street.,10548,10548,A girl is running on the street.,False,0.8813210725784302
t2i,A girl is running on the street.,825,825,A girl is running on the street.,True,0.9874468445777893
t2i,A girl is running on the street.,4738,4738,A girl is running on the street.,True,0.9714130163192749
t2i,A girl is running on the street.,2622,2622,A girl is running on the street.,True,0.927497386932373
t2i,A girl is running on the street.,4819,4819,A girl is running on the street.,False,0.9185419082641602
t2i,A girl is running on the street.,4643,4643,A girl is running on the street.,True,0.9251492619514465
t2i,A girl is running on the street.,1743,1743,A girl is running on the street.,False,0.9848639369010925
t2i,A girl is running on the street.,13230,13230,A girl is running on the street.,True,0.9810460805892944
t2i,A girl is running on the street.,79,79,A girl is running on the street.,True,0.9872958064079285
t2i,A girl is running on the street.,13481,13481,A girl is running on the street.,False,0.9011805057525635
t2i,A girl is running on the street.,569,569,A girl is running on the street.,False,0.9230319857597351
t2i,A girl is running on the street.,10339,10339,A girl is running on the street.,False,0.9371841549873352
t2i,A girl is running on the street.,9777,9777,A girl is running on the street.,True,0.9962300658226013
t2i,A girl is running on the street.,7725,7725,A girl is running on the street.,True,0.9432040452957153
t2i,A girl is running on the street.,397,397,A girl is running on the street.,False,0.9160307049751282
t2i,A girl is running on the street.,10840,10840,A girl is running on the street.,True,0.9713048338890076
t2i,A girl is running on the street.,4649,4649,A girl is running on the street.,True,0.9760033488273621
t2i,A girl is running on the street.,2169,2169,A girl is running on the street.,True,0.9563830494880676
t2i,A girl is running on the street.,9856,9856,A girl is running on the street.,True,0.9615855813026428
t2i,A girl is running on the street.,5579,5579,A girl is running on the street.,True,0.9641103148460388
t2i,A girl is running on the street.,7001,7001,A girl is running on the street.,True,0.9206972718238831
t2i,A girl is running on the street.,8098,8098,A girl is running on the street.,False,0.9111108183860779
t2i,A girl is running on the street.,12381,12381,A girl is running on the street.,True,0.9805318713188171
t2i,A girl is running on the street.,2188,2188,A girl is running on the street.,False,0.9748882055282593
t2i,A couple kiss in a meadow.,5666,5666,A couple kiss in a meadow.,True,0.25732290744781494
t2i,A couple kiss in a meadow.,9535,9535,A couple kiss in a meadow.,True,0.5316644310951233
t2i,A couple kiss in a meadow.,4740,4740,A couple kiss in a meadow.,True,0.12218579649925232
t2i,A couple kiss in a meadow.,4754,4754,A couple kiss in a meadow.,True,0.34028199315071106
t2i,A couple kiss in a meadow.,12495,12495,A couple kiss in a meadow.,False,0.2415224313735962
t2i,A couple kiss in a meadow.,8746,8746,A couple kiss in a meadow.,False,0.6419947147369385
t2i,A couple kiss in a meadow.,10591,10591,A couple kiss in a meadow.,True,0.9377503395080566
t2i,A couple kiss in a meadow.,3045,3045,A couple kiss in a meadow.,True,0.9304159879684448
t2i,A couple kiss in a meadow.,5082,5082,A couple kiss in a meadow.,True,0.1902734637260437
t2i,A couple kiss in a meadow.,11870,11870,A couple kiss in a meadow.,False,0.07339291274547577
t2i,A couple kiss in a meadow.,7214,7214,A couple kiss in a meadow.,False,0.9890613555908203
t2i,A couple kiss in a meadow.,11055,11055,A couple kiss in a meadow.,True,0.947795033454895
t2i,A couple kiss in a meadow.,13815,13815,A couple kiss in a meadow.,False,0.3287627696990967
t2i,A couple kiss in a meadow.,10208,10208,A couple kiss in a meadow.,False,0.11280175298452377
t2i,A couple kiss in a meadow.,1432,1432,A couple kiss in a meadow.,False,0.31632164120674133
t2i,A couple kiss in a meadow.,5343,5343,A couple kiss in a meadow.,False,0.4408184885978699
t2i,A couple kiss in a meadow.,5665,5665,A couple kiss in a meadow.,False,0.7888410687446594
t2i,A couple kiss in a meadow.,6845,6845,A couple kiss in a meadow.,True,0.8245278596878052
t2i,A couple kiss in a meadow.,4080,4080,A couple kiss in a meadow.,False,0.9038576483726501
t2i,A couple kiss in a meadow.,8122,8122,A couple kiss in a meadow.,False,0.34420785307884216
t2i,A couple kiss in a meadow.,13266,13266,A couple kiss in a meadow.,False,0.9890320897102356
t2i,A couple kiss in a meadow.,10087,10087,A couple kiss in a meadow.,False,0.8480342626571655
t2i,A couple kiss in a meadow.,12330,12330,A couple kiss in a meadow.,True,0.5007383823394775
t2i,A couple kiss in a meadow.,5567,5567,A couple kiss in a meadow.,True,0.10607782751321793
t2i,A couple kiss in a meadow.,13138,13138,A couple kiss in a meadow.,True,0.04292979836463928
t2i,A couple kiss in a meadow.,12927,12927,A couple kiss in a meadow.,True,0.6068901419639587
t2i,man cook in kitchen,11875,11875,man cook in kitchen,True,0.03420813009142876
t2i,man cook in kitchen,5238,5238,man cook in kitchen,True,0.002806091448292136
t2i,man cook in kitchen,10177,10177,man cook in kitchen,True,0.029130058363080025
t2i,man cook in kitchen,3962,3962,man cook in kitchen,True,0.0020326317753642797
t2i,man cook in kitchen,12670,12670,man cook in kitchen,True,0.22248868644237518
t2i,man cook in kitchen,9778,9778,man cook in kitchen,True,0.35541558265686035
t2i,man cook in kitchen,12081,12081,man cook in kitchen,True,0.22411145269870758
t2i,man cook in kitchen,5102,5102,man cook in kitchen,True,0.13216613233089447
t2i,man cook in kitchen,12484,12484,man cook in kitchen,True,0.005347205325961113
t2i,man cook in kitchen,7436,7436,man cook in kitchen,True,0.06585149466991425
t2i,man cook in kitchen,12842,12842,man cook in kitchen,True,0.05809143930673599
t2i,man cook in kitchen,4483,4483,man cook in kitchen,True,0.013307693414390087
t2i,man cook in kitchen,1179,1179,man cook in kitchen,True,0.052705712616443634
t2i,man cook in kitchen,11535,11535,man cook in kitchen,True,0.000659878074657172
t2i,man cook in kitchen,5905,5905,man cook in kitchen,False,0.6166908740997314
t2i,man cook in kitchen,5367,5367,man cook in kitchen,True,0.058981433510780334
t2i,man cook in kitchen,1722,1722,man cook in kitchen,True,0.011061900295317173
t2i,man cook in kitchen,475,475,man cook in kitchen,True,0.012887608259916306
t2i,man cook in kitchen,14029,14029,man cook in kitchen,True,0.005840281490236521
t2i,man cook in kitchen,11129,11129,man cook in kitchen,True,0.10366405546665192
t2i,man cook in kitchen,1879,1879,man cook in kitchen,True,0.18066401779651642
t2i,man cook in kitchen,12602,12602,man cook in kitchen,True,0.03165588900446892
t2i,man cook in kitchen,11880,11880,man cook in kitchen,True,0.017469702288508415
t2i,man cook in kitchen,7956,7956,man cook in kitchen,True,0.057139791548252106
t2i,man cook in kitchen,7776,7776,man cook in kitchen,True,0.002979233395308256
t2i,man cook in kitchen,10453,10453,man cook in kitchen,True,0.00021574464335571975
t2i,man cook in kitchen,6476,6476,man cook in kitchen,True,0.06258835643529892
t2i,A puppy stands in the grass.,3003,3003,A puppy stands in the grass.,False,0.6894022226333618
t2i,A puppy stands in the grass.,5400,5400,A puppy stands in the grass.,False,0.1420501321554184
t2i,A puppy stands in the grass.,1970,1970,A puppy stands in the grass.,False,0.15035860240459442
t2i,A puppy stands in the grass.,1620,1620,A puppy stands in the grass.,False,0.2502392828464508
t2i,A puppy stands in the grass.,7581,7581,A puppy stands in the grass.,False,0.4638289511203766
t2i,A puppy stands in the grass.,1988,1988,A puppy stands in the grass.,False,0.15219104290008545
t2i,A puppy stands in the grass.,2794,2794,A puppy stands in the grass.,False,0.3119927942752838
t2i,A puppy stands in the grass.,4439,4439,A puppy stands in the grass.,False,0.1628485471010208
t2i,A puppy stands in the grass.,1704,1704,A puppy stands in the grass.,True,0.25436607003211975
t2i,A puppy stands in the grass.,1658,1658,A puppy stands in the grass.,False,0.6270952224731445
t2i,A puppy stands in the grass.,1637,1637,A puppy stands in the grass.,True,0.40753793716430664
t2i,A puppy stands in the grass.,5048,5048,A puppy stands in the grass.,True,0.10380879044532776
t2i,A puppy stands in the grass.,9361,9361,A puppy stands in the grass.,False,0.25440549850463867
t2i,A puppy stands in the grass.,5401,5401,A puppy stands in the grass.,True,0.5352597832679749
t2i,A puppy stands in the grass.,5621,5621,A puppy stands in the grass.,True,0.2864533066749573
t2i,A puppy stands in the grass.,83,83,A puppy stands in the grass.,True,0.1487269401550293
t2i,A puppy stands in the grass.,4639,4639,A puppy stands in the grass.,False,0.12703827023506165
t2i,A puppy stands in the grass.,11899,11899,A puppy stands in the grass.,False,0.2208244651556015
t2i,A puppy stands in the grass.,7580,7580,A puppy stands in the grass.,False,0.33142849802970886
t2i,A puppy stands in the grass.,4638,4638,A puppy stands in the grass.,False,0.20865364372730255
t2i,A puppy stands in the grass.,12178,12178,A puppy stands in the grass.,True,0.12062858045101166
t2i,A puppy stands in the grass.,3606,3606,A puppy stands in the grass.,True,0.685030460357666
t2i,A puppy stands in the grass.,1674,1674,A puppy stands in the grass.,False,0.04034193232655525
t2i,A puppy stands in the grass.,1116,1116,A puppy stands in the grass.,False,0.279425710439682
t2i,A man walking in a forest.,1948,1948,A man walking in a forest.,True,0.723775327205658
t2i,A man walking in a forest.,1327,1327,A man walking in a forest.,True,0.8707289695739746
t2i,A man walking in a forest.,2333,2333,A man walking in a forest.,True,0.4587480127811432
t2i,A man walking in a forest.,8413,8413,A man walking in a forest.,False,0.9909555315971375
t2i,A man walking in a forest.,961,961,A man walking in a forest.,False,0.12605507671833038
t2i,A man walking in a forest.,3390,3390,A man walking in a forest.,True,0.905954897403717
t2i,A man walking in a forest.,667,667,A man walking in a forest.,True,0.5273021459579468
t2i,A man walking in a forest.,1645,1645,A man walking in a forest.,True,0.42135268449783325
t2i,A man walking in a forest.,2060,2060,A man walking in a forest.,False,0.9039841890335083
t2i,A man walking in a forest.,1061,1061,A man walking in a forest.,False,0.5949145555496216
t2i,A man walking in a forest.,366,366,A man walking in a forest.,True,0.9150707125663757
t2i,A man walking in a forest.,10933,10933,A man walking in a forest.,True,0.9093120098114014
t2i,A man walking in a forest.,8314,8314,A man walking in a forest.,True,0.14022086560726166
t2i,A man walking in a forest.,7120,7120,A man walking in a forest.,True,0.4288491904735565
t2i,A man walking in a forest.,3345,3345,A man walking in a forest.,True,0.9387630224227905
t2i,A man walking in a forest.,7544,7544,A man walking in a forest.,False,0.5409651398658752
t2i,A man walking in a forest.,1150,1150,A man walking in a forest.,False,0.903326690196991
t2i,A man walking in a forest.,11473,11473,A man walking in a forest.,False,0.8303465247154236
t2i,A man walking in a forest.,749,749,A man walking in a forest.,True,0.8601741790771484
t2i,A man walking in a forest.,3722,3722,A man walking in a forest.,True,0.5265132188796997
t2i,A man walking in a forest.,2826,2826,A man walking in a forest.,True,0.7471560835838318
t2i,A man walking in a forest.,7676,7676,A man walking in a forest.,False,0.661505937576294
t2i,A man walking in a forest.,13456,13456,A man walking in a forest.,True,0.5519424676895142
t2i,A man walking in a forest.,1724,1724,A man walking in a forest.,True,0.006710601504892111
t2i,A man walking in a forest.,3674,3674,A man walking in a forest.,True,0.7598124742507935
t2i,A man walking in a forest.,743,743,A man walking in a forest.,True,0.7663406729698181
t2i,A man walking in a forest.,855,855,A man walking in a forest.,True,0.6255421042442322
t2i,A man walking in a forest.,8333,8333,A man walking in a forest.,True,0.07134167104959488
t2i,The dressed up actors take a pose.,3312,3312,The dressed up actors take a pose.,True,0.003787335706874728
t2i,The dressed up actors take a pose.,1957,1957,The dressed up actors take a pose.,False,0.11554019153118134
t2i,The dressed up actors take a pose.,3957,3957,The dressed up actors take a pose.,False,0.024136820808053017
t2i,The dressed up actors take a pose.,4178,4178,The dressed up actors take a pose.,False,0.00618861336261034
t2i,The dressed up actors take a pose.,7358,7358,The dressed up actors take a pose.,False,0.15648812055587769
t2i,The dressed up actors take a pose.,10894,10894,The dressed up actors take a pose.,True,0.5576033592224121
t2i,The dressed up actors take a pose.,4136,4136,The dressed up actors take a pose.,True,0.555767297744751
t2i,The dressed up actors take a pose.,13760,13760,The dressed up actors take a pose.,True,0.7290446758270264
t2i,The dressed up actors take a pose.,9773,9773,The dressed up actors take a pose.,True,0.03610330447554588
t2i,The dressed up actors take a pose.,5356,5356,The dressed up actors take a pose.,True,0.04024948924779892
t2i,The dressed up actors take a pose.,5369,5369,The dressed up actors take a pose.,True,0.18713396787643433
t2i,The dressed up actors take a pose.,5807,5807,The dressed up actors take a pose.,True,0.8483907580375671
t2i,The dressed up actors take a pose.,10802,10802,The dressed up actors take a pose.,True,0.7687363028526306
t2i,The dressed up actors take a pose.,7833,7833,The dressed up actors take a pose.,True,0.18564054369926453
t2i,The dressed up actors take a pose.,10148,10148,The dressed up actors take a pose.,True,0.043846119195222855
t2i,The dressed up actors take a pose.,13770,13770,The dressed up actors take a pose.,True,0.48297378420829773
t2i,The dressed up actors take a pose.,2862,2862,The dressed up actors take a pose.,False,0.13148461282253265
t2i,The dressed up actors take a pose.,12565,12565,The dressed up actors take a pose.,True,0.0734657496213913
t2i,The dressed up actors take a pose.,11895,11895,The dressed up actors take a pose.,True,0.4583683907985687
t2i,The dressed up actors take a pose.,11835,11835,The dressed up actors take a pose.,True,0.24134254455566406
t2i,The dressed up actors take a pose.,10862,10862,The dressed up actors take a pose.,True,0.17899633944034576
t2i,The dressed up actors take a pose.,12247,12247,The dressed up actors take a pose.,False,0.5091624855995178
t2i,The dressed up actors take a pose.,9542,9542,The dressed up actors take a pose.,True,0.8037590384483337
t2i,The dressed up actors take a pose.,13391,13391,The dressed up actors take a pose.,True,0.685650646686554
t2i,The dressed up actors take a pose.,12775,12775,The dressed up actors take a pose.,True,0.2258051186800003
t2i,The dressed up actors take a pose.,2490,2490,The dressed up actors take a pose.,True,0.8012246489524841
t2i,The dressed up actors take a pose.,4433,4433,The dressed up actors take a pose.,True,0.5146521925926208
t2i,The dressed up actors take a pose.,8921,8921,The dressed up actors take a pose.,True,0.26859596371650696
t2i,The dressed up actors take a pose.,12866,12866,The dressed up actors take a pose.,True,0.5048065185546875
t2i,The dressed up actors take a pose.,4434,4434,The dressed up actors take a pose.,False,0.04140704870223999
t2i,The dressed up actors take a pose.,3930,3930,The dressed up actors take a pose.,True,0.006206028629094362
t2i,The dressed up actors take a pose.,3335,3335,The dressed up actors take a pose.,True,0.2686242461204529
t2i,The dressed up actors take a pose.,8993,8993,The dressed up actors take a pose.,True,0.39242497086524963
t2i,The dressed up actors take a pose.,13269,13269,The dressed up actors take a pose.,True,0.0009534677374176681
t2i,The dressed up actors take a pose.,10145,10145,The dressed up actors take a pose.,False,0.02731654979288578
t2i,The dressed up actors take a pose.,13195,13195,The dressed up actors take a pose.,True,0.8314512968063354
t2i,The dressed up actors take a pose.,9827,9827,The dressed up actors take a pose.,True,0.09141818434000015
t2i,The dressed up actors take a pose.,4112,4112,The dressed up actors take a pose.,True,0.3095504641532898
t2i,The dressed up actors take a pose.,4348,4348,The dressed up actors take a pose.,True,0.0491136834025383
t2i,The dressed up actors take a pose.,13873,13873,The dressed up actors take a pose.,False,0.01106139924377203
t2i,The dressed up actors take a pose.,435,435,The dressed up actors take a pose.,False,0.02981957606971264
t2i,The dressed up actors take a pose.,414,414,The dressed up actors take a pose.,True,0.1399320363998413
t2i,The dressed up actors take a pose.,1322,1322,The dressed up actors take a pose.,False,0.16866366565227509
t2i,The dressed up actors take a pose.,9419,9419,The dressed up actors take a pose.,True,0.2690575122833252
t2i,The dressed up actors take a pose.,7429,7429,The dressed up actors take a pose.,True,0.03749077394604683
t2i,The dressed up actors take a pose.,2987,2987,The dressed up actors take a pose.,True,0.1326393336057663
t2i,The dressed up actors take a pose.,4154,4154,The dressed up actors take a pose.,True,0.6593312621116638
t2i,The dressed up actors take a pose.,13738,13738,The dressed up actors take a pose.,True,0.14575980603694916
t2i,The dressed up actors take a pose.,13113,13113,The dressed up actors take a pose.,False,0.2723686397075653
t2i,The dressed up actors take a pose.,9511,9511,The dressed up actors take a pose.,True,0.9116143584251404
t2i,The dressed up actors take a pose.,4290,4290,The dressed up actors take a pose.,True,0.1655653715133667
t2i,A person jumps in front of a background.,10110,10110,A person jumps in front of a background.,True,0.5806154608726501
t2i,A person jumps in front of a background.,3265,3265,A person jumps in front of a background.,True,0.023652542382478714
t2i,A person jumps in front of a background.,3370,3370,A person jumps in front of a background.,True,0.056018125265836716
t2i,A person jumps in front of a background.,8247,8247,A person jumps in front of a background.,False,0.05476987734436989
t2i,A person jumps in front of a background.,7981,7981,A person jumps in front of a background.,True,0.19779688119888306
t2i,A person jumps in front of a background.,3190,3190,A person jumps in front of a background.,True,0.06268443167209625
t2i,A person jumps in front of a background.,2283,2283,A person jumps in front of a background.,False,0.05917898938059807
t2i,A person jumps in front of a background.,4819,4819,A person jumps in front of a background.,False,0.1027984619140625
t2i,A person jumps in front of a background.,12373,12373,A person jumps in front of a background.,True,0.1141836941242218
t2i,A person jumps in front of a background.,7741,7741,A person jumps in front of a background.,True,0.4223938286304474
t2i,A person jumps in front of a background.,6706,6706,A person jumps in front of a background.,True,0.39402565360069275
t2i,A person jumps in front of a background.,9139,9139,A person jumps in front of a background.,True,0.20498549938201904
t2i,A person jumps in front of a background.,8748,8748,A person jumps in front of a background.,True,0.6133804321289062
t2i,A person jumps in front of a background.,6217,6217,A person jumps in front of a background.,True,0.06655687093734741
t2i,A person jumps in front of a background.,9906,9906,A person jumps in front of a background.,True,0.9056192636489868
t2i,A person jumps in front of a background.,7822,7822,A person jumps in front of a background.,False,0.5667951703071594
t2i,A person jumps in front of a background.,6633,6633,A person jumps in front of a background.,True,0.32722774147987366
t2i,A person jumps in front of a background.,4964,4964,A person jumps in front of a background.,False,0.055659931153059006
t2i,A person jumps in front of a background.,7764,7764,A person jumps in front of a background.,True,0.14752894639968872
t2i,A person jumps in front of a background.,6187,6187,A person jumps in front of a background.,True,0.3013111650943756
t2i,A person jumps in front of a background.,6245,6245,A person jumps in front of a background.,True,0.9129221439361572
t2i,A person jumps in front of a background.,13270,13270,A person jumps in front of a background.,True,0.7696856260299683
t2i,A person jumps in front of a background.,5531,5531,A person jumps in front of a background.,True,0.2932066023349762
t2i,A person jumps in front of a background.,10713,10713,A person jumps in front of a background.,True,0.0879029631614685
t2i,A person jumps in front of a background.,2462,2462,A person jumps in front of a background.,True,0.032090332359075546
t2i,A person jumps in front of a background.,12124,12124,A person jumps in front of a background.,True,0.21385543048381805
t2i,A person jumps in front of a background.,12380,12380,A person jumps in front of a background.,True,0.07093392312526703
t2i,A person jumps in front of a background.,14005,14005,A person jumps in front of a background.,False,0.5986842513084412
t2i,A person jumps in front of a background.,31,31,A person jumps in front of a background.,False,0.13703693449497223
t2i,A person jumps in front of a background.,2619,2619,A person jumps in front of a background.,True,0.016833774745464325
t2i,A person jumps in front of a background.,10660,10660,A person jumps in front of a background.,True,0.04923475161194801
t2i,A person jumps in front of a background.,8332,8332,A person jumps in front of a background.,False,0.06625158339738846
t2i,A person jumps in front of a background.,5830,5830,A person jumps in front of a background.,False,0.011834888719022274
t2i,A person jumps in front of a background.,6878,6878,A person jumps in front of a background.,False,0.040200430899858475
t2i,A person jumps in front of a background.,11748,11748,A person jumps in front of a background.,True,0.011378245428204536
t2i,A person jumps in front of a background.,3950,3950,A person jumps in front of a background.,False,0.0005181350279599428
t2i,Players walking onto the pitch.,10508,10508,Players walking onto the pitch.,True,0.09970549494028091
t2i,Players walking onto the pitch.,2775,2775,Players walking onto the pitch.,True,0.11943554133176804
t2i,Players walking onto the pitch.,3380,3380,Players walking onto the pitch.,True,0.40223821997642517
t2i,Players walking onto the pitch.,2827,2827,Players walking onto the pitch.,True,0.5409536957740784
t2i,Players walking onto the pitch.,12298,12298,Players walking onto the pitch.,True,0.04735379293560982
t2i,Players walking onto the pitch.,2609,2609,Players walking onto the pitch.,True,0.25149691104888916
t2i,Players walking onto the pitch.,12994,12994,Players walking onto the pitch.,True,0.18996839225292206
t2i,Players walking onto the pitch.,12698,12698,Players walking onto the pitch.,True,0.26089778542518616
t2i,Players walking onto the pitch.,5198,5198,Players walking onto the pitch.,True,0.4983833432197571
t2i,Players walking onto the pitch.,6395,6395,Players walking onto the pitch.,True,0.31732213497161865
t2i,Players walking onto the pitch.,1380,1380,Players walking onto the pitch.,True,0.2636880576610565
t2i,Players walking onto the pitch.,3997,3997,Players walking onto the pitch.,True,0.13763752579689026
t2i,Players walking onto the pitch.,13490,13490,Players walking onto the pitch.,True,0.37580832839012146
t2i,Players walking onto the pitch.,10621,10621,Players walking onto the pitch.,True,0.49493759870529175
t2i,Players walking onto the pitch.,7009,7009,Players walking onto the pitch.,True,0.012029273435473442
t2i,Players walking onto the pitch.,11117,11117,Players walking onto the pitch.,True,0.15773357450962067
t2i,Players walking onto the pitch.,5256,5256,Players walking onto the pitch.,True,0.5140441656112671
t2i,Players walking onto the pitch.,6533,6533,Players walking onto the pitch.,True,0.14088338613510132
t2i,Players walking onto the pitch.,5705,5705,Players walking onto the pitch.,True,0.7329998016357422
t2i,Players walking onto the pitch.,3932,3932,Players walking onto the pitch.,True,0.34714487195014954
t2i,Players walking onto the pitch.,5235,5235,Players walking onto the pitch.,True,0.22176337242126465
t2i,Players walking onto the pitch.,1124,1124,Players walking onto the pitch.,True,0.11530818045139313
t2i,Players walking onto the pitch.,8265,8265,Players walking onto the pitch.,False,0.2936152219772339
t2i,Players walking onto the pitch.,1973,1973,Players walking onto the pitch.,False,0.007948694750666618
t2i,Players walking onto the pitch.,13407,13407,Players walking onto the pitch.,False,0.03541439399123192
t2i,Players walking onto the pitch.,346,346,Players walking onto the pitch.,False,0.010190603323280811
t2i,Players walking onto the pitch.,3237,3237,Players walking onto the pitch.,False,0.00019954430172219872
t2i,Players walking onto the pitch.,10839,10839,Players walking onto the pitch.,False,0.31576263904571533
t2i,Players walking onto the pitch.,11765,11765,Players walking onto the pitch.,False,0.2519013583660126
t2i,Players walking onto the pitch.,10510,10510,Players walking onto the pitch.,False,0.043518565595149994
t2i,Players walking onto the pitch.,8586,8586,Players walking onto the pitch.,True,0.035283103585243225
t2i,Players walking onto the pitch.,4010,4010,Players walking onto the pitch.,False,0.13813935220241547
t2i,Players walking onto the pitch.,4587,4587,Players walking onto the pitch.,True,0.005977410823106766
t2i,Players walking onto the pitch.,12873,12873,Players walking onto the pitch.,False,0.08547598868608475
t2i,Players walking onto the pitch.,6614,6614,Players walking onto the pitch.,True,0.8197145462036133
t2i,Players walking onto the pitch.,1499,1499,Players walking onto the pitch.,True,0.1570110023021698
t2i,Players walking onto the pitch.,12699,12699,Players walking onto the pitch.,True,0.39968255162239075
t2i,Players walking onto the pitch.,3845,3845,Players walking onto the pitch.,True,0.11150764673948288
t2i,Players walking onto the pitch.,3841,3841,Players walking onto the pitch.,True,0.1128140538930893
t2i,Players walking onto the pitch.,5802,5802,Players walking onto the pitch.,True,0.026938751339912415
t2i,Players walking onto the pitch.,3554,3554,Players walking onto the pitch.,False,0.1894674450159073
t2i,Players walking onto the pitch.,9250,9250,Players walking onto the pitch.,True,0.024336297065019608
t2i,Players walking onto the pitch.,12650,12650,Players walking onto the pitch.,True,0.16503891348838806
t2i,A man sits at a desk.,532,532,A man sits at a desk.,True,0.02528194710612297
t2i,A man sits at a desk.,1171,1171,A man sits at a desk.,True,0.48053938150405884
t2i,A man sits at a desk.,13863,13863,A man sits at a desk.,False,0.03800731152296066
t2i,A man sits at a desk.,14025,14025,A man sits at a desk.,False,0.2165370136499405
t2i,A man sits at a desk.,298,298,A man sits at a desk.,False,0.01818598061800003
t2i,A man sits at a desk.,701,701,A man sits at a desk.,False,0.07598267495632172
t2i,A man sits at a desk.,3493,3493,A man sits at a desk.,False,0.023886051028966904
t2i,A man sits at a desk.,11976,11976,A man sits at a desk.,False,0.12998631596565247
t2i,A man sits at a desk.,2719,2719,A man sits at a desk.,False,0.02762920781970024
t2i,A man sits at a desk.,3538,3538,A man sits at a desk.,True,0.09067223221063614
t2i,A man sits at a desk.,826,826,A man sits at a desk.,False,0.8598669171333313
t2i,A man sits at a desk.,9295,9295,A man sits at a desk.,True,0.10170716047286987
t2i,A man sits at a desk.,10226,10226,A man sits at a desk.,True,0.42099905014038086
t2i,A man sits at a desk.,583,583,A man sits at a desk.,True,0.78267902135849
t2i,A man sits at a desk.,7870,7870,A man sits at a desk.,False,0.41196325421333313
t2i,A man sits at a desk.,8209,8209,A man sits at a desk.,True,0.04271311312913895
t2i,A man sits at a desk.,6797,6797,A man sits at a desk.,True,0.021970467641949654
t2i,A man sits at a desk.,8501,8501,A man sits at a desk.,False,0.8024035096168518
t2i,A man sits at a desk.,9080,9080,A man sits at a desk.,False,0.061505116522312164
t2i,A man sits at a desk.,7182,7182,A man sits at a desk.,False,0.03202085942029953
t2i,A man sits at a desk.,3435,3435,A man sits at a desk.,True,0.8831868767738342
t2i,A man sits at a desk.,8763,8763,A man sits at a desk.,True,0.7045255899429321
t2i,A man sits at a desk.,8114,8114,A man sits at a desk.,True,0.18925835192203522
t2i,A man sits at a desk.,10374,10374,A man sits at a desk.,False,0.29013580083847046
t2i,A man sits at a desk.,9884,9884,A man sits at a desk.,False,0.4357282221317291
t2i,A man sits at a desk.,13695,13695,A man sits at a desk.,True,0.06884008646011353
t2i,A man sits at a desk.,3356,3356,A man sits at a desk.,False,0.6759349703788757
t2i,A man sits at a desk.,3191,3191,A man sits at a desk.,True,0.0675041526556015
t2i,A man sits at a desk.,831,831,A man sits at a desk.,True,0.46978428959846497
t2i,A man sits at a desk.,11681,11681,A man sits at a desk.,False,0.6514676213264465
t2i,A man sits at a desk.,174,174,A man sits at a desk.,False,0.23559464514255524
t2i,A man sits at a desk.,3673,3673,A man sits at a desk.,False,0.320888876914978
t2i,A man sits at a desk.,1541,1541,A man sits at a desk.,True,0.049989745020866394
t2i,A man sits at a desk.,8483,8483,A man sits at a desk.,False,0.401731938123703
t2i,A man sits at a desk.,5740,5740,A man sits at a desk.,False,0.0193891990929842
t2i,A man sits at a desk.,3428,3428,A man sits at a desk.,False,0.18999025225639343
t2i,A man sits at a desk.,1289,1289,A man sits at a desk.,False,0.10395053774118423
t2i,The person sit in the window opposite side,4855,4855,The person sit in the window opposite side,False,0.007478340063244104
t2i,The person sit in the window opposite side,7944,7944,The person sit in the window opposite side,True,0.02298879809677601
t2i,The person sit in the window opposite side,3729,3729,The person sit in the window opposite side,True,0.01526445522904396
t2i,The person sit in the window opposite side,144,144,The person sit in the window opposite side,True,0.0014287844533100724
t2i,The person sit in the window opposite side,9825,9825,The person sit in the window opposite side,False,0.002850843593478203
t2i,The person sit in the window opposite side,10053,10053,The person sit in the window opposite side,True,0.009187580086290836
t2i,The person sit in the window opposite side,9874,9874,The person sit in the window opposite side,False,0.009097936563193798
t2i,The person sit in the window opposite side,3393,3393,The person sit in the window opposite side,True,0.006845219526439905
t2i,The person sit in the window opposite side,11848,11848,The person sit in the window opposite side,True,0.014896438457071781
t2i,The person sit in the window opposite side,6152,6152,The person sit in the window opposite side,False,0.0023214833345264196
t2i,The person sit in the window opposite side,3749,3749,The person sit in the window opposite side,True,0.23593571782112122
t2i,The person sit in the window opposite side,4914,4914,The person sit in the window opposite side,False,0.12292960286140442
t2i,The person sit in the window opposite side,9035,9035,The person sit in the window opposite side,False,0.015341796912252903
t2i,The person sit in the window opposite side,7717,7717,The person sit in the window opposite side,False,0.0015868881018832326
t2i,The person sit in the window opposite side,14087,14087,The person sit in the window opposite side,False,0.7908046245574951
t2i,The person sit in the window opposite side,11303,11303,The person sit in the window opposite side,False,0.009313791058957577
t2i,The person sit in the window opposite side,2081,2081,The person sit in the window opposite side,False,0.03801823407411575
t2i,The person sit in the window opposite side,7492,7492,The person sit in the window opposite side,False,0.08262521028518677
t2i,The person sit in the window opposite side,6121,6121,The person sit in the window opposite side,False,0.10214205086231232
t2i,The person sit in the window opposite side,4548,4548,The person sit in the window opposite side,False,0.11364106088876724
t2i,The person sit in the window opposite side,3394,3394,The person sit in the window opposite side,True,0.16782841086387634
t2i,The person sit in the window opposite side,7882,7882,The person sit in the window opposite side,False,0.2859079837799072
t2i,The person sit in the window opposite side,11954,11954,The person sit in the window opposite side,False,0.044815320521593094
t2i,The person sit in the window opposite side,2706,2706,The person sit in the window opposite side,False,0.15535853803157806
t2i,The person sit in the window opposite side,6497,6497,The person sit in the window opposite side,False,0.24620167911052704
t2i,The person sit in the window opposite side,12767,12767,The person sit in the window opposite side,False,0.1374925673007965
t2i,The person sit in the window opposite side,9471,9471,The person sit in the window opposite side,True,0.004517522640526295
t2i,The person sit in the window opposite side,1610,1610,The person sit in the window opposite side,True,0.007863827981054783
t2i,The person sit in the window opposite side,3344,3344,The person sit in the window opposite side,False,0.0015631543938070536
t2i,The person sit in the window opposite side,13210,13210,The person sit in the window opposite side,False,0.028651343658566475
t2i,The person sit in the window opposite side,2869,2869,The person sit in the window opposite side,True,0.002588220639154315
t2i,The person sit in the window opposite side,11302,11302,The person sit in the window opposite side,True,0.00870994757860899
t2i,The person sit in the window opposite side,5574,5574,The person sit in the window opposite side,False,0.004014396108686924
t2i,The person sit in the window opposite side,12970,12970,The person sit in the window opposite side,False,0.002618923783302307
t2i,The person sit in the window opposite side,6177,6177,The person sit in the window opposite side,False,0.02047976665198803
t2i,The person sit in the window opposite side,7491,7491,The person sit in the window opposite side,False,0.03520936518907547
t2i,The person sit in the window opposite side,753,753,The person sit in the window opposite side,False,0.008745959028601646
t2i,The person sit in the window opposite side,5860,5860,The person sit in the window opposite side,True,0.0034214321058243513
t2i,A person working with a team,11965,11965,A person working with a team,True,0.06314434111118317
t2i,A person working with a team,12204,12204,A person working with a team,True,0.027897095307707787
t2i,A person working with a team,8251,8251,A person working with a team,True,0.14189597964286804
t2i,A person working with a team,7347,7347,A person working with a team,False,0.05838412418961525
t2i,A person working with a team,1957,1957,A person working with a team,False,0.06363993883132935
t2i,A person working with a team,9170,9170,A person working with a team,False,0.04978601261973381
t2i,A person working with a team,12708,12708,A person working with a team,False,0.12746086716651917
t2i,A person working with a team,1171,1171,A person working with a team,False,0.07866648584604263
t2i,A person working with a team,1046,1046,A person working with a team,False,0.16455884277820587
t2i,A person working with a team,2654,2654,A person working with a team,False,0.07767584919929504
t2i,A person working with a team,11765,11765,A person working with a team,True,0.5788836479187012
t2i,A person working with a team,2666,2666,A person working with a team,True,0.2958218455314636
t2i,A person working with a team,9769,9769,A person working with a team,True,0.3608601987361908
t2i,A person working with a team,10995,10995,A person working with a team,False,0.703026294708252
t2i,A person working with a team,11363,11363,A person working with a team,False,0.032936595380306244
t2i,A person working with a team,9501,9501,A person working with a team,True,0.0003661421069409698
t2i,A person working with a team,6227,6227,A person working with a team,True,0.15851901471614838
t2i,A person working with a team,8656,8656,A person working with a team,False,0.0625409334897995
t2i,A person working with a team,5610,5610,A person working with a team,True,0.6371485590934753
t2i,A person working with a team,6246,6246,A person working with a team,False,0.3586300313472748
t2i,A person working with a team,6557,6557,A person working with a team,True,0.20773844420909882
t2i,A person working with a team,10813,10813,A person working with a team,True,0.17499789595603943
t2i,A person working with a team,8583,8583,A person working with a team,True,0.29659709334373474
t2i,A person working with a team,10299,10299,A person working with a team,True,0.3094421327114105
t2i,A person working with a team,1185,1185,A person working with a team,True,0.2911807596683502
t2i,A person working with a team,7585,7585,A person working with a team,True,0.3061230778694153
t2i,A person working with a team,10537,10537,A person working with a team,False,0.1501067876815796
t2i,A person working with a team,13443,13443,A person working with a team,False,0.4839894473552704
t2i,A person working with a team,9080,9080,A person working with a team,True,0.6374402642250061
t2i,A person working with a team,8960,8960,A person working with a team,False,0.6709122657775879
t2i,A person working with a team,6062,6062,A person working with a team,False,0.22707173228263855
t2i,A person working with a team,3525,3525,A person working with a team,False,0.04027639329433441
t2i,A person working with a team,9000,9000,A person working with a team,False,0.34603774547576904
t2i,A person working with a team,8341,8341,A person working with a team,False,0.07596991956233978
t2i,A person working with a team,7691,7691,A person working with a team,False,0.4305310845375061
t2i,A person working with a team,13575,13575,A person working with a team,True,0.16434268653392792
t2i,A person working with a team,9934,9934,A person working with a team,False,0.048728637397289276
t2i,A person working with a team,3487,3487,A person working with a team,False,0.3505243957042694
t2i,A person working with a team,12761,12761,A person working with a team,False,
t2i,A person working with a team,185,185,A person working with a team,False,
t2i,A woman lies on a sofa.,12588,12588,A woman lies on a sofa.,True,0.9687625765800476
t2i,A woman lies on a sofa.,7118,7118,A woman lies on a sofa.,False,0.5543019771575928
t2i,A woman lies on a sofa.,6965,6965,A woman lies on a sofa.,True,0.7827632427215576
t2i,A woman lies on a sofa.,13898,13898,A woman lies on a sofa.,True,0.9275056719779968
t2i,A woman lies on a sofa.,11045,11045,A woman lies on a sofa.,True,0.9965732097625732
t2i,A woman lies on a sofa.,752,752,A woman lies on a sofa.,False,0.782608151435852
t2i,A woman lies on a sofa.,10492,10492,A woman lies on a sofa.,True,0.8547359704971313
t2i,A woman lies on a sofa.,3389,3389,A woman lies on a sofa.,True,0.9980493783950806
t2i,A woman lies on a sofa.,1555,1555,A woman lies on a sofa.,True,0.8130966424942017
t2i,A woman lies on a sofa.,13463,13463,A woman lies on a sofa.,True,0.9844503998756409
t2i,A woman lies on a sofa.,13588,13588,A woman lies on a sofa.,True,0.9723520874977112
t2i,A woman lies on a sofa.,13652,13652,A woman lies on a sofa.,True,0.9877209067344666
t2i,A woman lies on a sofa.,3619,3619,A woman lies on a sofa.,True,0.9634252190589905
t2i,A woman lies on a sofa.,3466,3466,A woman lies on a sofa.,True,0.9494871497154236
t2i,A woman lies on a sofa.,5714,5714,A woman lies on a sofa.,True,0.9575616717338562
t2i,A woman lies on a sofa.,10506,10506,A woman lies on a sofa.,False,0.9422622919082642
t2i,A woman lies on a sofa.,2841,2841,A woman lies on a sofa.,True,0.839593231678009
t2i,A woman lies on a sofa.,2451,2451,A woman lies on a sofa.,False,0.698477566242218
t2i,A woman lies on a sofa.,14074,14074,A woman lies on a sofa.,False,0.5140912532806396
t2i,A woman lies on a sofa.,11812,11812,A woman lies on a sofa.,False,0.944141685962677
t2i,A woman lies on a sofa.,13604,13604,A woman lies on a sofa.,True,0.9825581908226013
t2i,A woman lies on a sofa.,2523,2523,A woman lies on a sofa.,False,0.8793001770973206
t2i,A woman lies on a sofa.,9399,9399,A woman lies on a sofa.,False,0.8005160093307495
t2i,A woman lies on a sofa.,11244,11244,A woman lies on a sofa.,True,0.8624532222747803
t2i,A woman lies on a sofa.,1992,1992,A woman lies on a sofa.,True,0.8530598878860474
t2i,A woman lies on a sofa.,1301,1301,A woman lies on a sofa.,True,0.9783474206924438
t2i,A woman lies on a sofa.,1801,1801,A woman lies on a sofa.,True,0.8531718254089355
t2i,A woman lies on a sofa.,1733,1733,A woman lies on a sofa.,True,0.774397075176239
t2i,A woman lies on a sofa.,11592,11592,A woman lies on a sofa.,True,0.9172766804695129
t2i,player score a goal,4503,4503,player score a goal,False,0.013130703009665012
t2i,player score a goal,4882,4882,player score a goal,False,0.0015540289459750056
t2i,player score a goal,4541,4541,player score a goal,False,0.002978144446387887
t2i,player score a goal,11121,11121,player score a goal,False,0.04174455255270004
t2i,player score a goal,11186,11186,player score a goal,False,0.006354619283229113
t2i,player score a goal,13296,13296,player score a goal,True,0.24742917716503143
t2i,player score a goal,10968,10968,player score a goal,False,0.03703925758600235
t2i,player score a goal,1556,1556,player score a goal,False,0.8758938312530518
t2i,player score a goal,13045,13045,player score a goal,False,0.0012288028374314308
t2i,player score a goal,2266,2266,player score a goal,False,0.008823031559586525
t2i,player score a goal,13793,13793,player score a goal,False,0.9430661201477051
t2i,player score a goal,5703,5703,player score a goal,False,0.12607194483280182
t2i,player score a goal,11558,11558,player score a goal,True,0.6176342368125916
t2i,player score a goal,7582,7582,player score a goal,True,0.022957071661949158
t2i,player score a goal,9661,9661,player score a goal,True,0.023153720423579216
t2i,player score a goal,3427,3427,player score a goal,False,0.00545410206541419
t2i,player score a goal,1348,1348,player score a goal,True,0.3325948417186737
t2i,player score a goal,262,262,player score a goal,True,0.02871500328183174
t2i,player score a goal,9979,9979,player score a goal,False,0.8413206338882446
t2i,player score a goal,9247,9247,player score a goal,True,0.36473459005355835
t2i,player score a goal,12845,12845,player score a goal,True,0.9692321419715881
t2i,player score a goal,3626,3626,player score a goal,True,0.7357689738273621
t2i,player score a goal,4948,4948,player score a goal,True,0.5874577760696411
t2i,player score a goal,4417,4417,player score a goal,False,0.22322364151477814
t2i,player score a goal,4306,4306,player score a goal,True,0.4988611042499542
t2i,player score a goal,11523,11523,player score a goal,False,0.7836769223213196
t2i,player score a goal,5874,5874,player score a goal,False,0.8875052332878113
t2i,player score a goal,1631,1631,player score a goal,False,0.3812040686607361
t2i,player score a goal,6557,6557,player score a goal,False,0.2831915318965912
t2i,player score a goal,7524,7524,player score a goal,True,0.00954530481249094
t2i,player score a goal,3153,3153,player score a goal,False,0.022319504991173744
t2i,player score a goal,509,509,player score a goal,True,0.03901233151555061
t2i,player score a goal,9267,9267,player score a goal,True,0.0026515077333897352
t2i,player score a goal,6882,6882,player score a goal,True,0.0010695201344788074
t2i,player score a goal,1629,1629,player score a goal,True,0.03876335173845291
t2i,player score a goal,8654,8654,player score a goal,True,0.463397741317749
t2i,player score a goal,1424,1424,player score a goal,True,0.220487579703331
t2i,player score a goal,3259,3259,player score a goal,True,0.029444094747304916
t2i,player score a goal,4414,4414,player score a goal,True,0.02655627392232418
t2i,player score a goal,4981,4981,player score a goal,True,0.004159337375313044
t2i,player score a goal,3154,3154,player score a goal,True,0.018274610862135887
t2i,player score a goal,2204,2204,player score a goal,True,0.41930001974105835
t2i,player score a goal,4356,4356,player score a goal,True,0.28635844588279724
t2i,player score a goal,6764,6764,player score a goal,False,0.44664761424064636
t2i,player score a goal,9970,9970,player score a goal,False,0.007147605996578932
t2i,A person sits on a rock.,7799,7799,A person sits on a rock.,True,0.09789656102657318
t2i,A person sits on a rock.,9099,9099,A person sits on a rock.,True,0.03561948239803314
t2i,A person sits on a rock.,6081,6081,A person sits on a rock.,True,0.08843821287155151
t2i,A person sits on a rock.,12518,12518,A person sits on a rock.,True,0.025935664772987366
t2i,A person sits on a rock.,8709,8709,A person sits on a rock.,True,0.13921275734901428
t2i,A person sits on a rock.,6553,6553,A person sits on a rock.,True,0.5866971015930176
t2i,A person sits on a rock.,5154,5154,A person sits on a rock.,False,0.019242752343416214
t2i,A person sits on a rock.,8281,8281,A person sits on a rock.,True,0.2932749390602112
t2i,A person sits on a rock.,1707,1707,A person sits on a rock.,True,0.04570551589131355
t2i,A person sits on a rock.,10883,10883,A person sits on a rock.,False,0.11365454643964767
t2i,A person sits on a rock.,8437,8437,A person sits on a rock.,True,0.9141704440116882
t2i,A person sits on a rock.,3615,3615,A person sits on a rock.,True,0.38289210200309753
t2i,A person sits on a rock.,7417,7417,A person sits on a rock.,True,0.7211549878120422
t2i,A person sits on a rock.,12199,12199,A person sits on a rock.,False,0.3295242190361023
t2i,A person sits on a rock.,9676,9676,A person sits on a rock.,True,0.8712846040725708
t2i,A person sits on a rock.,9962,9962,A person sits on a rock.,True,0.7265062928199768
t2i,A person sits on a rock.,7635,7635,A person sits on a rock.,True,0.4093391001224518
t2i,A person sits on a rock.,4803,4803,A person sits on a rock.,False,0.05675436928868294
t2i,A person sits on a rock.,12663,12663,A person sits on a rock.,False,0.5229276418685913
t2i,A person sits on a rock.,8607,8607,A person sits on a rock.,True,0.761687695980072
t2i,A person sits on a rock.,8220,8220,A person sits on a rock.,False,0.6900908946990967
t2i,A person sits on a rock.,13601,13601,A person sits on a rock.,True,0.7580972909927368
t2i,A person sits on a rock.,57,57,A person sits on a rock.,True,0.6944048404693604
t2i,A person sits on a rock.,10821,10821,A person sits on a rock.,True,0.5750395059585571
t2i,A person sits on a rock.,5120,5120,A person sits on a rock.,False,0.7217026948928833
t2i,A person sits on a rock.,10596,10596,A person sits on a rock.,False,0.38943010568618774
t2i,A person sits on a rock.,2151,2151,A person sits on a rock.,True,0.809507429599762
t2i,A person sits on a rock.,2020,2020,A person sits on a rock.,True,0.05112273618578911
t2i,A person sits on a rock.,9284,9284,A person sits on a rock.,True,0.3770066499710083
t2i,A person sits on a rock.,11240,11240,A person sits on a rock.,True,0.338314026594162
t2i,A person sits on a rock.,4437,4437,A person sits on a rock.,True,0.41218453645706177
t2i,A person sits on a rock.,12964,12964,A person sits on a rock.,True,0.168123260140419
t2i,A person sits on a rock.,5162,5162,A person sits on a rock.,True,0.20552843809127808
t2i,A person sits on a rock.,235,235,A person sits on a rock.,True,0.02225067839026451
t2i,A person sits on a rock.,6406,6406,A person sits on a rock.,False,0.047373440116643906
t2i,A person sits on a rock.,8507,8507,A person sits on a rock.,True,0.0039438046514987946
t2i,A person sits on a rock.,7233,7233,A person sits on a rock.,False,0.0713706910610199
t2i,A person sits on a rock.,5362,5362,A person sits on a rock.,True,0.49784716963768005
t2i,A person sits on a rock.,8951,8951,A person sits on a rock.,True,0.48478803038597107
t2i,A person sits on a rock.,3739,3739,A person sits on a rock.,True,0.09420175850391388
t2i,A person sits on a rock.,11609,11609,A person sits on a rock.,True,0.1904095709323883
t2i,A woman sits on a branch above the sand.,4554,4554,A woman sits on a branch above the sand.,True,0.6252505779266357
t2i,A woman sits on a branch above the sand.,10270,10270,A woman sits on a branch above the sand.,False,0.660226583480835
t2i,A woman sits on a branch above the sand.,5154,5154,A woman sits on a branch above the sand.,True,0.15926174819469452
t2i,A woman sits on a branch above the sand.,7015,7015,A woman sits on a branch above the sand.,False,0.19853998720645905
t2i,A woman sits on a branch above the sand.,11450,11450,A woman sits on a branch above the sand.,False,0.41016799211502075
t2i,A woman sits on a branch above the sand.,137,137,A woman sits on a branch above the sand.,False,0.16865406930446625
t2i,A woman sits on a branch above the sand.,12518,12518,A woman sits on a branch above the sand.,False,0.5084708333015442
t2i,A woman sits on a branch above the sand.,11343,11343,A woman sits on a branch above the sand.,False,0.1029982939362526
t2i,A woman sits on a branch above the sand.,1707,1707,A woman sits on a branch above the sand.,False,0.6169093251228333
t2i,A woman sits on a branch above the sand.,6297,6297,A woman sits on a branch above the sand.,False,0.7053161859512329
t2i,A woman sits on a branch above the sand.,1632,1632,A woman sits on a branch above the sand.,True,0.7516229152679443
t2i,A woman sits on a branch above the sand.,2840,2840,A woman sits on a branch above the sand.,False,0.9307706952095032
t2i,A woman sits on a branch above the sand.,7742,7742,A woman sits on a branch above the sand.,False,0.9275877475738525
t2i,A woman sits on a branch above the sand.,4803,4803,A woman sits on a branch above the sand.,False,0.40860387682914734
t2i,A woman sits on a branch above the sand.,11591,11591,A woman sits on a branch above the sand.,False,0.9036767482757568
t2i,A woman sits on a branch above the sand.,5849,5849,A woman sits on a branch above the sand.,False,0.12822189927101135
t2i,A woman sits on a branch above the sand.,696,696,A woman sits on a branch above the sand.,False,0.9484843611717224
t2i,A woman sits on a branch above the sand.,10409,10409,A woman sits on a branch above the sand.,False,0.056453950703144073
t2i,A woman sits on a branch above the sand.,5150,5150,A woman sits on a branch above the sand.,True,0.5503581762313843
t2i,A woman sits on a branch above the sand.,8630,8630,A woman sits on a branch above the sand.,False,0.882719874382019
t2i,A woman sits on a branch above the sand.,3764,3764,A woman sits on a branch above the sand.,False,0.14045248925685883
t2i,A woman sits on a branch above the sand.,8536,8536,A woman sits on a branch above the sand.,False,0.6047802567481995
t2i,A woman sits on a branch above the sand.,3556,3556,A woman sits on a branch above the sand.,False,0.47422754764556885
t2i,A woman sits on a branch above the sand.,5590,5590,A woman sits on a branch above the sand.,False,0.37544187903404236
t2i,A woman sits on a branch above the sand.,3123,3123,A woman sits on a branch above the sand.,False,0.5506618022918701
t2i,A woman sits on a branch above the sand.,6310,6310,A woman sits on a branch above the sand.,True,0.21333633363246918
t2i,A woman sits on a branch above the sand.,7861,7861,A woman sits on a branch above the sand.,False,0.1905478537082672
t2i,A woman sits on a branch above the sand.,2180,2180,A woman sits on a branch above the sand.,False,0.11414340883493423
t2i,A woman sits on a branch above the sand.,2882,2882,A woman sits on a branch above the sand.,True,0.6088455319404602
t2i,A woman sits on a branch above the sand.,11413,11413,A woman sits on a branch above the sand.,False,0.39107468724250793
t2i,A woman sits on a branch above the sand.,6951,6951,A woman sits on a branch above the sand.,False,0.13330695033073425
t2i,A woman sits on a branch above the sand.,10255,10255,A woman sits on a branch above the sand.,False,0.2628311514854431
t2i,A woman sits on a branch above the sand.,9437,9437,A woman sits on a branch above the sand.,False,0.10889243334531784
t2i,A woman sits on a branch above the sand.,3794,3794,A woman sits on a branch above the sand.,False,0.9150279760360718
t2i,A woman sits on a branch above the sand.,9607,9607,A woman sits on a branch above the sand.,False,0.6791492104530334
t2i,A woman sits on a branch above the sand.,10511,10511,A woman sits on a branch above the sand.,False,0.9103682041168213
t2i,A woman sits on a branch above the sand.,10793,10793,A woman sits on a branch above the sand.,False,0.04561784118413925
t2i,A woman sits on a branch above the sand.,1139,1139,A woman sits on a branch above the sand.,False,0.18617339432239532
t2i,A woman sits on a branch above the sand.,12313,12313,A woman sits on a branch above the sand.,False,0.38354361057281494
t2i,A woman sits on a branch above the sand.,12454,12454,A woman sits on a branch above the sand.,False,0.518375039100647
t2i,A woman sits on a branch above the sand.,10095,10095,A woman sits on a branch above the sand.,False,0.3146301209926605
t2i,The girl sat on the stair.,4325,4325,The girl sat on the stair.,True,0.9687209129333496
t2i,The girl sat on the stair.,9966,9966,The girl sat on the stair.,True,0.9515276551246643
t2i,The girl sat on the stair.,1320,1320,The girl sat on the stair.,True,0.9729655981063843
t2i,The girl sat on the stair.,5707,5707,The girl sat on the stair.,True,0.9623599648475647
t2i,The girl sat on the stair.,13460,13460,The girl sat on the stair.,False,0.9222121834754944
t2i,The girl sat on the stair.,8188,8188,The girl sat on the stair.,True,0.8915229439735413
t2i,The girl sat on the stair.,9649,9649,The girl sat on the stair.,True,0.9597424864768982
t2i,The girl sat on the stair.,8105,8105,The girl sat on the stair.,True,0.858803927898407
t2i,The girl sat on the stair.,3113,3113,The girl sat on the stair.,False,0.6542651057243347
t2i,The girl sat on the stair.,13883,13883,The girl sat on the stair.,False,0.7871986627578735
t2i,The girl sat on the stair.,1585,1585,The girl sat on the stair.,True,0.8159717917442322
t2i,The girl sat on the stair.,11534,11534,The girl sat on the stair.,False,0.48866647481918335
t2i,The girl sat on the stair.,3769,3769,The girl sat on the stair.,True,0.11386922746896744
t2i,The girl sat on the stair.,10137,10137,The girl sat on the stair.,True,0.8505322337150574
t2i,The girl sat on the stair.,13803,13803,The girl sat on the stair.,False,0.18593771755695343
t2i,The girl sat on the stair.,3749,3749,The girl sat on the stair.,False,0.04680571332573891
t2i,The girl sat on the stair.,11303,11303,The girl sat on the stair.,False,0.2867729663848877
t2i,The girl sat on the stair.,6419,6419,The girl sat on the stair.,True,0.5848715305328369
t2i,The girl sat on the stair.,12138,12138,The girl sat on the stair.,True,0.9934241771697998
t2i,The girl sat on the stair.,143,143,The girl sat on the stair.,False,0.9862995743751526
t2i,The girl sat on the stair.,1354,1354,The girl sat on the stair.,True,0.8253482580184937
t2i,The girl sat on the stair.,6551,6551,The girl sat on the stair.,False,0.918252170085907
t2i,The girl sat on the stair.,4572,4572,The girl sat on the stair.,False,0.922812283039093
t2i,The girl sat on the stair.,12483,12483,The girl sat on the stair.,False,0.9566134214401245
t2i,The girl sat on the stair.,3337,3337,The girl sat on the stair.,False,0.40872299671173096
t2i,The girl sat on the stair.,8189,8189,The girl sat on the stair.,True,0.7957438826560974
t2i,The girl sat on the stair.,9965,9965,The girl sat on the stair.,False,0.9364590048789978
t2i,The girl sat on the stair.,1710,1710,The girl sat on the stair.,True,0.939030647277832
t2i,The girl sat on the stair.,10996,10996,The girl sat on the stair.,False,0.7835296392440796
t2i,The girl sat on the stair.,4793,4793,The girl sat on the stair.,False,0.5556854009628296
t2i,A woman walks past a window in an airport.,5751,5751,A woman walks past a window in an airport.,True,0.11765222251415253
t2i,A woman walks past a window in an airport.,861,861,A woman walks past a window in an airport.,False,0.21601848304271698
t2i,A woman walks past a window in an airport.,6046,6046,A woman walks past a window in an airport.,True,0.06490957736968994
t2i,A woman walks past a window in an airport.,7882,7882,A woman walks past a window in an airport.,False,0.2012839913368225
t2i,A woman walks past a window in an airport.,5541,5541,A woman walks past a window in an airport.,False,0.021830670535564423
t2i,A woman walks past a window in an airport.,6099,6099,A woman walks past a window in an airport.,False,0.018601316958665848
t2i,A woman walks past a window in an airport.,6412,6412,A woman walks past a window in an airport.,False,0.1237267404794693
t2i,A woman walks past a window in an airport.,8642,8642,A woman walks past a window in an airport.,False,0.018761299550533295
t2i,A woman walks past a window in an airport.,8452,8452,A woman walks past a window in an airport.,False,0.06374327093362808
t2i,A woman walks past a window in an airport.,4694,4694,A woman walks past a window in an airport.,False,0.01801641285419464
t2i,A woman walks past a window in an airport.,8486,8486,A woman walks past a window in an airport.,True,0.350443959236145
t2i,A woman walks past a window in an airport.,13911,13911,A woman walks past a window in an airport.,False,0.023323222994804382
t2i,A woman walks past a window in an airport.,98,98,A woman walks past a window in an airport.,False,0.0033455928787589073
t2i,A woman walks past a window in an airport.,3097,3097,A woman walks past a window in an airport.,False,0.06866081058979034
t2i,A woman walks past a window in an airport.,8593,8593,A woman walks past a window in an airport.,False,0.014430136419832706
t2i,A woman walks past a window in an airport.,271,271,A woman walks past a window in an airport.,False,0.01526899728924036
t2i,A woman walks past a window in an airport.,3404,3404,A woman walks past a window in an airport.,False,0.0034794770181179047
t2i,A woman walks past a window in an airport.,12154,12154,A woman walks past a window in an airport.,False,0.018717322498559952
t2i,A woman walks past a window in an airport.,9269,9269,A woman walks past a window in an airport.,False,0.010999084450304508
t2i,A woman walks past a window in an airport.,5943,5943,A woman walks past a window in an airport.,False,0.06058967858552933
t2i,A woman walks past a window in an airport.,5116,5116,A woman walks past a window in an airport.,False,0.16266301274299622
t2i,A woman walks past a window in an airport.,4869,4869,A woman walks past a window in an airport.,False,0.03401198610663414
t2i,A woman walks past a window in an airport.,12483,12483,A woman walks past a window in an airport.,False,0.543513298034668
t2i,A woman walks past a window in an airport.,1015,1015,A woman walks past a window in an airport.,False,0.12336256355047226
t2i,A woman walks past a window in an airport.,5286,5286,A woman walks past a window in an airport.,False,0.012793716974556446
t2i,A woman walks past a window in an airport.,2132,2132,A woman walks past a window in an airport.,True,0.037603918462991714
t2i,A woman walks past a window in an airport.,13795,13795,A woman walks past a window in an airport.,False,0.018319617956876755
t2i,A woman walks past a window in an airport.,13794,13794,A woman walks past a window in an airport.,False,0.00814911536872387
t2i,A woman walks past a window in an airport.,11068,11068,A woman walks past a window in an airport.,False,0.07797751575708389
t2i,A woman walks past a window in an airport.,12826,12826,A woman walks past a window in an airport.,False,0.03456602990627289
t2i,A woman walks past a window in an airport.,8904,8904,A woman walks past a window in an airport.,False,0.06281968951225281
t2i,A woman sitting in a terrace.,2133,2133,A woman sitting in a terrace.,True,0.9275386929512024
t2i,A woman sitting in a terrace.,3768,3768,A woman sitting in a terrace.,False,0.6924629211425781
t2i,A woman sitting in a terrace.,3254,3254,A woman sitting in a terrace.,False,0.8847309947013855
t2i,A woman sitting in a terrace.,3328,3328,A woman sitting in a terrace.,True,0.7708492279052734
t2i,A woman sitting in a terrace.,219,219,A woman sitting in a terrace.,True,0.5914220809936523
t2i,A woman sitting in a terrace.,7879,7879,A woman sitting in a terrace.,True,0.7291762828826904
t2i,A woman sitting in a terrace.,2068,2068,A woman sitting in a terrace.,False,0.44634783267974854
t2i,A woman sitting in a terrace.,1627,1627,A woman sitting in a terrace.,False,0.10465215891599655
t2i,A woman sitting in a terrace.,5607,5607,A woman sitting in a terrace.,True,0.4277437627315521
t2i,A woman sitting in a terrace.,2492,2492,A woman sitting in a terrace.,False,0.3952624499797821
t2i,A woman sitting in a terrace.,2136,2136,A woman sitting in a terrace.,True,0.6701315641403198
t2i,A woman sitting in a terrace.,3749,3749,A woman sitting in a terrace.,True,0.3239414393901825
t2i,A woman sitting in a terrace.,303,303,A woman sitting in a terrace.,True,0.9378018975257874
t2i,A woman sitting in a terrace.,2455,2455,A woman sitting in a terrace.,True,0.7850857377052307
t2i,A woman sitting in a terrace.,6612,6612,A woman sitting in a terrace.,False,0.16414771974086761
t2i,A woman sitting in a terrace.,3708,3708,A woman sitting in a terrace.,True,0.8309748768806458
t2i,A woman sitting in a terrace.,4601,4601,A woman sitting in a terrace.,True,0.7814608812332153
t2i,A woman sitting in a terrace.,3114,3114,A woman sitting in a terrace.,True,0.42442846298217773
t2i,A woman sitting in a terrace.,4454,4454,A woman sitting in a terrace.,True,0.9355983138084412
t2i,A woman sitting in a terrace.,1441,1441,A woman sitting in a terrace.,True,0.6753665804862976
t2i,A woman sitting in a terrace.,985,985,A woman sitting in a terrace.,False,0.8530185222625732
t2i,A woman sitting in a terrace.,9809,9809,A woman sitting in a terrace.,False,0.5092354416847229
t2i,A woman sitting in a terrace.,11518,11518,A woman sitting in a terrace.,False,0.6762564778327942
t2i,A woman sitting in a terrace.,2706,2706,A woman sitting in a terrace.,True,0.8444231748580933
t2i,A woman sitting in a terrace.,10502,10502,A woman sitting in a terrace.,False,0.7784246206283569
t2i,A woman sitting in a terrace.,9326,9326,A woman sitting in a terrace.,False,0.652093231678009
t2i,A woman sitting in a terrace.,2650,2650,A woman sitting in a terrace.,True,0.9507007598876953
t2i,A woman sitting in a terrace.,6758,6758,A woman sitting in a terrace.,False,0.12479692697525024
t2i,A woman sitting in a terrace.,891,891,A woman sitting in a terrace.,True,0.6316640377044678
t2i,A woman sitting in a terrace.,3337,3337,A woman sitting in a terrace.,False,0.6682009696960449
t2i,A woman sitting in a terrace.,180,180,A woman sitting in a terrace.,True,0.006103518418967724
t2i,A woman sitting in a terrace.,12354,12354,A woman sitting in a terrace.,True,0.2602073848247528
t2i,A woman sitting in a terrace.,3910,3910,A woman sitting in a terrace.,True,0.36833322048187256
t2i,A woman sitting in a terrace.,133,133,A woman sitting in a terrace.,False,0.759042501449585
t2i,A woman sitting in a terrace.,1989,1989,A woman sitting in a terrace.,False,0.5805018544197083
t2i,A woman sitting in a terrace.,12386,12386,A woman sitting in a terrace.,False,0.18626044690608978
t2i,A woman sitting in a terrace.,2433,2433,A woman sitting in a terrace.,True,0.24946387112140656
t2i,A woman sitting in a terrace.,5720,5720,A woman sitting in a terrace.,True,0.8779013156890869
t2i,A woman sitting in a terrace.,4941,4941,A woman sitting in a terrace.,False,0.8877244591712952
t2i,Two men are running up a trail.,1667,1667,Two men are running up a trail.,True,0.060934681445360184
t2i,Two men are running up a trail.,1233,1233,Two men are running up a trail.,True,0.07246707379817963
t2i,Two men are running up a trail.,1824,1824,Two men are running up a trail.,True,0.12551657855510712
t2i,Two men are running up a trail.,961,961,Two men are running up a trail.,False,0.008184178732335567
t2i,Two men are running up a trail.,7467,7467,Two men are running up a trail.,False,0.033025868237018585
t2i,Two men are running up a trail.,9168,9168,Two men are running up a trail.,True,0.3150792717933655
t2i,Two men are running up a trail.,2060,2060,Two men are running up a trail.,False,0.0067633893340826035
t2i,Two men are running up a trail.,2193,2193,Two men are running up a trail.,False,0.0007506051333621144
t2i,Two men are running up a trail.,4455,4455,Two men are running up a trail.,False,0.011552877724170685
t2i,Two men are running up a trail.,2540,2540,Two men are running up a trail.,False,0.029389899224042892
t2i,Two men are running up a trail.,11743,11743,Two men are running up a trail.,True,0.18057981133460999
t2i,Two men are running up a trail.,774,774,Two men are running up a trail.,False,0.009883064776659012
t2i,Two men are running up a trail.,2311,2311,Two men are running up a trail.,False,0.10075927525758743
t2i,Two men are running up a trail.,11382,11382,Two men are running up a trail.,False,0.03187558054924011
t2i,Two men are running up a trail.,10261,10261,Two men are running up a trail.,False,0.011328479275107384
t2i,Two men are running up a trail.,3165,3165,Two men are running up a trail.,False,0.0016570762963965535
t2i,Two men are running up a trail.,10599,10599,Two men are running up a trail.,False,0.020178591832518578
t2i,Two men are running up a trail.,6983,6983,Two men are running up a trail.,False,0.038379937410354614
t2i,Two men are running up a trail.,2806,2806,Two men are running up a trail.,False,0.02509937435388565
t2i,Two men are running up a trail.,6288,6288,Two men are running up a trail.,False,0.03313033655285835
t2i,Two men are running up a trail.,3784,3784,Two men are running up a trail.,False,0.04322473704814911
t2i,Two men are running up a trail.,2585,2585,Two men are running up a trail.,True,0.08653126657009125
t2i,Two men are running up a trail.,6605,6605,Two men are running up a trail.,False,0.05313505604863167
t2i,Two men are running up a trail.,4209,4209,Two men are running up a trail.,False,0.012293175794184208
t2i,Two men are running up a trail.,575,575,Two men are running up a trail.,False,0.046908147633075714
t2i,Two men are running up a trail.,5111,5111,Two men are running up a trail.,False,0.023668570443987846
t2i,Two men are running up a trail.,6944,6944,Two men are running up a trail.,False,0.07660072296857834
t2i,Two men are running up a trail.,11738,11738,Two men are running up a trail.,False,0.013332736678421497
t2i,A sculpture of a person walking,6746,6746,A sculpture of a person walking,True,0.2384866625070572
t2i,A sculpture of a person walking,11773,11773,A sculpture of a person walking,True,0.6128231883049011
t2i,A sculpture of a person walking,10247,10247,A sculpture of a person walking,True,0.79200679063797
t2i,A sculpture of a person walking,8847,8847,A sculpture of a person walking,False,0.0058202845975756645
t2i,A sculpture of a person walking,5303,5303,A sculpture of a person walking,False,0.004747249186038971
t2i,A sculpture of a person walking,4422,4422,A sculpture of a person walking,False,0.01012938842177391
t2i,A sculpture of a person walking,8323,8323,A sculpture of a person walking,False,0.04029986262321472
t2i,A sculpture of a person walking,6963,6963,A sculpture of a person walking,False,0.14218617975711823
t2i,A sculpture of a person walking,4942,4942,A sculpture of a person walking,False,0.0061743296682834625
t2i,A sculpture of a person walking,2607,2607,A sculpture of a person walking,False,0.028749579563736916
t2i,A sculpture of a person walking,7680,7680,A sculpture of a person walking,False,0.17989103496074677
t2i,A sculpture of a person walking,2835,2835,A sculpture of a person walking,False,0.0011527889873832464
t2i,A sculpture of a person walking,101,101,A sculpture of a person walking,False,0.2252090573310852
t2i,A sculpture of a person walking,6745,6745,A sculpture of a person walking,False,0.6712956428527832
t2i,A sculpture of a person walking,2375,2375,A sculpture of a person walking,False,0.009077978320419788
t2i,A sculpture of a person walking,10168,10168,A sculpture of a person walking,False,0.49856066703796387
t2i,A sculpture of a person walking,9054,9054,A sculpture of a person walking,False,0.6739184260368347
t2i,A sculpture of a person walking,11028,11028,A sculpture of a person walking,False,0.536433756351471
t2i,A sculpture of a person walking,13186,13186,A sculpture of a person walking,False,0.36409303545951843
t2i,A sculpture of a person walking,9932,9932,A sculpture of a person walking,False,0.23184077441692352
t2i,A sculpture of a person walking,1737,1737,A sculpture of a person walking,False,0.09133358299732208
t2i,A sculpture of a person walking,9910,9910,A sculpture of a person walking,False,0.013422583229839802
t2i,A sculpture of a person walking,11547,11547,A sculpture of a person walking,False,0.07039996236562729
t2i,A sculpture of a person walking,1408,1408,A sculpture of a person walking,False,0.05068767070770264
t2i,A sculpture of a person walking,8734,8734,A sculpture of a person walking,False,0.00227757659740746
t2i,A sculpture of a person walking,4546,4546,A sculpture of a person walking,False,0.02777034044265747
t2i,A sculpture of a person walking,8928,8928,A sculpture of a person walking,False,0.0705043226480484
t2i,A sculpture of a person walking,11979,11979,A sculpture of a person walking,False,0.8116776943206787
t2i,A sculpture of a person walking,5746,5746,A sculpture of a person walking,False,0.45147132873535156
t2i,A sculpture of a person walking,3301,3301,A sculpture of a person walking,False,0.05904734879732132
t2i,A sculpture of a person walking,10809,10809,A sculpture of a person walking,False,0.028598157688975334
t2i,A sculpture of a person walking,2998,2998,A sculpture of a person walking,False,0.008001428097486496
t2i,A sculpture of a person walking,5202,5202,A sculpture of a person walking,False,0.030966313555836678
t2i,A girl sits against a tree.,4710,4710,A girl sits against a tree.,False,0.879876971244812
t2i,A girl sits against a tree.,2315,2315,A girl sits against a tree.,False,0.28861141204833984
t2i,A girl sits against a tree.,114,114,A girl sits against a tree.,False,0.7925093173980713
t2i,A girl sits against a tree.,323,323,A girl sits against a tree.,True,0.7556992173194885
t2i,A girl sits against a tree.,4885,4885,A girl sits against a tree.,True,0.8086658120155334
t2i,A girl sits against a tree.,11344,11344,A girl sits against a tree.,False,0.9663518071174622
t2i,A girl sits against a tree.,2687,2687,A girl sits against a tree.,False,0.22755905985832214
t2i,A girl sits against a tree.,1687,1687,A girl sits against a tree.,False,0.6844164729118347
t2i,A girl sits against a tree.,137,137,A girl sits against a tree.,False,0.6478238105773926
t2i,A girl sits against a tree.,5849,5849,A girl sits against a tree.,True,0.5738751292228699
t2i,A girl sits against a tree.,696,696,A girl sits against a tree.,True,0.9793320894241333
t2i,A girl sits against a tree.,8535,8535,A girl sits against a tree.,True,0.9806874394416809
t2i,A girl sits against a tree.,4610,4610,A girl sits against a tree.,False,0.6151533722877502
t2i,A girl sits against a tree.,809,809,A girl sits against a tree.,False,0.963556170463562
t2i,A girl sits against a tree.,3749,3749,A girl sits against a tree.,False,0.07877340167760849
t2i,A girl sits against a tree.,8290,8290,A girl sits against a tree.,True,0.9931950569152832
t2i,A girl sits against a tree.,12215,12215,A girl sits against a tree.,True,0.9946839213371277
t2i,A girl sits against a tree.,6522,6522,A girl sits against a tree.,False,0.9473403692245483
t2i,A girl sits against a tree.,1804,1804,A girl sits against a tree.,True,0.3809443712234497
t2i,A girl sits against a tree.,4167,4167,A girl sits against a tree.,False,0.9903250932693481
t2i,A girl sits against a tree.,3990,3990,A girl sits against a tree.,False,0.9954413175582886
t2i,A girl sits against a tree.,2643,2643,A girl sits against a tree.,True,0.9505923986434937
t2i,A girl sits against a tree.,11300,11300,A girl sits against a tree.,False,0.949506402015686
t2i,A girl sits against a tree.,2767,2767,A girl sits against a tree.,True,0.973052978515625
t2i,A girl sits against a tree.,6310,6310,A girl sits against a tree.,True,0.1961694061756134
t2i,A girl sits against a tree.,8,8,A girl sits against a tree.,True,0.9816564917564392
t2i,A girl sits against a tree.,8536,8536,A girl sits against a tree.,False,0.8212010264396667
t2i,A girl sits against a tree.,11591,11591,A girl sits against a tree.,False,0.8545974493026733
t2i,A girl sits against a tree.,5040,5040,A girl sits against a tree.,False,0.7142207026481628
t2i,A girl sits against a tree.,11343,11343,A girl sits against a tree.,False,0.2170804738998413
t2i,A girl sits against a tree.,1139,1139,A girl sits against a tree.,False,0.3387865722179413
t2i,A girl sits against a tree.,1261,1261,A girl sits against a tree.,True,0.5401936769485474
t2i,A girl sits against a tree.,1741,1741,A girl sits against a tree.,False,0.2796294391155243
t2i,A girl sits against a tree.,3509,3509,A girl sits against a tree.,False,0.8902249932289124
t2i,A woman sleeps on a couch,11045,11045,A woman sleeps on a couch,True,0.8792303204536438
t2i,A woman sleeps on a couch,12588,12588,A woman sleeps on a couch,False,0.35727354884147644
t2i,A woman sleeps on a couch,3389,3389,A woman sleeps on a couch,False,0.9242160320281982
t2i,A woman sleeps on a couch,10492,10492,A woman sleeps on a couch,False,0.40251755714416504
t2i,A woman sleeps on a couch,13463,13463,A woman sleeps on a couch,False,0.7470172047615051
t2i,A woman sleeps on a couch,12255,12255,A woman sleeps on a couch,False,0.2468033730983734
t2i,A woman sleeps on a couch,6965,6965,A woman sleeps on a couch,False,0.3075610399246216
t2i,A woman sleeps on a couch,1810,1810,A woman sleeps on a couch,False,0.6503284573554993
t2i,A woman sleeps on a couch,11146,11146,A woman sleeps on a couch,False,0.4189058542251587
t2i,A woman sleeps on a couch,11244,11244,A woman sleeps on a couch,False,0.5773807764053345
t2i,A woman sleeps on a couch,13588,13588,A woman sleeps on a couch,True,0.5475693941116333
t2i,A woman sleeps on a couch,13652,13652,A woman sleeps on a couch,True,0.7533637881278992
t2i,A woman sleeps on a couch,3619,3619,A woman sleeps on a couch,False,0.5300792455673218
t2i,A woman sleeps on a couch,14074,14074,A woman sleeps on a couch,False,0.21017096936702728
t2i,A woman sleeps on a couch,1301,1301,A woman sleeps on a couch,False,0.4255101680755615
t2i,A woman sleeps on a couch,4453,4453,A woman sleeps on a couch,True,0.4774842858314514
t2i,A woman sleeps on a couch,6361,6361,A woman sleeps on a couch,True,0.7227428555488586
t2i,A woman sleeps on a couch,3466,3466,A woman sleeps on a couch,False,0.6219450831413269
t2i,A woman sleeps on a couch,2451,2451,A woman sleeps on a couch,False,0.2681005597114563
t2i,A woman sleeps on a couch,11812,11812,A woman sleeps on a couch,False,0.6897304654121399
t2i,A woman sleeps on a couch,2841,2841,A woman sleeps on a couch,False,0.36864885687828064
t2i,A woman sleeps on a couch,9399,9399,A woman sleeps on a couch,False,0.17904427647590637
t2i,A woman sleeps on a couch,11592,11592,A woman sleeps on a couch,False,0.38262438774108887
t2i,A woman sleeps on a couch,5714,5714,A woman sleeps on a couch,False,0.47960636019706726
t2i,A woman sleeps on a couch,1733,1733,A woman sleeps on a couch,False,0.31306496262550354
t2i,A woman sleeps on a couch,12727,12727,A woman sleeps on a couch,True,0.4512306749820709
t2i,Girls stand in the park.,89,89,Girls stand in the park.,True,0.7816978693008423
t2i,Girls stand in the park.,8903,8903,Girls stand in the park.,True,0.5590875744819641
t2i,Girls stand in the park.,5898,5898,Girls stand in the park.,False,0.8203948736190796
t2i,Girls stand in the park.,5232,5232,Girls stand in the park.,False,0.9057241678237915
t2i,Girls stand in the park.,9088,9088,Girls stand in the park.,False,0.7535430192947388
t2i,Girls stand in the park.,4605,4605,Girls stand in the park.,False,0.23144026100635529
t2i,Girls stand in the park.,1740,1740,Girls stand in the park.,False,0.571167528629303
t2i,Girls stand in the park.,13482,13482,Girls stand in the park.,True,0.9834405183792114
t2i,Girls stand in the park.,12196,12196,Girls stand in the park.,True,0.6486725211143494
t2i,Girls stand in the park.,154,154,Girls stand in the park.,False,0.9073354005813599
t2i,Girls stand in the park.,3761,3761,Girls stand in the park.,False,0.738279402256012
t2i,Girls stand in the park.,9883,9883,Girls stand in the park.,False,0.942298173904419
t2i,Girls stand in the park.,8542,8542,Girls stand in the park.,False,0.9922803640365601
t2i,Girls stand in the park.,138,138,Girls stand in the park.,False,0.8903034329414368
t2i,Girls stand in the park.,6739,6739,Girls stand in the park.,False,0.538417398929596
t2i,Girls stand in the park.,3666,3666,Girls stand in the park.,False,0.9024168252944946
t2i,Girls stand in the park.,12413,12413,Girls stand in the park.,False,0.5990304350852966
t2i,Girls stand in the park.,1869,1869,Girls stand in the park.,False,0.7625258564949036
t2i,Girls stand in the park.,7671,7671,Girls stand in the park.,False,0.6609500646591187
t2i,Girls stand in the park.,3880,3880,Girls stand in the park.,False,0.9370236992835999
t2i,Girls stand in the park.,7508,7508,Girls stand in the park.,True,0.9916660189628601
t2i,Girls stand in the park.,1621,1621,Girls stand in the park.,False,0.7150703072547913
t2i,Girls stand in the park.,2298,2298,Girls stand in the park.,False,0.8267800807952881
t2i,Girls stand in the park.,12514,12514,Girls stand in the park.,False,0.817061185836792
t2i,Girls stand in the park.,11259,11259,Girls stand in the park.,False,0.9771257638931274
t2i,Girls stand in the park.,12402,12402,Girls stand in the park.,False,0.7838872671127319
t2i,Girls stand in the park.,14055,14055,Girls stand in the park.,False,0.050703033804893494
t2i,Girls stand in the park.,6862,6862,Girls stand in the park.,False,0.8492776155471802
t2i,Girls stand in the park.,11723,11723,Girls stand in the park.,False,0.04727260023355484
t2i,Girls stand in the park.,11294,11294,Girls stand in the park.,False,0.13518810272216797
t2i,Girls stand in the park.,13558,13558,Girls stand in the park.,False,0.16546376049518585
t2i,Girls stand in the park.,899,899,Girls stand in the park.,False,0.06876353174448013
t2i,Girls stand in the park.,2355,2355,Girls stand in the park.,False,0.11650706827640533
t2i,Girls stand in the park.,9272,9272,Girls stand in the park.,False,0.34832870960235596
t2i,Girls stand in the park.,3879,3879,Girls stand in the park.,False,0.506877064704895
t2i,Girls stand in the park.,887,887,Girls stand in the park.,True,0.9285561442375183
t2i,Girls stand in the park.,12367,12367,Girls stand in the park.,False,0.4284477233886719
t2i,Girls stand in the park.,10320,10320,Girls stand in the park.,False,0.4074059724807739
t2i,Girls stand in the park.,4545,4545,Girls stand in the park.,True,0.009143811650574207
t2i,Girls stand in the park.,3101,3101,Girls stand in the park.,False,0.7681644558906555
t2i,Girls stand in the park.,9621,9621,Girls stand in the park.,False,0.7935353517532349
t2i,Girls stand in the park.,6679,6679,Girls stand in the park.,False,0.3054775893688202
t2i,Girls stand in the park.,940,940,Girls stand in the park.,False,0.6219373941421509
t2i,Girls stand in the park.,10302,10302,Girls stand in the park.,False,0.7020413875579834
t2i,Girls stand in the park.,914,914,Girls stand in the park.,False,0.7313177585601807
t2i,Girls stand in the park.,1210,1210,Girls stand in the park.,False,0.9329004287719727
t2i,Girls stand in the park.,9931,9931,Girls stand in the park.,False,0.9514197707176208
t2i,Girls stand in the park.,11096,11096,Girls stand in the park.,True,0.6424196362495422
t2i,Girls stand in the park.,5352,5352,Girls stand in the park.,False,0.7714999318122864
t2i,An animal lying in the grass.,4431,4431,An animal lying in the grass.,True,0.1656748354434967
t2i,An animal lying in the grass.,3003,3003,An animal lying in the grass.,False,0.6162371039390564
t2i,An animal lying in the grass.,9319,9319,An animal lying in the grass.,False,0.5452577471733093
t2i,An animal lying in the grass.,6913,6913,An animal lying in the grass.,True,0.8907065391540527
t2i,An animal lying in the grass.,3111,3111,An animal lying in the grass.,True,0.913868248462677
t2i,An animal lying in the grass.,11475,11475,An animal lying in the grass.,True,0.14180363714694977
t2i,An animal lying in the grass.,11008,11008,An animal lying in the grass.,False,0.4987771213054657
t2i,An animal lying in the grass.,6331,6331,An animal lying in the grass.,False,0.1833564043045044
t2i,An animal lying in the grass.,8716,8716,An animal lying in the grass.,True,0.3383469879627228
t2i,An animal lying in the grass.,9402,9402,An animal lying in the grass.,False,0.1360049545764923
t2i,An animal lying in the grass.,13185,13185,An animal lying in the grass.,True,0.535575270652771
t2i,An animal lying in the grass.,1105,1105,An animal lying in the grass.,True,0.6067715883255005
t2i,An animal lying in the grass.,7542,7542,An animal lying in the grass.,True,0.5628798007965088
t2i,An animal lying in the grass.,202,202,An animal lying in the grass.,True,0.007007281295955181
t2i,An animal lying in the grass.,6290,6290,An animal lying in the grass.,True,0.796597421169281
t2i,An animal lying in the grass.,22,22,An animal lying in the grass.,True,0.02408195659518242
t2i,An animal lying in the grass.,8569,8569,An animal lying in the grass.,True,0.015979886054992676
t2i,An animal lying in the grass.,4670,4670,An animal lying in the grass.,True,0.29810577630996704
t2i,An animal lying in the grass.,2935,2935,An animal lying in the grass.,True,0.38606101274490356
t2i,An animal lying in the grass.,11335,11335,An animal lying in the grass.,True,0.6661010980606079
t2i,An animal lying in the grass.,7561,7561,An animal lying in the grass.,True,0.8106837868690491
t2i,An animal lying in the grass.,4267,4267,An animal lying in the grass.,True,0.9421099424362183
t2i,An animal lying in the grass.,1620,1620,An animal lying in the grass.,True,0.2643296718597412
t2i,An animal lying in the grass.,2645,2645,An animal lying in the grass.,True,0.7830750942230225
t2i,An animal lying in the grass.,5462,5462,An animal lying in the grass.,True,0.5983769297599792
t2i,An animal lying in the grass.,7086,7086,An animal lying in the grass.,False,0.8242201209068298
t2i,An animal lying in the grass.,7869,7869,An animal lying in the grass.,True,0.49051928520202637
t2i,An animal lying in the grass.,13247,13247,An animal lying in the grass.,True,0.7696433067321777
t2i,An animal lying in the grass.,3308,3308,An animal lying in the grass.,True,0.6415575742721558
t2i,An animal lying in the grass.,2534,2534,An animal lying in the grass.,True,0.19139046967029572
t2i,An animal lying in the grass.,1721,1721,An animal lying in the grass.,True,0.6486424803733826
t2i,An animal lying in the grass.,13662,13662,An animal lying in the grass.,True,0.0688190832734108
t2i,An animal lying in the grass.,12210,12210,An animal lying in the grass.,True,0.5173318982124329
t2i,An animal lying in the grass.,4505,4505,An animal lying in the grass.,False,0.6331266760826111
t2i,An animal lying in the grass.,8462,8462,An animal lying in the grass.,True,0.5869324207305908
t2i,An animal lying in the grass.,8237,8237,An animal lying in the grass.,True,0.5887554883956909
t2i,An animal lying in the grass.,13450,13450,An animal lying in the grass.,True,0.4510471224784851
t2i,A lion sits in the grass.,4671,4671,A lion sits in the grass.,False,0.269689679145813
t2i,A lion sits in the grass.,7920,7920,A lion sits in the grass.,False,0.023787934333086014
t2i,A lion sits in the grass.,13662,13662,A lion sits in the grass.,False,0.052287936210632324
t2i,A lion sits in the grass.,11474,11474,A lion sits in the grass.,False,0.8207176923751831
t2i,A lion sits in the grass.,11475,11475,A lion sits in the grass.,False,0.021054480224847794
t2i,A lion sits in the grass.,7291,7291,A lion sits in the grass.,False,0.394448846578598
t2i,A lion sits in the grass.,8457,8457,A lion sits in the grass.,False,0.5849050879478455
t2i,A lion sits in the grass.,3111,3111,A lion sits in the grass.,False,0.5984534621238708
t2i,A lion sits in the grass.,3003,3003,A lion sits in the grass.,False,0.04223191365599632
t2i,A lion sits in the grass.,8682,8682,A lion sits in the grass.,True,0.20957402884960175
t2i,A lion sits in the grass.,9455,9455,A lion sits in the grass.,False,0.14040684700012207
t2i,A lion sits in the grass.,9456,9456,A lion sits in the grass.,False,0.0688592866063118
t2i,A lion sits in the grass.,12310,12310,A lion sits in the grass.,False,0.09407707303762436
t2i,A lion sits in the grass.,1105,1105,A lion sits in the grass.,False,0.11082632839679718
t2i,A lion sits in the grass.,464,464,A lion sits in the grass.,False,0.023947864770889282
t2i,A lion sits in the grass.,4670,4670,A lion sits in the grass.,False,0.10403700917959213
t2i,A lion sits in the grass.,7086,7086,A lion sits in the grass.,False,0.4492720663547516
t2i,A lion sits in the grass.,4431,4431,A lion sits in the grass.,False,0.11963038891553879
t2i,A lion sits in the grass.,13247,13247,A lion sits in the grass.,False,0.4274216294288635
t2i,A lion sits in the grass.,9549,9549,A lion sits in the grass.,False,0.19944079220294952
t2i,A lion sits in the grass.,3013,3013,A lion sits in the grass.,False,0.20814545452594757
t2i,The person plays a song.,385,385,The person plays a song.,True,0.20438997447490692
t2i,The person plays a song.,1934,1934,The person plays a song.,True,0.45469921827316284
t2i,The person plays a song.,2606,2606,The person plays a song.,True,0.24341237545013428
t2i,The person plays a song.,10078,10078,The person plays a song.,True,0.5380168557167053
t2i,The person plays a song.,2045,2045,The person plays a song.,True,0.447630912065506
t2i,The person plays a song.,2210,2210,The person plays a song.,True,0.21602991223335266
t2i,The person plays a song.,4681,4681,The person plays a song.,True,0.2035684585571289
t2i,The person plays a song.,3788,3788,The person plays a song.,True,0.4641883969306946
t2i,The person plays a song.,615,615,The person plays a song.,True,0.5340840816497803
t2i,The person plays a song.,4011,4011,The person plays a song.,True,0.9525386691093445
t2i,The person plays a song.,1509,1509,The person plays a song.,False,0.23927812278270721
t2i,The person plays a song.,13318,13318,The person plays a song.,False,0.1349240243434906
t2i,The person plays a song.,3882,3882,The person plays a song.,False,0.8985440731048584
t2i,The person plays a song.,11934,11934,The person plays a song.,True,0.6856399178504944
t2i,The person plays a song.,12799,12799,The person plays a song.,True,0.3695383667945862
t2i,The person plays a song.,3227,3227,The person plays a song.,False,0.09906262159347534
t2i,The person plays a song.,7583,7583,The person plays a song.,True,0.007927745580673218
t2i,The person plays a song.,1894,1894,The person plays a song.,True,0.19353045523166656
t2i,The person plays a song.,7534,7534,The person plays a song.,True,0.275955468416214
t2i,The person plays a song.,3027,3027,The person plays a song.,True,0.8426623940467834
t2i,The person plays a song.,2568,2568,The person plays a song.,True,0.9356733560562134
t2i,The person plays a song.,5511,5511,The person plays a song.,True,0.925732433795929
t2i,The person plays a song.,1648,1648,The person plays a song.,True,0.9748459458351135
t2i,The person plays a song.,2680,2680,The person plays a song.,True,0.9872279167175293
t2i,The person plays a song.,2376,2376,The person plays a song.,True,0.7505139112472534
t2i,The person plays a song.,2851,2851,The person plays a song.,True,0.21507880091667175
t2i,The person plays a song.,8226,8226,The person plays a song.,False,0.9341657161712646
t2i,The person plays a song.,1412,1412,The person plays a song.,True,0.9213089942932129
t2i,The person plays a song.,3419,3419,The person plays a song.,True,0.9775694012641907
t2i,The person plays a song.,282,282,The person plays a song.,True,0.9777632355690002
t2i,The person plays a song.,1332,1332,The person plays a song.,True,0.9728713035583496
t2i,The person plays a song.,3173,3173,The person plays a song.,True,0.16278789937496185
t2i,The person plays a song.,2012,2012,The person plays a song.,True,0.7177100777626038
t2i,The person plays a song.,9760,9760,The person plays a song.,True,0.9214958548545837
t2i,The person plays a song.,13861,13861,The person plays a song.,True,0.09018100798130035
t2i,The person plays a song.,4357,4357,The person plays a song.,True,0.5916827321052551
t2i,The person plays a song.,2692,2692,The person plays a song.,True,0.7954297661781311
t2i,The person plays a song.,4270,4270,The person plays a song.,True,0.7883788347244263
t2i,The person plays a song.,2495,2495,The person plays a song.,True,0.5125102400779724
t2i,The person plays a song.,10827,10827,The person plays a song.,True,0.13155746459960938
t2i,The person plays a song.,4204,4204,The person plays a song.,True,0.15395231544971466
t2i,The person plays a song.,3242,3242,The person plays a song.,True,0.030256785452365875
t2i,The person plays a song.,2541,2541,The person plays a song.,True,0.5871139764785767
t2i,The person plays a song.,5510,5510,The person plays a song.,True,0.8584612607955933
t2i,The person plays a song.,3321,3321,The person plays a song.,True,0.1400369554758072
t2i,The person plays a song.,3292,3292,The person plays a song.,True,0.5704813599586487
t2i,The person plays a song.,2633,2633,The person plays a song.,True,0.7487292885780334
t2i,A pianist performs on stage.,5510,5510,A pianist performs on stage.,False,0.6522521376609802
t2i,A pianist performs on stage.,1934,1934,A pianist performs on stage.,True,0.37207287549972534
t2i,A pianist performs on stage.,1412,1412,A pianist performs on stage.,True,0.9945113658905029
t2i,A pianist performs on stage.,2438,2438,A pianist performs on stage.,True,0.8693960905075073
t2i,A pianist performs on stage.,3173,3173,A pianist performs on stage.,True,0.6320302486419678
t2i,A pianist performs on stage.,3655,3655,A pianist performs on stage.,True,0.9849359393119812
t2i,A pianist performs on stage.,1870,1870,A pianist performs on stage.,True,0.9928834438323975
t2i,A pianist performs on stage.,3788,3788,A pianist performs on stage.,True,0.44225648045539856
t2i,A pianist performs on stage.,922,922,A pianist performs on stage.,True,0.9843820929527283
t2i,A pianist performs on stage.,2541,2541,A pianist performs on stage.,True,0.2001754641532898
t2i,A pianist performs on stage.,4799,4799,A pianist performs on stage.,True,0.9556268453598022
t2i,A pianist performs on stage.,362,362,A pianist performs on stage.,True,0.9720122814178467
t2i,A pianist performs on stage.,2148,2148,A pianist performs on stage.,True,0.9984322190284729
t2i,A pianist performs on stage.,11934,11934,A pianist performs on stage.,False,0.8502693772315979
t2i,A pianist performs on stage.,4075,4075,A pianist performs on stage.,True,0.6868031620979309
t2i,A pianist performs on stage.,3419,3419,A pianist performs on stage.,True,0.9927313923835754
t2i,A pianist performs on stage.,5511,5511,A pianist performs on stage.,True,0.9753950238227844
t2i,A pianist performs on stage.,7947,7947,A pianist performs on stage.,True,0.7587379813194275
t2i,A pianist performs on stage.,2568,2568,A pianist performs on stage.,True,0.9902786612510681
t2i,A pianist performs on stage.,282,282,A pianist performs on stage.,False,0.987781286239624
t2i,A pianist performs on stage.,12088,12088,A pianist performs on stage.,False,0.3249868154525757
t2i,A woman lies on a bed.,1991,1991,A woman lies on a bed.,False,0.057135503739118576
t2i,A woman lies on a bed.,7134,7134,A woman lies on a bed.,False,0.032243479043245316
t2i,A woman lies on a bed.,6517,6517,A woman lies on a bed.,False,0.18086746335029602
t2i,A woman lies on a bed.,3139,3139,A woman lies on a bed.,True,0.3341898024082184
t2i,A woman lies on a bed.,12588,12588,A woman lies on a bed.,False,0.15210947394371033
t2i,A woman lies on a bed.,6518,6518,A woman lies on a bed.,False,0.09355433285236359
t2i,A woman lies on a bed.,401,401,A woman lies on a bed.,False,0.09213794767856598
t2i,A woman lies on a bed.,557,557,A woman lies on a bed.,False,0.20727874338626862
t2i,A woman lies on a bed.,3225,3225,A woman lies on a bed.,True,0.39329174160957336
t2i,A woman lies on a bed.,11146,11146,A woman lies on a bed.,True,0.5159239172935486
t2i,A woman lies on a bed.,5018,5018,A woman lies on a bed.,True,0.5220421552658081
t2i,A woman lies on a bed.,10792,10792,A woman lies on a bed.,True,0.4254315495491028
t2i,A woman lies on a bed.,6244,6244,A woman lies on a bed.,True,0.029954703524708748
t2i,A woman lies on a bed.,13788,13788,A woman lies on a bed.,False,0.6674960851669312
t2i,A woman lies on a bed.,13588,13588,A woman lies on a bed.,False,0.5852148532867432
t2i,A woman lies on a bed.,11201,11201,A woman lies on a bed.,True,0.6936489343643188
t2i,A woman lies on a bed.,13652,13652,A woman lies on a bed.,False,0.6919499039649963
t2i,A woman lies on a bed.,1758,1758,A woman lies on a bed.,False,0.09485036134719849
t2i,A woman lies on a bed.,111,111,A woman lies on a bed.,True,0.4215194582939148
t2i,A woman lies on a bed.,7216,7216,A woman lies on a bed.,True,0.47794845700263977
t2i,A woman lies on a bed.,13604,13604,A woman lies on a bed.,False,0.86225825548172
t2i,A woman lies on a bed.,7056,7056,A woman lies on a bed.,True,0.4275136888027191
t2i,A woman lies on a bed.,2451,2451,A woman lies on a bed.,False,0.2165624499320984
t2i,A woman lies on a bed.,12058,12058,A woman lies on a bed.,True,0.26161932945251465
t2i,A woman lies on a bed.,7377,7377,A woman lies on a bed.,False,0.6950767636299133
t2i,A woman lies on a bed.,52,52,A woman lies on a bed.,False,0.1855342537164688
t2i,A woman lies on a bed.,1757,1757,A woman lies on a bed.,True,0.0531250536441803
t2i,A woman lies on a bed.,392,392,A woman lies on a bed.,False,0.1113552376627922
t2i,A woman lies on a bed.,1203,1203,A woman lies on a bed.,True,0.10568719357252121
t2i,A woman lies on a bed.,215,215,A woman lies on a bed.,True,0.618934154510498
t2i,A woman lies on a bed.,6048,6048,A woman lies on a bed.,False,0.40560078620910645
t2i,A woman lies on a bed.,10089,10089,A woman lies on a bed.,True,0.17930160462856293
t2i,A woman lies on a bed.,3388,3388,A woman lies on a bed.,False,0.1577203869819641
t2i,A woman lies on a bed.,5558,5558,A woman lies on a bed.,True,0.5278333425521851
t2i,A woman lies on a bed.,275,275,A woman lies on a bed.,False,0.04066753014922142
t2i,The person appeared on the show,7380,7380,The person appeared on the show,False,0.03021913580596447
t2i,The person appeared on the show,5888,5888,The person appeared on the show,False,0.012673664838075638
t2i,The person appeared on the show,8922,8922,The person appeared on the show,False,0.2311556041240692
t2i,The person appeared on the show,12426,12426,The person appeared on the show,False,0.044789399951696396
t2i,The person appeared on the show,4945,4945,The person appeared on the show,False,0.008421589620411396
t2i,The person appeared on the show,7010,7010,The person appeared on the show,False,0.028948893770575523
t2i,The person appeared on the show,10238,10238,The person appeared on the show,False,0.2598799169063568
t2i,The person appeared on the show,12074,12074,The person appeared on the show,False,0.9796390533447266
t2i,The person appeared on the show,13394,13394,The person appeared on the show,False,0.002709865802899003
t2i,The person appeared on the show,13939,13939,The person appeared on the show,False,0.007109233643859625
t2i,The person appeared on the show,4199,4199,The person appeared on the show,False,0.009153200313448906
t2i,The person appeared on the show,8149,8149,The person appeared on the show,False,0.9915002584457397
t2i,The person appeared on the show,9548,9548,The person appeared on the show,True,0.20896466076374054
t2i,The person appeared on the show,13331,13331,The person appeared on the show,False,0.8059165477752686
t2i,The person appeared on the show,8496,8496,The person appeared on the show,True,0.8389901518821716
t2i,The person appeared on the show,4650,4650,The person appeared on the show,False,0.9910308122634888
t2i,The person appeared on the show,4534,4534,The person appeared on the show,False,0.9468004107475281
t2i,The person appeared on the show,863,863,The person appeared on the show,False,0.9321368336677551
t2i,The person appeared on the show,10440,10440,The person appeared on the show,False,0.9779825210571289
t2i,The person appeared on the show,2779,2779,The person appeared on the show,False,0.9632946848869324
t2i,The person appeared on the show,3799,3799,The person appeared on the show,True,0.9206862449645996
t2i,The person appeared on the show,9916,9916,The person appeared on the show,False,0.9947056174278259
t2i,The person appeared on the show,13522,13522,The person appeared on the show,True,0.9879619479179382
t2i,The person appeared on the show,12345,12345,The person appeared on the show,True,0.9970768690109253
t2i,The person appeared on the show,3242,3242,The person appeared on the show,False,0.9919570684432983
t2i,The person appeared on the show,7632,7632,The person appeared on the show,True,0.9862105250358582
t2i,The person appeared on the show,7145,7145,The person appeared on the show,True,0.9629290103912354
t2i,The person appeared on the show,12616,12616,The person appeared on the show,False,0.9582265019416809
t2i,The person appeared on the show,13770,13770,The person appeared on the show,True,0.9830195307731628
t2i,The person appeared on the show,5121,5121,The person appeared on the show,False,0.9490556716918945
t2i,The person appeared on the show,12746,12746,The person appeared on the show,True,0.9877395033836365
t2i,The person appeared on the show,13194,13194,The person appeared on the show,True,0.7192758321762085
t2i,The person appeared on the show,1015,1015,The person appeared on the show,False,0.9180381894111633
t2i,The person appeared on the show,7369,7369,The person appeared on the show,False,0.8708376884460449
t2i,The person appeared on the show,10477,10477,The person appeared on the show,False,0.8764874339103699
t2i,The person appeared on the show,9943,9943,The person appeared on the show,False,0.9818505644798279
t2i,The person appeared on the show,7833,7833,The person appeared on the show,False,0.7660609483718872
t2i,The person appeared on the show,12361,12361,The person appeared on the show,True,0.8593084812164307
t2i,The person appeared on the show,10321,10321,The person appeared on the show,False,0.939720630645752
t2i,The person appeared on the show,13502,13502,The person appeared on the show,False,0.43576785922050476
t2i,The person appeared on the show,9321,9321,The person appeared on the show,True,0.6566516757011414
t2i,The person appeared on the show,5053,5053,The person appeared on the show,True,0.1727297008037567
t2i,The person appeared on the show,6233,6233,The person appeared on the show,True,0.14793112874031067
t2i,The person appeared on the show,13988,13988,The person appeared on the show,True,0.8063241839408875
t2i,The person appeared on the show,12882,12882,The person appeared on the show,True,0.8506964445114136
t2i,The person appeared on the show,9961,9961,The person appeared on the show,False,0.88942551612854
t2i,The person appeared on the show,13191,13191,The person appeared on the show,True,0.029927890747785568
t2i,The person appeared on the show,10970,10970,The person appeared on the show,True,0.6709620356559753
t2i,The person appeared on the show,7478,7478,The person appeared on the show,False,0.30487972497940063
t2i,The person appeared on the show,12611,12611,The person appeared on the show,True,0.9004494547843933
t2i,The person appeared on the show,13747,13747,The person appeared on the show,True,0.2849671244621277
t2i,The person appeared on the show,4193,4193,The person appeared on the show,False,0.3080729842185974
t2i,The person appeared on the show,13505,13505,The person appeared on the show,True,0.001027337391860783
t2i,The person appeared on the show,7091,7091,The person appeared on the show,True,0.012775813229382038
t2i,The person appeared on the show,12776,12776,The person appeared on the show,True,0.04030441865324974
t2i,The person appeared on the show,4175,4175,The person appeared on the show,True,0.9896654486656189
t2i,The person appeared on the show,4166,4166,The person appeared on the show,True,0.0013038470642641187
t2i,The woman is walking on the garden.,1740,1740,The woman is walking on the garden.,True,0.9538270235061646
t2i,The woman is walking on the garden.,12196,12196,The woman is walking on the garden.,True,0.8183168768882751
t2i,The woman is walking on the garden.,4605,4605,The woman is walking on the garden.,True,0.6234157085418701
t2i,The woman is walking on the garden.,13698,13698,The woman is walking on the garden.,False,0.9191766381263733
t2i,The woman is walking on the garden.,890,890,The woman is walking on the garden.,True,0.8470441102981567
t2i,The woman is walking on the garden.,12011,12011,The woman is walking on the garden.,False,0.7844763994216919
t2i,The woman is walking on the garden.,4942,4942,The woman is walking on the garden.,False,0.44814160466194153
t2i,The woman is walking on the garden.,11198,11198,The woman is walking on the garden.,True,0.8568747639656067
t2i,The woman is walking on the garden.,674,674,The woman is walking on the garden.,True,0.9703119993209839
t2i,The woman is walking on the garden.,7200,7200,The woman is walking on the garden.,True,0.9734978675842285
t2i,The woman is walking on the garden.,6606,6606,The woman is walking on the garden.,True,0.604997992515564
t2i,The woman is walking on the garden.,624,624,The woman is walking on the garden.,True,0.9436695575714111
t2i,The woman is walking on the garden.,3439,3439,The woman is walking on the garden.,True,0.8802845478057861
t2i,The woman is walking on the garden.,2858,2858,The woman is walking on the garden.,True,0.9796257615089417
t2i,The woman is walking on the garden.,3782,3782,The woman is walking on the garden.,True,0.9482564926147461
t2i,The woman is walking on the garden.,5507,5507,The woman is walking on the garden.,True,0.9446139335632324
t2i,The woman is walking on the garden.,11005,11005,The woman is walking on the garden.,False,0.33325064182281494
t2i,The woman is walking on the garden.,7279,7279,The woman is walking on the garden.,False,0.11918074637651443
t2i,The woman is walking on the garden.,6428,6428,The woman is walking on the garden.,False,0.9888416528701782
t2i,The woman is walking on the garden.,4934,4934,The woman is walking on the garden.,False,0.983096718788147
t2i,The woman is walking on the garden.,2312,2312,The woman is walking on the garden.,False,0.9812681078910828
t2i,The woman is walking on the garden.,11259,11259,The woman is walking on the garden.,False,0.9575759768486023
t2i,The woman is walking on the garden.,933,933,The woman is walking on the garden.,True,0.8175992965698242
t2i,The woman is walking on the garden.,2087,2087,The woman is walking on the garden.,True,0.7828717827796936
t2i,The woman is walking on the garden.,11729,11729,The woman is walking on the garden.,True,0.8214181661605835
t2i,The woman is walking on the garden.,9990,9990,The woman is walking on the garden.,True,0.744436502456665
t2i,The woman is walking on the garden.,3037,3037,The woman is walking on the garden.,False,0.9814372062683105
t2i,The woman is walking on the garden.,813,813,The woman is walking on the garden.,False,0.7036717534065247
t2i,The woman is walking on the garden.,4092,4092,The woman is walking on the garden.,False,0.32283589243888855
t2i,The woman is walking on the garden.,5233,5233,The woman is walking on the garden.,True,0.9221827983856201
t2i,The woman is walking on the garden.,12,12,The woman is walking on the garden.,False,0.9678386449813843
t2i,The woman is walking on the garden.,3955,3955,The woman is walking on the garden.,False,0.6803152561187744
t2i,The woman is walking on the garden.,6641,6641,The woman is walking on the garden.,False,0.8930171132087708
t2i,The woman is walking on the garden.,8991,8991,The woman is walking on the garden.,False,0.894223690032959
t2i,The woman is walking on the garden.,810,810,The woman is walking on the garden.,True,0.6123663187026978
t2i,The woman is walking on the garden.,2756,2756,The woman is walking on the garden.,True,0.9619916677474976
t2i,The woman is walking on the garden.,920,920,The woman is walking on the garden.,False,0.4280107021331787
t2i,boat floating on river,4298,4298,boat floating on river,True,0.016223032027482986
t2i,boat floating on river,4403,4403,boat floating on river,True,0.0057785529643297195
t2i,boat floating on river,8368,8368,boat floating on river,True,0.002208105055615306
t2i,boat floating on river,386,386,boat floating on river,True,0.08724543452262878
t2i,boat floating on river,13072,13072,boat floating on river,True,0.00044034302118234336
t2i,boat floating on river,12612,12612,boat floating on river,True,0.00010302390001015738
t2i,boat floating on river,14051,14051,boat floating on river,True,0.00033742791856639087
t2i,boat floating on river,1946,1946,boat floating on river,True,0.002353992313146591
t2i,boat floating on river,582,582,boat floating on river,True,0.00751962885260582
t2i,boat floating on river,3300,3300,boat floating on river,True,0.0004952998133376241
t2i,boat floating on river,2989,2989,boat floating on river,True,0.23129655420780182
t2i,boat floating on river,3033,3033,boat floating on river,True,0.0015237920451909304
t2i,boat floating on river,13545,13545,boat floating on river,True,7.332864333875477e-05
t2i,boat floating on river,5639,5639,boat floating on river,True,0.0038754974957555532
t2i,boat floating on river,3771,3771,boat floating on river,True,0.004846662748605013
t2i,boat floating on river,13070,13070,boat floating on river,False,0.0005249790265224874
t2i,boat floating on river,4188,4188,boat floating on river,True,0.30629223585128784
t2i,boat floating on river,9105,9105,boat floating on river,False,0.0011871742317453027
t2i,boat floating on river,13071,13071,boat floating on river,True,0.05470585078001022
t2i,boat floating on river,13277,13277,boat floating on river,True,0.02786923199892044
t2i,boat floating on river,6103,6103,boat floating on river,True,0.02890538051724434
t2i,boat floating on river,4101,4101,boat floating on river,True,0.14537449181079865
t2i,boat floating on river,4170,4170,boat floating on river,True,0.05802594870328903
t2i,boat floating on river,757,757,boat floating on river,True,0.013483515940606594
t2i,boat floating on river,4096,4096,boat floating on river,True,0.02112053707242012
t2i,boat floating on river,9755,9755,boat floating on river,True,0.00010740342258941382
t2i,boat floating on river,3514,3514,boat floating on river,True,0.004011950921267271
t2i,boat floating on river,7463,7463,boat floating on river,True,0.0011454515624791384
t2i,boat floating on river,7036,7036,boat floating on river,False,0.013631723821163177
t2i,boat floating on river,11333,11333,boat floating on river,True,0.02253827080130577
t2i,boat floating on river,4121,4121,boat floating on river,True,0.013888337649405003
t2i,boat floating on river,4276,4276,boat floating on river,True,0.002168382052332163
t2i,boat floating on river,13655,13655,boat floating on river,True,0.005700002424418926
t2i,boat floating on river,13888,13888,boat floating on river,True,0.004288196098059416
t2i,boat floating on river,9408,9408,boat floating on river,True,0.0003735302307177335
t2i,boat floating on river,5786,5786,boat floating on river,True,0.011826705187559128
t2i,boat floating on river,13997,13997,boat floating on river,True,0.03083512745797634
t2i,A woman lies in a chair.,6850,6850,A woman lies in a chair.,False,0.5992940068244934
t2i,A woman lies in a chair.,12588,12588,A woman lies in a chair.,True,0.7405980229377747
t2i,A woman lies in a chair.,886,886,A woman lies in a chair.,False,0.3365555703639984
t2i,A woman lies in a chair.,4622,4622,A woman lies in a chair.,True,0.47270089387893677
t2i,A woman lies in a chair.,6518,6518,A woman lies in a chair.,False,0.20054921507835388
t2i,A woman lies in a chair.,702,702,A woman lies in a chair.,False,0.5868653655052185
t2i,A woman lies in a chair.,401,401,A woman lies in a chair.,False,0.2660788297653198
t2i,A woman lies in a chair.,11805,11805,A woman lies in a chair.,False,0.27308690547943115
t2i,A woman lies in a chair.,8222,8222,A woman lies in a chair.,False,0.24805331230163574
t2i,A woman lies in a chair.,5894,5894,A woman lies in a chair.,False,0.5596226453781128
t2i,A woman lies in a chair.,3358,3358,A woman lies in a chair.,False,0.32304662466049194
t2i,A woman lies in a chair.,13588,13588,A woman lies in a chair.,False,0.9255577921867371
t2i,A woman lies in a chair.,13652,13652,A woman lies in a chair.,False,0.9594787955284119
t2i,A woman lies in a chair.,8820,8820,A woman lies in a chair.,False,0.9404733777046204
t2i,A woman lies in a chair.,8350,8350,A woman lies in a chair.,False,0.08499644696712494
t2i,A woman lies in a chair.,5929,5929,A woman lies in a chair.,False,0.13580618798732758
t2i,A woman lies in a chair.,1628,1628,A woman lies in a chair.,False,0.6264919638633728
t2i,A woman lies in a chair.,2594,2594,A woman lies in a chair.,True,0.12205816060304642
t2i,A woman lies in a chair.,7173,7173,A woman lies in a chair.,False,0.9348427653312683
t2i,A woman lies in a chair.,3200,3200,A woman lies in a chair.,True,0.8309300541877747
t2i,A woman lies in a chair.,1347,1347,A woman lies in a chair.,False,0.40581685304641724
t2i,A woman lies in a chair.,10565,10565,A woman lies in a chair.,True,0.43867430090904236
t2i,A woman lies in a chair.,5886,5886,A woman lies in a chair.,False,0.7788069248199463
t2i,A woman lies in a chair.,2976,2976,A woman lies in a chair.,True,0.7921684384346008
t2i,A woman lies in a chair.,5596,5596,A woman lies in a chair.,False,0.48459580540657043
t2i,A woman lies in a chair.,13386,13386,A woman lies in a chair.,False,0.9086083769798279
t2i,A woman lies in a chair.,4926,4926,A woman lies in a chair.,False,0.6864316463470459
t2i,A woman lies in a chair.,3931,3931,A woman lies in a chair.,False,0.7612873911857605
t2i,A woman lies in a chair.,8591,8591,A woman lies in a chair.,False,0.375403493642807
t2i,A woman lies in a chair.,10887,10887,A woman lies in a chair.,False,0.19064675271511078
t2i,A woman lies in a chair.,1426,1426,A woman lies in a chair.,False,0.2972527742385864
t2i,A woman lies in a chair.,10618,10618,A woman lies in a chair.,False,0.6176755428314209
t2i,A woman lies in a chair.,719,719,A woman lies in a chair.,False,0.3845166563987732
t2i,A woman lies in a chair.,1733,1733,A woman lies in a chair.,False,0.31847041845321655
t2i,A woman lies in a chair.,11878,11878,A woman lies in a chair.,False,0.8081141710281372
t2i,A woman lies in a chair.,11592,11592,A woman lies in a chair.,True,0.5623716711997986
t2i,A woman lies in a chair.,5714,5714,A woman lies in a chair.,True,0.6924671530723572
t2i,A woman lies in a chair.,13463,13463,A woman lies in a chair.,True,0.8908752799034119
t2i,A woman lies in a chair.,1680,1680,A woman lies in a chair.,False,0.831602931022644
t2i,A woman lies in a chair.,10492,10492,A woman lies in a chair.,False,0.5765604972839355
t2i,A woman lies in a chair.,11045,11045,A woman lies in a chair.,False,0.9708219170570374
t2i,A woman lies in a chair.,2276,2276,A woman lies in a chair.,False,0.38708171248435974
t2i,A woman lies in a chair.,557,557,A woman lies in a chair.,False,0.16448746621608734
t2i,A woman lies in a chair.,275,275,A woman lies in a chair.,False,0.07595589756965637
t2i,A woman lies in a chair.,3619,3619,A woman lies in a chair.,False,0.6047934889793396
t2i,A woman lies in a chair.,3389,3389,A woman lies in a chair.,False,0.9411110281944275
t2i,A woman sits on a windowsill.,144,144,A woman sits on a windowsill.,True,0.2051265984773636
t2i,A woman sits on a windowsill.,1788,1788,A woman sits on a windowsill.,True,0.2053748220205307
t2i,A woman sits on a windowsill.,2081,2081,A woman sits on a windowsill.,True,0.9660977125167847
t2i,A woman sits on a windowsill.,7944,7944,A woman sits on a windowsill.,True,0.9323689341545105
t2i,A woman sits on a windowsill.,10053,10053,A woman sits on a windowsill.,True,0.45618394017219543
t2i,A woman sits on a windowsill.,6455,6455,A woman sits on a windowsill.,True,0.5407834649085999
t2i,A woman sits on a windowsill.,9825,9825,A woman sits on a windowsill.,False,0.3817664682865143
t2i,A woman sits on a windowsill.,6152,6152,A woman sits on a windowsill.,False,0.47889643907546997
t2i,A woman sits on a windowsill.,11848,11848,A woman sits on a windowsill.,True,0.6297382116317749
t2i,A woman sits on a windowsill.,3768,3768,A woman sits on a windowsill.,False,0.49018386006355286
t2i,A woman sits on a windowsill.,3749,3749,A woman sits on a windowsill.,False,0.7973131537437439
t2i,A woman sits on a windowsill.,2136,2136,A woman sits on a windowsill.,True,0.764593243598938
t2i,A woman sits on a windowsill.,9035,9035,A woman sits on a windowsill.,True,0.5769578218460083
t2i,A woman sits on a windowsill.,14087,14087,A woman sits on a windowsill.,False,0.948173463344574
t2i,A woman sits on a windowsill.,2231,2231,A woman sits on a windowsill.,True,0.7231093049049377
t2i,A woman sits on a windowsill.,12504,12504,A woman sits on a windowsill.,False,0.15727755427360535
t2i,A woman sits on a windowsill.,3394,3394,A woman sits on a windowsill.,False,0.9616730809211731
t2i,A woman sits on a windowsill.,6121,6121,A woman sits on a windowsill.,False,0.9481348395347595
t2i,A woman sits on a windowsill.,7492,7492,A woman sits on a windowsill.,False,0.9255433082580566
t2i,A woman sits on a windowsill.,9788,9788,A woman sits on a windowsill.,False,0.9283657670021057
t2i,A woman sits on a windowsill.,4548,4548,A woman sits on a windowsill.,False,0.7507504820823669
t2i,A woman sits on a windowsill.,7501,7501,A woman sits on a windowsill.,False,0.6467944979667664
t2i,A woman sits on a windowsill.,5274,5274,A woman sits on a windowsill.,True,0.6911806464195251
t2i,A woman sits on a windowsill.,11302,11302,A woman sits on a windowsill.,True,0.8573724031448364
t2i,A woman sits on a windowsill.,753,753,A woman sits on a windowsill.,False,0.7787302136421204
t2i,A woman sits on a windowsill.,5860,5860,A woman sits on a windowsill.,True,0.21895314753055573
t2i,A woman sits on a windowsill.,9874,9874,A woman sits on a windowsill.,False,0.4218405485153198
t2i,A woman sits on a windowsill.,12207,12207,A woman sits on a windowsill.,False,0.5962787866592407
t2i,A cat sits on the bed.,7880,7880,A cat sits on the bed.,True,0.5277812480926514
t2i,A cat sits on the bed.,9317,9317,A cat sits on the bed.,True,0.03604241833090782
t2i,A cat sits on the bed.,13114,13114,A cat sits on the bed.,True,0.1234174519777298
t2i,A cat sits on the bed.,7847,7847,A cat sits on the bed.,False,0.9107117652893066
t2i,A cat sits on the bed.,13509,13509,A cat sits on the bed.,False,0.04502127319574356
t2i,A cat sits on the bed.,13689,13689,A cat sits on the bed.,False,0.047606006264686584
t2i,A cat sits on the bed.,4717,4717,A cat sits on the bed.,False,0.06842366605997086
t2i,A cat sits on the bed.,12474,12474,A cat sits on the bed.,False,0.17284764349460602
t2i,A cat sits on the bed.,13763,13763,A cat sits on the bed.,False,0.11551251262426376
t2i,A cat sits on the bed.,9,9,A cat sits on the bed.,False,0.003114677034318447
t2i,A cat sits on the bed.,12860,12860,A cat sits on the bed.,False,0.003555050352588296
t2i,A cat sits on the bed.,7056,7056,A cat sits on the bed.,False,0.10775057226419449
t2i,A cat sits on the bed.,3975,3975,A cat sits on the bed.,False,0.04147779941558838
t2i,A cat sits on the bed.,12475,12475,A cat sits on the bed.,True,0.42387792468070984
t2i,A cat sits on the bed.,6429,6429,A cat sits on the bed.,False,0.058822158724069595
t2i,A cat sits on the bed.,7881,7881,A cat sits on the bed.,False,0.17460404336452484
t2i,A cat sits on the bed.,7846,7846,A cat sits on the bed.,False,0.4610731303691864
t2i,A cat sits on the bed.,1967,1967,A cat sits on the bed.,False,0.043872009962797165
t2i,A cat sits on the bed.,7243,7243,A cat sits on the bed.,False,0.49374711513519287
t2i,A cat sits on the bed.,5914,5914,A cat sits on the bed.,False,0.45708125829696655
t2i,A cat sits on the bed.,11995,11995,A cat sits on the bed.,False,0.5626091957092285
t2i,A cat sits on the bed.,70,70,A cat sits on the bed.,False,0.30180028080940247
t2i,A cat sits on the bed.,11996,11996,A cat sits on the bed.,True,0.19146330654621124
t2i,A cat sits on the bed.,8943,8943,A cat sits on the bed.,False,0.5935984253883362
t2i,A cat sits on the bed.,4718,4718,A cat sits on the bed.,False,0.01208257395774126
t2i,A cat sits on the bed.,9157,9157,A cat sits on the bed.,False,0.8981593251228333
t2i,A cat sits on the bed.,13331,13331,A cat sits on the bed.,False,0.206461563706398
t2i,A cat sits on the bed.,13353,13353,A cat sits on the bed.,False,0.6150190830230713
t2i,A cat sits on the bed.,8942,8942,A cat sits on the bed.,False,0.5136460065841675
t2i,A couple rides bicycles.,12715,12715,A couple rides bicycles.,False,0.0008142537553794682
t2i,A couple rides bicycles.,6962,6962,A couple rides bicycles.,False,0.004331798292696476
t2i,A couple rides bicycles.,5064,5064,A couple rides bicycles.,False,0.0014709396054968238
t2i,A couple rides bicycles.,11703,11703,A couple rides bicycles.,False,0.0010261577554047108
t2i,A couple rides bicycles.,5212,5212,A couple rides bicycles.,False,0.0007313287351280451
t2i,A couple rides bicycles.,9088,9088,A couple rides bicycles.,False,0.022517148405313492
t2i,A couple rides bicycles.,11704,11704,A couple rides bicycles.,True,0.057250719517469406
t2i,A couple rides bicycles.,8348,8348,A couple rides bicycles.,False,0.001041858340613544
t2i,A couple rides bicycles.,5466,5466,A couple rides bicycles.,False,0.0013392841210588813
t2i,A couple rides bicycles.,12904,12904,A couple rides bicycles.,True,0.015459799207746983
t2i,A couple rides bicycles.,6526,6526,A couple rides bicycles.,False,0.09808143228292465
t2i,A couple rides bicycles.,81,81,A couple rides bicycles.,False,0.16342492401599884
t2i,A couple rides bicycles.,4559,4559,A couple rides bicycles.,False,0.0007258612313307822
t2i,A couple rides bicycles.,6303,6303,A couple rides bicycles.,False,0.062450189143419266
t2i,A couple rides bicycles.,711,711,A couple rides bicycles.,False,0.18434742093086243
t2i,A couple rides bicycles.,8389,8389,A couple rides bicycles.,False,0.040020961314439774
t2i,A couple rides bicycles.,1633,1633,A couple rides bicycles.,False,0.29753509163856506
t2i,A couple rides bicycles.,2300,2300,A couple rides bicycles.,False,0.1912630945444107
t2i,A couple rides bicycles.,774,774,A couple rides bicycles.,False,0.0256654005497694
t2i,A couple rides bicycles.,4902,4902,A couple rides bicycles.,False,0.028849519789218903
t2i,A couple rides bicycles.,1434,1434,A couple rides bicycles.,False,0.28453493118286133
t2i,A couple rides bicycles.,9230,9230,A couple rides bicycles.,False,0.3877934515476227
t2i,A couple rides bicycles.,420,420,A couple rides bicycles.,False,0.01882794126868248
t2i,A couple rides bicycles.,12353,12353,A couple rides bicycles.,False,0.00827815942466259
t2i,A couple rides bicycles.,13810,13810,A couple rides bicycles.,False,0.1831279844045639
t2i,A couple rides bicycles.,12968,12968,A couple rides bicycles.,True,0.023897817358374596
t2i,A couple rides bicycles.,11356,11356,A couple rides bicycles.,True,0.11920801550149918
t2i,A couple rides bicycles.,2931,2931,A couple rides bicycles.,False,0.015171298757195473
t2i,A couple rides bicycles.,5213,5213,A couple rides bicycles.,False,0.0005697544547729194
t2i,A couple rides bicycles.,13780,13780,A couple rides bicycles.,False,0.0005629775696434081
t2i,A couple rides bicycles.,8255,8255,A couple rides bicycles.,False,0.0617205835878849
t2i,A mother plays with a daughter.,7758,7758,A mother plays with a daughter.,True,0.49514612555503845
t2i,A mother plays with a daughter.,6648,6648,A mother plays with a daughter.,True,0.33204036951065063
t2i,A mother plays with a daughter.,1321,1321,A mother plays with a daughter.,True,0.5702672600746155
t2i,A mother plays with a daughter.,4913,4913,A mother plays with a daughter.,True,0.5754856467247009
t2i,A mother plays with a daughter.,1066,1066,A mother plays with a daughter.,True,0.3850996196269989
t2i,A mother plays with a daughter.,9883,9883,A mother plays with a daughter.,True,0.7957828640937805
t2i,A mother plays with a daughter.,12121,12121,A mother plays with a daughter.,True,0.8167898058891296
t2i,A mother plays with a daughter.,2725,2725,A mother plays with a daughter.,True,0.6103500723838806
t2i,A mother plays with a daughter.,201,201,A mother plays with a daughter.,True,0.46039092540740967
t2i,A mother plays with a daughter.,10971,10971,A mother plays with a daughter.,True,0.25768566131591797
t2i,A mother plays with a daughter.,10020,10020,A mother plays with a daughter.,True,0.89967942237854
t2i,A mother plays with a daughter.,1543,1543,A mother plays with a daughter.,True,0.9124045372009277
t2i,A mother plays with a daughter.,13346,13346,A mother plays with a daughter.,True,0.3588775396347046
t2i,A mother plays with a daughter.,9049,9049,A mother plays with a daughter.,True,0.250733882188797
t2i,A mother plays with a daughter.,9768,9768,A mother plays with a daughter.,True,0.46797284483909607
t2i,A mother plays with a daughter.,7875,7875,A mother plays with a daughter.,False,0.7676963210105896
t2i,A mother plays with a daughter.,8466,8466,A mother plays with a daughter.,True,0.6585296988487244
t2i,A mother plays with a daughter.,8004,8004,A mother plays with a daughter.,True,0.9272447228431702
t2i,A mother plays with a daughter.,4202,4202,A mother plays with a daughter.,True,0.8699895739555359
t2i,A mother plays with a daughter.,14024,14024,A mother plays with a daughter.,False,0.862147331237793
t2i,A mother plays with a daughter.,11246,11246,A mother plays with a daughter.,True,0.9473602771759033
t2i,A mother plays with a daughter.,3707,3707,A mother plays with a daughter.,True,0.8545593023300171
t2i,A mother plays with a daughter.,4689,4689,A mother plays with a daughter.,True,0.9846982359886169
t2i,A mother plays with a daughter.,8770,8770,A mother plays with a daughter.,True,0.9887633323669434
t2i,A mother plays with a daughter.,7316,7316,A mother plays with a daughter.,True,0.3760910630226135
t2i,A mother plays with a daughter.,304,304,A mother plays with a daughter.,True,0.8499974608421326
t2i,A mother plays with a daughter.,7216,7216,A mother plays with a daughter.,True,0.9524933695793152
t2i,A mother plays with a daughter.,2057,2057,A mother plays with a daughter.,True,0.334747850894928
t2i,A mother plays with a daughter.,13971,13971,A mother plays with a daughter.,True,0.8713950514793396
t2i,A mother plays with a daughter.,1489,1489,A mother plays with a daughter.,False,0.9395864605903625
t2i,A mother plays with a daughter.,11752,11752,A mother plays with a daughter.,True,0.8640087842941284
t2i,A mother plays with a daughter.,8202,8202,A mother plays with a daughter.,True,0.5895107984542847
t2i,A mother plays with a daughter.,7317,7317,A mother plays with a daughter.,False,0.7390847206115723
t2i,A mother plays with a daughter.,8771,8771,A mother plays with a daughter.,True,0.3814786970615387
t2i,A mother plays with a daughter.,7122,7122,A mother plays with a daughter.,True,0.34684497117996216
t2i,A mother plays with a daughter.,10028,10028,A mother plays with a daughter.,True,0.5585431456565857
t2i,A mother plays with a daughter.,3602,3602,A mother plays with a daughter.,True,0.827078640460968
t2i,A mother plays with a daughter.,5935,5935,A mother plays with a daughter.,True,0.8237581849098206
t2i,A mother plays with a daughter.,11112,11112,A mother plays with a daughter.,True,0.9282227754592896
t2i,A mother plays with a daughter.,12895,12895,A mother plays with a daughter.,True,0.836548388004303
t2i,A mother plays with a daughter.,4510,4510,A mother plays with a daughter.,True,0.2926165461540222
t2i,A mother plays with a daughter.,11728,11728,A mother plays with a daughter.,True,0.442025750875473
t2i,The birds fly over the beach along the sunset,10574,10574,The birds fly over the beach along the sunset,True,0.46849849820137024
t2i,The birds fly over the beach along the sunset,10801,10801,The birds fly over the beach along the sunset,True,0.5047133564949036
t2i,The birds fly over the beach along the sunset,6296,6296,The birds fly over the beach along the sunset,True,0.05442221835255623
t2i,The birds fly over the beach along the sunset,4652,4652,The birds fly over the beach along the sunset,True,0.6205775737762451
t2i,The birds fly over the beach along the sunset,1890,1890,The birds fly over the beach along the sunset,True,0.16497816145420074
t2i,The birds fly over the beach along the sunset,12656,12656,The birds fly over the beach along the sunset,False,0.05714622139930725
t2i,The birds fly over the beach along the sunset,8177,8177,The birds fly over the beach along the sunset,False,0.0881693959236145
t2i,The birds fly over the beach along the sunset,6105,6105,The birds fly over the beach along the sunset,True,0.5507202744483948
t2i,The birds fly over the beach along the sunset,9836,9836,The birds fly over the beach along the sunset,False,0.6583346724510193
t2i,The birds fly over the beach along the sunset,7859,7859,The birds fly over the beach along the sunset,False,0.245157852768898
t2i,The birds fly over the beach along the sunset,4328,4328,The birds fly over the beach along the sunset,True,0.3033272325992584
t2i,The birds fly over the beach along the sunset,6198,6198,The birds fly over the beach along the sunset,False,0.033233486115932465
t2i,The birds fly over the beach along the sunset,4310,4310,The birds fly over the beach along the sunset,False,0.04123981297016144
t2i,The birds fly over the beach along the sunset,1530,1530,The birds fly over the beach along the sunset,False,0.3154563307762146
t2i,The birds fly over the beach along the sunset,11330,11330,The birds fly over the beach along the sunset,False,0.44797125458717346
t2i,The birds fly over the beach along the sunset,9929,9929,The birds fly over the beach along the sunset,False,0.14133523404598236
t2i,The birds fly over the beach along the sunset,2893,2893,The birds fly over the beach along the sunset,False,0.39288344979286194
t2i,The birds fly over the beach along the sunset,2746,2746,The birds fly over the beach along the sunset,False,0.13962355256080627
t2i,The birds fly over the beach along the sunset,10404,10404,The birds fly over the beach along the sunset,False,0.013850433751940727
t2i,The birds fly over the beach along the sunset,8851,8851,The birds fly over the beach along the sunset,False,0.024686429649591446
t2i,The birds fly over the beach along the sunset,13122,13122,The birds fly over the beach along the sunset,False,0.13221196830272675
t2i,The birds fly over the beach along the sunset,8143,8143,The birds fly over the beach along the sunset,False,0.013909624889492989
t2i,The birds fly over the beach along the sunset,9928,9928,The birds fly over the beach along the sunset,False,0.052450984716415405
t2i,The birds fly over the beach along the sunset,13019,13019,The birds fly over the beach along the sunset,False,0.05296307057142258
t2i,The birds fly over the beach along the sunset,8142,8142,The birds fly over the beach along the sunset,False,0.09196191281080246
t2i,The birds fly over the beach along the sunset,6596,6596,The birds fly over the beach along the sunset,True,0.17629152536392212
t2i,The birds fly over the beach along the sunset,6383,6383,The birds fly over the beach along the sunset,False,0.13039636611938477
t2i,A person is one of many singing with the crowd.,3613,3613,A person is one of many singing with the crowd.,True,0.9506900906562805
t2i,A person is one of many singing with the crowd.,7579,7579,A person is one of many singing with the crowd.,True,0.8395001888275146
t2i,A person is one of many singing with the crowd.,13993,13993,A person is one of many singing with the crowd.,True,0.9471217393875122
t2i,A person is one of many singing with the crowd.,241,241,A person is one of many singing with the crowd.,False,0.23820087313652039
t2i,A person is one of many singing with the crowd.,6247,6247,A person is one of many singing with the crowd.,True,0.980129599571228
t2i,A person is one of many singing with the crowd.,12617,12617,A person is one of many singing with the crowd.,True,0.9885191321372986
t2i,A person is one of many singing with the crowd.,2182,2182,A person is one of many singing with the crowd.,True,0.9439355731010437
t2i,A person is one of many singing with the crowd.,3516,3516,A person is one of many singing with the crowd.,True,0.9869195818901062
t2i,A person is one of many singing with the crowd.,4837,4837,A person is one of many singing with the crowd.,False,0.880974292755127
t2i,A person is one of many singing with the crowd.,2366,2366,A person is one of many singing with the crowd.,False,0.9844295978546143
t2i,A person is one of many singing with the crowd.,12038,12038,A person is one of many singing with the crowd.,True,0.8467150926589966
t2i,A person is one of many singing with the crowd.,13700,13700,A person is one of many singing with the crowd.,True,0.983664333820343
t2i,A person is one of many singing with the crowd.,5482,5482,A person is one of many singing with the crowd.,True,0.9892844557762146
t2i,A person is one of many singing with the crowd.,3970,3970,A person is one of many singing with the crowd.,False,0.8919464945793152
t2i,A person is one of many singing with the crowd.,690,690,A person is one of many singing with the crowd.,True,0.9816086888313293
t2i,A person is one of many singing with the crowd.,1513,1513,A person is one of many singing with the crowd.,False,0.8928253054618835
t2i,A person is one of many singing with the crowd.,13561,13561,A person is one of many singing with the crowd.,True,0.931267261505127
t2i,A person is one of many singing with the crowd.,1679,1679,A person is one of many singing with the crowd.,True,0.9092578291893005
t2i,A person is one of many singing with the crowd.,4361,4361,A person is one of many singing with the crowd.,False,0.9119749069213867
t2i,A person is one of many singing with the crowd.,1906,1906,A person is one of many singing with the crowd.,False,0.8484765887260437
t2i,A person is one of many singing with the crowd.,6180,6180,A person is one of many singing with the crowd.,True,0.9891172051429749
t2i,A person is one of many singing with the crowd.,13520,13520,A person is one of many singing with the crowd.,True,0.8998573422431946
t2i,A person is one of many singing with the crowd.,3925,3925,A person is one of many singing with the crowd.,False,0.9493235945701599
t2i,A person is one of many singing with the crowd.,4411,4411,A person is one of many singing with the crowd.,False,0.9904962778091431
t2i,A person is one of many singing with the crowd.,3692,3692,A person is one of many singing with the crowd.,True,0.9767286777496338
t2i,A person is one of many singing with the crowd.,3246,3246,A person is one of many singing with the crowd.,False,0.9486119747161865
t2i,A person is one of many singing with the crowd.,7578,7578,A person is one of many singing with the crowd.,False,0.046047642827034
t2i,A person is one of many singing with the crowd.,10515,10515,A person is one of many singing with the crowd.,True,0.93928462266922
t2i,A person is one of many singing with the crowd.,1893,1893,A person is one of many singing with the crowd.,True,0.9614009857177734
t2i,A person is one of many singing with the crowd.,4221,4221,A person is one of many singing with the crowd.,True,0.7323090434074402
t2i,A person is one of many singing with the crowd.,3971,3971,A person is one of many singing with the crowd.,False,0.8123943209648132
t2i,A person is one of many singing with the crowd.,2633,2633,A person is one of many singing with the crowd.,False,0.6936987042427063
t2i,A person is one of many singing with the crowd.,11676,11676,A person is one of many singing with the crowd.,True,0.7034012675285339
t2i,A person is one of many singing with the crowd.,3882,3882,A person is one of many singing with the crowd.,False,0.9654132723808289
t2i,A person is one of many singing with the crowd.,10658,10658,A person is one of many singing with the crowd.,False,0.9945279955863953
t2i,A person is one of many singing with the crowd.,689,689,A person is one of many singing with the crowd.,True,0.32548290491104126
t2i,A person is one of many singing with the crowd.,10828,10828,A person is one of many singing with the crowd.,True,0.6100994944572449
t2i,A person is one of many singing with the crowd.,4363,4363,A person is one of many singing with the crowd.,False,0.3778495490550995
t2i,boy sit on the couch,2992,2992,boy sit on the couch,True,0.8972295522689819
t2i,boy sit on the couch,1779,1779,boy sit on the couch,False,0.5113592147827148
t2i,boy sit on the couch,3096,3096,boy sit on the couch,True,0.7861882448196411
t2i,boy sit on the couch,13498,13498,boy sit on the couch,True,0.7758527994155884
t2i,boy sit on the couch,6362,6362,boy sit on the couch,False,0.4758667051792145
t2i,boy sit on the couch,6683,6683,boy sit on the couch,True,0.7041878700256348
t2i,boy sit on the couch,1156,1156,boy sit on the couch,False,0.7258929014205933
t2i,boy sit on the couch,8366,8366,boy sit on the couch,False,0.6202702522277832
t2i,boy sit on the couch,6341,6341,boy sit on the couch,True,0.665507972240448
t2i,boy sit on the couch,497,497,boy sit on the couch,False,0.5478533506393433
t2i,boy sit on the couch,5599,5599,boy sit on the couch,True,0.33520713448524475
t2i,boy sit on the couch,633,633,boy sit on the couch,True,0.6054487228393555
t2i,boy sit on the couch,5598,5598,boy sit on the couch,False,0.3737879693508148
t2i,boy sit on the couch,11303,11303,boy sit on the couch,False,0.22802582383155823
t2i,boy sit on the couch,5078,5078,boy sit on the couch,True,0.6984485387802124
t2i,boy sit on the couch,1248,1248,boy sit on the couch,False,0.4950461983680725
t2i,boy sit on the couch,11575,11575,boy sit on the couch,False,0.6470301151275635
t2i,boy sit on the couch,1330,1330,boy sit on the couch,True,0.7886108160018921
t2i,boy sit on the couch,8471,8471,boy sit on the couch,False,0.37793123722076416
t2i,boy sit on the couch,1419,1419,boy sit on the couch,True,0.8546070456504822
t2i,boy sit on the couch,12017,12017,boy sit on the couch,False,0.47968214750289917
t2i,boy sit on the couch,2241,2241,boy sit on the couch,True,0.7566267251968384
t2i,boy sit on the couch,3056,3056,boy sit on the couch,False,0.2200094312429428
t2i,boy sit on the couch,2851,2851,boy sit on the couch,False,0.24647626280784607
t2i,boy sit on the couch,2494,2494,boy sit on the couch,True,0.7141828536987305
t2i,boy sit on the couch,4863,4863,boy sit on the couch,False,0.7341620326042175
t2i,boy sit on the couch,12255,12255,boy sit on the couch,False,0.36926087737083435
t2i,boy sit on the couch,4864,4864,boy sit on the couch,False,0.349529504776001
t2i,A man stands in front of a whiteboard.,620,620,A man stands in front of a whiteboard.,False,0.13318194448947906
t2i,A man stands in front of a whiteboard.,12219,12219,A man stands in front of a whiteboard.,False,0.04762265458703041
t2i,A man stands in front of a whiteboard.,5771,5771,A man stands in front of a whiteboard.,True,0.10936293005943298
t2i,A man stands in front of a whiteboard.,3146,3146,A man stands in front of a whiteboard.,False,0.00476563535630703
t2i,A man stands in front of a whiteboard.,12136,12136,A man stands in front of a whiteboard.,False,0.006693877745419741
t2i,A man stands in front of a whiteboard.,12220,12220,A man stands in front of a whiteboard.,False,0.08231738954782486
t2i,A man stands in front of a whiteboard.,9684,9684,A man stands in front of a whiteboard.,False,0.021843314170837402
t2i,A man stands in front of a whiteboard.,9685,9685,A man stands in front of a whiteboard.,False,0.01346820592880249
t2i,A man stands in front of a whiteboard.,7100,7100,A man stands in front of a whiteboard.,False,0.11730010062456131
t2i,A man stands in front of a whiteboard.,209,209,A man stands in front of a whiteboard.,False,0.0024807658046483994
t2i,A man stands in front of a whiteboard.,8749,8749,A man stands in front of a whiteboard.,True,0.018337273970246315
t2i,A man stands in front of a whiteboard.,10252,10252,A man stands in front of a whiteboard.,True,0.0032141152769327164
t2i,A man stands in front of a whiteboard.,9927,9927,A man stands in front of a whiteboard.,False,0.024896588176488876
t2i,A man stands in front of a whiteboard.,8977,8977,A man stands in front of a whiteboard.,False,0.04071071743965149
t2i,A man stands in front of a whiteboard.,13199,13199,A man stands in front of a whiteboard.,False,0.11584393680095673
t2i,A man stands in front of a whiteboard.,12629,12629,A man stands in front of a whiteboard.,False,0.004715397022664547
t2i,A man stands in front of a whiteboard.,6875,6875,A man stands in front of a whiteboard.,False,0.0339532233774662
t2i,A man stands in front of a whiteboard.,1613,1613,A man stands in front of a whiteboard.,False,0.007440040819346905
t2i,A man stands in front of a whiteboard.,7607,7607,A man stands in front of a whiteboard.,False,0.07209496945142746
t2i,A man stands in front of a whiteboard.,8114,8114,A man stands in front of a whiteboard.,False,0.004563692957162857
t2i,A man stands in front of a whiteboard.,11956,11956,A man stands in front of a whiteboard.,False,0.011852333322167397
t2i,A man stands in front of a whiteboard.,10393,10393,A man stands in front of a whiteboard.,False,0.05565010383725166
t2i,A man stands in front of a whiteboard.,9884,9884,A man stands in front of a whiteboard.,False,0.009470224380493164
t2i,A man stands in front of a whiteboard.,8233,8233,A man stands in front of a whiteboard.,False,0.05162905156612396
t2i,A man stands in front of a whiteboard.,5059,5059,A man stands in front of a whiteboard.,True,0.0061912527307868
t2i,A man stands in front of a whiteboard.,8858,8858,A man stands in front of a whiteboard.,True,0.013074686750769615
t2i,A man stands in front of a whiteboard.,9769,9769,A man stands in front of a whiteboard.,False,0.0005109314806759357
t2i,A man stands in front of a whiteboard.,6246,6246,A man stands in front of a whiteboard.,False,0.0010299569694325328
t2i,A man stands in front of a whiteboard.,7639,7639,A man stands in front of a whiteboard.,False,0.006618877872824669
t2i,A man stands in front of a whiteboard.,11092,11092,A man stands in front of a whiteboard.,True,0.001642448827624321
t2i,A man stands in front of a whiteboard.,10151,10151,A man stands in front of a whiteboard.,False,0.00146311498247087
t2i,A man stands in front of a whiteboard.,6357,6357,A man stands in front of a whiteboard.,False,0.03406774252653122
t2i,The train will go to crystal city.,4391,4391,The train will go to crystal city.,False,0.0031823005992919207
t2i,The train will go to crystal city.,1863,1863,The train will go to crystal city.,False,0.00028495147125795484
t2i,The train will go to crystal city.,11816,11816,The train will go to crystal city.,False,0.0018434691010043025
t2i,The train will go to crystal city.,12996,12996,The train will go to crystal city.,False,0.00012078398140147328
t2i,The train will go to crystal city.,3249,3249,The train will go to crystal city.,False,7.765953341731802e-05
t2i,The train will go to crystal city.,1847,1847,The train will go to crystal city.,False,0.00019724838784895837
t2i,The train will go to crystal city.,11564,11564,The train will go to crystal city.,False,9.139448957284912e-05
t2i,The train will go to crystal city.,9154,9154,The train will go to crystal city.,False,0.00010722944716690108
t2i,The train will go to crystal city.,2856,2856,The train will go to crystal city.,True,0.003964223433285952
t2i,The train will go to crystal city.,3958,3958,The train will go to crystal city.,False,0.0001224594161612913
t2i,The train will go to crystal city.,3404,3404,The train will go to crystal city.,False,0.043742090463638306
t2i,The train will go to crystal city.,11216,11216,The train will go to crystal city.,False,9.689136641100049e-05
t2i,The train will go to crystal city.,4881,4881,The train will go to crystal city.,False,0.001822707592509687
t2i,The train will go to crystal city.,8491,8491,The train will go to crystal city.,False,0.003981118090450764
t2i,The train will go to crystal city.,13280,13280,The train will go to crystal city.,False,0.0008960262639448047
t2i,The train will go to crystal city.,13571,13571,The train will go to crystal city.,False,0.003474507015198469
t2i,The train will go to crystal city.,1376,1376,The train will go to crystal city.,False,0.0024813429918140173
t2i,The train will go to crystal city.,12070,12070,The train will go to crystal city.,False,0.0006702399696223438
t2i,The train will go to crystal city.,2350,2350,The train will go to crystal city.,False,0.019632142037153244
t2i,The train will go to crystal city.,12826,12826,The train will go to crystal city.,False,0.03676532208919525
t2i,The train will go to crystal city.,4880,4880,The train will go to crystal city.,False,0.0010378536535426974
t2i,The train will go to crystal city.,11242,11242,The train will go to crystal city.,False,0.00361468899063766
t2i,The train will go to crystal city.,6472,6472,The train will go to crystal city.,False,0.0006418080884031951
t2i,The train will go to crystal city.,7691,7691,The train will go to crystal city.,False,0.5302891135215759
t2i,The train will go to crystal city.,7334,7334,The train will go to crystal city.,False,0.013814425095915794
t2i,The train will go to crystal city.,2404,2404,The train will go to crystal city.,False,0.0005467932787723839
t2i,The train will go to crystal city.,4373,4373,The train will go to crystal city.,False,0.011911670677363873
t2i,The train will go to crystal city.,4701,4701,The train will go to crystal city.,False,0.00047992286272346973
t2i,The train will go to crystal city.,13544,13544,The train will go to crystal city.,False,7.890700362622738e-05
t2i,The train will go to crystal city.,4389,4389,The train will go to crystal city.,False,2.6450557925272733e-05
t2i,The train will go to crystal city.,4236,4236,The train will go to crystal city.,False,0.0017929919995367527
t2i,The train will go to crystal city.,7335,7335,The train will go to crystal city.,False,0.0002820668451022357
t2i,The train will go to crystal city.,11241,11241,The train will go to crystal city.,False,0.0006256331689655781
t2i,The train will go to crystal city.,12020,12020,The train will go to crystal city.,False,0.0018196268938481808
t2i,The train will go to crystal city.,13799,13799,The train will go to crystal city.,False,0.0012116780271753669
t2i,The train will go to crystal city.,587,587,The train will go to crystal city.,False,0.027865806594491005
t2i,The train will go to crystal city.,7509,7509,The train will go to crystal city.,False,0.00015170850383583456
t2i,The train will go to crystal city.,8916,8916,The train will go to crystal city.,False,0.0012125381035730243
t2i,The train will go to crystal city.,3524,3524,The train will go to crystal city.,False,3.052833199035376e-05
t2i,The artist will play the guitar on stage.,10078,10078,The artist will play the guitar on stage.,False,0.0533112995326519
t2i,The artist will play the guitar on stage.,2045,2045,The artist will play the guitar on stage.,False,0.5473523139953613
t2i,The artist will play the guitar on stage.,3151,3151,The artist will play the guitar on stage.,True,0.07212033867835999
t2i,The artist will play the guitar on stage.,4681,4681,The artist will play the guitar on stage.,True,0.2208353877067566
t2i,The artist will play the guitar on stage.,2376,2376,The artist will play the guitar on stage.,True,0.864225447177887
t2i,The artist will play the guitar on stage.,3506,3506,The artist will play the guitar on stage.,False,0.2076067477464676
t2i,The artist will play the guitar on stage.,363,363,The artist will play the guitar on stage.,True,0.6816722750663757
t2i,The artist will play the guitar on stage.,2157,2157,The artist will play the guitar on stage.,True,0.8159659504890442
t2i,The artist will play the guitar on stage.,2679,2679,The artist will play the guitar on stage.,False,0.1309327483177185
t2i,The artist will play the guitar on stage.,2210,2210,The artist will play the guitar on stage.,False,0.009576226584613323
t2i,The artist will play the guitar on stage.,8012,8012,The artist will play the guitar on stage.,True,0.969696044921875
t2i,The artist will play the guitar on stage.,13862,13862,The artist will play the guitar on stage.,True,0.9249089360237122
t2i,The artist will play the guitar on stage.,489,489,The artist will play the guitar on stage.,True,0.6246750950813293
t2i,The artist will play the guitar on stage.,3241,3241,The artist will play the guitar on stage.,True,0.040123552083969116
t2i,The artist will play the guitar on stage.,921,921,The artist will play the guitar on stage.,True,0.8039210438728333
t2i,The artist will play the guitar on stage.,1868,1868,The artist will play the guitar on stage.,True,0.9496117234230042
t2i,The artist will play the guitar on stage.,2495,2495,The artist will play the guitar on stage.,True,0.9552505016326904
t2i,The artist will play the guitar on stage.,11571,11571,The artist will play the guitar on stage.,True,0.8435022830963135
t2i,The artist will play the guitar on stage.,1766,1766,The artist will play the guitar on stage.,False,0.9841353297233582
t2i,The artist will play the guitar on stage.,12616,12616,The artist will play the guitar on stage.,False,0.8687790036201477
t2i,The artist will play the guitar on stage.,13099,13099,The artist will play the guitar on stage.,True,0.9513285756111145
t2i,The artist will play the guitar on stage.,3288,3288,The artist will play the guitar on stage.,True,0.971603274345398
t2i,The artist will play the guitar on stage.,11788,11788,The artist will play the guitar on stage.,False,0.9831593036651611
t2i,The artist will play the guitar on stage.,2802,2802,The artist will play the guitar on stage.,True,0.7497316598892212
t2i,The artist will play the guitar on stage.,2680,2680,The artist will play the guitar on stage.,False,0.9304075241088867
t2i,The artist will play the guitar on stage.,7583,7583,The artist will play the guitar on stage.,True,0.0076989829540252686
t2i,The artist will play the guitar on stage.,12799,12799,The artist will play the guitar on stage.,True,0.6897144913673401
t2i,The artist will play the guitar on stage.,13861,13861,The artist will play the guitar on stage.,True,0.4770067036151886
t2i,The artist will play the guitar on stage.,9760,9760,The artist will play the guitar on stage.,True,0.6248242259025574
t2i,The artist will play the guitar on stage.,4204,4204,The artist will play the guitar on stage.,True,0.11933226883411407
t2i,The artist will play the guitar on stage.,3447,3447,The artist will play the guitar on stage.,True,0.13033902645111084
t2i,The artist will play the guitar on stage.,11392,11392,The artist will play the guitar on stage.,True,0.4396613836288452
t2i,The artist will play the guitar on stage.,3193,3193,The artist will play the guitar on stage.,True,0.5740867853164673
t2i,Mother sits at the beach.,889,889,Mother sits at the beach.,True,0.5817359685897827
t2i,Mother sits at the beach.,11732,11732,Mother sits at the beach.,True,0.8762901425361633
t2i,Mother sits at the beach.,6800,6800,Mother sits at the beach.,False,0.7012165188789368
t2i,Mother sits at the beach.,6297,6297,Mother sits at the beach.,True,0.9006409645080566
t2i,Mother sits at the beach.,7015,7015,Mother sits at the beach.,True,0.5300014019012451
t2i,Mother sits at the beach.,11450,11450,Mother sits at the beach.,True,0.7959753274917603
t2i,Mother sits at the beach.,10501,10501,Mother sits at the beach.,False,0.7671697735786438
t2i,Mother sits at the beach.,880,880,Mother sits at the beach.,True,0.8081531524658203
t2i,Mother sits at the beach.,6721,6721,Mother sits at the beach.,False,0.5002314448356628
t2i,Mother sits at the beach.,2658,2658,Mother sits at the beach.,False,0.5495388507843018
t2i,Mother sits at the beach.,5150,5150,Mother sits at the beach.,True,0.8849403262138367
t2i,Mother sits at the beach.,975,975,Mother sits at the beach.,True,0.4546351134777069
t2i,Mother sits at the beach.,10160,10160,Mother sits at the beach.,True,0.896798849105835
t2i,Mother sits at the beach.,10330,10330,Mother sits at the beach.,True,0.43040934205055237
t2i,Mother sits at the beach.,2141,2141,Mother sits at the beach.,True,0.7294871807098389
t2i,Mother sits at the beach.,2180,2180,Mother sits at the beach.,True,0.7751093506813049
t2i,Mother sits at the beach.,3020,3020,Mother sits at the beach.,True,0.8136585354804993
t2i,Mother sits at the beach.,10661,10661,Mother sits at the beach.,True,0.9401891231536865
t2i,Mother sits at the beach.,10907,10907,Mother sits at the beach.,True,0.7841584086418152
t2i,Mother sits at the beach.,1363,1363,Mother sits at the beach.,False,0.9494422674179077
t2i,Mother sits at the beach.,6722,6722,Mother sits at the beach.,True,0.7204774022102356
t2i,Mother sits at the beach.,1392,1392,Mother sits at the beach.,True,0.8330344557762146
t2i,Mother sits at the beach.,2651,2651,Mother sits at the beach.,True,0.9723444581031799
t2i,Mother sits at the beach.,1227,1227,Mother sits at the beach.,True,0.8706604838371277
t2i,Mother sits at the beach.,2150,2150,Mother sits at the beach.,True,0.6912404298782349
t2i,Mother sits at the beach.,13011,13011,Mother sits at the beach.,True,0.9384486079216003
t2i,Mother sits at the beach.,6981,6981,Mother sits at the beach.,False,0.14380286633968353
t2i,Mother sits at the beach.,150,150,Mother sits at the beach.,False,0.5042454600334167
t2i,Mother sits at the beach.,3556,3556,Mother sits at the beach.,False,0.5584496259689331
t2i,Mother sits at the beach.,7209,7209,Mother sits at the beach.,False,0.6484639644622803
t2i,Mother sits at the beach.,3123,3123,Mother sits at the beach.,False,0.9605803489685059
t2i,Mother sits at the beach.,3200,3200,Mother sits at the beach.,False,0.9561686515808105
t2i,Mother sits at the beach.,8192,8192,Mother sits at the beach.,False,0.19730019569396973
t2i,Mother sits at the beach.,3844,3844,Mother sits at the beach.,False,0.811594545841217
t2i,Mother sits at the beach.,11767,11767,Mother sits at the beach.,True,0.5097381472587585
t2i,Mother sits at the beach.,450,450,Mother sits at the beach.,False,0.21490313112735748
t2i,Mother sits at the beach.,276,276,Mother sits at the beach.,False,0.6462686061859131
t2i,Mother sits at the beach.,439,439,Mother sits at the beach.,False,0.529809296131134
t2i,Mother sits at the beach.,539,539,Mother sits at the beach.,False,0.3660467565059662
t2i,Mother sits at the beach.,1526,1526,Mother sits at the beach.,False,0.24873493611812592
t2i,Mother sits at the beach.,34,34,Mother sits at the beach.,True,0.7516088485717773
t2i,Mother sits at the beach.,2356,2356,Mother sits at the beach.,True,0.8758521676063538
t2i,Mother sits at the beach.,12313,12313,Mother sits at the beach.,True,0.9246823191642761
t2i,Mother sits at the beach.,6017,6017,Mother sits at the beach.,True,0.7589647173881531
t2i,A player returns a ball.,10803,10803,A player returns a ball.,False,0.10731353610754013
t2i,A player returns a ball.,11555,11555,A player returns a ball.,False,0.033736299723386765
t2i,A player returns a ball.,1366,1366,A player returns a ball.,False,0.9796550869941711
t2i,A player returns a ball.,1043,1043,A player returns a ball.,False,0.4939546585083008
t2i,A player returns a ball.,8102,8102,A player returns a ball.,False,0.16657035052776337
t2i,A player returns a ball.,7804,7804,A player returns a ball.,False,0.1189364418387413
t2i,A player returns a ball.,6852,6852,A player returns a ball.,True,0.32392483949661255
t2i,A player returns a ball.,2332,2332,A player returns a ball.,True,0.6047496199607849
t2i,A player returns a ball.,1310,1310,A player returns a ball.,False,0.9259598255157471
t2i,A player returns a ball.,2286,2286,A player returns a ball.,False,0.36299461126327515
t2i,A player returns a ball.,6884,6884,A player returns a ball.,True,0.3976292312145233
t2i,A player returns a ball.,3620,3620,A player returns a ball.,True,0.9168368577957153
t2i,A player returns a ball.,4611,4611,A player returns a ball.,True,0.641767144203186
t2i,A player returns a ball.,11669,11669,A player returns a ball.,False,0.9246947765350342
t2i,A player returns a ball.,1800,1800,A player returns a ball.,True,0.9778661131858826
t2i,A player returns a ball.,4091,4091,A player returns a ball.,True,0.5918517112731934
t2i,A player returns a ball.,3589,3589,A player returns a ball.,True,0.43751975893974304
t2i,A player returns a ball.,2737,2737,A player returns a ball.,True,0.7195720076560974
t2i,A player returns a ball.,1341,1341,A player returns a ball.,False,0.6429718136787415
t2i,A player returns a ball.,1469,1469,A player returns a ball.,True,0.4301285147666931
t2i,A player returns a ball.,13022,13022,A player returns a ball.,True,0.9948239326477051
t2i,A player returns a ball.,4245,4245,A player returns a ball.,False,0.9977695941925049
t2i,A player returns a ball.,6020,6020,A player returns a ball.,True,0.9799799919128418
t2i,A player returns a ball.,1300,1300,A player returns a ball.,True,0.9988771080970764
t2i,A player returns a ball.,5536,5536,A player returns a ball.,True,0.993821382522583
t2i,A player returns a ball.,7245,7245,A player returns a ball.,True,0.9805977940559387
t2i,A player returns a ball.,11650,11650,A player returns a ball.,True,0.9625410437583923
t2i,A player returns a ball.,631,631,A player returns a ball.,False,0.9882732033729553
t2i,A player returns a ball.,1986,1986,A player returns a ball.,True,0.9946762323379517
t2i,A player returns a ball.,1820,1820,A player returns a ball.,True,0.9970177412033081
t2i,A player returns a ball.,421,421,A player returns a ball.,True,0.9221984148025513
t2i,A player returns a ball.,4381,4381,A player returns a ball.,False,0.7923450469970703
t2i,A player returns a ball.,3883,3883,A player returns a ball.,False,0.9956823587417603
t2i,A player returns a ball.,1308,1308,A player returns a ball.,True,0.9612581729888916
t2i,A player returns a ball.,13373,13373,A player returns a ball.,True,0.9389675855636597
t2i,A player returns a ball.,3074,3074,A player returns a ball.,True,0.9390445351600647
t2i,A player returns a ball.,2190,2190,A player returns a ball.,True,0.9552678465843201
t2i,A player returns a ball.,11595,11595,A player returns a ball.,True,0.5209617614746094
t2i,A player returns a ball.,13462,13462,A player returns a ball.,True,0.6812794208526611
t2i,A player returns a ball.,11567,11567,A player returns a ball.,True,0.7480812072753906
t2i,A player returns a ball.,3642,3642,A player returns a ball.,True,0.8105090856552124
t2i,A player returns a ball.,2817,2817,A player returns a ball.,True,0.8744193911552429
t2i,A player returns a ball.,2660,2660,A player returns a ball.,True,0.9308945536613464
t2i,A player returns a ball.,3022,3022,A player returns a ball.,True,0.9783358573913574
t2i,A player returns a ball.,3386,3386,A player returns a ball.,True,0.8872191309928894
t2i,A player returns a ball.,536,536,A player returns a ball.,True,0.8835402131080627
t2i,A player returns a ball.,11621,11621,A player returns a ball.,True,0.6330875754356384
t2i,A player returns a ball.,3981,3981,A player returns a ball.,True,0.8958789110183716
t2i,A player returns a ball.,3443,3443,A player returns a ball.,True,0.5625965595245361
t2i,A girl is leaning on a tree.,4710,4710,A girl is leaning on a tree.,True,0.9017647504806519
t2i,A girl is leaning on a tree.,3509,3509,A girl is leaning on a tree.,True,0.9601524472236633
t2i,A girl is leaning on a tree.,114,114,A girl is leaning on a tree.,False,0.9119833707809448
t2i,A girl is leaning on a tree.,4555,4555,A girl is leaning on a tree.,True,0.9266839623451233
t2i,A girl is leaning on a tree.,4885,4885,A girl is leaning on a tree.,True,0.8356161713600159
t2i,A girl is leaning on a tree.,11344,11344,A girl is leaning on a tree.,True,0.9800446629524231
t2i,A girl is leaning on a tree.,2315,2315,A girl is leaning on a tree.,False,0.7154533267021179
t2i,A girl is leaning on a tree.,8204,8204,A girl is leaning on a tree.,False,0.780827522277832
t2i,A girl is leaning on a tree.,323,323,A girl is leaning on a tree.,True,0.8817154169082642
t2i,A girl is leaning on a tree.,9864,9864,A girl is leaning on a tree.,True,0.9413928985595703
t2i,A girl is leaning on a tree.,5849,5849,A girl is leaning on a tree.,True,0.8502748608589172
t2i,A girl is leaning on a tree.,696,696,A girl is leaning on a tree.,True,0.962139904499054
t2i,A girl is leaning on a tree.,10653,10653,A girl is leaning on a tree.,False,0.15287810564041138
t2i,A girl is leaning on a tree.,11591,11591,A girl is leaning on a tree.,True,0.8996912837028503
t2i,A girl is leaning on a tree.,8848,8848,A girl is leaning on a tree.,True,0.20844316482543945
t2i,A girl is leaning on a tree.,8290,8290,A girl is leaning on a tree.,True,0.9266043901443481
t2i,A girl is leaning on a tree.,8535,8535,A girl is leaning on a tree.,True,0.9752004742622375
t2i,A girl is leaning on a tree.,10906,10906,A girl is leaning on a tree.,True,0.876303493976593
t2i,A girl is leaning on a tree.,5039,5039,A girl is leaning on a tree.,True,0.9677708745002747
t2i,A girl is leaning on a tree.,12119,12119,A girl is leaning on a tree.,False,0.993293285369873
t2i,A girl is leaning on a tree.,8630,8630,A girl is leaning on a tree.,True,0.9762958288192749
t2i,A girl is leaning on a tree.,4167,4167,A girl is leaning on a tree.,True,0.9636433720588684
t2i,A girl is leaning on a tree.,6522,6522,A girl is leaning on a tree.,False,0.9052961468696594
t2i,A girl is leaning on a tree.,9384,9384,A girl is leaning on a tree.,True,0.3191045820713043
t2i,A girl is leaning on a tree.,6310,6310,A girl is leaning on a tree.,True,0.6520634889602661
t2i,A girl is leaning on a tree.,12712,12712,A girl is leaning on a tree.,False,0.9786748886108398
t2i,A girl is leaning on a tree.,8536,8536,A girl is leaning on a tree.,False,0.9120978116989136
t2i,A girl is leaning on a tree.,1687,1687,A girl is leaning on a tree.,False,0.8745035529136658
t2i,A girl is leaning on a tree.,5040,5040,A girl is leaning on a tree.,False,0.8437462449073792
t2i,A girl is leaning on a tree.,1139,1139,A girl is leaning on a tree.,False,0.6564642786979675
t2i,A girl is leaning on a tree.,11343,11343,A girl is leaning on a tree.,False,0.6399621963500977
t2i,A girl is leaning on a tree.,2314,2314,A girl is leaning on a tree.,False,0.5718955993652344
t2i,A girl is leaning on a tree.,1653,1653,A girl is leaning on a tree.,True,0.9301183223724365
t2i,A girl is leaning on a tree.,1741,1741,A girl is leaning on a tree.,False,0.8432135581970215
t2i,The man sits on the sofa.,6362,6362,The man sits on the sofa.,True,0.2271360158920288
t2i,The man sits on the sofa.,2992,2992,The man sits on the sofa.,True,0.8110389113426208
t2i,The man sits on the sofa.,6683,6683,The man sits on the sofa.,True,0.1893160343170166
t2i,The man sits on the sofa.,3096,3096,The man sits on the sofa.,True,0.6433643102645874
t2i,The man sits on the sofa.,13863,13863,The man sits on the sofa.,False,0.059171926230192184
t2i,The man sits on the sofa.,8600,8600,The man sits on the sofa.,True,0.3526066541671753
t2i,The man sits on the sofa.,1156,1156,The man sits on the sofa.,True,0.5438284277915955
t2i,The man sits on the sofa.,13498,13498,The man sits on the sofa.,True,0.6977751851081848
t2i,The man sits on the sofa.,3772,3772,The man sits on the sofa.,True,0.019417421892285347
t2i,The man sits on the sofa.,7231,7231,The man sits on the sofa.,True,0.044516026973724365
t2i,The man sits on the sofa.,13148,13148,The man sits on the sofa.,True,0.0357389897108078
t2i,The man sits on the sofa.,1776,1776,The man sits on the sofa.,True,0.00835682637989521
t2i,The man sits on the sofa.,1278,1278,The man sits on the sofa.,True,0.6161304712295532
t2i,The man sits on the sofa.,11812,11812,The man sits on the sofa.,True,0.30077043175697327
t2i,The man sits on the sofa.,2023,2023,The man sits on the sofa.,True,0.04759505018591881
t2i,The man sits on the sofa.,7287,7287,The man sits on the sofa.,True,0.5609889626502991
t2i,The man sits on the sofa.,723,723,The man sits on the sofa.,False,0.8581470251083374
t2i,The man sits on the sofa.,959,959,The man sits on the sofa.,True,0.13634005188941956
t2i,The man sits on the sofa.,339,339,The man sits on the sofa.,False,0.35044538974761963
t2i,The man sits on the sofa.,11064,11064,The man sits on the sofa.,True,0.0605989508330822
t2i,The man sits on the sofa.,7724,7724,The man sits on the sofa.,True,0.25431370735168457
t2i,The man sits on the sofa.,2241,2241,The man sits on the sofa.,True,0.4282768964767456
t2i,The man sits on the sofa.,1330,1330,The man sits on the sofa.,True,0.572931170463562
t2i,The man sits on the sofa.,1288,1288,The man sits on the sofa.,True,0.18683169782161713
t2i,The man sits on the sofa.,1886,1886,The man sits on the sofa.,False,0.2543087899684906
t2i,The man sits on the sofa.,497,497,The man sits on the sofa.,True,0.1741815209388733
t2i,The man sits on the sofa.,846,846,The man sits on the sofa.,False,0.29006850719451904
t2i,The man sits on the sofa.,2468,2468,The man sits on the sofa.,True,0.7856917977333069
t2i,The man sits on the sofa.,2757,2757,The man sits on the sofa.,False,0.3403964340686798
t2i,The man sits on the sofa.,617,617,The man sits on the sofa.,True,0.605190098285675
t2i,The man sits on the sofa.,3376,3376,The man sits on the sofa.,True,0.0748458057641983
t2i,The man sits on the sofa.,2709,2709,The man sits on the sofa.,False,0.04680832475423813
t2i,A person sitting on a tree.,1951,1951,A person sitting on a tree.,True,0.3675750494003296
t2i,A person sitting on a tree.,6951,6951,A person sitting on a tree.,True,0.32406163215637207
t2i,A person sitting on a tree.,4710,4710,A person sitting on a tree.,False,0.29694029688835144
t2i,A person sitting on a tree.,10612,10612,A person sitting on a tree.,False,0.12359849363565445
t2i,A person sitting on a tree.,137,137,A person sitting on a tree.,True,0.2632952928543091
t2i,A person sitting on a tree.,4554,4554,A person sitting on a tree.,True,0.5143147110939026
t2i,A person sitting on a tree.,473,473,A person sitting on a tree.,False,0.09316855669021606
t2i,A person sitting on a tree.,11343,11343,A person sitting on a tree.,True,0.07387808710336685
t2i,A person sitting on a tree.,114,114,A person sitting on a tree.,True,0.31657907366752625
t2i,A person sitting on a tree.,5849,5849,A person sitting on a tree.,True,0.2977345585823059
t2i,A person sitting on a tree.,696,696,A person sitting on a tree.,True,0.9828938841819763
t2i,A person sitting on a tree.,4862,4862,A person sitting on a tree.,False,0.8522241115570068
t2i,A person sitting on a tree.,2357,2357,A person sitting on a tree.,True,0.7978025078773499
t2i,A person sitting on a tree.,7034,7034,A person sitting on a tree.,False,0.6718557476997375
t2i,A person sitting on a tree.,10511,10511,A person sitting on a tree.,False,0.8994598388671875
t2i,A person sitting on a tree.,1632,1632,A person sitting on a tree.,True,0.40537354350090027
t2i,A person sitting on a tree.,12985,12985,A person sitting on a tree.,False,0.1230856403708458
t2i,A person sitting on a tree.,3067,3067,A person sitting on a tree.,True,0.9259429574012756
t2i,A person sitting on a tree.,2579,2579,A person sitting on a tree.,True,0.9163172841072083
t2i,A person sitting on a tree.,13278,13278,A person sitting on a tree.,True,0.9725582003593445
t2i,A person sitting on a tree.,8630,8630,A person sitting on a tree.,False,0.9688957333564758
t2i,A person sitting on a tree.,8536,8536,A person sitting on a tree.,True,0.697851300239563
t2i,A person sitting on a tree.,11591,11591,A person sitting on a tree.,True,0.8521640300750732
t2i,A person sitting on a tree.,9045,9045,A person sitting on a tree.,False,0.8684558868408203
t2i,A person sitting on a tree.,10613,10613,A person sitting on a tree.,False,0.6719157099723816
t2i,A person sitting on a tree.,10629,10629,A person sitting on a tree.,False,0.8390275239944458
t2i,A person sitting on a tree.,11300,11300,A person sitting on a tree.,False,0.6051430702209473
t2i,A person sitting on a tree.,12712,12712,A person sitting on a tree.,True,0.8452981114387512
t2i,A person sitting on a tree.,13558,13558,A person sitting on a tree.,False,0.1087498739361763
t2i,A person sitting on a tree.,6310,6310,A person sitting on a tree.,True,0.07670927792787552
t2i,A person sitting on a tree.,5086,5086,A person sitting on a tree.,True,0.17379973828792572
t2i,A person sitting on a tree.,10255,10255,A person sitting on a tree.,True,0.3789551556110382
t2i,A person sitting on a tree.,1687,1687,A person sitting on a tree.,True,0.6029297113418579
t2i,A person sitting on a tree.,1139,1139,A person sitting on a tree.,True,0.2977699339389801
t2i,A person sitting on a tree.,2433,2433,A person sitting on a tree.,False,0.19120900332927704
t2i,A person sitting on a tree.,10095,10095,A person sitting on a tree.,True,0.6889631152153015
t2i,Players play ball.,8102,8102,Players play ball.,False,0.00028444878989830613
t2i,Players play ball.,5126,5126,Players play ball.,False,0.0004555310297291726
t2i,Players play ball.,6603,6603,Players play ball.,False,0.0008918414823710918
t2i,Players play ball.,13771,13771,Players play ball.,True,0.0027038492262363434
t2i,Players play ball.,10081,10081,Players play ball.,False,0.002555210841819644
t2i,Players play ball.,3553,3553,Players play ball.,False,0.00021279766224324703
t2i,Players play ball.,6437,6437,Players play ball.,False,0.005483366549015045
t2i,Players play ball.,4730,4730,Players play ball.,False,0.000694124202709645
t2i,Players play ball.,9579,9579,Players play ball.,False,0.0012590967817232013
t2i,Players play ball.,1439,1439,Players play ball.,False,0.009702124632894993
t2i,Players play ball.,13793,13793,Players play ball.,False,0.6881861686706543
t2i,Players play ball.,41,41,Players play ball.,True,0.22090871632099152
t2i,Players play ball.,9798,9798,Players play ball.,True,0.9087071418762207
t2i,Players play ball.,1556,1556,Players play ball.,True,0.683882474899292
t2i,Players play ball.,5550,5550,Players play ball.,True,0.36512306332588196
t2i,Players play ball.,12873,12873,Players play ball.,True,0.22750882804393768
t2i,Players play ball.,8573,8573,Players play ball.,True,0.09192580729722977
t2i,Players play ball.,8572,8572,Players play ball.,True,0.015105168335139751
t2i,Players play ball.,11523,11523,Players play ball.,True,0.6072520017623901
t2i,Players play ball.,9063,9063,Players play ball.,False,0.01711302250623703
t2i,Players play ball.,6511,6511,Players play ball.,True,0.08565881103277206
t2i,Players play ball.,7529,7529,Players play ball.,True,0.36387506127357483
t2i,Players play ball.,6557,6557,Players play ball.,False,0.22056496143341064
t2i,Players play ball.,3330,3330,Players play ball.,True,0.22066153585910797
t2i,Players play ball.,9598,9598,Players play ball.,True,0.16829708218574524
t2i,Players play ball.,6840,6840,Players play ball.,False,0.10791339725255966
t2i,Players play ball.,13407,13407,Players play ball.,False,0.25482574105262756
t2i,Players play ball.,3176,3176,Players play ball.,True,0.2800785005092621
t2i,Players play ball.,2367,2367,Players play ball.,False,0.001406425959430635
t2i,Players play ball.,3824,3824,Players play ball.,False,0.001556261326186359
t2i,Players play ball.,6226,6226,Players play ball.,False,0.777040958404541
t2i,Players play ball.,3725,3725,Players play ball.,False,0.002206777688115835
t2i,Players play ball.,3148,3148,Players play ball.,False,0.04710855707526207
t2i,Players play ball.,794,794,Players play ball.,False,0.008649908006191254
t2i,Players play ball.,3765,3765,Players play ball.,False,0.0041433353908360004
t2i,Players play ball.,5525,5525,Players play ball.,False,0.343325674533844
t2i,Players play ball.,1939,1939,Players play ball.,False,0.00042791033047251403
t2i,Players play ball.,2263,2263,Players play ball.,False,0.09255773574113846
t2i,Players play ball.,2623,2623,Players play ball.,True,0.01569720171391964
t2i,Players play ball.,12024,12024,Players play ball.,True,0.0001687675976427272
t2i,Players play ball.,8739,8739,Players play ball.,True,0.022218462079763412
t2i,Players play ball.,6227,6227,Players play ball.,True,0.004670286551117897
t2i,Players play ball.,3133,3133,Players play ball.,True,0.2138715386390686
t2i,Players play ball.,792,792,Players play ball.,True,0.0008839676156640053
t2i,Players play ball.,6075,6075,Players play ball.,True,0.35597148537635803
t2i,Players play ball.,2571,2571,Players play ball.,False,0.003965798299759626
t2i,Players play ball.,1630,1630,Players play ball.,True,0.0005645714118145406
t2i,Players play ball.,12317,12317,Players play ball.,False,0.04396035522222519
t2i,Players play ball.,11282,11282,Players play ball.,False,0.011889645829796791
t2i,Players play ball.,4412,4412,Players play ball.,True,0.18343761563301086
t2i,Players play ball.,11522,11522,Players play ball.,False,0.013257398270070553
t2i,Players play ball.,914,914,Players play ball.,False,0.018240991979837418
t2i,Players play ball.,3554,3554,Players play ball.,True,0.2916853129863739
t2i,A girl runs on a bridge.,7841,7841,A girl runs on a bridge.,False,0.2574043571949005
t2i,A girl runs on a bridge.,2043,2043,A girl runs on a bridge.,True,0.9693469405174255
t2i,A girl runs on a bridge.,3831,3831,A girl runs on a bridge.,True,0.8849330544471741
t2i,A girl runs on a bridge.,1822,1822,A girl runs on a bridge.,False,0.7769361734390259
t2i,A girl runs on a bridge.,12734,12734,A girl runs on a bridge.,True,0.9707188010215759
t2i,A girl runs on a bridge.,2537,2537,A girl runs on a bridge.,False,0.8969123959541321
t2i,A girl runs on a bridge.,1663,1663,A girl runs on a bridge.,False,0.5852811336517334
t2i,A girl runs on a bridge.,6701,6701,A girl runs on a bridge.,True,0.8514553308486938
t2i,A girl runs on a bridge.,4927,4927,A girl runs on a bridge.,False,0.9014425277709961
t2i,A girl runs on a bridge.,3637,3637,A girl runs on a bridge.,True,0.9719223976135254
t2i,A girl runs on a bridge.,7677,7677,A girl runs on a bridge.,False,0.23174597322940826
t2i,A girl runs on a bridge.,8846,8846,A girl runs on a bridge.,False,0.843029260635376
t2i,A girl runs on a bridge.,12573,12573,A girl runs on a bridge.,True,0.6422786116600037
t2i,A girl runs on a bridge.,1285,1285,A girl runs on a bridge.,True,0.864953875541687
t2i,A girl runs on a bridge.,3782,3782,A girl runs on a bridge.,False,0.9790065884590149
t2i,A girl runs on a bridge.,3338,3338,A girl runs on a bridge.,True,0.5358920097351074
t2i,A girl runs on a bridge.,9901,9901,A girl runs on a bridge.,False,0.9826670289039612
t2i,A girl runs on a bridge.,1833,1833,A girl runs on a bridge.,True,0.1746012568473816
t2i,A girl runs on a bridge.,11405,11405,A girl runs on a bridge.,False,0.34254029393196106
t2i,A girl runs on a bridge.,1071,1071,A girl runs on a bridge.,False,0.9525172710418701
t2i,A girl runs on a bridge.,1193,1193,A girl runs on a bridge.,True,0.7990221977233887
t2i,A girl runs on a bridge.,104,104,A girl runs on a bridge.,True,0.9675137400627136
t2i,A girl runs on a bridge.,13134,13134,A girl runs on a bridge.,True,0.8127333521842957
t2i,A girl runs on a bridge.,11565,11565,A girl runs on a bridge.,True,0.8908606171607971
t2i,A girl runs on a bridge.,748,748,A girl runs on a bridge.,True,0.9711228609085083
t2i,A girl runs on a bridge.,9802,9802,A girl runs on a bridge.,False,0.8913650512695312
t2i,A girl runs on a bridge.,6034,6034,A girl runs on a bridge.,False,0.8796619772911072
t2i,A girl runs on a bridge.,6304,6304,A girl runs on a bridge.,False,0.9637429118156433
t2i,A girl runs on a bridge.,12907,12907,A girl runs on a bridge.,True,0.7533037662506104
t2i,A girl runs on a bridge.,8337,8337,A girl runs on a bridge.,True,0.6665651202201843
t2i,A girl runs on a bridge.,3252,3252,A girl runs on a bridge.,False,0.6145931482315063
t2i,A girl runs on a bridge.,9786,9786,A girl runs on a bridge.,False,0.5951091647148132
t2i,A girl runs on a bridge.,5585,5585,A girl runs on a bridge.,False,0.18838557600975037
t2i,A girl runs on a bridge.,10519,10519,A girl runs on a bridge.,False,0.7327219247817993
t2i,A girl runs on a bridge.,2465,2465,A girl runs on a bridge.,False,0.781048059463501
t2i,A girl runs on a bridge.,13230,13230,A girl runs on a bridge.,False,0.5077768564224243
t2i,A girl runs on a bridge.,8098,8098,A girl runs on a bridge.,False,0.7185862064361572
t2i,A girl runs on a bridge.,7605,7605,A girl runs on a bridge.,False,0.22642995417118073
t2i,A girl runs on a bridge.,1295,1295,A girl runs on a bridge.,False,0.6776108145713806
t2i,The boy is standing on the field,12750,12750,The boy is standing on the field,True,0.02834574691951275
t2i,The boy is standing on the field,735,735,The boy is standing on the field,True,0.0713149756193161
t2i,The boy is standing on the field,9473,9473,The boy is standing on the field,True,0.04432395473122597
t2i,The boy is standing on the field,5397,5397,The boy is standing on the field,False,0.02159428782761097
t2i,The boy is standing on the field,11806,11806,The boy is standing on the field,False,0.024972811341285706
t2i,The boy is standing on the field,12714,12714,The boy is standing on the field,False,0.13534118235111237
t2i,The boy is standing on the field,5183,5183,The boy is standing on the field,False,0.001061684568412602
t2i,The boy is standing on the field,9474,9474,The boy is standing on the field,True,0.012586684897542
t2i,The boy is standing on the field,3553,3553,The boy is standing on the field,False,0.0016367946518585086
t2i,The boy is standing on the field,3835,3835,The boy is standing on the field,True,0.013527349568903446
t2i,The boy is standing on the field,2727,2727,The boy is standing on the field,True,0.00017866234702523798
t2i,The boy is standing on the field,3201,3201,The boy is standing on the field,False,0.0004624578868970275
t2i,The boy is standing on the field,2392,2392,The boy is standing on the field,True,0.13146689534187317
t2i,The boy is standing on the field,6001,6001,The boy is standing on the field,True,0.00011304234794806689
t2i,The boy is standing on the field,11523,11523,The boy is standing on the field,True,0.002005912596359849
t2i,The boy is standing on the field,12936,12936,The boy is standing on the field,False,0.00035111376200802624
t2i,The boy is standing on the field,8380,8380,The boy is standing on the field,False,3.304334313725121e-05
t2i,The boy is standing on the field,2428,2428,The boy is standing on the field,True,0.011642509140074253
t2i,The boy is standing on the field,1479,1479,The boy is standing on the field,False,0.024224059656262398
t2i,The boy is standing on the field,3175,3175,The boy is standing on the field,True,0.026107169687747955
t2i,The boy is standing on the field,650,650,The boy is standing on the field,False,0.06510736793279648
t2i,The boy is standing on the field,384,384,The boy is standing on the field,True,0.001791684073396027
t2i,The boy is standing on the field,7972,7972,The boy is standing on the field,False,0.06895338743925095
t2i,The boy is standing on the field,5789,5789,The boy is standing on the field,False,0.02324618212878704
t2i,The boy is standing on the field,635,635,The boy is standing on the field,True,0.001797903561964631
t2i,The boy is standing on the field,2576,2576,The boy is standing on the field,True,0.01037689484655857
t2i,The boy is standing on the field,460,460,The boy is standing on the field,True,0.04297712445259094
t2i,The boy is standing on the field,13036,13036,The boy is standing on the field,False,0.00767549267038703
t2i,The boy is standing on the field,6792,6792,The boy is standing on the field,False,0.003912174608558416
t2i,The boy is standing on the field,8576,8576,The boy is standing on the field,True,0.016052018851041794
t2i,The boy is standing on the field,10510,10510,The boy is standing on the field,True,0.029844745993614197
t2i,The boy is standing on the field,1324,1324,The boy is standing on the field,True,0.027417276054620743
t2i,The boy is standing on the field,11264,11264,The boy is standing on the field,False,0.01942494884133339
t2i,The boy is standing on the field,9561,9561,The boy is standing on the field,True,0.00023449506261385977
t2i,The boy is standing on the field,1631,1631,The boy is standing on the field,False,0.00013580641825683415
t2i,The boy is standing on the field,9558,9558,The boy is standing on the field,True,0.000588331138715148
t2i,The boy is standing on the field,2662,2662,The boy is standing on the field,False,0.00012906556366942823
t2i,The boy is standing on the field,6068,6068,The boy is standing on the field,True,0.007233955431729555
t2i,The boy is standing on the field,7153,7153,The boy is standing on the field,True,0.01026399340480566
t2i,The boy is standing on the field,3352,3352,The boy is standing on the field,False,0.012521598488092422
t2i,The boy is standing on the field,2441,2441,The boy is standing on the field,False,0.005616527982056141
t2i,person stands in room,2516,2516,person stands in room,True,0.0034430858213454485
t2i,person stands in room,8934,8934,person stands in room,False,0.00013080411008559167
t2i,person stands in room,1689,1689,person stands in room,False,0.0001633543724892661
t2i,person stands in room,5411,5411,person stands in room,True,0.0009127624216489494
t2i,person stands in room,12108,12108,person stands in room,False,0.0003021478478331119
t2i,person stands in room,7380,7380,person stands in room,False,0.0012035398976877332
t2i,person stands in room,209,209,person stands in room,False,0.0015168656827881932
t2i,person stands in room,6693,6693,person stands in room,False,0.002361940685659647
t2i,person stands in room,11793,11793,person stands in room,False,0.0004465100646484643
t2i,person stands in room,6293,6293,person stands in room,False,0.0003737772349268198
t2i,person stands in room,5372,5372,person stands in room,True,0.0010989080183207989
t2i,person stands in room,7870,7870,person stands in room,True,0.001070528756827116
t2i,person stands in room,9080,9080,person stands in room,True,0.00029171694768592715
t2i,person stands in room,8015,8015,person stands in room,True,0.00041063944809138775
t2i,person stands in room,3896,3896,person stands in room,True,9.6298819698859e-05
t2i,person stands in room,6243,6243,person stands in room,True,0.00047745389747433364
t2i,person stands in room,13318,13318,person stands in room,True,0.001385840238071978
t2i,person stands in room,5059,5059,person stands in room,True,0.0003029846993740648
t2i,person stands in room,11818,11818,person stands in room,False,0.003927601967006922
t2i,person stands in room,8749,8749,person stands in room,True,0.00028979950002394617
t2i,person stands in room,1214,1214,person stands in room,False,0.04868455231189728
t2i,person stands in room,7299,7299,person stands in room,True,0.018625864759087563
t2i,person stands in room,98,98,person stands in room,True,0.03683073818683624
t2i,person stands in room,5076,5076,person stands in room,True,0.005566405598074198
t2i,person stands in room,5433,5433,person stands in room,True,0.008449820801615715
t2i,person stands in room,704,704,person stands in room,True,0.0014437270583584905
t2i,person stands in room,4463,4463,person stands in room,True,0.007140935864299536
t2i,person stands in room,196,196,person stands in room,True,9.898836287902668e-05
t2i,person stands in room,11956,11956,person stands in room,True,0.007425929885357618
t2i,person stands in room,6497,6497,person stands in room,True,0.00877589825540781
t2i,person stands in room,13210,13210,person stands in room,True,0.0032265472691506147
t2i,person stands in room,8828,8828,person stands in room,True,0.013301728293299675
t2i,person stands in room,3097,3097,person stands in room,False,0.00017936406948138028
t2i,person stands in room,13932,13932,person stands in room,True,0.00048730915295891464
t2i,person stands in room,8904,8904,person stands in room,True,0.000898898986633867
t2i,person stands in room,1843,1843,person stands in room,True,0.00016058134497143328
t2i,person stands in room,2599,2599,person stands in room,True,5.537680408451706e-05
t2i,person stands in room,13018,13018,person stands in room,False,0.018066400662064552
t2i,person stands in room,2449,2449,person stands in room,True,9.028968634083867e-05
t2i,person stands in room,1601,1601,person stands in room,True,6.185605889186263e-05
t2i,person stands in room,8841,8841,person stands in room,True,9.114628483075649e-05
t2i,person stands in room,10721,10721,person stands in room,False,0.0007176248473115265
t2i,person stands in room,8519,8519,person stands in room,True,0.03440903127193451
t2i,person stands in room,3738,3738,person stands in room,True,0.0007626786245964468
t2i,person stands in room,3146,3146,person stands in room,True,0.0014512664638459682
t2i,A man stands in front.,12108,12108,A man stands in front.,False,0.2933667004108429
t2i,A man stands in front.,13620,13620,A man stands in front.,True,0.5940583944320679
t2i,A man stands in front.,10219,10219,A man stands in front.,True,0.41763147711753845
t2i,A man stands in front.,13969,13969,A man stands in front.,False,0.26079416275024414
t2i,A man stands in front.,5464,5464,A man stands in front.,False,0.272743284702301
t2i,A man stands in front.,209,209,A man stands in front.,False,0.48969265818595886
t2i,A man stands in front.,7380,7380,A man stands in front.,False,0.2046622484922409
t2i,A man stands in front.,10499,10499,A man stands in front.,True,0.3822375535964966
t2i,A man stands in front.,5952,5952,A man stands in front.,False,0.5098025798797607
t2i,A man stands in front.,11280,11280,A man stands in front.,True,0.5325528979301453
t2i,A man stands in front.,210,210,A man stands in front.,True,0.2504281997680664
t2i,A man stands in front.,6188,6188,A man stands in front.,True,0.5015900135040283
t2i,A man stands in front.,12269,12269,A man stands in front.,True,0.15647004544734955
t2i,A man stands in front.,11908,11908,A man stands in front.,True,0.7255569100379944
t2i,A man stands in front.,13946,13946,A man stands in front.,True,0.09458206593990326
t2i,A man stands in front.,5202,5202,A man stands in front.,True,0.8506244421005249
t2i,A man stands in front.,6497,6497,A man stands in front.,True,0.9609363079071045
t2i,A man stands in front.,6657,6657,A man stands in front.,False,0.2676090598106384
t2i,A man stands in front.,5260,5260,A man stands in front.,False,0.4739830791950226
t2i,A man stands in front.,2762,2762,A man stands in front.,True,0.9150969982147217
t2i,A man stands in front.,12541,12541,A man stands in front.,True,0.7053089141845703
t2i,A man stands in front.,11888,11888,A man stands in front.,True,0.9481849074363708
t2i,A man stands in front.,4546,4546,A man stands in front.,False,0.9180846214294434
t2i,A man stands in front.,8486,8486,A man stands in front.,False,0.7603627443313599
t2i,A man stands in front.,9916,9916,A man stands in front.,True,0.9699165225028992
t2i,A man stands in front.,9373,9373,A man stands in front.,True,0.46455052495002747
t2i,A man stands in front.,11879,11879,A man stands in front.,True,0.8734654784202576
t2i,A man stands in front.,11425,11425,A man stands in front.,True,0.611112117767334
t2i,A man stands in front.,10821,10821,A man stands in front.,False,0.8337266445159912
t2i,A man stands in front.,13567,13567,A man stands in front.,True,0.7161223292350769
t2i,A man stands in front.,98,98,A man stands in front.,True,0.09287194907665253
t2i,A man stands in front.,12966,12966,A man stands in front.,True,0.250669002532959
t2i,A man stands in front.,776,776,A man stands in front.,True,0.3507559895515442
t2i,A man stands in front.,268,268,A man stands in front.,True,0.9427297115325928
t2i,A man stands in front.,2930,2930,A man stands in front.,True,0.7207612991333008
t2i,A man stands in front.,5771,5771,A man stands in front.,True,0.3566521108150482
t2i,A man stands in front.,3149,3149,A man stands in front.,True,0.46224111318588257
t2i,A man stands in front.,1737,1737,A man stands in front.,False,0.9680913090705872
t2i,A man stands in front.,12704,12704,A man stands in front.,True,0.8926280736923218
t2i,A man stands in front.,6867,6867,A man stands in front.,True,0.8803992867469788
t2i,A man stands in front.,443,443,A man stands in front.,False,0.6433138251304626
t2i,A man stands in front.,1232,1232,A man stands in front.,False,0.49681028723716736
t2i,A man stands in front.,5823,5823,A man stands in front.,False,0.34623274207115173
t2i,A man stands in front.,7497,7497,A man stands in front.,False,0.8116954565048218
t2i,A man stands in front.,3766,3766,A man stands in front.,False,0.7569501399993896
t2i,A man stands in front.,3889,3889,A man stands in front.,True,0.33213552832603455
t2i,A man stands in front.,9824,9824,A man stands in front.,False,0.9680342078208923
t2i,A man stands in front.,10721,10721,A man stands in front.,True,0.5458714962005615
t2i,A man stands in front.,5739,5739,A man stands in front.,True,0.6635863780975342
t2i,A man stands in front.,7691,7691,A man stands in front.,False,0.03280995413661003
t2i,A man stands in front.,1186,1186,A man stands in front.,True,0.028593983501195908
t2i,A man stands in front.,7872,7872,A man stands in front.,False,0.7266738414764404
t2i,The woman is going to wash her hair.,7312,7312,The woman is going to wash her hair.,True,0.8874598741531372
t2i,The woman is going to wash her hair.,5277,5277,The woman is going to wash her hair.,True,0.6165944933891296
t2i,The woman is going to wash her hair.,10938,10938,The woman is going to wash her hair.,False,0.17225073277950287
t2i,The woman is going to wash her hair.,9003,9003,The woman is going to wash her hair.,False,0.19941446185112
t2i,The woman is going to wash her hair.,11722,11722,The woman is going to wash her hair.,False,0.17487962543964386
t2i,The woman is going to wash her hair.,11355,11355,The woman is going to wash her hair.,False,0.31925714015960693
t2i,The woman is going to wash her hair.,12254,12254,The woman is going to wash her hair.,False,0.24155539274215698
t2i,The woman is going to wash her hair.,10124,10124,The woman is going to wash her hair.,False,0.08738049864768982
t2i,The woman is going to wash her hair.,6163,6163,The woman is going to wash her hair.,False,0.7403161525726318
t2i,The woman is going to wash her hair.,6725,6725,The woman is going to wash her hair.,True,0.8453159928321838
t2i,The woman is going to wash her hair.,8950,8950,The woman is going to wash her hair.,True,0.4390626549720764
t2i,The woman is going to wash her hair.,12099,12099,The woman is going to wash her hair.,False,0.4124980866909027
t2i,The woman is going to wash her hair.,4096,4096,The woman is going to wash her hair.,False,0.02113967202603817
t2i,The woman is going to wash her hair.,10134,10134,The woman is going to wash her hair.,False,0.638531506061554
t2i,The woman is going to wash her hair.,9329,9329,The woman is going to wash her hair.,False,0.5215213298797607
t2i,The woman is going to wash her hair.,9801,9801,The woman is going to wash her hair.,False,0.637175440788269
t2i,The woman is going to wash her hair.,13049,13049,The woman is going to wash her hair.,False,0.3021756112575531
t2i,The woman is going to wash her hair.,9646,9646,The woman is going to wash her hair.,False,0.51923668384552
t2i,The woman is going to wash her hair.,9809,9809,The woman is going to wash her hair.,False,0.014274579472839832
t2i,The woman is going to wash her hair.,6162,6162,The woman is going to wash her hair.,False,0.7638261318206787
t2i,The woman is going to wash her hair.,10287,10287,The woman is going to wash her hair.,False,0.7521983981132507
t2i,The woman is going to wash her hair.,11724,11724,The woman is going to wash her hair.,False,0.7865006327629089
t2i,The woman is going to wash her hair.,4473,4473,The woman is going to wash her hair.,False,0.010863103903830051
t2i,The woman is going to wash her hair.,5404,5404,The woman is going to wash her hair.,False,0.4454175531864166
t2i,The woman is going to wash her hair.,4599,4599,The woman is going to wash her hair.,False,0.06027795001864433
t2i,The woman is going to wash her hair.,10861,10861,The woman is going to wash her hair.,False,0.6451894640922546
t2i,A woman is swimming in a pool.,4843,4843,A woman is swimming in a pool.,True,0.6267040371894836
t2i,A woman is swimming in a pool.,6753,6753,A woman is swimming in a pool.,True,0.659421980381012
t2i,A woman is swimming in a pool.,11942,11942,A woman is swimming in a pool.,True,0.9265130162239075
t2i,A woman is swimming in a pool.,5715,5715,A woman is swimming in a pool.,True,0.9515671730041504
t2i,A woman is swimming in a pool.,10920,10920,A woman is swimming in a pool.,False,0.344588965177536
t2i,A woman is swimming in a pool.,7476,7476,A woman is swimming in a pool.,False,0.913558840751648
t2i,A woman is swimming in a pool.,3221,3221,A woman is swimming in a pool.,False,0.7807334661483765
t2i,A woman is swimming in a pool.,10547,10547,A woman is swimming in a pool.,True,0.25473785400390625
t2i,A woman is swimming in a pool.,7835,7835,A woman is swimming in a pool.,True,0.7936084270477295
t2i,A woman is swimming in a pool.,8935,8935,A woman is swimming in a pool.,False,0.07666566967964172
t2i,A woman is swimming in a pool.,3805,3805,A woman is swimming in a pool.,True,0.8898563385009766
t2i,A woman is swimming in a pool.,1727,1727,A woman is swimming in a pool.,True,0.41423141956329346
t2i,A woman is swimming in a pool.,1531,1531,A woman is swimming in a pool.,True,0.8826526403427124
t2i,A woman is swimming in a pool.,7634,7634,A woman is swimming in a pool.,False,0.5762302875518799
t2i,A woman is swimming in a pool.,1640,1640,A woman is swimming in a pool.,True,0.9000340700149536
t2i,A woman is swimming in a pool.,7406,7406,A woman is swimming in a pool.,False,0.9859164357185364
t2i,A woman is swimming in a pool.,12446,12446,A woman is swimming in a pool.,False,0.8838810920715332
t2i,A woman is swimming in a pool.,6661,6661,A woman is swimming in a pool.,False,0.482549250125885
t2i,A woman is swimming in a pool.,5596,5596,A woman is swimming in a pool.,False,0.4328763484954834
t2i,A woman is swimming in a pool.,4723,4723,A woman is swimming in a pool.,False,0.30339014530181885
t2i,A woman is swimming in a pool.,2227,2227,A woman is swimming in a pool.,False,0.8850677013397217
t2i,A woman is swimming in a pool.,8611,8611,A woman is swimming in a pool.,False,0.8448399305343628
t2i,A woman is swimming in a pool.,4576,4576,A woman is swimming in a pool.,True,0.2873145341873169
t2i,A woman is swimming in a pool.,2672,2672,A woman is swimming in a pool.,False,0.3506371080875397
t2i,A woman is swimming in a pool.,2147,2147,A woman is swimming in a pool.,True,0.5832504034042358
t2i,A woman is swimming in a pool.,4444,4444,A woman is swimming in a pool.,False,0.8454509973526001
t2i,A woman is swimming in a pool.,7625,7625,A woman is swimming in a pool.,False,0.8372779488563538
t2i,A woman is swimming in a pool.,6084,6084,A woman is swimming in a pool.,True,0.19692662358283997
t2i,A woman is swimming in a pool.,291,291,A woman is swimming in a pool.,False,0.4508019983768463
t2i,A woman is swimming in a pool.,4835,4835,A woman is swimming in a pool.,False,0.6676936745643616
t2i,A woman is swimming in a pool.,2588,2588,A woman is swimming in a pool.,True,0.8447549939155579
t2i,A woman is swimming in a pool.,6954,6954,A woman is swimming in a pool.,False,0.7789154648780823
t2i,A woman is swimming in a pool.,1493,1493,A woman is swimming in a pool.,False,0.8807057738304138
t2i,A woman is swimming in a pool.,884,884,A woman is swimming in a pool.,False,0.9757816791534424
t2i,A woman is swimming in a pool.,10598,10598,A woman is swimming in a pool.,False,0.9607502222061157
t2i,A person walking on a hill.,6289,6289,A person walking on a hill.,False,0.19587703049182892
t2i,A person walking on a hill.,674,674,A person walking on a hill.,True,0.013481004163622856
t2i,A person walking on a hill.,5937,5937,A person walking on a hill.,False,0.2500956058502197
t2i,A person walking on a hill.,2277,2277,A person walking on a hill.,False,0.05177012458443642
t2i,A person walking on a hill.,6619,6619,A person walking on a hill.,True,0.023836608976125717
t2i,A person walking on a hill.,2440,2440,A person walking on a hill.,True,0.010697541758418083
t2i,A person walking on a hill.,5413,5413,A person walking on a hill.,True,0.07627802342176437
t2i,A person walking on a hill.,10310,10310,A person walking on a hill.,True,0.013691198080778122
t2i,A person walking on a hill.,6986,6986,A person walking on a hill.,False,0.05797070264816284
t2i,A person walking on a hill.,10312,10312,A person walking on a hill.,True,0.025674153119325638
t2i,A person walking on a hill.,8676,8676,A person walking on a hill.,True,0.24585549533367157
t2i,A person walking on a hill.,11005,11005,A person walking on a hill.,True,0.10032624751329422
t2i,A person walking on a hill.,6585,6585,A person walking on a hill.,True,0.7342435121536255
t2i,A person walking on a hill.,919,919,A person walking on a hill.,True,0.08959799259901047
t2i,A person walking on a hill.,12163,12163,A person walking on a hill.,True,0.5984528660774231
t2i,A person walking on a hill.,3714,3714,A person walking on a hill.,True,0.7104754447937012
t2i,A person walking on a hill.,6556,6556,A person walking on a hill.,True,0.6159840822219849
t2i,A person walking on a hill.,2026,2026,A person walking on a hill.,True,0.13397307693958282
t2i,A person walking on a hill.,3784,3784,A person walking on a hill.,True,0.11144974082708359
t2i,A person walking on a hill.,8220,8220,A person walking on a hill.,False,0.48665788769721985
t2i,A person walking on a hill.,9147,9147,A person walking on a hill.,False,0.6440643072128296
t2i,A person walking on a hill.,7821,7821,A person walking on a hill.,False,0.3033313751220703
t2i,A person walking on a hill.,2867,2867,A person walking on a hill.,False,0.6260516047477722
t2i,A person walking on a hill.,3195,3195,A person walking on a hill.,True,0.2993358373641968
t2i,A person walking on a hill.,1737,1737,A person walking on a hill.,True,0.32475796341896057
t2i,A person walking on a hill.,8411,8411,A person walking on a hill.,True,0.011286232620477676
t2i,A person walking on a hill.,7747,7747,A person walking on a hill.,True,0.19226767122745514
t2i,A person walking on a hill.,2311,2311,A person walking on a hill.,True,0.27742239832878113
t2i,A person walking on a hill.,424,424,A person walking on a hill.,True,0.032810792326927185
t2i,A person walking on a hill.,1668,1668,A person walking on a hill.,True,0.19324184954166412
t2i,A person walking on a hill.,11122,11122,A person walking on a hill.,True,0.01939910091459751
t2i,A person walking on a hill.,3504,3504,A person walking on a hill.,True,0.04048331081867218
t2i,A person walking on a hill.,2349,2349,A person walking on a hill.,True,0.054841265082359314
t2i,A person walking on a hill.,2499,2499,A person walking on a hill.,False,0.009645555168390274
t2i,A person walking on a hill.,860,860,A person walking on a hill.,True,0.032424796372652054
t2i,A person walking on a hill.,3237,3237,A person walking on a hill.,False,0.0030607501976191998
t2i,The animal sat in the meadow.,8047,8047,The animal sat in the meadow.,False,0.5276551842689514
t2i,The animal sat in the meadow.,4431,4431,The animal sat in the meadow.,False,0.01884915493428707
t2i,The animal sat in the meadow.,2207,2207,The animal sat in the meadow.,False,0.14802668988704681
t2i,The animal sat in the meadow.,1045,1045,The animal sat in the meadow.,False,0.3209637999534607
t2i,The animal sat in the meadow.,9319,9319,The animal sat in the meadow.,False,0.10925791412591934
t2i,The animal sat in the meadow.,37,37,The animal sat in the meadow.,False,0.009205516427755356
t2i,The animal sat in the meadow.,13038,13038,The animal sat in the meadow.,False,0.04888087511062622
t2i,The animal sat in the meadow.,11008,11008,The animal sat in the meadow.,False,0.058676786720752716
t2i,The animal sat in the meadow.,9402,9402,The animal sat in the meadow.,False,0.001020027557387948
t2i,The animal sat in the meadow.,1271,1271,The animal sat in the meadow.,True,0.5769729614257812
t2i,The animal sat in the meadow.,11900,11900,The animal sat in the meadow.,False,0.8659765124320984
t2i,The animal sat in the meadow.,13185,13185,The animal sat in the meadow.,False,0.1649543046951294
t2i,The animal sat in the meadow.,3887,3887,The animal sat in the meadow.,False,0.11330126971006393
t2i,The animal sat in the meadow.,7542,7542,The animal sat in the meadow.,False,0.8334966897964478
t2i,The animal sat in the meadow.,5621,5621,The animal sat in the meadow.,False,0.052596352994441986
t2i,The animal sat in the meadow.,3308,3308,The animal sat in the meadow.,False,0.5806558728218079
t2i,The animal sat in the meadow.,8257,8257,The animal sat in the meadow.,False,0.31573760509490967
t2i,The animal sat in the meadow.,12210,12210,The animal sat in the meadow.,False,0.45061394572257996
t2i,The animal sat in the meadow.,3695,3695,The animal sat in the meadow.,False,0.8685684204101562
t2i,The animal sat in the meadow.,3306,3306,The animal sat in the meadow.,False,0.20907366275787354
t2i,The animal sat in the meadow.,6278,6278,The animal sat in the meadow.,True,0.4961703419685364
t2i,The animal sat in the meadow.,2173,2173,The animal sat in the meadow.,True,0.8643656373023987
t2i,The animal sat in the meadow.,8986,8986,The animal sat in the meadow.,True,0.7180474400520325
t2i,The animal sat in the meadow.,299,299,The animal sat in the meadow.,True,0.6975470781326294
t2i,The animal sat in the meadow.,1258,1258,The animal sat in the meadow.,True,0.7250398397445679
t2i,The animal sat in the meadow.,6858,6858,The animal sat in the meadow.,True,0.6422574520111084
t2i,The animal sat in the meadow.,3110,3110,The animal sat in the meadow.,True,0.6705131530761719
t2i,The animal sat in the meadow.,1325,1325,The animal sat in the meadow.,False,0.6902396082878113
t2i,The animal sat in the meadow.,1620,1620,The animal sat in the meadow.,False,0.26595890522003174
t2i,The animal sat in the meadow.,4432,4432,The animal sat in the meadow.,True,0.34413063526153564
t2i,The animal sat in the meadow.,8741,8741,The animal sat in the meadow.,False,0.002627007430419326
t2i,The animal sat in the meadow.,2534,2534,The animal sat in the meadow.,False,0.01654929481446743
t2i,The animal sat in the meadow.,8462,8462,The animal sat in the meadow.,False,0.7559276223182678
t2i,The animal sat in the meadow.,1721,1721,The animal sat in the meadow.,False,0.8081982731819153
t2i,The animal sat in the meadow.,9870,9870,The animal sat in the meadow.,True,0.28963950276374817
t2i,The animal sat in the meadow.,11718,11718,The animal sat in the meadow.,False,0.6708927154541016
t2i,The animal sat in the meadow.,7561,7561,The animal sat in the meadow.,False,0.7833476662635803
t2i,The animal sat in the meadow.,13909,13909,The animal sat in the meadow.,False,0.052886515855789185
t2i,The animal sat in the meadow.,4708,4708,The animal sat in the meadow.,False,0.15034151077270508
t2i,The animal sat in the meadow.,6229,6229,The animal sat in the meadow.,False,0.26388391852378845
t2i,The animal sat in the meadow.,2305,2305,The animal sat in the meadow.,False,0.8899043798446655
t2i,The animal sat in the meadow.,7869,7869,The animal sat in the meadow.,False,0.2673458158969879
t2i,The animal sat in the meadow.,2688,2688,The animal sat in the meadow.,True,0.7573671936988831
t2i,The animal sat in the meadow.,8237,8237,The animal sat in the meadow.,False,0.6371869444847107
t2i,The animal sat in the meadow.,13450,13450,The animal sat in the meadow.,False,0.3815893530845642
t2i,animal sitting on lawn,3003,3003,animal sitting on lawn,True,0.008214237168431282
t2i,animal sitting on lawn,8716,8716,animal sitting on lawn,False,0.0006337324157357216
t2i,animal sitting on lawn,1970,1970,animal sitting on lawn,False,0.000722921104170382
t2i,animal sitting on lawn,2938,2938,animal sitting on lawn,False,0.000105518483906053
t2i,animal sitting on lawn,3695,3695,animal sitting on lawn,False,0.00017970574845094234
t2i,animal sitting on lawn,2034,2034,animal sitting on lawn,True,0.004744285251945257
t2i,animal sitting on lawn,3110,3110,animal sitting on lawn,True,0.0005715302540920675
t2i,animal sitting on lawn,2554,2554,animal sitting on lawn,False,7.358762377407402e-05
t2i,animal sitting on lawn,1178,1178,animal sitting on lawn,False,0.00012025831529172137
t2i,animal sitting on lawn,8295,8295,animal sitting on lawn,True,0.001056256121955812
t2i,animal sitting on lawn,377,377,animal sitting on lawn,True,0.017604457214474678
t2i,animal sitting on lawn,6278,6278,animal sitting on lawn,True,0.010981441475450993
t2i,animal sitting on lawn,22,22,animal sitting on lawn,False,0.02422468177974224
t2i,animal sitting on lawn,1105,1105,animal sitting on lawn,False,0.022654512897133827
t2i,animal sitting on lawn,10638,10638,animal sitting on lawn,True,0.0030678235925734043
t2i,animal sitting on lawn,202,202,animal sitting on lawn,False,0.03247503936290741
t2i,animal sitting on lawn,2688,2688,animal sitting on lawn,True,0.0022119220811873674
t2i,animal sitting on lawn,228,228,animal sitting on lawn,True,0.001323292264714837
t2i,animal sitting on lawn,1096,1096,animal sitting on lawn,False,0.06183542311191559
t2i,animal sitting on lawn,3013,3013,animal sitting on lawn,False,0.40639087557792664
t2i,animal sitting on lawn,3021,3021,animal sitting on lawn,True,0.07026393711566925
t2i,animal sitting on lawn,7561,7561,animal sitting on lawn,False,0.014487762935459614
t2i,animal sitting on lawn,4267,4267,animal sitting on lawn,False,0.018198687583208084
t2i,animal sitting on lawn,5462,5462,animal sitting on lawn,False,0.0007987203425727785
t2i,animal sitting on lawn,11335,11335,animal sitting on lawn,False,0.014770926907658577
t2i,animal sitting on lawn,13185,13185,animal sitting on lawn,False,0.08383280038833618
t2i,animal sitting on lawn,7869,7869,animal sitting on lawn,False,0.04056849330663681
t2i,animal sitting on lawn,7542,7542,animal sitting on lawn,False,0.0005305553204379976
t2i,animal sitting on lawn,8237,8237,animal sitting on lawn,False,0.00800268817692995
t2i,animal sitting on lawn,3308,3308,animal sitting on lawn,False,0.009452920407056808
t2i,animal sitting on lawn,13712,13712,animal sitting on lawn,False,0.008345031179487705
t2i,animal sitting on lawn,9870,9870,animal sitting on lawn,True,0.00478949723765254
t2i,animal sitting on lawn,2461,2461,animal sitting on lawn,True,0.14923802018165588
t2i,animal sitting on lawn,3236,3236,animal sitting on lawn,False,0.011361688375473022
t2i,animal sitting on lawn,8462,8462,animal sitting on lawn,False,0.0030202630441635847
t2i,animal sitting on lawn,1821,1821,animal sitting on lawn,False,0.004385034088045359
t2i,animal sitting on lawn,10250,10250,animal sitting on lawn,False,0.00022419395099859685
t2i,animal sitting on lawn,4505,4505,animal sitting on lawn,False,0.002099514240399003
t2i,animal sitting on lawn,7224,7224,animal sitting on lawn,True,0.011166187934577465
t2i,animal sitting on lawn,8569,8569,animal sitting on lawn,False,0.04459010437130928
t2i,animal sitting on lawn,1184,1184,animal sitting on lawn,True,0.0017785251839086413
t2i,animal sitting on lawn,2173,2173,animal sitting on lawn,True,0.004148762673139572
t2i,animal sitting on lawn,6913,6913,animal sitting on lawn,False,0.0014261099277064204
t2i,animal sitting on lawn,1271,1271,animal sitting on lawn,True,0.0005792011506855488
t2i,animal sitting on lawn,13688,13688,animal sitting on lawn,True,0.0016098706983029842
t2i,A man sits in front of a white background,6683,6683,A man sits in front of a white background,False,0.14829634130001068
t2i,A man sits in front of a white background,6069,6069,A man sits in front of a white background,True,0.09528863430023193
t2i,A man sits in front of a white background,6293,6293,A man sits in front of a white background,True,0.3475598990917206
t2i,A man sits in front of a white background,8712,8712,A man sits in front of a white background,True,0.2583540380001068
t2i,A man sits in front of a white background,13863,13863,A man sits in front of a white background,True,0.08551979809999466
t2i,A man sits in front of a white background,2719,2719,A man sits in front of a white background,True,0.07203155755996704
t2i,A man sits in front of a white background,8822,8822,A man sits in front of a white background,True,0.09350836277008057
t2i,A man sits in front of a white background,831,831,A man sits in front of a white background,True,0.23892778158187866
t2i,A man sits in front of a white background,1171,1171,A man sits in front of a white background,True,0.09173309803009033
t2i,A man sits in front of a white background,1593,1593,A man sits in front of a white background,False,0.18351033329963684
t2i,A man sits in front of a white background,3199,3199,A man sits in front of a white background,False,0.12623389065265656
t2i,A man sits in front of a white background,4922,4922,A man sits in front of a white background,False,0.2902695834636688
t2i,A man sits in front of a white background,8375,8375,A man sits in front of a white background,True,0.272241473197937
t2i,A man sits in front of a white background,1805,1805,A man sits in front of a white background,True,0.114021897315979
t2i,A man sits in front of a white background,583,583,A man sits in front of a white background,True,0.21970154345035553
t2i,A man sits in front of a white background,3953,3953,A man sits in front of a white background,True,0.14406940340995789
t2i,A man sits in front of a white background,1289,1289,A man sits in front of a white background,True,0.0561925545334816
t2i,A man sits in front of a white background,9347,9347,A man sits in front of a white background,False,0.06867445260286331
t2i,A man sits in front of a white background,976,976,A man sits in front of a white background,True,0.07010190933942795
t2i,A man sits in front of a white background,9823,9823,A man sits in front of a white background,False,0.22793497145175934
t2i,A man sits in front of a white background,4013,4013,A man sits in front of a white background,False,0.35854727029800415
t2i,A man sits in front of a white background,9585,9585,A man sits in front of a white background,True,0.10130665451288223
t2i,A man sits in front of a white background,311,311,A man sits in front of a white background,True,0.07773774117231369
t2i,A man sits in front of a white background,3096,3096,A man sits in front of a white background,True,0.16801048815250397
t2i,A man sits in front of a white background,9721,9721,A man sits in front of a white background,True,0.12592491507530212
t2i,A man sits in front of a white background,2763,2763,A man sits in front of a white background,True,0.1153167262673378
t2i,A man sits in front of a white background,3064,3064,A man sits in front of a white background,True,0.15621773898601532
t2i,A man sits in front of a white background,5740,5740,A man sits in front of a white background,True,0.058487668633461
t2i,A man sits in front of a white background,5770,5770,A man sits in front of a white background,True,0.02322074957191944
t2i,A man sits in front of a white background,175,175,A man sits in front of a white background,True,0.07158570736646652
t2i,A man sits in front of a white background,1837,1837,A man sits in front of a white background,True,0.12458807229995728
t2i,A man sits in front of a white background,701,701,A man sits in front of a white background,True,0.06728604435920715
t2i,A man sits in front of a white background,7182,7182,A man sits in front of a white background,False,0.028601830825209618
t2i,A man sits in front of a white background,998,998,A man sits in front of a white background,True,0.0461699552834034
t2i,A man sits in front of a white background,10760,10760,A man sits in front of a white background,False,0.11973442137241364
t2i,A man sits in front of a white background,9884,9884,A man sits in front of a white background,False,0.02123144641518593
t2i,A man sits in front of a white background,192,192,A man sits in front of a white background,True,0.09229601919651031
t2i,A man sits in front of a white background,2275,2275,A man sits in front of a white background,True,0.025153378024697304
t2i,The person poses for one minute.,7380,7380,The person poses for one minute.,False,0.0011867269640788436
t2i,The person poses for one minute.,13863,13863,The person poses for one minute.,False,0.00028914239373989403
t2i,The person poses for one minute.,8934,8934,The person poses for one minute.,False,0.00038272037636488676
t2i,The person poses for one minute.,4422,4422,The person poses for one minute.,True,0.00028145601390860975
t2i,The person poses for one minute.,12294,12294,The person poses for one minute.,False,4.691277354140766e-05
t2i,The person poses for one minute.,9871,9871,The person poses for one minute.,True,0.05664682388305664
t2i,The person poses for one minute.,1038,1038,The person poses for one minute.,True,2.9193452064646408e-05
t2i,The person poses for one minute.,5770,5770,The person poses for one minute.,True,0.011995816603302956
t2i,The person poses for one minute.,1171,1171,The person poses for one minute.,False,0.0013980064541101456
t2i,The person poses for one minute.,13960,13960,The person poses for one minute.,True,0.0013433273416012526
t2i,The person poses for one minute.,1604,1604,The person poses for one minute.,True,0.0007400301401503384
t2i,The person poses for one minute.,11973,11973,The person poses for one minute.,False,0.007737650536000729
t2i,The person poses for one minute.,3411,3411,The person poses for one minute.,False,0.00025703999563120306
t2i,The person poses for one minute.,10107,10107,The person poses for one minute.,False,0.025364868342876434
t2i,The person poses for one minute.,5369,5369,The person poses for one minute.,True,0.000154049601405859
t2i,The person poses for one minute.,12837,12837,The person poses for one minute.,True,4.779728260473348e-05
t2i,The person poses for one minute.,13770,13770,The person poses for one minute.,False,7.51335610402748e-05
t2i,The person poses for one minute.,2862,2862,The person poses for one minute.,False,0.0009327764273621142
t2i,The person poses for one minute.,2835,2835,The person poses for one minute.,False,0.001481848768889904
t2i,The person poses for one minute.,3661,3661,The person poses for one minute.,False,0.0005222569452598691
t2i,The person poses for one minute.,12199,12199,The person poses for one minute.,False,0.888782262802124
t2i,The person poses for one minute.,3149,3149,The person poses for one minute.,False,0.3840735852718353
t2i,The person poses for one minute.,6657,6657,The person poses for one minute.,False,0.8401404023170471
t2i,The person poses for one minute.,6616,6616,The person poses for one minute.,False,0.8851572871208191
t2i,The person poses for one minute.,4897,4897,The person poses for one minute.,True,0.07305675745010376
t2i,The person poses for one minute.,98,98,The person poses for one minute.,False,0.27250659465789795
t2i,The person poses for one minute.,2930,2930,The person poses for one minute.,False,0.19415032863616943
t2i,The person poses for one minute.,7898,7898,The person poses for one minute.,False,0.3233075737953186
t2i,The person poses for one minute.,5709,5709,The person poses for one minute.,False,0.16748598217964172
t2i,The person poses for one minute.,5872,5872,The person poses for one minute.,False,0.12066200375556946
t2i,The person poses for one minute.,6964,6964,The person poses for one minute.,True,0.4068868160247803
t2i,The person poses for one minute.,8304,8304,The person poses for one minute.,True,0.024045508354902267
t2i,The person poses for one minute.,13519,13519,The person poses for one minute.,True,0.10475315898656845
t2i,The person poses for one minute.,6746,6746,The person poses for one minute.,True,0.07701430469751358
t2i,The person poses for one minute.,9139,9139,The person poses for one minute.,True,0.0003057494468521327
t2i,The person poses for one minute.,4463,4463,The person poses for one minute.,True,0.06211806833744049
t2i,The person poses for one minute.,10660,10660,The person poses for one minute.,True,0.00013203028356656432
t2i,The person poses for one minute.,6187,6187,The person poses for one minute.,True,0.000947237596847117
t2i,The person poses for one minute.,9272,9272,The person poses for one minute.,True,0.11111855506896973
t2i,The person poses for one minute.,11766,11766,The person poses for one minute.,True,0.0014282586053013802
t2i,The person poses for one minute.,9909,9909,The person poses for one minute.,True,0.001347106765024364
t2i,The person poses for one minute.,9926,9926,The person poses for one minute.,True,0.0068502528592944145
t2i,The person poses for one minute.,1052,1052,The person poses for one minute.,False,0.00013587248395197093
t2i,The person poses for one minute.,2302,2302,The person poses for one minute.,False,0.08361820131540298
t2i,The person poses for one minute.,10777,10777,The person poses for one minute.,False,0.0002538147091399878
t2i,The person poses for one minute.,11348,11348,The person poses for one minute.,False,4.12031622545328e-05
t2i,The person poses for one minute.,1990,1990,The person poses for one minute.,False,0.032051436603069305
t2i,The person poses for one minute.,5563,5563,The person poses for one minute.,True,0.00023384045925922692
t2i,The person poses for one minute.,10721,10721,The person poses for one minute.,True,0.001720542088150978
t2i,The person poses for one minute.,7691,7691,The person poses for one minute.,False,0.7545563578605652
t2i,The person poses for one minute.,7719,7719,The person poses for one minute.,False,0.14861935377120972
t2i,The person poses for one minute.,5464,5464,The person poses for one minute.,False,0.0011596378171816468
t2i,The person poses for one minute.,9659,9659,The person poses for one minute.,False,0.0006977035664021969
t2i,The person poses for one minute.,9172,9172,The person poses for one minute.,False,0.001269113039597869
t2i,A man walking with a camera,10542,10542,A man walking with a camera,False,0.10774601995944977
t2i,A man walking with a camera,10482,10482,A man walking with a camera,False,0.06403378397226334
t2i,A man walking with a camera,3963,3963,A man walking with a camera,True,0.1132500171661377
t2i,A man walking with a camera,10696,10696,A man walking with a camera,False,0.3840760290622711
t2i,A man walking with a camera,8323,8323,A man walking with a camera,False,0.5269371867179871
t2i,A man walking with a camera,1399,1399,A man walking with a camera,False,0.1991628110408783
t2i,A man walking with a camera,8847,8847,A man walking with a camera,False,0.10343489795923233
t2i,A man walking with a camera,13335,13335,A man walking with a camera,False,0.16015106439590454
t2i,A man walking with a camera,3460,3460,A man walking with a camera,False,0.05015036091208458
t2i,A man walking with a camera,6890,6890,A man walking with a camera,False,0.5958324074745178
t2i,A man walking with a camera,4241,4241,A man walking with a camera,True,0.2303287386894226
t2i,A man walking with a camera,1051,1051,A man walking with a camera,True,0.17290927469730377
t2i,A man walking with a camera,2504,2504,A man walking with a camera,False,0.3224978446960449
t2i,A man walking with a camera,2183,2183,A man walking with a camera,False,0.6475785374641418
t2i,A man walking with a camera,1815,1815,A man walking with a camera,False,0.885457456111908
t2i,A man walking with a camera,3568,3568,A man walking with a camera,False,0.24083064496517181
t2i,A man walking with a camera,2835,2835,A man walking with a camera,False,0.012065243907272816
t2i,A man walking with a camera,24,24,A man walking with a camera,False,0.24384810030460358
t2i,A man walking with a camera,145,145,A man walking with a camera,False,0.006388738285750151
t2i,A man walking with a camera,9092,9092,A man walking with a camera,False,0.4565320909023285
t2i,A man walking with a camera,1835,1835,A man walking with a camera,False,0.2602863311767578
t2i,A man walking with a camera,3766,3766,A man walking with a camera,False,0.12921640276908875
t2i,A man walking with a camera,2348,2348,A man walking with a camera,False,0.4083220958709717
t2i,A man walking with a camera,1056,1056,A man walking with a camera,False,0.36882805824279785
t2i,A man walking with a camera,9932,9932,A man walking with a camera,False,0.6488272547721863
t2i,A man walking with a camera,9824,9824,A man walking with a camera,False,0.7452343702316284
t2i,A man walking with a camera,1071,1071,A man walking with a camera,False,0.17700517177581787
t2i,A man walking with a camera,3263,3263,A man walking with a camera,False,0.532168447971344
t2i,A man walking with a camera,3260,3260,A man walking with a camera,False,0.532168447971344
t2i,A man walking with a camera,5092,5092,A man walking with a camera,True,0.14184419810771942
t2i,A man walking with a camera,2718,2718,A man walking with a camera,True,0.0808500275015831
t2i,A man walking with a camera,2626,2626,A man walking with a camera,False,0.3600459396839142
t2i,A man walking with a camera,80,80,A man walking with a camera,False,0.7181318998336792
t2i,A man walking with a camera,1737,1737,A man walking with a camera,False,0.3768952786922455
t2i,A man walking with a camera,12209,12209,A man walking with a camera,False,0.36068934202194214
t2i,A man walking with a camera,8745,8745,A man walking with a camera,False,0.7115839123725891
t2i,A man walking with a camera,8842,8842,A man walking with a camera,False,0.2917290925979614
t2i,A man walking with a camera,408,408,A man walking with a camera,False,0.22139473259449005
t2i,A man walking with a camera,9336,9336,A man walking with a camera,True,0.8131820559501648
t2i,A man walking with a camera,11741,11741,A man walking with a camera,False,0.15208113193511963
t2i,A man sits on a boat.,11641,11641,A man sits on a boat.,True,0.9746792316436768
t2i,A man sits on a boat.,5173,5173,A man sits on a boat.,True,0.4267040491104126
t2i,A man sits on a boat.,5091,5091,A man sits on a boat.,True,0.8228976726531982
t2i,A man sits on a boat.,11079,11079,A man sits on a boat.,True,0.5548974871635437
t2i,A man sits on a boat.,9314,9314,A man sits on a boat.,False,0.07233426719903946
t2i,A man sits on a boat.,11943,11943,A man sits on a boat.,True,0.7438181042671204
t2i,A man sits on a boat.,8000,8000,A man sits on a boat.,False,0.35805046558380127
t2i,A man sits on a boat.,515,515,A man sits on a boat.,False,0.06678112596273422
t2i,A man sits on a boat.,472,472,A man sits on a boat.,False,0.0626237690448761
t2i,A man sits on a boat.,13863,13863,A man sits on a boat.,False,0.06313446164131165
t2i,A man sits on a boat.,5925,5925,A man sits on a boat.,False,0.24791541695594788
t2i,A man sits on a boat.,13130,13130,A man sits on a boat.,False,0.9262456893920898
t2i,A man sits on a boat.,12516,12516,A man sits on a boat.,True,0.4794035255908966
t2i,A man sits on a boat.,3771,3771,A man sits on a boat.,False,0.49985775351524353
t2i,A man sits on a boat.,13277,13277,A man sits on a boat.,True,0.9681117534637451
t2i,A man sits on a boat.,5341,5341,A man sits on a boat.,False,0.5614773035049438
t2i,A man sits on a boat.,4188,4188,A man sits on a boat.,False,0.1513397991657257
t2i,A man sits on a boat.,8474,8474,A man sits on a boat.,False,0.7397066950798035
t2i,A man sits on a boat.,10740,10740,A man sits on a boat.,False,0.720838725566864
t2i,A man sits on a boat.,2988,2988,A man sits on a boat.,True,0.29094183444976807
t2i,A man sits on a boat.,8094,8094,A man sits on a boat.,False,0.9341516494750977
t2i,A man sits on a boat.,11680,11680,A man sits on a boat.,False,0.3821391761302948
t2i,A man sits on a boat.,6183,6183,A man sits on a boat.,False,0.8986983895301819
t2i,A man sits on a boat.,7569,7569,A man sits on a boat.,False,0.11236127465963364
t2i,A man sits on a boat.,8002,8002,A man sits on a boat.,True,0.6184338331222534
t2i,A man sits on a boat.,12411,12411,A man sits on a boat.,True,0.8548420667648315
t2i,A man sits on a boat.,7538,7538,A man sits on a boat.,False,0.5379607081413269
t2i,A man sits on a boat.,6103,6103,A man sits on a boat.,False,0.012730790302157402
t2i,A man sits on a boat.,10477,10477,A man sits on a boat.,False,0.8304228186607361
t2i,A man sits on a boat.,14051,14051,A man sits on a boat.,False,0.5146013498306274
t2i,A man sits on a boat.,12744,12744,A man sits on a boat.,True,0.753186047077179
t2i,A man sits on a boat.,9755,9755,A man sits on a boat.,True,0.36051705479621887
t2i,A couple hugs against a tree.,4754,4754,A couple hugs against a tree.,False,0.5360930562019348
t2i,A couple hugs against a tree.,11796,11796,A couple hugs against a tree.,False,0.9801636338233948
t2i,A couple hugs against a tree.,5083,5083,A couple hugs against a tree.,True,0.845413327217102
t2i,A couple hugs against a tree.,6311,6311,A couple hugs against a tree.,False,0.8994936943054199
t2i,A couple hugs against a tree.,5082,5082,A couple hugs against a tree.,True,0.2617475986480713
t2i,A couple hugs against a tree.,9047,9047,A couple hugs against a tree.,False,0.9968994855880737
t2i,A couple hugs against a tree.,9921,9921,A couple hugs against a tree.,True,0.03477652370929718
t2i,A couple hugs against a tree.,10436,10436,A couple hugs against a tree.,False,0.9096056818962097
t2i,A couple hugs against a tree.,3858,3858,A couple hugs against a tree.,False,0.20544642210006714
t2i,A couple hugs against a tree.,10906,10906,A couple hugs against a tree.,False,0.4319533109664917
t2i,A couple hugs against a tree.,12330,12330,A couple hugs against a tree.,True,0.7201289534568787
t2i,A couple hugs against a tree.,9384,9384,A couple hugs against a tree.,False,0.6851282715797424
t2i,A couple hugs against a tree.,6845,6845,A couple hugs against a tree.,False,0.9445354342460632
t2i,A couple hugs against a tree.,895,895,A couple hugs against a tree.,False,0.7904337048530579
t2i,A couple hugs against a tree.,12901,12901,A couple hugs against a tree.,False,0.9687736630439758
t2i,A couple hugs against a tree.,2238,2238,A couple hugs against a tree.,False,0.9385586380958557
t2i,A couple hugs against a tree.,12420,12420,A couple hugs against a tree.,False,0.9394617676734924
t2i,A couple hugs against a tree.,9340,9340,A couple hugs against a tree.,True,0.8875161409378052
t2i,A couple hugs against a tree.,12253,12253,A couple hugs against a tree.,False,0.7203924059867859
t2i,A couple hugs against a tree.,5087,5087,A couple hugs against a tree.,False,0.9993788003921509
t2i,A couple hugs against a tree.,6214,6214,A couple hugs against a tree.,False,0.6439363956451416
t2i,A couple hugs against a tree.,10730,10730,A couple hugs against a tree.,False,0.9723115563392639
t2i,A couple hugs against a tree.,7105,7105,A couple hugs against a tree.,False,0.7645768523216248
t2i,A couple hugs against a tree.,6844,6844,A couple hugs against a tree.,False,0.09321225434541702
t2i,A couple hugs against a tree.,11055,11055,A couple hugs against a tree.,False,0.8082748055458069
t2i,A couple hugs against a tree.,12105,12105,A couple hugs against a tree.,False,0.738467812538147
t2i,A couple hugs against a tree.,13579,13579,A couple hugs against a tree.,False,0.9349008202552795
t2i,A couple hugs against a tree.,4755,4755,A couple hugs against a tree.,False,0.1957646608352661
t2i,A person wants to sit on a couch.,2992,2992,A person wants to sit on a couch.,True,0.914624035358429
t2i,A person wants to sit on a couch.,13498,13498,A person wants to sit on a couch.,True,0.8290877342224121
t2i,A person wants to sit on a couch.,3096,3096,A person wants to sit on a couch.,True,0.7977434992790222
t2i,A person wants to sit on a couch.,1156,1156,A person wants to sit on a couch.,True,0.37390846014022827
t2i,A person wants to sit on a couch.,6362,6362,A person wants to sit on a couch.,True,0.13487103581428528
t2i,A person wants to sit on a couch.,2241,2241,A person wants to sit on a couch.,True,0.5881253480911255
t2i,A person wants to sit on a couch.,12588,12588,A person wants to sit on a couch.,False,0.20404113829135895
t2i,A person wants to sit on a couch.,13863,13863,A person wants to sit on a couch.,False,0.03269115090370178
t2i,A person wants to sit on a couch.,7118,7118,A person wants to sit on a couch.,True,0.08342636376619339
t2i,A person wants to sit on a couch.,6965,6965,A person wants to sit on a couch.,False,0.06765878200531006
t2i,A person wants to sit on a couch.,8680,8680,A person wants to sit on a couch.,True,0.04316629469394684
t2i,A person wants to sit on a couch.,13331,13331,A person wants to sit on a couch.,False,0.171035498380661
t2i,A person wants to sit on a couch.,1777,1777,A person wants to sit on a couch.,True,0.18831713497638702
t2i,A person wants to sit on a couch.,13148,13148,A person wants to sit on a couch.,True,0.025690549984574318
t2i,A person wants to sit on a couch.,3053,3053,A person wants to sit on a couch.,True,0.9026607871055603
t2i,A person wants to sit on a couch.,11303,11303,A person wants to sit on a couch.,False,0.000950505374930799
t2i,A person wants to sit on a couch.,1776,1776,A person wants to sit on a couch.,True,0.03130589425563812
t2i,A person wants to sit on a couch.,3906,3906,A person wants to sit on a couch.,True,0.9056119918823242
t2i,A person wants to sit on a couch.,11812,11812,A person wants to sit on a couch.,True,0.42026007175445557
t2i,A person wants to sit on a couch.,7638,7638,A person wants to sit on a couch.,False,0.7377526760101318
t2i,A person wants to sit on a couch.,2023,2023,A person wants to sit on a couch.,True,0.10066267102956772
t2i,A person wants to sit on a couch.,723,723,A person wants to sit on a couch.,False,0.9039408564567566
t2i,A person wants to sit on a couch.,8471,8471,A person wants to sit on a couch.,False,0.02668684907257557
t2i,A person wants to sit on a couch.,2523,2523,A person wants to sit on a couch.,True,0.5922739505767822
t2i,A person wants to sit on a couch.,6582,6582,A person wants to sit on a couch.,True,0.021875305101275444
t2i,A person wants to sit on a couch.,1278,1278,A person wants to sit on a couch.,True,0.5986701846122742
t2i,A person wants to sit on a couch.,7287,7287,A person wants to sit on a couch.,True,0.1757846176624298
t2i,A person wants to sit on a couch.,1330,1330,A person wants to sit on a couch.,True,0.4053877890110016
t2i,A person wants to sit on a couch.,959,959,A person wants to sit on a couch.,True,0.10011743009090424
t2i,A person wants to sit on a couch.,1288,1288,A person wants to sit on a couch.,True,0.3160577416419983
t2i,A person wants to sit on a couch.,3619,3619,A person wants to sit on a couch.,False,0.08024799078702927
t2i,A person wants to sit on a couch.,3466,3466,A person wants to sit on a couch.,False,0.2199871689081192
t2i,A person wants to sit on a couch.,846,846,A person wants to sit on a couch.,False,0.4262063503265381
t2i,A person wants to sit on a couch.,13588,13588,A person wants to sit on a couch.,False,0.2642345130443573
t2i,A person wants to sit on a couch.,2757,2757,A person wants to sit on a couch.,False,0.3321428596973419
t2i,A person wants to sit on a couch.,10492,10492,A person wants to sit on a couch.,False,0.04832368344068527
t2i,A person wants to sit on a couch.,639,639,A person wants to sit on a couch.,True,0.031420379877090454
t2i,A person wants to sit on a couch.,3736,3736,A person wants to sit on a couch.,True,0.19437380135059357
t2i,A person wants to sit on a couch.,5389,5389,A person wants to sit on a couch.,True,0.08460384607315063
t2i,A person wants to sit on a couch.,6361,6361,A person wants to sit on a couch.,False,0.3801127076148987
t2i,A person wants to sit on a couch.,1733,1733,A person wants to sit on a couch.,False,0.007616814691573381
t2i,The players look at each other on the pitch.,11121,11121,The players look at each other on the pitch.,False,0.04305519536137581
t2i,The players look at each other on the pitch.,6614,6614,The players look at each other on the pitch.,False,0.5238242745399475
t2i,The players look at each other on the pitch.,484,484,The players look at each other on the pitch.,True,0.3634885549545288
t2i,The players look at each other on the pitch.,684,684,The players look at each other on the pitch.,True,0.06494709849357605
t2i,The players look at each other on the pitch.,14045,14045,The players look at each other on the pitch.,True,0.05322476103901863
t2i,The players look at each other on the pitch.,5256,5256,The players look at each other on the pitch.,True,0.19125151634216309
t2i,The players look at each other on the pitch.,1556,1556,The players look at each other on the pitch.,True,0.007684731390327215
t2i,The players look at each other on the pitch.,4930,4930,The players look at each other on the pitch.,False,0.030598267912864685
t2i,The players look at each other on the pitch.,3380,3380,The players look at each other on the pitch.,True,0.08878226578235626
t2i,The players look at each other on the pitch.,8415,8415,The players look at each other on the pitch.,False,0.03114565648138523
t2i,The players look at each other on the pitch.,1104,1104,The players look at each other on the pitch.,False,0.05977018550038338
t2i,The players look at each other on the pitch.,13515,13515,The players look at each other on the pitch.,True,0.3104611933231354
t2i,The players look at each other on the pitch.,980,980,The players look at each other on the pitch.,True,0.14535339176654816
t2i,The players look at each other on the pitch.,10707,10707,The players look at each other on the pitch.,False,0.02335035800933838
t2i,The players look at each other on the pitch.,5056,5056,The players look at each other on the pitch.,False,0.12836630642414093
t2i,The players look at each other on the pitch.,3869,3869,The players look at each other on the pitch.,False,0.050870850682258606
t2i,The players look at each other on the pitch.,6533,6533,The players look at each other on the pitch.,False,0.20864532887935638
t2i,The players look at each other on the pitch.,2546,2546,The players look at each other on the pitch.,True,0.13569363951683044
t2i,The players look at each other on the pitch.,6613,6613,The players look at each other on the pitch.,True,0.020830627530813217
t2i,The players look at each other on the pitch.,5172,5172,The players look at each other on the pitch.,True,0.4885800778865814
t2i,The players look at each other on the pitch.,1429,1429,The players look at each other on the pitch.,True,0.4758357107639313
t2i,The players look at each other on the pitch.,8021,8021,The players look at each other on the pitch.,True,0.43783843517303467
t2i,The players look at each other on the pitch.,12465,12465,The players look at each other on the pitch.,True,0.07108532637357712
t2i,The players look at each other on the pitch.,11016,11016,The players look at each other on the pitch.,False,0.4431611895561218
t2i,The players look at each other on the pitch.,5032,5032,The players look at each other on the pitch.,True,0.8213231563568115
t2i,The players look at each other on the pitch.,11765,11765,The players look at each other on the pitch.,True,0.5177598595619202
t2i,The players look at each other on the pitch.,1125,1125,The players look at each other on the pitch.,True,0.33378681540489197
t2i,The players look at each other on the pitch.,10621,10621,The players look at each other on the pitch.,True,0.47378841042518616
t2i,The players look at each other on the pitch.,12066,12066,The players look at each other on the pitch.,False,0.2895025610923767
t2i,The players look at each other on the pitch.,3746,3746,The players look at each other on the pitch.,True,0.04427170753479004
t2i,The players look at each other on the pitch.,10161,10161,The players look at each other on the pitch.,False,0.023021461442112923
t2i,The players look at each other on the pitch.,2145,2145,The players look at each other on the pitch.,False,0.0039059303235262632
t2i,The players look at each other on the pitch.,8360,8360,The players look at each other on the pitch.,True,0.09857369214296341
t2i,The players look at each other on the pitch.,10977,10977,The players look at each other on the pitch.,False,0.0324261374771595
t2i,The players look at each other on the pitch.,7814,7814,The players look at each other on the pitch.,False,0.0893079936504364
t2i,The players look at each other on the pitch.,7017,7017,The players look at each other on the pitch.,True,0.2518327832221985
t2i,The players look at each other on the pitch.,7009,7009,The players look at each other on the pitch.,False,0.02098282426595688
t2i,The players look at each other on the pitch.,6908,6908,The players look at each other on the pitch.,True,0.015906166285276413
t2i,The players look at each other on the pitch.,9187,9187,The players look at each other on the pitch.,False,0.0025391806848347187
t2i,The players look at each other on the pitch.,457,457,The players look at each other on the pitch.,False,0.0194514449685812
t2i,The players look at each other on the pitch.,6074,6074,The players look at each other on the pitch.,True,0.5339556932449341
t2i,The players look at each other on the pitch.,6757,6757,The players look at each other on the pitch.,False,0.19548574090003967
t2i,The players look at each other on the pitch.,9159,9159,The players look at each other on the pitch.,False,0.28893911838531494
t2i,The players look at each other on the pitch.,5041,5041,The players look at each other on the pitch.,False,0.25673261284828186
t2i,The players look at each other on the pitch.,10826,10826,The players look at each other on the pitch.,False,0.15844465792179108
t2i,The players look at each other on the pitch.,6811,6811,The players look at each other on the pitch.,False,0.09088215231895447
t2i,The players look at each other on the pitch.,914,914,The players look at each other on the pitch.,False,0.38804563879966736
t2i,The players look at each other on the pitch.,11133,11133,The players look at each other on the pitch.,False,0.11762700229883194
t2i,The players look at each other on the pitch.,3826,3826,The players look at each other on the pitch.,False,0.022266602143645287
t2i,The players look at each other on the pitch.,6492,6492,The players look at each other on the pitch.,True,0.37728896737098694
t2i,The players look at each other on the pitch.,2392,2392,The players look at each other on the pitch.,False,0.499307781457901
t2i,The players look at each other on the pitch.,6933,6933,The players look at each other on the pitch.,True,0.22540053725242615
t2i,A person completes against other soccer players.,2266,2266,A person completes against other soccer players.,True,0.5643218159675598
t2i,A person completes against other soccer players.,4882,4882,A person completes against other soccer players.,True,0.391084223985672
t2i,A person completes against other soccer players.,4228,4228,A person completes against other soccer players.,True,0.9625281691551208
t2i,A person completes against other soccer players.,1043,1043,A person completes against other soccer players.,False,0.3191743493080139
t2i,A person completes against other soccer players.,13045,13045,A person completes against other soccer players.,False,0.16309864819049835
t2i,A person completes against other soccer players.,8380,8380,A person completes against other soccer players.,True,0.0079052047803998
t2i,A person completes against other soccer players.,6516,6516,A person completes against other soccer players.,True,0.9389476180076599
t2i,A person completes against other soccer players.,6893,6893,A person completes against other soccer players.,True,0.843256413936615
t2i,A person completes against other soccer players.,4189,4189,A person completes against other soccer players.,False,0.21810375154018402
t2i,A person completes against other soccer players.,1925,1925,A person completes against other soccer players.,False,0.5009304881095886
t2i,A person completes against other soccer players.,2623,2623,A person completes against other soccer players.,True,0.8082074522972107
t2i,A person completes against other soccer players.,12873,12873,A person completes against other soccer players.,True,0.19661889970302582
t2i,A person completes against other soccer players.,5550,5550,A person completes against other soccer players.,True,0.01035687979310751
t2i,A person completes against other soccer players.,1556,1556,A person completes against other soccer players.,True,0.14181534945964813
t2i,A person completes against other soccer players.,433,433,A person completes against other soccer players.,True,0.37355557084083557
t2i,A person completes against other soccer players.,1476,1476,A person completes against other soccer players.,True,0.8042747378349304
t2i,A person completes against other soccer players.,6757,6757,A person completes against other soccer players.,True,0.6789104342460632
t2i,A person completes against other soccer players.,12648,12648,A person completes against other soccer players.,True,0.43544235825538635
t2i,A person completes against other soccer players.,8739,8739,A person completes against other soccer players.,True,0.932858407497406
t2i,A person completes against other soccer players.,8813,8813,A person completes against other soccer players.,True,0.4291303753852844
t2i,A person completes against other soccer players.,864,864,A person completes against other soccer players.,False,0.9648144245147705
t2i,A person completes against other soccer players.,9598,9598,A person completes against other soccer players.,True,0.8841441869735718
t2i,A person completes against other soccer players.,41,41,A person completes against other soccer players.,True,0.5138593912124634
t2i,A person completes against other soccer players.,3255,3255,A person completes against other soccer players.,True,0.7871379852294922
t2i,A person completes against other soccer players.,12936,12936,A person completes against other soccer players.,True,0.8414828777313232
t2i,A person completes against other soccer players.,7560,7560,A person completes against other soccer players.,False,0.9183900952339172
t2i,A person completes against other soccer players.,6269,6269,A person completes against other soccer players.,True,0.8008783459663391
t2i,A person completes against other soccer players.,4711,4711,A person completes against other soccer players.,False,0.9705750942230225
t2i,A person completes against other soccer players.,3330,3330,A person completes against other soccer players.,False,0.7302118539810181
t2i,A person completes against other soccer players.,11765,11765,A person completes against other soccer players.,False,0.8444944024085999
t2i,A person completes against other soccer players.,509,509,A person completes against other soccer players.,True,0.35684704780578613
t2i,A person completes against other soccer players.,9798,9798,A person completes against other soccer players.,True,0.9799704551696777
t2i,A person completes against other soccer players.,113,113,A person completes against other soccer players.,False,0.0032718859147280455
t2i,A person completes against other soccer players.,13793,13793,A person completes against other soccer players.,True,0.19576016068458557
t2i,A person completes against other soccer players.,3822,3822,A person completes against other soccer players.,True,0.2272135317325592
t2i,A person completes against other soccer players.,4353,4353,A person completes against other soccer players.,True,0.06845138967037201
t2i,A person completes against other soccer players.,4396,4396,A person completes against other soccer players.,True,0.03296905755996704
t2i,A person completes against other soccer players.,8855,8855,A person completes against other soccer players.,True,0.5478062629699707
t2i,A person completes against other soccer players.,4581,4581,A person completes against other soccer players.,True,0.04284870624542236
t2i,A person completes against other soccer players.,9572,9572,A person completes against other soccer players.,True,0.9025506377220154
t2i,A person completes against other soccer players.,530,530,A person completes against other soccer players.,False,0.8721775412559509
t2i,A person completes against other soccer players.,12452,12452,A person completes against other soccer players.,True,0.5891833901405334
t2i,A person completes against other soccer players.,8518,8518,A person completes against other soccer players.,True,0.3423967957496643
t2i,A person completes against other soccer players.,1678,1678,A person completes against other soccer players.,False,0.9226238131523132
t2i,A person completes against other soccer players.,12437,12437,A person completes against other soccer players.,True,0.6360416412353516
t2i,A person completes against other soccer players.,2518,2518,A person completes against other soccer players.,True,0.7456751465797424
t2i,A person completes against other soccer players.,4356,4356,A person completes against other soccer players.,True,0.42380255460739136
t2i,A person completes against other soccer players.,3162,3162,A person completes against other soccer players.,True,0.8076298832893372
t2i,A person completes against other soccer players.,2204,2204,A person completes against other soccer players.,True,0.665090799331665
t2i,A person completes against other soccer players.,11253,11253,A person completes against other soccer players.,True,0.8577622771263123
t2i,A person completes against other soccer players.,9982,9982,A person completes against other soccer players.,True,0.7244834303855896
t2i,An athlete performs at the festival.,3950,3950,An athlete performs at the festival.,True,0.8088414072990417
t2i,An athlete performs at the festival.,3994,3994,An athlete performs at the festival.,True,0.9823873043060303
t2i,An athlete performs at the festival.,13433,13433,An athlete performs at the festival.,False,0.0010051755234599113
t2i,An athlete performs at the festival.,3511,3511,An athlete performs at the festival.,True,0.8262121677398682
t2i,An athlete performs at the festival.,2771,2771,An athlete performs at the festival.,True,0.8862863183021545
t2i,An athlete performs at the festival.,2958,2958,An athlete performs at the festival.,True,0.36768782138824463
t2i,An athlete performs at the festival.,6332,6332,An athlete performs at the festival.,False,0.3116123080253601
t2i,An athlete performs at the festival.,4845,4845,An athlete performs at the festival.,False,0.5867188572883606
t2i,An athlete performs at the festival.,6989,6989,An athlete performs at the festival.,True,0.08693427592515945
t2i,An athlete performs at the festival.,6988,6988,An athlete performs at the festival.,False,0.0499521903693676
t2i,An athlete performs at the festival.,2758,2758,An athlete performs at the festival.,True,0.9963093400001526
t2i,An athlete performs at the festival.,8764,8764,An athlete performs at the festival.,True,0.9965912103652954
t2i,An athlete performs at the festival.,5482,5482,An athlete performs at the festival.,False,0.9416871070861816
t2i,An athlete performs at the festival.,4169,4169,An athlete performs at the festival.,False,0.9893080592155457
t2i,An athlete performs at the festival.,9432,9432,An athlete performs at the festival.,True,0.7611580491065979
t2i,An athlete performs at the festival.,11683,11683,An athlete performs at the festival.,True,0.9969027638435364
t2i,An athlete performs at the festival.,5966,5966,An athlete performs at the festival.,True,0.9822348952293396
t2i,An athlete performs at the festival.,2995,2995,An athlete performs at the festival.,True,0.9995530247688293
t2i,An athlete performs at the festival.,4351,4351,An athlete performs at the festival.,False,0.6202436089515686
t2i,An athlete performs at the festival.,751,751,An athlete performs at the festival.,True,0.9958539009094238
t2i,An athlete performs at the festival.,3086,3086,An athlete performs at the festival.,False,0.983749270439148
t2i,An athlete performs at the festival.,1230,1230,An athlete performs at the festival.,True,0.9911392331123352
t2i,An athlete performs at the festival.,8408,8408,An athlete performs at the festival.,True,0.9898071885108948
t2i,An athlete performs at the festival.,2769,2769,An athlete performs at the festival.,True,0.9938494563102722
t2i,An athlete performs at the festival.,11934,11934,An athlete performs at the festival.,False,0.9816059470176697
t2i,An athlete performs at the festival.,1906,1906,An athlete performs at the festival.,False,0.6455050706863403
t2i,An athlete performs at the festival.,1101,1101,An athlete performs at the festival.,False,0.9086962938308716
t2i,An athlete performs at the festival.,9173,9173,An athlete performs at the festival.,True,0.9586697816848755
t2i,An athlete performs at the festival.,2633,2633,An athlete performs at the festival.,False,0.18190836906433105
t2i,An athlete performs at the festival.,5344,5344,An athlete performs at the festival.,True,0.9849698543548584
t2i,An athlete performs at the festival.,2569,2569,An athlete performs at the festival.,True,0.9538758993148804
t2i,An athlete performs at the festival.,2753,2753,An athlete performs at the festival.,False,0.8284971117973328
t2i,An athlete performs at the festival.,2977,2977,An athlete performs at the festival.,True,0.8659220933914185
t2i,An athlete performs at the festival.,5498,5498,An athlete performs at the festival.,False,0.8255465626716614
t2i,An athlete performs at the festival.,264,264,An athlete performs at the festival.,True,0.6645345091819763
t2i,An athlete performs at the festival.,478,478,An athlete performs at the festival.,True,0.9515671730041504
t2i,An athlete performs at the festival.,707,707,An athlete performs at the festival.,True,0.987524151802063
t2i,An athlete performs at the festival.,1516,1516,An athlete performs at the festival.,True,0.9674185514450073
t2i,An athlete performs at the festival.,6729,6729,An athlete performs at the festival.,True,0.4871010184288025
t2i,An athlete performs at the festival.,263,263,An athlete performs at the festival.,True,0.9840229749679565
t2i,An athlete performs at the festival.,7515,7515,An athlete performs at the festival.,True,0.9502453207969666
t2i,An athlete performs at the festival.,3862,3862,An athlete performs at the festival.,True,0.8607181310653687
t2i,the person enters the room,2014,2014,the person enters the room,True,0.0022074265871196985
t2i,the person enters the room,4422,4422,the person enters the room,False,0.0004132942412979901
t2i,the person enters the room,7412,7412,the person enters the room,True,0.0008450135355815291
t2i,the person enters the room,12220,12220,the person enters the room,False,0.010577133856713772
t2i,the person enters the room,5464,5464,the person enters the room,False,0.00033694575540721416
t2i,the person enters the room,9871,9871,the person enters the room,False,0.007548730354756117
t2i,the person enters the room,5432,5432,the person enters the room,False,0.00030116771813482046
t2i,the person enters the room,7380,7380,the person enters the room,False,0.0030484984163194895
t2i,the person enters the room,9170,9170,the person enters the room,True,0.00164725910872221
t2i,the person enters the room,6693,6693,the person enters the room,False,0.004494775086641312
t2i,the person enters the room,5076,5076,the person enters the room,True,0.03574313595890999
t2i,the person enters the room,13667,13667,the person enters the room,False,0.03555523604154587
t2i,the person enters the room,5433,5433,the person enters the room,False,0.03364560008049011
t2i,the person enters the room,210,210,the person enters the room,True,0.03289429843425751
t2i,the person enters the room,7299,7299,the person enters the room,False,0.0511481873691082
t2i,the person enters the room,13018,13018,the person enters the room,True,0.10860713571310043
t2i,the person enters the room,8519,8519,the person enters the room,True,0.016004737466573715
t2i,the person enters the room,861,861,the person enters the room,False,0.002678476506844163
t2i,the person enters the room,11956,11956,the person enters the room,False,0.01859062910079956
t2i,the person enters the room,98,98,the person enters the room,False,0.03469517454504967
t2i,the person enters the room,1214,1214,the person enters the room,False,0.0467187762260437
t2i,the person enters the room,6425,6425,the person enters the room,True,0.050282757729291916
t2i,the person enters the room,9269,9269,the person enters the room,False,0.007804320193827152
t2i,the person enters the room,704,704,the person enters the room,True,0.00509304367005825
t2i,the person enters the room,8218,8218,the person enters the room,False,0.0018069235375151038
t2i,the person enters the room,9932,9932,the person enters the room,False,0.011252128519117832
t2i,the person enters the room,2516,2516,the person enters the room,True,0.0014600736321881413
t2i,the person enters the room,8045,8045,the person enters the room,False,0.027663704007864
t2i,the person enters the room,929,929,the person enters the room,False,0.025026321411132812
t2i,the person enters the room,13685,13685,the person enters the room,True,0.018714718520641327
t2i,the person enters the room,6480,6480,the person enters the room,True,0.002405203180387616
t2i,the person enters the room,8904,8904,the person enters the room,True,0.0009709594305604696
t2i,the person enters the room,6256,6256,the person enters the room,True,0.00011300893675070256
t2i,the person enters the room,6426,6426,the person enters the room,True,0.0005388965946622193
t2i,the person enters the room,5411,5411,the person enters the room,True,0.0010558535577729344
t2i,the person enters the room,3060,3060,the person enters the room,False,9.548180969431996e-05
t2i,the person enters the room,3097,3097,the person enters the room,True,0.0010437503224238753
t2i,the person enters the room,196,196,the person enters the room,False,0.00014722526248078793
t2i,the person enters the room,7413,7413,the person enters the room,True,0.00012409950431901962
t2i,A group of dancers perform a show,2496,2496,A group of dancers perform a show,True,0.5693380832672119
t2i,A group of dancers perform a show,4700,4700,A group of dancers perform a show,True,0.17372849583625793
t2i,A group of dancers perform a show,13269,13269,A group of dancers perform a show,True,0.07790601998567581
t2i,A group of dancers perform a show,2149,2149,A group of dancers perform a show,True,0.99505615234375
t2i,A group of dancers perform a show,1106,1106,A group of dancers perform a show,True,0.9795699715614319
t2i,A group of dancers perform a show,12815,12815,A group of dancers perform a show,True,0.4900798797607422
t2i,A group of dancers perform a show,12745,12745,A group of dancers perform a show,True,0.9592037200927734
t2i,A group of dancers perform a show,1582,1582,A group of dancers perform a show,True,0.9687309861183167
t2i,A group of dancers perform a show,12594,12594,A group of dancers perform a show,True,0.9607982039451599
t2i,A group of dancers perform a show,4838,4838,A group of dancers perform a show,True,0.9631028175354004
t2i,A group of dancers perform a show,2287,2287,A group of dancers perform a show,True,0.9224215745925903
t2i,A group of dancers perform a show,4280,4280,A group of dancers perform a show,True,0.9653200507164001
t2i,A group of dancers perform a show,1322,1322,A group of dancers perform a show,True,0.9693589210510254
t2i,A group of dancers perform a show,3650,3650,A group of dancers perform a show,True,0.9731807708740234
t2i,A group of dancers perform a show,4409,4409,A group of dancers perform a show,True,0.4750651717185974
t2i,A group of dancers perform a show,4112,4112,A group of dancers perform a show,True,0.8397502899169922
t2i,A group of dancers perform a show,11119,11119,A group of dancers perform a show,True,0.8580164313316345
t2i,A group of dancers perform a show,1871,1871,A group of dancers perform a show,True,0.9096490740776062
t2i,A group of dancers perform a show,10258,10258,A group of dancers perform a show,True,0.7931856513023376
t2i,A group of dancers perform a show,9694,9694,A group of dancers perform a show,True,0.8778926730155945
t2i,A group of dancers perform a show,5866,5866,A group of dancers perform a show,True,0.930407702922821
t2i,A group of dancers perform a show,11406,11406,A group of dancers perform a show,True,0.9745381474494934
t2i,A group of dancers perform a show,3930,3930,A group of dancers perform a show,True,0.022396879270672798
t2i,A group of dancers perform a show,11581,11581,A group of dancers perform a show,True,0.9718849062919617
t2i,A group of dancers perform a show,9229,9229,A group of dancers perform a show,False,0.974222719669342
t2i,A group of dancers perform a show,1510,1510,A group of dancers perform a show,False,0.8320876359939575
t2i,A group of dancers perform a show,6808,6808,A group of dancers perform a show,True,0.8498497009277344
t2i,A group of dancers perform a show,13568,13568,A group of dancers perform a show,True,0.8713603615760803
t2i,The girl eats chocolate.,4734,4734,The girl eats chocolate.,True,0.1388458013534546
t2i,The girl eats chocolate.,8872,8872,The girl eats chocolate.,True,0.8658872842788696
t2i,The girl eats chocolate.,7428,7428,The girl eats chocolate.,True,0.17254388332366943
t2i,The girl eats chocolate.,10624,10624,The girl eats chocolate.,False,0.0002736319147516042
t2i,The girl eats chocolate.,4735,4735,The girl eats chocolate.,False,0.0003643549862317741
t2i,The girl eats chocolate.,11868,11868,The girl eats chocolate.,False,0.001987331546843052
t2i,The girl eats chocolate.,8922,8922,The girl eats chocolate.,False,0.000598404323682189
t2i,The girl eats chocolate.,9206,9206,The girl eats chocolate.,False,0.0014403096865862608
t2i,The girl eats chocolate.,7082,7082,The girl eats chocolate.,False,0.0002342175430385396
t2i,The girl eats chocolate.,1088,1088,The girl eats chocolate.,False,0.00020201981533318758
t2i,The girl eats chocolate.,7454,7454,The girl eats chocolate.,False,0.231657475233078
t2i,The girl eats chocolate.,7817,7817,The girl eats chocolate.,False,0.16105684638023376
t2i,The girl eats chocolate.,10007,10007,The girl eats chocolate.,False,0.00037676768261007965
t2i,The girl eats chocolate.,7067,7067,The girl eats chocolate.,False,0.00040932567208074033
t2i,The girl eats chocolate.,6244,6244,The girl eats chocolate.,False,0.43697044253349304
t2i,The girl eats chocolate.,6739,6739,The girl eats chocolate.,False,0.0008006346179172397
t2i,The girl eats chocolate.,8680,8680,The girl eats chocolate.,False,0.3452349603176117
t2i,The girl eats chocolate.,4159,4159,The girl eats chocolate.,False,0.6206786632537842
t2i,The girl eats chocolate.,1586,1586,The girl eats chocolate.,False,0.6252074837684631
t2i,The girl eats chocolate.,6981,6981,The girl eats chocolate.,False,0.6928663849830627
t2i,The girl eats chocolate.,9300,9300,The girl eats chocolate.,False,0.6225960850715637
t2i,The girl eats chocolate.,6611,6611,The girl eats chocolate.,False,0.1747765690088272
t2i,The girl eats chocolate.,8394,8394,The girl eats chocolate.,False,0.06604121625423431
t2i,The girl eats chocolate.,1251,1251,The girl eats chocolate.,False,0.11475822329521179
t2i,The girl eats chocolate.,6385,6385,The girl eats chocolate.,False,0.3073822259902954
t2i,The girl eats chocolate.,11066,11066,The girl eats chocolate.,False,0.26359549164772034
t2i,The girl eats chocolate.,11638,11638,The girl eats chocolate.,False,0.054562218487262726
t2i,The girl eats chocolate.,13030,13030,The girl eats chocolate.,False,6.753419438609853e-05
t2i,The girl eats chocolate.,1806,1806,The girl eats chocolate.,False,0.0012034813407808542
t2i,The girl eats chocolate.,2676,2676,The girl eats chocolate.,False,0.0017233914695680141
t2i,The girl eats chocolate.,4232,4232,The girl eats chocolate.,False,6.097732693888247e-05
t2i,The girl eats chocolate.,11482,11482,The girl eats chocolate.,False,0.00011704741336870939
t2i,A man walks on the shore.,576,576,A man walks on the shore.,True,0.42733702063560486
t2i,A man walks on the shore.,8738,8738,A man walks on the shore.,True,0.6983899474143982
t2i,A man walks on the shore.,3399,3399,A man walks on the shore.,True,0.6642333269119263
t2i,A man walks on the shore.,6946,6946,A man walks on the shore.,True,0.05479591339826584
t2i,A man walks on the shore.,4265,4265,A man walks on the shore.,False,0.8579627275466919
t2i,A man walks on the shore.,10609,10609,A man walks on the shore.,True,0.9021667242050171
t2i,A man walks on the shore.,908,908,A man walks on the shore.,False,0.49614885449409485
t2i,A man walks on the shore.,2295,2295,A man walks on the shore.,True,0.9095126390457153
t2i,A man walks on the shore.,1530,1530,A man walks on the shore.,True,0.9116789698600769
t2i,A man walks on the shore.,1022,1022,A man walks on the shore.,True,0.680061399936676
t2i,A man walks on the shore.,6657,6657,A man walks on the shore.,True,0.5171633362770081
t2i,A man walks on the shore.,2055,2055,A man walks on the shore.,True,0.13167667388916016
t2i,A man walks on the shore.,503,503,A man walks on the shore.,True,0.9427409768104553
t2i,A man walks on the shore.,10706,10706,A man walks on the shore.,True,0.24077117443084717
t2i,A man walks on the shore.,5195,5195,A man walks on the shore.,True,0.99048912525177
t2i,A man walks on the shore.,3179,3179,A man walks on the shore.,True,0.013189327903091908
t2i,A man walks on the shore.,423,423,A man walks on the shore.,True,0.9191661477088928
t2i,A man walks on the shore.,5260,5260,A man walks on the shore.,True,0.49817174673080444
t2i,A man walks on the shore.,347,347,A man walks on the shore.,True,0.9491764903068542
t2i,A man walks on the shore.,11425,11425,A man walks on the shore.,False,0.8991659879684448
t2i,A man walks on the shore.,1842,1842,A man walks on the shore.,True,0.6889424920082092
t2i,A man walks on the shore.,318,318,A man walks on the shore.,True,0.9200245141983032
t2i,A man walks on the shore.,1588,1588,A man walks on the shore.,True,0.6625491976737976
t2i,A man walks on the shore.,1459,1459,A man walks on the shore.,False,0.9113947153091431
t2i,A man walks on the shore.,9130,9130,A man walks on the shore.,True,0.8977920413017273
t2i,A man walks on the shore.,3665,3665,A man walks on the shore.,False,0.542603611946106
t2i,A man walks on the shore.,7548,7548,A man walks on the shore.,True,0.8001633882522583
t2i,A man walks on the shore.,2395,2395,A man walks on the shore.,True,0.9724383354187012
t2i,A man walks on the shore.,2166,2166,A man walks on the shore.,True,0.6813936233520508
t2i,A man walks on the shore.,388,388,A man walks on the shore.,True,0.7284860014915466
t2i,A man walks on the shore.,1176,1176,A man walks on the shore.,True,0.19912481307983398
t2i,A man walks on the shore.,502,502,A man walks on the shore.,False,0.005256237927824259
t2i,A man walks on the shore.,3430,3430,A man walks on the shore.,True,0.6392539739608765
t2i,A man walks on the shore.,4727,4727,A man walks on the shore.,True,0.2900129556655884
t2i,A man walks on the shore.,3764,3764,A man walks on the shore.,False,0.4853787422180176
t2i,A man walks on the shore.,2118,2118,A man walks on the shore.,True,0.7684779167175293
t2i,A man walks on the shore.,1399,1399,A man walks on the shore.,True,0.29832303524017334
t2i,A man walks on the shore.,145,145,A man walks on the shore.,True,0.12644469738006592
t2i,A man walks on the shore.,545,545,A man walks on the shore.,True,0.7302910685539246
t2i,A woman is standing on a lake.,2781,2781,A woman is standing on a lake.,True,0.9351199865341187
t2i,A woman is standing on a lake.,2018,2018,A woman is standing on a lake.,False,0.761492133140564
t2i,A woman is standing on a lake.,962,962,A woman is standing on a lake.,True,0.8166857957839966
t2i,A woman is standing on a lake.,3274,3274,A woman is standing on a lake.,True,0.864949107170105
t2i,A woman is standing on a lake.,6490,6490,A woman is standing on a lake.,True,0.938460111618042
t2i,A woman is standing on a lake.,5490,5490,A woman is standing on a lake.,False,0.92356938123703
t2i,A woman is standing on a lake.,9787,9787,A woman is standing on a lake.,False,0.4488542973995209
t2i,A woman is standing on a lake.,762,762,A woman is standing on a lake.,True,0.42082294821739197
t2i,A woman is standing on a lake.,7969,7969,A woman is standing on a lake.,False,0.4127558171749115
t2i,A woman is standing on a lake.,4108,4108,A woman is standing on a lake.,False,0.30135202407836914
t2i,A woman is standing on a lake.,8978,8978,A woman is standing on a lake.,True,0.8088114261627197
t2i,A woman is standing on a lake.,622,622,A woman is standing on a lake.,True,0.9149245023727417
t2i,A woman is standing on a lake.,4474,4474,A woman is standing on a lake.,True,0.5418161749839783
t2i,A woman is standing on a lake.,218,218,A woman is standing on a lake.,True,0.16698414087295532
t2i,A woman is standing on a lake.,2327,2327,A woman is standing on a lake.,False,0.19135794043540955
t2i,A woman is standing on a lake.,527,527,A woman is standing on a lake.,True,0.6472428441047668
t2i,A woman is standing on a lake.,5927,5927,A woman is standing on a lake.,True,0.19665297865867615
t2i,A woman is standing on a lake.,6034,6034,A woman is standing on a lake.,False,0.8091228008270264
t2i,A woman is standing on a lake.,8785,8785,A woman is standing on a lake.,False,0.8465174436569214
t2i,A woman is standing on a lake.,4722,4722,A woman is standing on a lake.,False,0.8539162874221802
t2i,A woman is standing on a lake.,2902,2902,A woman is standing on a lake.,True,0.8441005349159241
t2i,A woman is standing on a lake.,2272,2272,A woman is standing on a lake.,True,0.7343049049377441
t2i,A woman is standing on a lake.,6547,6547,A woman is standing on a lake.,False,0.5173501372337341
t2i,A woman is standing on a lake.,118,118,A woman is standing on a lake.,True,0.7406613230705261
t2i,A woman is standing on a lake.,13120,13120,A woman is standing on a lake.,True,0.8207163214683533
t2i,A woman is standing on a lake.,13034,13034,A woman is standing on a lake.,False,0.9201955199241638
t2i,A woman is standing on a lake.,13838,13838,A woman is standing on a lake.,True,0.8634071946144104
t2i,A woman is standing on a lake.,11454,11454,A woman is standing on a lake.,True,0.4878633916378021
t2i,A woman is standing on a lake.,9731,9731,A woman is standing on a lake.,False,0.3314603269100189
t2i,A woman is standing on a lake.,2930,2930,A woman is standing on a lake.,False,0.35802462697029114
t2i,A woman is standing on a lake.,1862,1862,A woman is standing on a lake.,False,0.8062067031860352
t2i,A woman is standing on a lake.,10731,10731,A woman is standing on a lake.,True,0.4330610930919647
t2i,A woman is standing on a lake.,2993,2993,A woman is standing on a lake.,False,0.9111354351043701
t2i,A woman is standing on a lake.,13551,13551,A woman is standing on a lake.,True,0.04465736821293831
t2i,A woman is standing on a lake.,5449,5449,A woman is standing on a lake.,False,0.03986985608935356
t2i,A woman is standing on a lake.,8467,8467,A woman is standing on a lake.,True,0.3502412736415863
t2i,A woman is standing on a lake.,10491,10491,A woman is standing on a lake.,False,0.3890044391155243
t2i,A woman is standing on a lake.,6196,6196,A woman is standing on a lake.,True,0.9374518394470215
t2i,A cat rests on the grass,37,37,A cat rests on the grass,True,0.34804999828338623
t2i,A cat rests on the grass,8294,8294,A cat rests on the grass,True,0.6223558187484741
t2i,A cat rests on the grass,3003,3003,A cat rests on the grass,False,0.32414376735687256
t2i,A cat rests on the grass,2034,2034,A cat rests on the grass,True,0.9398801326751709
t2i,A cat rests on the grass,3021,3021,A cat rests on the grass,True,0.3259556293487549
t2i,A cat rests on the grass,5697,5697,A cat rests on the grass,True,0.6747273206710815
t2i,A cat rests on the grass,4431,4431,A cat rests on the grass,True,0.22121122479438782
t2i,A cat rests on the grass,9023,9023,A cat rests on the grass,True,0.7920473217964172
t2i,A cat rests on the grass,4505,4505,A cat rests on the grass,True,0.7802807092666626
t2i,A cat rests on the grass,1942,1942,A cat rests on the grass,True,0.940440833568573
t2i,A cat rests on the grass,9609,9609,A cat rests on the grass,True,0.8420333862304688
t2i,A cat rests on the grass,5851,5851,A cat rests on the grass,True,0.9726909399032593
t2i,A cat rests on the grass,1044,1044,A cat rests on the grass,True,0.5293073654174805
t2i,A cat rests on the grass,6985,6985,A cat rests on the grass,True,0.8402934074401855
t2i,A cat rests on the grass,1969,1969,A cat rests on the grass,True,0.8317283987998962
t2i,A cat rests on the grass,464,464,A cat rests on the grass,True,0.8527126312255859
t2i,A cat rests on the grass,11288,11288,A cat rests on the grass,True,0.4799320101737976
t2i,A cat rests on the grass,1105,1105,A cat rests on the grass,True,0.8145759105682373
t2i,A cat rests on the grass,7457,7457,A cat rests on the grass,True,0.8561028242111206
t2i,A cat rests on the grass,8295,8295,A cat rests on the grass,True,0.8713393807411194
t2i,A cat rests on the grass,8569,8569,A cat rests on the grass,True,0.11467131972312927
t2i,A cat rests on the grass,202,202,A cat rests on the grass,True,0.07116097211837769
t2i,A cat rests on the grass,1720,1720,A cat rests on the grass,True,0.17096297442913055
t2i,A cat rests on the grass,13688,13688,A cat rests on the grass,True,0.9535260200500488
t2i,A cat rests on the grass,6913,6913,A cat rests on the grass,False,0.9443910121917725
t2i,person stand besides the tree,10612,10612,person stand besides the tree,True,0.7812513113021851
t2i,person stand besides the tree,3509,3509,person stand besides the tree,True,0.8176619410514832
t2i,person stand besides the tree,4710,4710,person stand besides the tree,True,0.8244845867156982
t2i,person stand besides the tree,6037,6037,person stand besides the tree,True,0.9314489960670471
t2i,person stand besides the tree,138,138,person stand besides the tree,True,0.9311636090278625
t2i,person stand besides the tree,11344,11344,person stand besides the tree,True,0.9585782289505005
t2i,person stand besides the tree,10809,10809,person stand besides the tree,True,0.9249163269996643
t2i,person stand besides the tree,1951,1951,person stand besides the tree,False,0.4511623680591583
t2i,person stand besides the tree,2049,2049,person stand besides the tree,True,0.3459257185459137
t2i,person stand besides the tree,473,473,person stand besides the tree,False,0.7355079650878906
t2i,person stand besides the tree,9384,9384,person stand besides the tree,True,0.3947122395038605
t2i,person stand besides the tree,9143,9143,person stand besides the tree,True,0.9466947317123413
t2i,person stand besides the tree,11969,11969,person stand besides the tree,False,0.8572877049446106
t2i,person stand besides the tree,7544,7544,person stand besides the tree,True,0.968068540096283
t2i,person stand besides the tree,12330,12330,person stand besides the tree,True,0.6487526297569275
t2i,person stand besides the tree,11329,11329,person stand besides the tree,True,0.4262547791004181
t2i,person stand besides the tree,728,728,person stand besides the tree,False,0.5376272797584534
t2i,person stand besides the tree,12901,12901,person stand besides the tree,True,0.8229138851165771
t2i,person stand besides the tree,7293,7293,person stand besides the tree,True,0.9409699440002441
t2i,person stand besides the tree,2238,2238,person stand besides the tree,False,0.8936736583709717
t2i,person stand besides the tree,375,375,person stand besides the tree,False,0.9566821455955505
t2i,person stand besides the tree,10906,10906,person stand besides the tree,True,0.8553717136383057
t2i,person stand besides the tree,6522,6522,person stand besides the tree,True,0.8532097339630127
t2i,person stand besides the tree,1218,1218,person stand besides the tree,True,0.9611765742301941
t2i,person stand besides the tree,10242,10242,person stand besides the tree,True,0.7222958207130432
t2i,person stand besides the tree,8290,8290,person stand besides the tree,False,0.92874675989151
t2i,person stand besides the tree,8980,8980,person stand besides the tree,True,0.9276330471038818
t2i,person stand besides the tree,154,154,person stand besides the tree,False,0.9229927062988281
t2i,person stand besides the tree,6320,6320,person stand besides the tree,True,0.9760218262672424
t2i,person stand besides the tree,10100,10100,person stand besides the tree,True,0.659857988357544
t2i,person stand besides the tree,10886,10886,person stand besides the tree,True,0.8930289149284363
t2i,person stand besides the tree,7676,7676,person stand besides the tree,True,0.6866124868392944
t2i,person stand besides the tree,1948,1948,person stand besides the tree,False,0.8568226099014282
t2i,person stand besides the tree,11300,11300,person stand besides the tree,False,0.923072099685669
t2i,person stand besides the tree,11914,11914,person stand besides the tree,True,0.8858281970024109
t2i,person stand besides the tree,8779,8779,person stand besides the tree,True,0.9302493333816528
t2i,person stand besides the tree,10982,10982,person stand besides the tree,False,0.005318101961165667
t2i,person stand besides the tree,8495,8495,person stand besides the tree,False,0.9381464123725891
t2i,person stand besides the tree,13278,13278,person stand besides the tree,False,0.9566597938537598
t2i,person stand besides the tree,11135,11135,person stand besides the tree,True,0.9643774032592773
t2i,person stand besides the tree,9942,9942,person stand besides the tree,True,0.5386713743209839
t2i,person stand besides the tree,2041,2041,person stand besides the tree,True,0.5344473123550415
t2i,person stand besides the tree,678,678,person stand besides the tree,True,0.504217803478241
t2i,person stand besides the tree,1590,1590,person stand besides the tree,False,0.6266029477119446
t2i,A woman sits looking at a field.,2135,2135,A woman sits looking at a field.,False,0.24113008379936218
t2i,A woman sits looking at a field.,2316,2316,A woman sits looking at a field.,True,0.13705870509147644
t2i,A woman sits looking at a field.,11871,11871,A woman sits looking at a field.,True,0.23027271032333374
t2i,A woman sits looking at a field.,4551,4551,A woman sits looking at a field.,True,0.04419274628162384
t2i,A woman sits looking at a field.,3166,3166,A woman sits looking at a field.,False,0.14788921177387238
t2i,A woman sits looking at a field.,1347,1347,A woman sits looking at a field.,True,0.9100025296211243
t2i,A woman sits looking at a field.,1861,1861,A woman sits looking at a field.,False,0.6997116208076477
t2i,A woman sits looking at a field.,5314,5314,A woman sits looking at a field.,True,0.1431007832288742
t2i,A woman sits looking at a field.,1009,1009,A woman sits looking at a field.,True,0.25481560826301575
t2i,A woman sits looking at a field.,2909,2909,A woman sits looking at a field.,False,0.18835926055908203
t2i,A woman sits looking at a field.,984,984,A woman sits looking at a field.,True,0.11912394315004349
t2i,A woman sits looking at a field.,4923,4923,A woman sits looking at a field.,True,0.9752675890922546
t2i,A woman sits looking at a field.,6580,6580,A woman sits looking at a field.,True,0.10340774059295654
t2i,A woman sits looking at a field.,7098,7098,A woman sits looking at a field.,False,0.4211832284927368
t2i,A woman sits looking at a field.,2100,2100,A woman sits looking at a field.,True,0.42879346013069153
t2i,A woman sits looking at a field.,8192,8192,A woman sits looking at a field.,True,0.029026329517364502
t2i,A woman sits looking at a field.,5240,5240,A woman sits looking at a field.,True,0.21841269731521606
t2i,A woman sits looking at a field.,2847,2847,A woman sits looking at a field.,False,0.9554524421691895
t2i,A woman sits looking at a field.,5971,5971,A woman sits looking at a field.,False,0.6280063986778259
t2i,A woman sits looking at a field.,1479,1479,A woman sits looking at a field.,False,0.6545888185501099
t2i,A woman sits looking at a field.,3429,3429,A woman sits looking at a field.,False,0.6486961841583252
t2i,A woman sits looking at a field.,2748,2748,A woman sits looking at a field.,False,0.4793143570423126
t2i,A woman sits looking at a field.,4415,4415,A woman sits looking at a field.,False,0.4793143570423126
t2i,A woman sits looking at a field.,813,813,A woman sits looking at a field.,False,0.4251560568809509
t2i,A woman sits looking at a field.,12312,12312,A woman sits looking at a field.,False,0.4253372251987457
t2i,A woman sits looking at a field.,1869,1869,A woman sits looking at a field.,True,0.26832836866378784
t2i,A woman sits looking at a field.,1011,1011,A woman sits looking at a field.,False,0.5345185995101929
t2i,A woman sits looking at a field.,8412,8412,A woman sits looking at a field.,False,0.1256687194108963
t2i,A woman sits looking at a field.,10195,10195,A woman sits looking at a field.,True,0.34849128127098083
t2i,A woman sits looking at a field.,8079,8079,A woman sits looking at a field.,False,0.3835430145263672
t2i,A woman sits looking at a field.,3213,3213,A woman sits looking at a field.,False,0.2436777502298355
t2i,A woman sits looking at a field.,2040,2040,A woman sits looking at a field.,False,0.4786064922809601
t2i,A woman sits looking at a field.,7233,7233,A woman sits looking at a field.,True,0.06719943881034851
t2i,A woman sits looking at a field.,2361,2361,A woman sits looking at a field.,True,0.01993766985833645
t2i,A player vies for a ball.,1043,1043,A player vies for a ball.,False,0.9097227454185486
t2i,A player vies for a ball.,2860,2860,A player vies for a ball.,False,0.9437015056610107
t2i,A player vies for a ball.,5280,5280,A player vies for a ball.,False,0.10296350717544556
t2i,A player vies for a ball.,1310,1310,A player vies for a ball.,False,0.9991268515586853
t2i,A player vies for a ball.,8415,8415,A player vies for a ball.,False,0.713934063911438
t2i,A player vies for a ball.,6516,6516,A player vies for a ball.,True,0.998340368270874
t2i,A player vies for a ball.,8380,8380,A player vies for a ball.,True,0.1383771449327469
t2i,A player vies for a ball.,4228,4228,A player vies for a ball.,True,0.997628390789032
t2i,A player vies for a ball.,411,411,A player vies for a ball.,False,0.9111612439155579
t2i,A player vies for a ball.,13045,13045,A player vies for a ball.,False,0.3672262728214264
t2i,A player vies for a ball.,6434,6434,A player vies for a ball.,True,0.9920061230659485
t2i,A player vies for a ball.,9572,9572,A player vies for a ball.,True,0.9937028288841248
t2i,A player vies for a ball.,330,330,A player vies for a ball.,True,0.8855026364326477
t2i,A player vies for a ball.,51,51,A player vies for a ball.,True,0.9191886186599731
t2i,A player vies for a ball.,3162,3162,A player vies for a ball.,True,0.9674503207206726
t2i,A player vies for a ball.,112,112,A player vies for a ball.,True,0.9913689494132996
t2i,A player vies for a ball.,13362,13362,A player vies for a ball.,True,0.9846010804176331
t2i,A player vies for a ball.,1517,1517,A player vies for a ball.,True,0.985745906829834
t2i,A player vies for a ball.,13367,13367,A player vies for a ball.,True,0.9657183289527893
t2i,A player vies for a ball.,9770,9770,A player vies for a ball.,False,0.8348273038864136
t2i,A player vies for a ball.,11612,11612,A player vies for a ball.,True,0.9900217652320862
t2i,A player vies for a ball.,5358,5358,A player vies for a ball.,True,0.9870545864105225
t2i,A player vies for a ball.,8606,8606,A player vies for a ball.,True,0.9823473691940308
t2i,A player vies for a ball.,881,881,A player vies for a ball.,True,0.9982876181602478
t2i,A player vies for a ball.,7820,7820,A player vies for a ball.,True,0.9985608458518982
t2i,A player vies for a ball.,5704,5704,A player vies for a ball.,True,0.975069522857666
t2i,A player vies for a ball.,6259,6259,A player vies for a ball.,True,0.81264328956604
t2i,A player vies for a ball.,5156,5156,A player vies for a ball.,True,0.9266072511672974
t2i,A player vies for a ball.,7823,7823,A player vies for a ball.,True,0.2941388189792633
t2i,A player vies for a ball.,530,530,A player vies for a ball.,True,0.9950408339500427
t2i,A player vies for a ball.,6893,6893,A player vies for a ball.,True,0.9285298585891724
t2i,A player vies for a ball.,11167,11167,A player vies for a ball.,True,0.5809875726699829
t2i,A player vies for a ball.,4581,4581,A player vies for a ball.,True,0.15282347798347473
t2i,A player vies for a ball.,4396,4396,A player vies for a ball.,True,0.11601752787828445
t2i,A player vies for a ball.,1243,1243,A player vies for a ball.,True,0.2918608486652374
t2i,A player vies for a ball.,2071,2071,A player vies for a ball.,True,0.45040521025657654
t2i,A player vies for a ball.,11484,11484,A player vies for a ball.,True,0.9238659143447876
t2i,A player vies for a ball.,12863,12863,A player vies for a ball.,True,0.9455004930496216
t2i,A player vies for a ball.,4353,4353,A player vies for a ball.,False,0.25209349393844604
t2i,A player vies for a ball.,2702,2702,A player vies for a ball.,True,0.9687466621398926
t2i,A player vies for a ball.,7672,7672,A player vies for a ball.,True,0.9766134023666382
t2i,A player vies for a ball.,12024,12024,A player vies for a ball.,True,0.2841648459434509
t2i,A player vies for a ball.,13746,13746,A player vies for a ball.,True,0.6848130822181702
t2i,A player vies for a ball.,9305,9305,A player vies for a ball.,True,0.803135097026825
t2i,A player vies for a ball.,4130,4130,A player vies for a ball.,True,0.27653053402900696
t2i,A player vies for a ball.,8736,8736,A player vies for a ball.,True,0.6834313273429871
t2i,A player vies for a ball.,5984,5984,A player vies for a ball.,True,0.6712285280227661
t2i,A player vies for a ball.,9982,9982,A player vies for a ball.,False,0.9003003835678101
t2i,A person jumps into the sea.,3370,3370,A person jumps into the sea.,False,0.27451881766319275
t2i,A person jumps into the sea.,3190,3190,A person jumps into the sea.,True,0.41208386421203613
t2i,A person jumps into the sea.,12597,12597,A person jumps into the sea.,True,0.5737161636352539
t2i,A person jumps into the sea.,6474,6474,A person jumps into the sea.,True,0.2992868423461914
t2i,A person jumps into the sea.,2283,2283,A person jumps into the sea.,True,0.35770049691200256
t2i,A person jumps into the sea.,9282,9282,A person jumps into the sea.,False,0.3396832346916199
t2i,A person jumps into the sea.,8247,8247,A person jumps into the sea.,False,0.43244466185569763
t2i,A person jumps into the sea.,8421,8421,A person jumps into the sea.,True,0.28303641080856323
t2i,A person jumps into the sea.,2701,2701,A person jumps into the sea.,True,0.2982531189918518
t2i,A person jumps into the sea.,4784,4784,A person jumps into the sea.,True,0.4967294931411743
t2i,A person jumps into the sea.,13847,13847,A person jumps into the sea.,True,0.4141598641872406
t2i,A person jumps into the sea.,9532,9532,A person jumps into the sea.,True,0.399696409702301
t2i,A person jumps into the sea.,7584,7584,A person jumps into the sea.,True,0.9397940039634705
t2i,A person jumps into the sea.,272,272,A person jumps into the sea.,False,0.8195953965187073
t2i,A person jumps into the sea.,357,357,A person jumps into the sea.,True,0.888678252696991
t2i,A person jumps into the sea.,4656,4656,A person jumps into the sea.,True,0.90194171667099
t2i,A person jumps into the sea.,6700,6700,A person jumps into the sea.,False,0.8827542662620544
t2i,A person jumps into the sea.,2784,2784,A person jumps into the sea.,True,0.5723376274108887
t2i,A person jumps into the sea.,4907,4907,A person jumps into the sea.,True,0.7003991603851318
t2i,A person jumps into the sea.,6330,6330,A person jumps into the sea.,True,0.8898835182189941
t2i,A person jumps into the sea.,3854,3854,A person jumps into the sea.,True,0.9641404151916504
t2i,A person jumps into the sea.,2777,2777,A person jumps into the sea.,True,0.9895361661911011
t2i,A person jumps into the sea.,6387,6387,A person jumps into the sea.,True,0.5642755627632141
t2i,A person jumps into the sea.,10689,10689,A person jumps into the sea.,True,0.7406182885169983
t2i,A person jumps into the sea.,1409,1409,A person jumps into the sea.,True,0.9132654666900635
t2i,A person jumps into the sea.,866,866,A person jumps into the sea.,True,0.3575892448425293
t2i,A person jumps into the sea.,1447,1447,A person jumps into the sea.,True,0.56125408411026
t2i,A person jumps into the sea.,681,681,A person jumps into the sea.,True,0.8712579011917114
t2i,A person jumps into the sea.,446,446,A person jumps into the sea.,True,0.8191630244255066
t2i,A person jumps into the sea.,11798,11798,A person jumps into the sea.,True,0.034795332700014114
t2i,A person jumps into the sea.,364,364,A person jumps into the sea.,True,0.6488081812858582
t2i,A person jumps into the sea.,8647,8647,A person jumps into the sea.,True,0.5601012110710144
t2i,A person jumps into the sea.,5266,5266,A person jumps into the sea.,True,0.9006335139274597
t2i,A person jumps into the sea.,994,994,A person jumps into the sea.,False,0.17136289179325104
t2i,A person jumps into the sea.,687,687,A person jumps into the sea.,True,0.6568163633346558
t2i,A person jumps into the sea.,4971,4971,A person jumps into the sea.,True,0.7104349136352539
t2i,A dog lies on the grass.,8716,8716,A dog lies on the grass.,True,0.44557949900627136
t2i,A dog lies on the grass.,11335,11335,A dog lies on the grass.,True,0.8860316872596741
t2i,A dog lies on the grass.,6913,6913,A dog lies on the grass.,True,0.7097930908203125
t2i,A dog lies on the grass.,1970,1970,A dog lies on the grass.,True,0.4269903898239136
t2i,A dog lies on the grass.,3003,3003,A dog lies on the grass.,False,0.7610425353050232
t2i,A dog lies on the grass.,1045,1045,A dog lies on the grass.,True,0.270158588886261
t2i,A dog lies on the grass.,7660,7660,A dog lies on the grass.,True,0.20437535643577576
t2i,A dog lies on the grass.,3695,3695,A dog lies on the grass.,True,0.5702093839645386
t2i,A dog lies on the grass.,5452,5452,A dog lies on the grass.,True,0.8192849159240723
t2i,A dog lies on the grass.,1271,1271,A dog lies on the grass.,False,0.2727656364440918
t2i,A dog lies on the grass.,3887,3887,A dog lies on the grass.,True,0.09999622404575348
t2i,A dog lies on the grass.,22,22,A dog lies on the grass.,True,0.11248979717493057
t2i,A dog lies on the grass.,2935,2935,A dog lies on the grass.,True,0.818211019039154
t2i,A dog lies on the grass.,1080,1080,A dog lies on the grass.,True,0.5798836350440979
t2i,A dog lies on the grass.,1658,1658,A dog lies on the grass.,True,0.9261625409126282
t2i,A dog lies on the grass.,2529,2529,A dog lies on the grass.,True,0.8154330253601074
t2i,A dog lies on the grass.,13334,13334,A dog lies on the grass.,True,0.6706528663635254
t2i,A dog lies on the grass.,10717,10717,A dog lies on the grass.,True,0.8684715032577515
t2i,A dog lies on the grass.,4335,4335,A dog lies on the grass.,False,0.2484435737133026
t2i,A dog lies on the grass.,1620,1620,A dog lies on the grass.,True,0.361919641494751
t2i,A dog lies on the grass.,7581,7581,A dog lies on the grass.,True,0.7075433135032654
t2i,A dog lies on the grass.,3236,3236,A dog lies on the grass.,True,0.822899341583252
t2i,A dog lies on the grass.,12675,12675,A dog lies on the grass.,True,0.8757823705673218
t2i,A dog lies on the grass.,9812,9812,A dog lies on the grass.,True,0.820331335067749
t2i,A dog lies on the grass.,10250,10250,A dog lies on the grass.,True,0.5225901007652283
t2i,A dog lies on the grass.,1821,1821,A dog lies on the grass.,False,0.5749120712280273
t2i,A dog lies on the grass.,5142,5142,A dog lies on the grass.,True,0.05191381648182869
t2i,A dog lies on the grass.,2384,2384,A dog lies on the grass.,True,0.9019270539283752
t2i,A dog lies on the grass.,3332,3332,A dog lies on the grass.,True,0.716579258441925
t2i,A dog lies on the grass.,9946,9946,A dog lies on the grass.,True,0.3791603446006775
t2i,A dog lies on the grass.,1096,1096,A dog lies on the grass.,True,0.15656401216983795
t2i,The woman is sitting on the windowsill.,144,144,The woman is sitting on the windowsill.,True,0.1714933216571808
t2i,The woman is sitting on the windowsill.,7944,7944,The woman is sitting on the windowsill.,True,0.950435221195221
t2i,The woman is sitting on the windowsill.,10053,10053,The woman is sitting on the windowsill.,True,0.47667253017425537
t2i,The woman is sitting on the windowsill.,6152,6152,The woman is sitting on the windowsill.,False,0.5816830396652222
t2i,The woman is sitting on the windowsill.,1788,1788,The woman is sitting on the windowsill.,True,0.3044576048851013
t2i,The woman is sitting on the windowsill.,6455,6455,The woman is sitting on the windowsill.,True,0.4591268301010132
t2i,The woman is sitting on the windowsill.,9825,9825,The woman is sitting on the windowsill.,False,0.7654820084571838
t2i,The woman is sitting on the windowsill.,11848,11848,The woman is sitting on the windowsill.,True,0.683925449848175
t2i,The woman is sitting on the windowsill.,4855,4855,The woman is sitting on the windowsill.,False,0.21554163098335266
t2i,The woman is sitting on the windowsill.,3729,3729,The woman is sitting on the windowsill.,False,0.8969841003417969
t2i,The woman is sitting on the windowsill.,2136,2136,The woman is sitting on the windowsill.,True,0.37285709381103516
t2i,The woman is sitting on the windowsill.,9035,9035,The woman is sitting on the windowsill.,True,0.7585433721542358
t2i,The woman is sitting on the windowsill.,2231,2231,The woman is sitting on the windowsill.,True,0.626583456993103
t2i,The woman is sitting on the windowsill.,2081,2081,The woman is sitting on the windowsill.,True,0.9542208313941956
t2i,The woman is sitting on the windowsill.,7434,7434,The woman is sitting on the windowsill.,True,0.8163915276527405
t2i,The woman is sitting on the windowsill.,5274,5274,The woman is sitting on the windowsill.,True,0.7831554412841797
t2i,The woman is sitting on the windowsill.,7943,7943,The woman is sitting on the windowsill.,False,0.7916447520256042
t2i,The woman is sitting on the windowsill.,3749,3749,The woman is sitting on the windowsill.,False,0.5088199377059937
t2i,The woman is sitting on the windowsill.,11303,11303,The woman is sitting on the windowsill.,False,0.6160808801651001
t2i,The woman is sitting on the windowsill.,6121,6121,The woman is sitting on the windowsill.,False,0.8195334672927856
t2i,The woman is sitting on the windowsill.,7492,7492,The woman is sitting on the windowsill.,False,0.5579372048377991
t2i,The woman is sitting on the windowsill.,3394,3394,The woman is sitting on the windowsill.,False,0.743202269077301
t2i,The woman is sitting on the windowsill.,14087,14087,The woman is sitting on the windowsill.,False,0.972029983997345
t2i,The woman is sitting on the windowsill.,4548,4548,The woman is sitting on the windowsill.,False,0.7435978651046753
t2i,The woman is sitting on the windowsill.,11302,11302,The woman is sitting on the windowsill.,True,0.8612889647483826
t2i,The woman is sitting on the windowsill.,12504,12504,The woman is sitting on the windowsill.,False,0.366912841796875
t2i,The woman is sitting on the windowsill.,753,753,The woman is sitting on the windowsill.,False,0.8981561660766602
t2i,The woman is sitting on the windowsill.,5860,5860,The woman is sitting on the windowsill.,True,0.4515532851219177
t2i,The woman is sitting on the windowsill.,9874,9874,The woman is sitting on the windowsill.,False,0.8187057971954346
t2i,The woman is sitting on the windowsill.,6412,6412,The woman is sitting on the windowsill.,False,0.6481156945228577
t2i,A man stands on a sail boat.,7584,7584,A man stands on a sail boat.,False,0.06030020862817764
t2i,A man stands on a sail boat.,5399,5399,A man stands on a sail boat.,False,0.8022492527961731
t2i,A man stands on a sail boat.,8646,8646,A man stands on a sail boat.,False,0.05571426823735237
t2i,A man stands on a sail boat.,12674,12674,A man stands on a sail boat.,False,0.05669515207409859
t2i,A man stands on a sail boat.,6104,6104,A man stands on a sail boat.,True,0.6770554780960083
t2i,A man stands on a sail boat.,11017,11017,A man stands on a sail boat.,False,0.5353118181228638
t2i,A man stands on a sail boat.,13817,13817,A man stands on a sail boat.,False,0.43726596236228943
t2i,A man stands on a sail boat.,10959,10959,A man stands on a sail boat.,True,0.9123724699020386
t2i,A man stands on a sail boat.,3300,3300,A man stands on a sail boat.,False,0.17563851177692413
t2i,A man stands on a sail boat.,7854,7854,A man stands on a sail boat.,False,0.9672460556030273
t2i,A man stands on a sail boat.,13181,13181,A man stands on a sail boat.,False,0.003272224683314562
t2i,A man stands on a sail boat.,673,673,A man stands on a sail boat.,False,0.6400409936904907
t2i,A man stands on a sail boat.,11943,11943,A man stands on a sail boat.,False,0.6691133379936218
t2i,A man stands on a sail boat.,12419,12419,A man stands on a sail boat.,True,0.9917194843292236
t2i,A man stands on a sail boat.,681,681,A man stands on a sail boat.,False,0.6366695761680603
t2i,A man stands on a sail boat.,2699,2699,A man stands on a sail boat.,False,0.40491533279418945
t2i,A man stands on a sail boat.,4003,4003,A man stands on a sail boat.,False,0.944857656955719
t2i,A man stands on a sail boat.,4101,4101,A man stands on a sail boat.,True,0.7897172570228577
t2i,A man stands on a sail boat.,28,28,A man stands on a sail boat.,False,0.10734793543815613
t2i,A man stands on a sail boat.,1438,1438,A man stands on a sail boat.,False,0.9840483665466309
t2i,A man stands on a sail boat.,7570,7570,A man stands on a sail boat.,False,0.7555862069129944
t2i,A man stands on a sail boat.,4095,4095,A man stands on a sail boat.,False,0.8650680184364319
t2i,A man stands on a sail boat.,7036,7036,A man stands on a sail boat.,True,0.767964243888855
t2i,A man stands on a sail boat.,6941,6941,A man stands on a sail boat.,True,0.8416620492935181
t2i,A man stands on a sail boat.,8000,8000,A man stands on a sail boat.,True,0.27168890833854675
t2i,A man stands on a sail boat.,5924,5924,A man stands on a sail boat.,True,0.850572407245636
t2i,A man stands on a sail boat.,12818,12818,A man stands on a sail boat.,False,0.6759662628173828
t2i,A man stands on a sail boat.,11902,11902,A man stands on a sail boat.,True,0.7879424095153809
t2i,A man stands on a sail boat.,8969,8969,A man stands on a sail boat.,True,0.5458245873451233
t2i,A man stands on a sail boat.,12744,12744,A man stands on a sail boat.,False,0.35620561242103577
t2i,A man stands on a sail boat.,5091,5091,A man stands on a sail boat.,False,0.6052982211112976
t2i,Girl is standing in the grass.,7007,7007,Girl is standing in the grass.,False,0.6186947226524353
t2i,Girl is standing in the grass.,8204,8204,Girl is standing in the grass.,False,0.4858585596084595
t2i,Girl is standing in the grass.,7966,7966,Girl is standing in the grass.,False,0.6548643708229065
t2i,Girl is standing in the grass.,3018,3018,Girl is standing in the grass.,False,0.4344474971294403
t2i,Girl is standing in the grass.,2938,2938,Girl is standing in the grass.,True,0.3442590534687042
t2i,Girl is standing in the grass.,2353,2353,Girl is standing in the grass.,False,0.2868900001049042
t2i,Girl is standing in the grass.,257,257,Girl is standing in the grass.,False,0.43560120463371277
t2i,Girl is standing in the grass.,8903,8903,Girl is standing in the grass.,True,0.36837464570999146
t2i,Girl is standing in the grass.,13038,13038,Girl is standing in the grass.,False,0.07465726137161255
t2i,Girl is standing in the grass.,9319,9319,Girl is standing in the grass.,False,0.2945953905582428
t2i,Girl is standing in the grass.,9304,9304,Girl is standing in the grass.,True,0.03262491896748543
t2i,Girl is standing in the grass.,3470,3470,Girl is standing in the grass.,False,0.013367187231779099
t2i,Girl is standing in the grass.,11377,11377,Girl is standing in the grass.,False,0.030893994495272636
t2i,Girl is standing in the grass.,6072,6072,Girl is standing in the grass.,True,0.1957794576883316
t2i,Girl is standing in the grass.,6428,6428,Girl is standing in the grass.,False,0.6580772399902344
t2i,Girl is standing in the grass.,4957,4957,Girl is standing in the grass.,False,0.07748747617006302
t2i,Girl is standing in the grass.,7586,7586,Girl is standing in the grass.,False,0.003439322579652071
t2i,Girl is standing in the grass.,3579,3579,Girl is standing in the grass.,False,0.4601823687553406
t2i,Girl is standing in the grass.,9631,9631,Girl is standing in the grass.,True,0.8127331137657166
t2i,Girl is standing in the grass.,13144,13144,Girl is standing in the grass.,False,0.4534485340118408
t2i,Girl is standing in the grass.,652,652,Girl is standing in the grass.,True,0.18467316031455994
t2i,Girl is standing in the grass.,2086,2086,Girl is standing in the grass.,False,0.6685478091239929
t2i,Girl is standing in the grass.,5315,5315,Girl is standing in the grass.,False,0.2346145212650299
t2i,Girl is standing in the grass.,2390,2390,Girl is standing in the grass.,False,0.6013302803039551
t2i,Girl is standing in the grass.,2393,2393,Girl is standing in the grass.,False,0.23686781525611877
t2i,Girl is standing in the grass.,9851,9851,Girl is standing in the grass.,True,0.5911511778831482
t2i,Girl is standing in the grass.,1721,1721,Girl is standing in the grass.,False,0.06395149976015091
t2i,Girl is standing in the grass.,1480,1480,Girl is standing in the grass.,False,0.19385744631290436
t2i,Girl is standing in the grass.,2461,2461,Girl is standing in the grass.,False,0.007923190481960773
t2i,Girl is standing in the grass.,13908,13908,Girl is standing in the grass.,False,0.00972117017954588
t2i,Girl is standing in the grass.,11008,11008,Girl is standing in the grass.,False,0.16233010590076447
t2i,Girl is standing in the grass.,3308,3308,Girl is standing in the grass.,False,0.040972750633955
t2i,Girl is standing in the grass.,9402,9402,Girl is standing in the grass.,False,0.09641607105731964
t2i,Girl is standing in the grass.,342,342,Girl is standing in the grass.,False,0.026377135887742043
t2i,Girl is standing in the grass.,10304,10304,Girl is standing in the grass.,False,0.1923767626285553
t2i,Girl is standing in the grass.,4432,4432,Girl is standing in the grass.,False,0.237923264503479
t2i,Girl is standing in the grass.,8775,8775,Girl is standing in the grass.,False,0.775646984577179
t2i,Girl is standing in the grass.,82,82,Girl is standing in the grass.,False,0.2337956726551056
t2i,Girl is standing in the grass.,7807,7807,Girl is standing in the grass.,True,0.47951987385749817
t2i,Girl is standing in the grass.,9968,9968,Girl is standing in the grass.,False,0.05843043699860573
t2i,Girl is standing in the grass.,5962,5962,Girl is standing in the grass.,True,0.9053804874420166
t2i,Girl is standing in the grass.,7991,7991,Girl is standing in the grass.,True,0.37387344241142273
t2i,Girl is standing in the grass.,0,0,Girl is standing in the grass.,True,0.48750102519989014
t2i,Girl is standing in the grass.,3947,3947,Girl is standing in the grass.,True,0.5262297987937927
t2i,Girl is standing in the grass.,11198,11198,Girl is standing in the grass.,False,0.41416624188423157
t2i,Girl is standing in the grass.,675,675,Girl is standing in the grass.,False,0.34145990014076233
t2i,Girl is standing in the grass.,8098,8098,Girl is standing in the grass.,False,0.41633930802345276
t2i,Girl is standing in the grass.,789,789,Girl is standing in the grass.,False,0.3711906373500824
t2i,Girl is standing in the grass.,4251,4251,Girl is standing in the grass.,False,0.33181262016296387
t2i,Girl is standing in the grass.,3009,3009,Girl is standing in the grass.,True,0.6093583703041077
t2i,Girl is standing in the grass.,3105,3105,Girl is standing in the grass.,False,0.28499871492385864
t2i,A person walks down a road towards a motorcycle.,10816,10816,A person walks down a road towards a motorcycle.,False,4.85755990666803e-05
t2i,A person walks down a road towards a motorcycle.,7722,7722,A person walks down a road towards a motorcycle.,False,0.00013527767441701144
t2i,A person walks down a road towards a motorcycle.,12655,12655,A person walks down a road towards a motorcycle.,False,3.9748745621182024e-05
t2i,A person walks down a road towards a motorcycle.,6118,6118,A person walks down a road towards a motorcycle.,False,3.652441955637187e-05
t2i,A person walks down a road towards a motorcycle.,4470,4470,A person walks down a road towards a motorcycle.,True,0.0003602624055929482
t2i,A person walks down a road towards a motorcycle.,6119,6119,A person walks down a road towards a motorcycle.,False,3.831170397461392e-05
t2i,A person walks down a road towards a motorcycle.,5303,5303,A person walks down a road towards a motorcycle.,False,7.419387839036062e-05
t2i,A person walks down a road towards a motorcycle.,8790,8790,A person walks down a road towards a motorcycle.,True,6.184467929415405e-05
t2i,A person walks down a road towards a motorcycle.,10276,10276,A person walks down a road towards a motorcycle.,False,4.991319656255655e-05
t2i,A person walks down a road towards a motorcycle.,3581,3581,A person walks down a road towards a motorcycle.,False,2.7344536647433415e-05
t2i,A person walks down a road towards a motorcycle.,7747,7747,A person walks down a road towards a motorcycle.,True,0.00031424136250279844
t2i,A person walks down a road towards a motorcycle.,3165,3165,A person walks down a road towards a motorcycle.,False,2.5107434339588508e-05
t2i,A person walks down a road towards a motorcycle.,420,420,A person walks down a road towards a motorcycle.,False,6.204339297255501e-05
t2i,A person walks down a road towards a motorcycle.,569,569,A person walks down a road towards a motorcycle.,False,0.0008707444067113101
t2i,A person walks down a road towards a motorcycle.,10540,10540,A person walks down a road towards a motorcycle.,True,0.00015990750398486853
t2i,A person walks down a road towards a motorcycle.,8964,8964,A person walks down a road towards a motorcycle.,False,0.00023512012558057904
t2i,A person walks down a road towards a motorcycle.,5755,5755,A person walks down a road towards a motorcycle.,False,0.00045140081783756614
t2i,A person walks down a road towards a motorcycle.,2773,2773,A person walks down a road towards a motorcycle.,False,0.0004464861995074898
t2i,A person walks down a road towards a motorcycle.,1051,1051,A person walks down a road towards a motorcycle.,False,0.0004643280990421772
t2i,A person walks down a road towards a motorcycle.,2027,2027,A person walks down a road towards a motorcycle.,False,8.122462168103084e-05
t2i,A person walks down a road towards a motorcycle.,6697,6697,A person walks down a road towards a motorcycle.,True,6.165201921248809e-05
t2i,A person walks down a road towards a motorcycle.,11422,11422,A person walks down a road towards a motorcycle.,False,0.00013089680578559637
t2i,A person walks down a road towards a motorcycle.,1292,1292,A person walks down a road towards a motorcycle.,False,0.004801846109330654
t2i,A person walks down a road towards a motorcycle.,2104,2104,A person walks down a road towards a motorcycle.,True,0.0001328104845015332
t2i,A person walks down a road towards a motorcycle.,12416,12416,A person walks down a road towards a motorcycle.,False,0.0017953166970983148
t2i,A person walks down a road towards a motorcycle.,6014,6014,A person walks down a road towards a motorcycle.,False,0.00018765369895845652
t2i,A person walks down a road towards a motorcycle.,10935,10935,A person walks down a road towards a motorcycle.,False,0.00015364648425020278
t2i,A person walks down a road towards a motorcycle.,7832,7832,A person walks down a road towards a motorcycle.,False,3.6368222936289385e-05
t2i,A person walks down a road towards a motorcycle.,12102,12102,A person walks down a road towards a motorcycle.,False,7.050568092381582e-05
t2i,A person walks down a road towards a motorcycle.,9370,9370,A person walks down a road towards a motorcycle.,False,0.0008035650826059282
t2i,A person walks down a road towards a motorcycle.,1452,1452,A person walks down a road towards a motorcycle.,True,0.00018837077368516475
t2i,A person walks down a road towards a motorcycle.,2346,2346,A person walks down a road towards a motorcycle.,False,9.225524263456464e-05
t2i,A person walks down a road towards a motorcycle.,398,398,A person walks down a road towards a motorcycle.,False,5.5544835049659014e-05
t2i,A person walks down a road towards a motorcycle.,523,523,A person walks down a road towards a motorcycle.,False,0.00012918228458147496
t2i,A man climns a wall.,6073,6073,A man climns a wall.,False,0.024508045986294746
t2i,A man climns a wall.,13798,13798,A man climns a wall.,False,0.034291207790374756
t2i,A man climns a wall.,13335,13335,A man climns a wall.,False,0.012981190346181393
t2i,A man climns a wall.,12240,12240,A man climns a wall.,False,0.19671840965747833
t2i,A man climns a wall.,235,235,A man climns a wall.,True,0.007411806844174862
t2i,A man climns a wall.,10110,10110,A man climns a wall.,False,0.010205614380538464
t2i,A man climns a wall.,603,603,A man climns a wall.,False,0.003330476116389036
t2i,A man climns a wall.,5443,5443,A man climns a wall.,True,0.0031252081971615553
t2i,A man climns a wall.,9089,9089,A man climns a wall.,False,0.001870574546046555
t2i,A man climns a wall.,5535,5535,A man climns a wall.,False,0.013368046842515469
t2i,A man climns a wall.,198,198,A man climns a wall.,True,0.04224894940853119
t2i,A man climns a wall.,7806,7806,A man climns a wall.,False,0.28233101963996887
t2i,A man climns a wall.,267,267,A man climns a wall.,False,0.041763726621866226
t2i,A man climns a wall.,10714,10714,A man climns a wall.,False,0.4126203656196594
t2i,A man climns a wall.,3608,3608,A man climns a wall.,True,0.08268987387418747
t2i,A man climns a wall.,5978,5978,A man climns a wall.,False,0.02659410983324051
t2i,A man climns a wall.,8977,8977,A man climns a wall.,False,0.02223040722310543
t2i,A man climns a wall.,11818,11818,A man climns a wall.,False,0.03098754584789276
t2i,A man climns a wall.,6036,6036,A man climns a wall.,False,0.00405677268281579
t2i,A man climns a wall.,8027,8027,A man climns a wall.,False,0.45938166975975037
t2i,A man climns a wall.,101,101,A man climns a wall.,False,0.1547374427318573
t2i,A man climns a wall.,9824,9824,A man climns a wall.,True,0.19078682363033295
t2i,A man climns a wall.,9932,9932,A man climns a wall.,False,0.2345982939004898
t2i,A man climns a wall.,1056,1056,A man climns a wall.,False,0.1928340047597885
t2i,A man climns a wall.,8894,8894,A man climns a wall.,False,0.017592115327715874
t2i,A man climns a wall.,9092,9092,A man climns a wall.,True,0.09293291717767715
t2i,A man climns a wall.,3766,3766,A man climns a wall.,True,0.07757403701543808
t2i,A man climns a wall.,2849,2849,A man climns a wall.,True,0.024450980126857758
t2i,A man climns a wall.,5119,5119,A man climns a wall.,True,0.08644405007362366
t2i,A man climns a wall.,13251,13251,A man climns a wall.,True,0.219458669424057
t2i,A man climns a wall.,10692,10692,A man climns a wall.,True,0.027960503473877907
t2i,A man climns a wall.,11156,11156,A man climns a wall.,False,0.014016570523381233
t2i,A man climns a wall.,7044,7044,A man climns a wall.,True,0.15259619057178497
t2i,A man climns a wall.,5298,5298,A man climns a wall.,True,0.029002448543906212
t2i,A man climns a wall.,12342,12342,A man climns a wall.,True,0.00465133972465992
t2i,A man climns a wall.,5169,5169,A man climns a wall.,False,0.08155586570501328
t2i,A man climns a wall.,6329,6329,A man climns a wall.,False,0.09378842264413834
t2i,A man climns a wall.,6342,6342,A man climns a wall.,False,0.03743976354598999
t2i,A man climns a wall.,7000,7000,A man climns a wall.,True,0.11124111711978912
t2i,A man climns a wall.,10691,10691,A man climns a wall.,True,0.2954857051372528
i2t,221,girl sits on ball,221,girl sits on ball,True,0.022128688171505928
i2t,221,Girl sits on a ball.,221,Girl sits on a ball.,True,0.7617648839950562
i2t,221,A girl sits on a ball.,221,A girl sits on a ball.,True,0.28936150670051575
i2t,221,this person makes the image,221,this person makes the image,False,0.6172432899475098
i2t,221,A woman is sitting on a ball.,221,A woman is sitting on a ball.,True,0.02410151995718479
i2t,221,A girl sitting on a ball.,221,A girl sitting on a ball.,True,0.3071613311767578
i2t,221,girl sit on the groung,221,girl sit on the groung,False,0.0098037701100111
i2t,221,A girl sits on a soccer ball.,221,A girl sits on a soccer ball.,False,0.3516783118247986
i2t,221,The girl played with the ball.,221,The girl played with the ball.,False,0.07141844183206558
i2t,221,A person is playing with the ball.,221,A person is playing with the ball.,False,0.00021969851513858885
i2t,221,the girl sits in the pool,221,the girl sits in the pool,False,0.10042723268270493
i2t,221,The girl can sit with no background.,221,The girl can sit with no background.,True,0.8647946119308472
i2t,221,"woman, ball, outside",221,"woman, ball, outside",False,0.005998427513986826
i2t,221,One girl enjoy in a beach.,221,One girl enjoy in a beach.,False,0.001558192539960146
i2t,221,The woman sits on the floor.,221,The woman sits on the floor.,False,0.2181074023246765
i2t,221,The girl sits on the blanket.,221,The girl sits on the blanket.,False,0.37362468242645264
i2t,221,A woman sit on the mat,221,A woman sit on the mat,False,0.3987956643104553
i2t,221,A woman sitting on a mat,221,A woman sitting on a mat,False,0.12042280286550522
i2t,221,The woman sits on the table.,221,The woman sits on the table.,False,0.21208123862743378
i2t,221,A girl sitting on the ground.,221,A girl sitting on the ground.,False,0.14205050468444824
i2t,221,The woman lays on the floor.,221,The woman lays on the floor.,False,0.26933568716049194
i2t,221,A woman sitting on a mat.,221,A woman sitting on a mat.,False,0.1283821016550064
i2t,221,A girl plays with the ball.,221,A girl plays with the ball.,False,0.29532432556152344
i2t,221,A girl plays with a ball.,221,A girl plays with a ball.,False,0.367594838142395
i2t,221,A girl enjoys her time at the beach.,221,A girl enjoys her time at the beach.,False,0.2828633487224579
i2t,221,A girl enjoys the beach.,221,A girl enjoys the beach.,False,0.270571231842041
i2t,221,girl lie on the beach,221,girl lie on the beach,False,0.3761664628982544
i2t,221,The girl is enjoying the beach.,221,The girl is enjoying the beach.,False,0.008902779780328274
i2t,221,A girl is enjoying the beach.,221,A girl is enjoying the beach.,False,0.060845997184515
i2t,221,The girl smiles in front of the pool.,221,The girl smiles in front of the pool.,False,0.22727541625499725
i2t,221,Girls enjoying a beach.,221,Girls enjoying a beach.,False,0.000277260405709967
i2t,221,A girl lying on the beach.,221,A girl lying on the beach.,False,0.3729243874549866
i2t,221,A girl lies on the beach.,221,A girl lies on the beach.,False,0.2540912926197052
i2t,221,A woman enjoys the beach.,221,A woman enjoys the beach.,False,0.19637398421764374
i2t,221,A woman is enjoying the beach.,221,A woman is enjoying the beach.,False,0.055210329592227936
i2t,221,A woman enjoys time at the beach.,221,A woman enjoys time at the beach.,False,0.18004831671714783
i2t,221,The woman enjoys the beach.,221,The woman enjoys the beach.,False,0.060680191963911057
i2t,221,A person plays with a ball on the beach.,221,A person plays with a ball on the beach.,False,0.00920563843101263
i2t,103,A PICTURE OF A TEAM PLAYER BRINGS UNITY,103,A PICTURE OF A TEAM PLAYER BRINGS UNITY,False,0.0059660328552126884
i2t,103,People assist a person.,103,People assist a person.,True,0.19609658420085907
i2t,103,A group of people run as a team,103,A group of people run as a team,False,0.015796061605215073
i2t,103,A team player runs in the game.,103,A team player runs in the game.,False,0.005174017511308193
i2t,103,A person takes a team.,103,A person takes a team.,False,0.7600964307785034
i2t,103,A person can bring up an emotion with a photo.,103,A person can bring up an emotion with a photo.,False,0.017914600670337677
i2t,103,people make a team.,103,people make a team.,True,0.041994608938694
i2t,103,Picture taken of a soldier,103,Picture taken of a soldier,True,0.44444021582603455
i2t,103,The nurse pushed the patient.,103,The nurse pushed the patient.,False,0.0011370254214853048
i2t,103,Nurses assist their patient.,103,Nurses assist their patient.,False,0.005738701671361923
i2t,103,A person meets a soldier.,103,A person meets a soldier.,False,0.46334517002105713
i2t,103,Army team shoot some terrorists.,103,Army team shoot some terrorists.,False,0.2740383744239807
i2t,103,A photographer is taking a picture of soldiers.,103,A photographer is taking a picture of soldiers.,False,0.0065656546503305435
i2t,103,person meets soldiers,103,person meets soldiers,False,0.7914617657661438
i2t,103,A person meets with a soldier.,103,A person meets with a soldier.,False,0.6245526671409607
i2t,103,These soldiers are walking in the road.,103,These soldiers are walking in the road.,False,0.0009691672748886049
i2t,103,Several soldiers walk in a field.,103,Several soldiers walk in a field.,True,0.007283310871571302
i2t,103,A group of soldiers carry a flag outside.,103,A group of soldiers carry a flag outside.,False,0.0378338024020195
i2t,103,Soldiers are walking down the street.,103,Soldiers are walking down the street.,False,0.14092737436294556
i2t,103,The person enters the season.,103,The person enters the season.,False,0.5086583495140076
i2t,103,the game is very interest.,103,the game is very interest.,False,0.2627529501914978
i2t,103,A team is participating in a drill.,103,A team is participating in a drill.,False,0.3790247142314911
i2t,103,Men are walking on a trail.,103,Men are walking on a trail.,False,0.06353917717933655
i2t,103,The person leads the shoot team.,103,The person leads the shoot team.,False,0.6850203275680542
i2t,103,This team could take the game.,103,This team could take the game.,False,0.30350711941719055
i2t,103,A person takes a hit.,103,A person takes a hit.,False,0.2582768201828003
i2t,103,there is a soldier standing in the front.,103,there is a soldier standing in the front.,False,0.00010282337461831048
i2t,103,The soldiers stand in front,103,The soldiers stand in front,True,0.2549872100353241
i2t,103,Players pose as a team.,103,Players pose as a team.,False,0.038192685693502426
i2t,103,A person coaches a team.,103,A person coaches a team.,False,0.05796738713979721
i2t,103,A soldier walks the field.,103,A soldier walks the field.,True,0.06936474144458771
i2t,103,The soldiers are walking down the road.,103,The soldiers are walking down the road.,True,0.007920041680335999
i2t,103,Soldiers walk down the street.,103,Soldiers walk down the street.,True,0.12657907605171204
i2t,4819,Man want to run on the road,4819,Man want to run on the road,False,0.3706935942173004
i2t,4819,this person makes the image,4819,this person makes the image,False,0.8594585657119751
i2t,4819,The man ran on the street.,4819,The man ran on the street.,True,0.6486544609069824
i2t,4819,A person run in the city,4819,A person run in the city,True,0.7742909789085388
i2t,4819,The man runs down the street.,4819,The man runs down the street.,True,0.5882478356361389
i2t,4819,man run on the road,4819,man run on the road,False,0.5843744277954102
i2t,4819,a person takes a jump,4819,a person takes a jump,True,0.3306201994419098
i2t,4819,A man runs in the street,4819,A man runs in the street,True,0.6147010922431946
i2t,4819,The player leaped in the air,4819,The player leaped in the air,False,0.02617236040532589
i2t,4819,A person goes up a street.,4819,A person goes up a street.,False,0.5729620456695557
i2t,4819,A man runs through the city.,4819,A man runs through the city.,True,0.9019391536712646
i2t,4819,A man runs on the street.,4819,A man runs on the street.,True,0.849565863609314
i2t,4819,A man running in the street.,4819,A man running in the street.,True,0.44403597712516785
i2t,4819,A man runs in the city.,4819,A man runs in the city.,True,0.8861204385757446
i2t,4819,A person runs on the street,4819,A person runs on the street,True,0.5417210459709167
i2t,4819,A person runs in the city.,4819,A person runs in the city.,True,0.9476223587989807
i2t,4819,A person takes a run on street,4819,A person takes a run on street,True,0.9266775846481323
i2t,4819,The person runs on the street.,4819,The person runs on the street.,True,0.9085256457328796
i2t,4819,A person traveling the city.,4819,A person traveling the city.,False,0.9577756524085999
i2t,4819,A girl is running on the street.,4819,A girl is running on the street.,False,0.9185419082641602
i2t,4819,A girl running on the street.,4819,A girl running on the street.,False,0.7618135213851929
i2t,4819,A woman running on the street.,4819,A woman running on the street.,False,0.6180446743965149
i2t,4819,A person plays in the street,4819,A person plays in the street,False,0.3918067514896393
i2t,4819,A child running in the street.,4819,A child running in the street.,False,0.45338165760040283
i2t,4819,The kid will run on the street.,4819,The kid will run on the street.,False,0.8882949352264404
i2t,4819,a man jumping in the background,4819,a man jumping in the background,True,0.43759793043136597
i2t,4819,A person wander in the street,4819,A person wander in the street,False,0.39870700240135193
i2t,4819,A person walks in the background.,4819,A person walks in the background.,False,0.005680717062205076
i2t,4819,The person quickly goes across the street.,4819,The person quickly goes across the street.,False,0.05633455514907837
i2t,4819,person see a street,4819,person see a street,False,0.03462449461221695
i2t,4819,A man is jumping in the background.,4819,A man is jumping in the background.,True,0.20649804174900055
i2t,4819,The boy runs on the street.,4819,The boy runs on the street.,True,0.33208537101745605
i2t,4819,The kid runs on the street.,4819,The kid runs on the street.,False,0.6595648527145386
i2t,4819,A child runs toward the street.,4819,A child runs toward the street.,False,0.49637097120285034
i2t,4819,Boy running on the road,4819,Boy running on the road,False,0.4088353216648102
i2t,4819,A kid is running in the street.,4819,A kid is running in the street.,False,0.4490409195423126
i2t,4819,A person models how to run down a street.,4819,A person models how to run down a street.,False,0.3250579833984375
i2t,4819,A kid runs down the street.,4819,A kid runs down the street.,False,0.4312519431114197
i2t,4819,A person running in the city.,4819,A person running in the city.,True,0.4604553282260895
i2t,4819,person running in street,4819,person running in street,True,0.00040725170401856303
i2t,3076,"The boat is floating on the water,",3076,"The boat is floating on the water,",True,0.0011520249536260962
i2t,3076,A ship is docked at a harbor,3076,A ship is docked at a harbor,True,0.31277838349342346
i2t,3076,the ship will  dock at port,3076,the ship will  dock at port,True,0.2018800526857376
i2t,3076,boat dock on the port,3076,boat dock on the port,True,0.9839381575584412
i2t,3076,The boat is docked in the harbour.,3076,The boat is docked in the harbour.,True,0.7717118263244629
i2t,3076,The boat sailed in the harbor.,3076,The boat sailed in the harbor.,True,0.6694689393043518
i2t,3076,A person posting a picture.,3076,A person posting a picture.,False,0.006174727808684111
i2t,3076,Ship is docked at a harbour.,3076,Ship is docked at a harbour.,True,0.7907999157905579
i2t,3076,The person displays one image.,3076,The person displays one image.,False,3.54814255842939e-05
i2t,3076,A ship is docked at a harbor.,3076,A ship is docked at a harbor.,True,0.423086017370224
i2t,3076,a boat mooring on the lake,3076,a boat mooring on the lake,False,0.6692448854446411
i2t,3076,boats moored in marina,3076,boats moored in marina,True,0.0242824237793684
i2t,3076,Boats dock at a harbor.,3076,Boats dock at a harbor.,True,0.9515982866287231
i2t,3076,Boats moor in the harbor.,3076,Boats moor in the harbor.,True,0.8607412576675415
i2t,3076,Boat moored at a dock,3076,Boat moored at a dock,True,0.7676430344581604
i2t,3076,A boat docks near a beach.,3076,A boat docks near a beach.,False,0.41230157017707825
i2t,3076,A boat tied up at the harbor.,3076,A boat tied up at the harbor.,True,0.41013413667678833
i2t,3076,"Boats, at a marina.",3076,"Boats, at a marina.",True,0.000838884967379272
i2t,3076,Boats docked at a port.,3076,Boats docked at a port.,True,0.7526084184646606
i2t,3076,Boats are moored in the lake.,3076,Boats are moored in the lake.,False,0.9814779758453369
i2t,3076,a woman is walking by the pier,3076,a woman is walking by the pier,False,0.5090782642364502
i2t,3076,Boats are docked in a harbour,3076,Boats are docked in a harbour,True,0.6262195706367493
i2t,3076,The woman is standing on the pier.,3076,The woman is standing on the pier.,False,0.18113858997821808
i2t,3076,A woman is standing on a pier.,3076,A woman is standing on a pier.,False,0.6314572691917419
i2t,3076,The woman stands on the pier.,3076,The woman stands on the pier.,False,0.6025243401527405
i2t,3076,A man walking on the pier.,3076,A man walking on the pier.,False,0.4591790437698364
i2t,3076,The man is sitting on the dock.,3076,The man is sitting on the dock.,False,0.26498979330062866
i2t,3076,Many boats are moored at the marina.,3076,Many boats are moored at the marina.,True,0.801815927028656
i2t,3076,A few sail boats are in a sea.,3076,A few sail boats are in a sea.,True,0.00039586983621120453
i2t,3076,The person will stand on the pier.,3076,The person will stand on the pier.,False,0.29176411032676697
i2t,3076,The man will walk on the pier.,3076,The man will walk on the pier.,False,0.5174849629402161
i2t,3076,Some boats are mooring by the sea.,3076,Some boats are mooring by the sea.,False,0.42293745279312134
i2t,3076,Ships are docked on the port.,3076,Ships are docked on the port.,True,0.9209475517272949
i2t,3076,People are standing in the pier.,3076,People are standing in the pier.,False,0.23184190690517426
i2t,3076,"The boat is docked at the pier, and the moor is visible.",3076,"The boat is docked at the pier, and the moor is visible.",True,0.5662501454353333
i2t,3076,Boats sit at a pier,3076,Boats sit at a pier,True,0.8486124873161316
i2t,3076,A boat is moored in a jetty.,3076,A boat is moored in a jetty.,True,0.7146953344345093
i2t,3076,Yachts docked at a marina,3076,Yachts docked at a marina,True,0.6866666078567505
i2t,3076,Boats moored in a quay,3076,Boats moored in a quay,True,0.714689314365387
i2t,3076,A boat sits off the moor by the dock.,3076,A boat sits off the moor by the dock.,True,0.2794799208641052
i2t,3076,A group of yachts are moored at the marina.,3076,A group of yachts are moored at the marina.,True,0.8311012387275696
i2t,3084,A child and parent is walking in the forest.,3084,A child and parent is walking in the forest.,True,0.6885581016540527
i2t,3084,A person can bring up an emotion with a photo.,3084,A person can bring up an emotion with a photo.,False,0.0183817557990551
i2t,3084,The person displays one image.,3084,The person displays one image.,False,4.1164126741932705e-05
i2t,3084,People capture photographs.,3084,People capture photographs.,False,6.875513645354658e-05
i2t,3084,Kids take a walk in the forest.,3084,Kids take a walk in the forest.,False,0.9088854193687439
i2t,3084,A mother is walking in the forest.,3084,A mother is walking in the forest.,True,0.8324503302574158
i2t,3084,A woman is hiking in the forest.,3084,A woman is hiking in the forest.,True,0.5158741474151611
i2t,3084,Children walk hand in hand,3084,Children walk hand in hand,False,0.8481633067131042
i2t,3084,A woman is hiking on a trail.,3084,A woman is hiking on a trail.,True,0.7488247752189636
i2t,3084,The person takes photographs,3084,The person takes photographs,False,3.868245767080225e-05
i2t,3084,Children walking in the forest,3084,Children walking in the forest,True,0.6189771890640259
i2t,3084,Children walking in the forest.,3084,Children walking in the forest.,True,0.7459583282470703
i2t,3084,A kid goes for a walk in the forest.,3084,A kid goes for a walk in the forest.,True,0.4893990159034729
i2t,3084,The woman and her son walk along the trail.,3084,The woman and her son walk along the trail.,True,0.6890921592712402
i2t,3084,A couple hike in the forest,3084,A couple hike in the forest,False,0.4423140287399292
i2t,3084,A father and daughter walk in the forest,3084,A father and daughter walk in the forest,False,0.6702747941017151
i2t,3084,A kid walks in the forest.,3084,A kid walks in the forest.,True,0.34468409419059753
i2t,3084,boy walking in forest,3084,boy walking in forest,True,0.00035779463360086083
i2t,3084,Men are walking on a trail.,3084,Men are walking on a trail.,False,0.8712230920791626
i2t,3084,person walk in the forest,3084,person walk in the forest,True,0.9641479849815369
i2t,3084,People walking through the forest.,3084,People walking through the forest.,True,0.8104037046432495
i2t,3084,A person walking in the woods.,3084,A person walking in the woods.,True,0.06964588910341263
i2t,3084,The girl is carry a bucket of water.,3084,The girl is carry a bucket of water.,False,0.8647471070289612
i2t,3084,A child is walking in the forest.,3084,A child is walking in the forest.,True,0.587620198726654
i2t,3084,A person hikes in the woods.,3084,A person hikes in the woods.,True,0.1734398603439331
i2t,3084,Men hike on a trail.,3084,Men hike on a trail.,False,0.6325715780258179
i2t,3084,A couple are walking in a forest.,3084,A couple are walking in a forest.,False,0.4119911193847656
i2t,3084,woman hike on the forest,3084,woman hike on the forest,True,0.10453406721353531
i2t,3084,A woman is trekking in a forest.,3084,A woman is trekking in a forest.,True,0.22903485596179962
i2t,3084,The woman hikes in the forest.,3084,The woman hikes in the forest.,True,0.10293181985616684
i2t,3084,A woman takes a hike through the forest.,3084,A woman takes a hike through the forest.,True,0.15368352830410004
i2t,3084,A woman hiking in the forest.,3084,A woman hiking in the forest.,True,0.17180509865283966
i2t,3084,Women trek through the forrest.,3084,Women trek through the forrest.,True,0.8888294696807861
i2t,3084,A woman hikes in a forest.,3084,A woman hikes in a forest.,True,0.12528498470783234
i2t,1191,The dog runs in a meadow.,1191,The dog runs in a meadow.,True,0.049325115978717804
i2t,1191,Dogs run in the meadow.,1191,Dogs run in the meadow.,True,0.600405216217041
i2t,1191,A dog runs in a field.,1191,A dog runs in a field.,True,0.06805451214313507
i2t,1191,A girls runs in the open field.,1191,A girls runs in the open field.,False,0.19279079139232635
i2t,1191,The animals run in the meadow.,1191,The animals run in the meadow.,True,0.06872600317001343
i2t,1191,is this puppy running in the field?,1191,is this puppy running in the field?,True,0.33963245153427124
i2t,1191,A dog runs in the meadow.,1191,A dog runs in the meadow.,True,0.17793293297290802
i2t,1191,An animal runs in a field.,1191,An animal runs in a field.,True,0.2799875736236572
i2t,1191,Dogs run through the park.,1191,Dogs run through the park.,False,0.5780008435249329
i2t,1191,The species runs in the meadow.,1191,The species runs in the meadow.,True,0.11543653905391693
i2t,1191,Two animals run down the meadow,1191,Two animals run down the meadow,True,0.05358099937438965
i2t,1191,A dog runs through the field.,1191,A dog runs through the field.,True,0.2272806465625763
i2t,1191,A dog runs through a meadow,1191,A dog runs through a meadow,True,0.07330246269702911
i2t,1191,A dog runs through a meadow.,1191,A dog runs through a meadow.,True,0.06291124224662781
i2t,1191,The dogs are sitting in the field.,1191,The dogs are sitting in the field.,False,0.19498887658119202
i2t,1191,The dogs sit in the field.,1191,The dogs sit in the field.,False,0.18183612823486328
i2t,1191,The dog is rolling in the grass.,1191,The dog is rolling in the grass.,False,0.3770510256290436
i2t,1191,The dog are walking across the grass.,1191,The dog are walking across the grass.,False,0.24848538637161255
i2t,1191,a dog is lying on the grass,1191,a dog is lying on the grass,False,0.38825350999832153
i2t,1191,A dog is resting in the grass,1191,A dog is resting in the grass,False,0.07783495634794235
i2t,1191,The puppy is laying in the background.,1191,The puppy is laying in the background.,False,0.04791436716914177
i2t,1191,Dogs are walking on a camera.,1191,Dogs are walking on a camera.,False,0.19295504689216614
i2t,1191,See the horse trot through the meadow?,1191,See the horse trot through the meadow?,False,0.5157838463783264
i2t,1191,Four dogs are running in a meadow.,1191,Four dogs are running in a meadow.,False,0.0020377899054437876
i2t,1191,A puppy runs through the meadow.,1191,A puppy runs through the meadow.,True,0.175954669713974
i2t,1191,Girls walk in a meadow.,1191,Girls walk in a meadow.,False,0.15338094532489777
i2t,1191,A dog stands in the grass near another dog.,1191,A dog stands in the grass near another dog.,False,0.001590056694112718
i2t,1191,The puppy is running in the meadow.,1191,The puppy is running in the meadow.,False,0.09550216794013977
i2t,1191,A puppy is running on the meadow.,1191,A puppy is running on the meadow.,False,0.0922941192984581
i2t,1191,a puppy runs in the meadow,1191,a puppy runs in the meadow,False,0.13799916207790375
i2t,792,the person is running in a Team,792,the person is running in a Team,True,0.0356559157371521
i2t,792,A team takes the ball from the other team.,792,A team takes the ball from the other team.,False,0.9393340349197388
i2t,792,A group of people run as a team,792,A group of people run as a team,True,0.26691415905952454
i2t,792,A PICTURE OF A TEAM PLAYER BRINGS UNITY,792,A PICTURE OF A TEAM PLAYER BRINGS UNITY,False,0.2777423858642578
i2t,792,A person runs as a player in competitive sport.,792,A person runs as a player in competitive sport.,True,0.23515252768993378
i2t,792,A team player runs in the game.,792,A team player runs in the game.,True,0.8720606565475464
i2t,792,the player out runs the other team,792,the player out runs the other team,False,0.8515654802322388
i2t,792,are those players starching at practice?,792,are those players starching at practice?,True,0.07923085987567902
i2t,792,People playing on a team.,792,People playing on a team.,True,0.942092776298523
i2t,792,"soccer, ball, men",792,"soccer, ball, men",True,0.008482907898724079
i2t,792,Soccer players using a ball,792,Soccer players using a ball,True,0.470064252614975
i2t,792,A person completes against other soccer players.,792,A person completes against other soccer players.,True,0.6657833456993103
i2t,792,Soccer players warming for a game,792,Soccer players warming for a game,True,0.9108119606971741
i2t,792,Players run for a football,792,Players run for a football,True,0.8672019243240356
i2t,792,A team plays on the field,792,A team plays on the field,True,0.8189985156059265
i2t,792,soccer players play,792,soccer players play,True,0.022407762706279755
i2t,792,football celebrate a football,792,football celebrate a football,False,0.02806127443909645
i2t,792,The team plays on the field.,792,The team plays on the field.,True,0.9196129441261292
i2t,792,Players playing on a field.,792,Players playing on a field.,True,0.7288742065429688
i2t,792,The player will go for the ball.,792,The player will go for the ball.,True,0.6875020265579224
i2t,792,A soccer player is saving the shot.,792,A soccer player is saving the shot.,False,0.7687579393386841
i2t,792,Players are running in the match,792,Players are running in the match,True,0.9353427886962891
i2t,792,The teammate will score a goal.,792,The teammate will score a goal.,False,0.9693330526351929
i2t,792,An athlete is kicking a ball.,792,An athlete is kicking a ball.,True,0.5420754551887512
i2t,792,The player cross the ball,792,The player cross the ball,False,0.9043238162994385
i2t,792,The player would not pass the ball.,792,The player would not pass the ball.,False,0.5428641438484192
i2t,792,A player fights for the ball during a soccer match.,792,A player fights for the ball during a soccer match.,True,0.20830035209655762
i2t,792,the footballer will kick the ball high,792,the footballer will kick the ball high,False,0.519664466381073
i2t,792,The football team is running.,792,The football team is running.,True,0.9555040597915649
i2t,792,team player throws,792,team player throws,False,0.0005641841562464833
i2t,792,The players are playing football.,792,The players are playing football.,True,0.6251125335693359
i2t,792,The player is vying for ball control from the other athlete.,792,The player is vying for ball control from the other athlete.,True,0.0005698777385987341
i2t,792,An athlete wins by scoring a goal in a soccer game.,792,An athlete wins by scoring a goal in a soccer game.,False,0.2112123817205429
i2t,792,Players run after a ball on the field.,792,Players run after a ball on the field.,True,0.43404850363731384
i2t,792,Two players chase the ball.,792,Two players chase the ball.,True,0.0003259953809902072
i2t,792,Players compete for the ball.,792,Players compete for the ball.,True,0.49783089756965637
i2t,792,People are playing soccer.,792,People are playing soccer.,True,0.0009746741852723062
i2t,792,Players run on a field.,792,Players run on a field.,True,0.32618141174316406
i2t,792,People Playing Soccer,792,People Playing Soccer,True,0.0007606061408296227
i2t,792,Soccer players run during a training session.,792,Soccer players run during a training session.,True,0.16489912569522858
i2t,792,The player passes the ball in the soccer match.,792,The player passes the ball in the soccer match.,True,0.24916085600852966
i2t,792,The midfielder runs with the soccer ball.,792,The midfielder runs with the soccer ball.,True,0.3437773287296295
i2t,792,A soccer player plays soccer.,792,A soccer player plays soccer.,True,0.9236065149307251
i2t,2462,this person makes the image,2462,this person makes the image,False,0.5270211696624756
i2t,2462,A man is jumping off a cliff.,2462,A man is jumping off a cliff.,True,0.8867892622947693
i2t,2462,The man is standing at the edge of a cliff.,2462,The man is standing at the edge of a cliff.,False,0.11549010872840881
i2t,2462,A person takes a step on their walk.,2462,A person takes a step on their walk.,False,0.013544044457376003
i2t,2462,the person is running in a Team,2462,the person is running in a Team,False,0.0008538125548511744
i2t,2462,a person takes a jump,2462,a person takes a jump,True,0.05868806317448616
i2t,2462,The person displays one image.,2462,The person displays one image.,False,3.8415499147959054e-05
i2t,2462,People look at it.,2462,People look at it.,False,0.00010572918108664453
i2t,2462,"In this photo, a person sends a message.",2462,"In this photo, a person sends a message.",False,0.044615618884563446
i2t,2462,A player wins the game,2462,A player wins the game,False,0.038053665310144424
i2t,2462,The man jumped across the mountain.,2462,The man jumped across the mountain.,False,0.33615270256996155
i2t,2462,A man jumps across a cliff in the sunset.,2462,A man jumps across a cliff in the sunset.,True,0.25910240411758423
i2t,2462,A  man jump in the mountain,2462,A  man jump in the mountain,False,0.20283833146095276
i2t,2462,A man jumping from one mountain top to another.,2462,A man jumping from one mountain top to another.,False,9.204365051118657e-05
i2t,2462,A man jumping between two mountains.,2462,A man jumping between two mountains.,False,0.00026744481874629855
i2t,2462,A man jumps on a mountain.,2462,A man jumps on a mountain.,False,0.19649013876914978
i2t,2462,A man jumps off a rock,2462,A man jumps off a rock,True,0.09567394852638245
i2t,2462,A man jumps off a rock.,2462,A man jumps off a rock.,True,0.11065726727247238
i2t,2462,a man walking on an edge,2462,a man walking on an edge,False,0.06175994500517845
i2t,2462,A man is running on a hill.,2462,A man is running on a hill.,False,0.4004700481891632
i2t,2462,a man jumping in the background,2462,a man jumping in the background,True,0.032699596136808395
i2t,2462,Boy is jumping from a rock.,2462,Boy is jumping from a rock.,True,0.5538727045059204
i2t,2462,A man is climbing a cliff.,2462,A man is climbing a cliff.,False,0.7531081438064575
i2t,2462,A person sitting on a cliff,2462,A person sitting on a cliff,False,0.02422301284968853
i2t,2462,A man is running up the hill.,2462,A man is running up the hill.,False,0.36264872550964355
i2t,2462,Man is standing on a hill.,2462,Man is standing on a hill.,False,0.36632421612739563
i2t,2462,A person jumps at the sea.,2462,A person jumps at the sea.,True,0.09237295389175415
i2t,2462,A man standing on top of a cliff,2462,A man standing on top of a cliff,False,0.1031084731221199
i2t,2462,The woman jumps the cliff.,2462,The woman jumps the cliff.,False,0.6371781826019287
i2t,2462,A man is jumping in the background.,2462,A man is jumping in the background.,True,0.015042269602417946
i2t,2462,A person jumps towards the sky.,2462,A person jumps towards the sky.,False,0.17446644604206085
i2t,2462,A man jumps on top of a mountain.,2462,A man jumps on top of a mountain.,False,0.16775402426719666
i2t,2462,A man jumps across some rocks on a mountain.,2462,A man jumps across some rocks on a mountain.,True,0.009558460675179958
i2t,2462,A silhouette of a person jumping on the beach.,2462,A silhouette of a person jumping on the beach.,True,0.016093123704195023
i2t,6633,A person can bring up an emotion with a photo.,6633,A person can bring up an emotion with a photo.,False,0.3725263178348541
i2t,6633,a person stretch the game,6633,a person stretch the game,False,0.048312291502952576
i2t,6633,The person runs from the game.,6633,The person runs from the game.,False,0.23912350833415985
i2t,6633,A person runs as a player in competitive sport.,6633,A person runs as a player in competitive sport.,False,0.14552712440490723
i2t,6633,The sun is rising in the sky,6633,The sun is rising in the sky,True,0.8561259508132935
i2t,6633,A person runs in the game.,6633,A person runs in the game.,False,0.4417721927165985
i2t,6633,One person communicates with another.,6633,One person communicates with another.,False,0.0009606512612663209
i2t,6633,the runner is runs a day,6633,the runner is runs a day,False,0.5445539951324463
i2t,6633,A person jumps towards the sky.,6633,A person jumps towards the sky.,True,0.9903059005737305
i2t,6633,Man want to run on the road,6633,Man want to run on the road,False,0.2778114080429077
i2t,6633,A woman is jumping in the sunset.,6633,A woman is jumping in the sunset.,True,0.9977712631225586
i2t,6633,A woman jumping during a sunset,6633,A woman jumping during a sunset,True,0.9945964217185974
i2t,6633,A man is jumping at sunset.,6633,A man is jumping at sunset.,False,0.9984097480773926
i2t,6633,The woman jumped when she aw the sunset.,6633,The woman jumped when she aw the sunset.,False,0.9977133274078369
i2t,6633,A person jumps in front of a background.,6633,A person jumps in front of a background.,True,0.32722774147987366
i2t,6633,girl jump in the air,6633,girl jump in the air,True,0.7114501595497131
i2t,6633,woman jumps in a field,6633,woman jumps in a field,True,0.9520941376686096
i2t,6633,A man jumps across a cliff in the sunset.,6633,A man jumps across a cliff in the sunset.,False,0.9082930684089661
i2t,6633,A girl jumps in a field.,6633,A girl jumps in a field.,True,0.9752105474472046
i2t,6633,A man is jumping in a field.,6633,A man is jumping in a field.,False,0.8544568419456482
i2t,6633,A person flying in the sky.,6633,A person flying in the sky.,False,0.8009043335914612
i2t,6633,a girl flying on the field,6633,a girl flying on the field,False,0.877409040927887
i2t,6633,person fly in the sky,6633,person fly in the sky,False,0.9976771473884583
i2t,6633,A person jumps in the park.,6633,A person jumps in the park.,True,0.8653587102890015
i2t,6633,A girl jumping in the air.,6633,A girl jumping in the air.,True,0.7682602405548096
i2t,6633,A man jumps in a field,6633,A man jumps in a field,False,0.959740400314331
i2t,6633,A person jumping in the air,6633,A person jumping in the air,True,0.25090059638023376
i2t,6633,The person jumps in the air.,6633,The person jumps in the air.,True,0.23654337227344513
i2t,6633,a man jumping in the background,6633,a man jumping in the background,False,0.6348009705543518
i2t,6633,A person jumps in the air,6633,A person jumps in the air,True,0.778483510017395
i2t,6633,A man is jumping in the background.,6633,A man is jumping in the background.,False,0.29577821493148804
i2t,6633,A person jumps in celebration at the beach.,6633,A person jumps in celebration at the beach.,False,0.18930406868457794
i2t,6633,a person is jumping with a white background.,6633,a person is jumping with a white background.,False,0.5233995318412781
i2t,6633,A silhouette of a person jumping on the beach.,6633,A silhouette of a person jumping on the beach.,False,0.744159996509552
i2t,6633,The silhouette of a person standing in front of a sunset.,6633,The silhouette of a person standing in front of a sunset.,False,0.7473923563957214
i2t,6633,A person is enjoying a sunset.,6633,A person is enjoying a sunset.,True,0.84809410572052
i2t,6633,A man runs in front of the sunset.,6633,A man runs in front of the sunset.,False,0.9554571509361267
i2t,6633,A person is standing at sunset.,6633,A person is standing at sunset.,False,0.8407665491104126
i2t,2689,The star shined bright in the sky.,2689,The star shined bright in the sky.,False,0.2557976543903351
i2t,2689,A person posts a photo of someone who died,2689,A person posts a photo of someone who died,False,0.6537136435508728
i2t,2689,A person can bring up an emotion with a photo.,2689,A person can bring up an emotion with a photo.,False,0.978496789932251
i2t,2689,A person takes a daughter.,2689,A person takes a daughter.,False,0.5043884515762329
i2t,2689,The man will look to the person,2689,The man will look to the person,False,0.06351985037326813
i2t,2689,They will attend the celebration in person.,2689,They will attend the celebration in person.,False,0.9988884329795837
i2t,2689,The person who spoke at the funeral didn't know the actor was just posing in the casket.,2689,The person who spoke at the funeral didn't know the actor was just posing in the casket.,False,0.00014386288239620626
i2t,2689,A person can see it,2689,A person can see it,False,0.011575180105865002
i2t,2689,The child did not have to stand in the field.,2689,The child did not have to stand in the field.,False,0.16734212636947632
i2t,2689,A person seeing their daughter.,2689,A person seeing their daughter.,False,0.06420352309942245
i2t,2689,The boy actor takes a picture.,2689,The boy actor takes a picture.,False,0.8376805186271667
i2t,2689,"The actors take place as the boy says ""Action""",2689,"The actors take place as the boy says ""Action""",False,0.0406779907643795
i2t,2689,The child actor makes his own take.,2689,The child actor makes his own take.,False,0.997443675994873
i2t,2689,A person takes a photo with his daughter.,2689,A person takes a photo with his daughter.,False,0.13877063989639282
i2t,2689,A person poses while holding two other people.,2689,A person poses while holding two other people.,False,0.00010062118235509843
i2t,2689,A songwriter arrives at a premiere with his family.,2689,A songwriter arrives at a premiere with his family.,False,0.6682187914848328
i2t,2689,The people's expressions are captured in photos.,2689,The people's expressions are captured in photos.,True,0.057873014360666275
i2t,2689,People smile in their pictures for the event,2689,People smile in their pictures for the event,False,0.9675950407981873
i2t,2689,The actors looks good in his jacket.,2689,The actors looks good in his jacket.,False,0.326004296541214
i2t,2689,A man takes a picture with his child.,2689,A man takes a picture with his child.,True,0.04126163199543953
i2t,2689,The person appeared on the show,2689,The person appeared on the show,False,0.9992708563804626
i2t,2689,Which person looks like this one?,2689,Which person looks like this one?,False,0.9989410042762756
i2t,2689,The person wore their hair well.,2689,The person wore their hair well.,False,0.9961263537406921
i2t,2689,This person will steal the show.,2689,This person will steal the show.,False,0.9771570563316345
i2t,2689,Person got beat up by another person,2689,Person got beat up by another person,False,0.9945778846740723
i2t,2689,The person will sing on the stage.,2689,The person will sing on the stage.,False,0.998955249786377
i2t,2689,Actors that appear in a film,2689,Actors that appear in a film,False,0.9878495335578918
i2t,2689,The person met the child.,2689,The person met the child.,False,0.9965511560440063
i2t,2689,An actor shows their look at an event.,2689,An actor shows their look at an event.,False,0.565836489200592
i2t,2689,An actor attends an event with a star,2689,An actor attends an event with a star,False,0.050437793135643005
i2t,2689,The actors arrived at the debut,2689,The actors arrived at the debut,False,0.8578485250473022
i2t,2689,An actor attends a concert.,2689,An actor attends a concert.,False,0.268693745136261
i2t,2689,An actor from “How To Look Good Naked” at an event.,2689,An actor from “How To Look Good Naked” at an event.,False,0.00411264318972826
i2t,2689,An actor holds another actor,2689,An actor holds another actor,False,0.31908664107322693
i2t,2689,The actors take part in a photo shoot.,2689,The actors take part in a photo shoot.,False,0.2978948950767517
i2t,2689,An actor was cast to be on stage.,2689,An actor was cast to be on stage.,False,0.9873285293579102
i2t,2689,An actor takes his daughters and wife to the beach.,2689,An actor takes his daughters and wife to the beach.,False,0.8666365146636963
i2t,2689,Pictures of a person and his daughter,2689,Pictures of a person and his daughter,False,0.8675447702407837
i2t,2689,Two girls sit with their father in the park.,2689,Two girls sit with their father in the park.,False,9.970739483833313e-05
i2t,2689,The actor holds his daughter.,2689,The actor holds his daughter.,False,0.7604886889457703
i2t,2689,A person is playing with their son and daughter.,2689,A person is playing with their son and daughter.,True,0.1044665277004242
i2t,2689,The boy smiled in the background.,2689,The boy smiled in the background.,False,0.0978889986872673
i2t,2689,A boy smiles to the camera.,2689,A boy smiles to the camera.,True,0.03718483820557594
i2t,2689,Man and young girl are walking on street.,2689,Man and young girl are walking on street.,False,0.0994238406419754
i2t,2689,A father stands on the beach with his family.,2689,A father stands on the beach with his family.,False,0.07047715783119202
i2t,2689,An actor is appearance drastically changed from his movie character.,2689,An actor is appearance drastically changed from his movie character.,False,0.9291425347328186
i2t,2689,Actors holding hands behind their daughter,2689,Actors holding hands behind their daughter,False,0.7361344695091248
i2t,2689,A PERSON HOLDS HIS SON,2689,A PERSON HOLDS HIS SON,False,0.4039713442325592
i2t,2689,The actor poses at the afterparty.,2689,The actor poses at the afterparty.,False,0.0599198192358017
i2t,2595,A person singing,2595,A person singing,True,0.0001268771884497255
i2t,2595,The artist sings into the microphone.,2595,The artist sings into the microphone.,True,0.8136143684387207
i2t,2595,The person will sing into the microphone.,2595,The person will sing into the microphone.,True,0.905356228351593
i2t,2595,A person sings a song.,2595,A person sings a song.,True,0.05446828529238701
i2t,2595,An artist sings in a show.,2595,An artist sings in a show.,False,0.7183994054794312
i2t,2595,A person sings music.,2595,A person sings music.,True,0.0020616159308701754
i2t,2595,An artist sings into a microphone.,2595,An artist sings into a microphone.,True,0.09131983667612076
i2t,2595,A person singing into a microphone.,2595,A person singing into a microphone.,True,0.04180683568120003
i2t,2595,an actor will portray a character,2595,an actor will portray a character,False,0.07196009904146194
i2t,2595,A person is performing a song.,2595,A person is performing a song.,True,0.0001370717800455168
i2t,2595,The artist performed by singing into the microphone.,2595,The artist performed by singing into the microphone.,True,0.464438796043396
i2t,2595,A person singing in a microphone.,2595,A person singing in a microphone.,True,0.05363978445529938
i2t,2595,A person sings into a microphone.,2595,A person sings into a microphone.,True,0.014267856255173683
i2t,2595,This singer in preforming on stage.,2595,This singer in preforming on stage.,False,0.17533978819847107
i2t,2595,An artist is performing for a person,2595,An artist is performing for a person,False,0.05314859375357628
i2t,2595,The person plays a song.,2595,The person plays a song.,False,0.41934409737586975
i2t,2595,A man speaking on the phone.,2595,A man speaking on the phone.,False,0.13344720005989075
i2t,2595,The artist is performing at a celebration.,2595,The artist is performing at a celebration.,False,0.8535619378089905
i2t,2595,A person listening to music.,2595,A person listening to music.,False,0.27412906289100647
i2t,2595,The student sings a song.,2595,The student sings a song.,True,0.5679240226745605
i2t,2595,The person likes to listen to music made by another person.,2595,The person likes to listen to music made by another person.,False,0.44441306591033936
i2t,2595,An artist performing a gig.,2595,An artist performing a gig.,True,0.7444058060646057
i2t,2595,The man speaks into the microphone.,2595,The man speaks into the microphone.,True,0.4181808829307556
i2t,2595,This artist is performing with her microphone.,2595,This artist is performing with her microphone.,False,0.05695302039384842
i2t,2595,A person sings in rehearsal.,2595,A person sings in rehearsal.,True,0.24482889473438263
i2t,2595,The person sings at the rehearsal.,2595,The person sings at the rehearsal.,True,0.7236207127571106
i2t,811,An old man stands in the park,811,An old man stands in the park,True,0.9683306813240051
i2t,811,Man looking at person,811,Man looking at person,False,0.0001923397067002952
i2t,811,A man walks in the park.,811,A man walks in the park.,True,0.8609305024147034
i2t,811,The man is looking at another person.,811,The man is looking at another person.,False,0.00259682210162282
i2t,811,the man walked on the grass,811,the man walked on the grass,False,0.6587313413619995
i2t,811,man strolls on street,811,man strolls on street,False,0.04289472848176956
i2t,811,The man is taking a walk in the park.,811,The man is taking a walk in the park.,True,0.9173643589019775
i2t,811,An elderly man walks in his house.,811,An elderly man walks in his house.,False,0.7272754907608032
i2t,811,A man goes for a walk on a path.,811,A man goes for a walk on a path.,True,0.8841949105262756
i2t,811,A man is walking in the park.,811,A man is walking in the park.,True,0.9196911454200745
i2t,811,A father walks in a park.,811,A father walks in a park.,True,0.7755917906761169
i2t,811,A man stands in a park.,811,A man stands in a park.,True,0.48471832275390625
i2t,811,A man walks alone on a path in the park.,811,A man walks alone on a path in the park.,True,0.8159641623497009
i2t,811,The father walks in the park.,811,The father walks in the park.,True,0.9936736822128296
i2t,811,person walks in park,811,person walks in park,True,0.00017993789515458047
i2t,811,man excersiswe on the park,811,man excersiswe on the park,False,0.08981046825647354
i2t,811,The man stands in the field.,811,The man stands in the field.,False,0.6809101700782776
i2t,811,The man in the shirt stands.,811,The man in the shirt stands.,False,0.9714288711547852
i2t,811,A man is walking in a field.,811,A man is walking in a field.,True,0.6394398212432861
i2t,811,A woman walking in the park,811,A woman walking in the park,False,0.5635822415351868
i2t,811,The man looked to the side.,811,The man looked to the side.,False,0.8461779356002808
i2t,811,man standing in a field,811,man standing in a field,False,0.5306941866874695
i2t,811,a man walking on a field,811,a man walking on a field,False,0.4278927743434906
i2t,811,person enjoy his time i the park,811,person enjoy his time i the park,True,0.537335991859436
i2t,811,A person is walking in the park.,811,A person is walking in the park.,True,0.13493672013282776
i2t,811,The man stands in the background,811,The man stands in the background,False,0.0931309163570404
i2t,811,The person looks sharp and is dressed smartly.,811,The person looks sharp and is dressed smartly.,True,0.0048012579791247845
i2t,811,The man walked on the field,811,The man walked on the field,False,0.4744230806827545
i2t,811,A man sits in a park,811,A man sits in a park,True,0.7073672413825989
i2t,811,A man sitting on a bench.,811,A man sitting on a bench.,False,0.1905691921710968
i2t,811,A man sitting in a park.,811,A man sitting in a park.,False,0.622962474822998
i2t,811,Older man sits on the floor in living room,811,Older man sits on the floor in living room,False,0.18964889645576477
i2t,811,A woman stands in a park.,811,A woman stands in a park.,False,0.2084348201751709
i2t,811,A man goes for a walk in a meadow.,811,A man goes for a walk in a meadow.,True,0.8346874713897705
i2t,811,The man walked along the footpath.,811,The man walked along the footpath.,True,0.5795451402664185
i2t,3066,Players celebrating another player,3066,Players celebrating another player,True,0.0006025935872457922
i2t,3066,The person looks at the team.,3066,The person looks at the team.,True,0.0957566648721695
i2t,3066,the players from their league are celebrating,3066,the players from their league are celebrating,True,0.44020020961761475
i2t,3066,the team celebrate in the game,3066,the team celebrate in the game,True,0.2482111155986786
i2t,3066,A PICTURE OF A TEAM PLAYER BRINGS UNITY,3066,A PICTURE OF A TEAM PLAYER BRINGS UNITY,True,0.00800515990704298
i2t,3066,A player is celebrating a player.,3066,A player is celebrating a player.,True,0.03197851404547691
i2t,3066,A player celebrating with the team,3066,A player celebrating with the team,True,0.19539125263690948
i2t,3066,players celebration,3066,players celebration,True,0.0007104174583218992
i2t,3066,The coach and the team celebrated,3066,The coach and the team celebrated,False,0.04331609234213829
i2t,3066,Footballer players celebrating,3066,Footballer players celebrating,True,0.0022042267955839634
i2t,3066,Players congratulating themselves in the match.,3066,Players congratulating themselves in the match.,True,0.6357598900794983
i2t,3066,The players congratulate each other at the match.,3066,The players congratulate each other at the match.,True,0.31474408507347107
i2t,3066,Players celebrating with fans.,3066,Players celebrating with fans.,False,0.002448058919981122
i2t,3066,Players celebrate before a crowd.,3066,Players celebrate before a crowd.,True,0.12288102507591248
i2t,3066,Players celebrate with the crowd.,3066,Players celebrate with the crowd.,False,0.2782951891422272
i2t,3066,Fans celebrate as the players huddle together after the win.,3066,Fans celebrate as the players huddle together after the win.,True,0.179407000541687
i2t,3066,Players are celebrating with their team,3066,Players are celebrating with their team,True,0.32104286551475525
i2t,3066,Players are celebrating after the game.,3066,Players are celebrating after the game.,True,0.42455601692199707
i2t,3066,Players celebrating on a soccer pitch,3066,Players celebrating on a soccer pitch,True,0.07922928035259247
i2t,3066,the players hug in the ground,3066,the players hug in the ground,True,0.6317121386528015
i2t,3066,players are stand in the pitch,3066,players are stand in the pitch,True,0.09542220830917358
i2t,3066,Team players cover their face.,3066,Team players cover their face.,False,0.025163117796182632
i2t,3066,Players huddle during the match.,3066,Players huddle during the match.,True,0.46833306550979614
i2t,3066,Players are looking from the sideline.,3066,Players are looking from the sideline.,False,0.022400906309485435
i2t,3066,People are celebrating the player.,3066,People are celebrating the player.,True,0.22064416110515594
i2t,3066,The players hold their jerseys.,3066,The players hold their jerseys.,False,0.09338154643774033
i2t,3066,A player wanted to leave the team,3066,A player wanted to leave the team,False,0.13418027758598328
i2t,3066,Fans are celebrating at the match.,3066,Fans are celebrating at the match.,True,0.18877702951431274
i2t,3066,The player will celebrate with the team after the game.,3066,The player will celebrate with the team after the game.,True,0.3221109211444855
i2t,3066,Fans celebrate the players' win.,3066,Fans celebrate the players' win.,False,0.00016167339344974607
i2t,3066,half of the players reaction after the game.,3066,half of the players reaction after the game.,True,0.1548113226890564
i2t,3066,Players congratulate another player,3066,Players congratulate another player,True,0.0020609754137694836
i2t,3066,Fans celebrate with their team.,3066,Fans celebrate with their team.,True,0.19503191113471985
i2t,3066,The players congratulate each other.,3066,The players congratulate each other.,True,0.18685944378376007
i2t,3066,The team congratulate each other.,3066,The team congratulate each other.,True,0.4301009476184845
i2t,3066,The players and supporters celebrate together.,3066,The players and supporters celebrate together.,True,0.31837624311447144
i2t,3066,Players celebrate as a team.,3066,Players celebrate as a team.,True,0.3950989246368408
i2t,3066,Footballers celebrating with other players.,3066,Footballers celebrating with other players.,True,0.2572973370552063
i2t,3066,Soccer athletes are celebrating a postseason run.,3066,Soccer athletes are celebrating a postseason run.,True,0.009880835190415382
i2t,3066,Several players celebrate being a footballer.,3066,Several players celebrate being a footballer.,True,0.6306837797164917
i2t,4164,workers stand up front,4164,workers stand up front,False,0.0007792673422954977
i2t,4164,They hold a protest about solidarity.,4164,They hold a protest about solidarity.,True,0.3348713517189026
i2t,4164,The person displays one image.,4164,The person displays one image.,False,4.172065018792637e-05
i2t,4164,this person makes the image,4164,this person makes the image,True,0.289556622505188
i2t,4164,I see another person in the photo.,4164,I see another person in the photo.,False,8.072949276538566e-05
i2t,4164,The man is standing against the wall.,4164,The man is standing against the wall.,False,0.0010026044910773635
i2t,4164,The people's expressions are captured in photos.,4164,The people's expressions are captured in photos.,False,0.00022671242186333984
i2t,4164,A WORKER STANDS IN FRONT,4164,A WORKER STANDS IN FRONT,True,0.7071539163589478
i2t,4164,A person poses as a politician.,4164,A person poses as a politician.,False,0.18839573860168457
i2t,4164,Person holding a sign.,4164,Person holding a sign.,True,0.0011583610903471708
i2t,4164,A protester holds a symbol.,4164,A protester holds a symbol.,True,0.23946525156497955
i2t,4164,A person marches in the street.,4164,A person marches in the street.,True,0.07676442712545395
i2t,4164,A man holds the sign,4164,A man holds the sign,True,0.29228076338768005
i2t,4164,A person marching on the street.,4164,A person marching on the street.,True,0.017274916172027588
i2t,4164,The protesters carry a banner,4164,The protesters carry a banner,False,0.10200652480125427
i2t,4164,A woman holds a sign.,4164,A woman holds a sign.,False,0.2604202628135681
i2t,4164,A man carries a person.,4164,A man carries a person.,False,0.6754037737846375
i2t,4164,A man carries wide's bags.,4164,A man carries wide's bags.,False,0.09700395166873932
i2t,4164,A person marching through a city.,4164,A person marching through a city.,False,0.13666395843029022
i2t,4164,A politician participating in an event.,4164,A politician participating in an event.,False,0.342960387468338
i2t,4164,Person standing ground in a protest.,4164,Person standing ground in a protest.,True,0.3560793995857239
i2t,4164,The politician is wearing a jacket,4164,The politician is wearing a jacket,False,0.021310651674866676
i2t,4164,The fan holds the banner.,4164,The fan holds the banner.,False,0.7053505778312683
i2t,4164,A person is pictured at a ceremony.,4164,A person is pictured at a ceremony.,False,0.42720890045166016
i2t,4164,A person looks ready for a show.,4164,A person looks ready for a show.,False,0.08017772436141968
i2t,4164,A man reads a message.,4164,A man reads a message.,False,0.22485937178134918
i2t,4164,A person appears to show emotion.,4164,A person appears to show emotion.,True,0.06235180422663689
i2t,4164,A man whose face is painted,4164,A man whose face is painted,False,0.008351440541446209
i2t,4164,The fan displayed his banner.,4164,The fan displayed his banner.,False,0.34970372915267944
i2t,4164,A person attends a rally.,4164,A person attends a rally.,True,0.25879254937171936
i2t,4164,A person attends a rally at night.,4164,A person attends a rally at night.,False,0.05576144531369209
i2t,4164,A politician arrives at an event.,4164,A politician arrives at an event.,False,0.27412721514701843
i2t,4164,A banner is displayed behind persons.,4164,A banner is displayed behind persons.,True,0.0004084313113708049
i2t,4164,People are pictured at the premier.,4164,People are pictured at the premier.,False,0.09172191470861435
i2t,4164,A person in a poster decided to take a picture.,4164,A person in a poster decided to take a picture.,False,0.00019380655430722982
i2t,4164,People protest and hold signs in solidarity.,4164,People protest and hold signs in solidarity.,True,0.1968143731355667
i2t,4164,Protestors hold blank banners.,4164,Protestors hold blank banners.,True,0.02793032117187977
i2t,4164,People participating in a rally.,4164,People participating in a rally.,False,0.13786469399929047
i2t,4164,A man is carrying a flag.,4164,A man is carrying a flag.,False,0.0710260272026062
i2t,4164,A person is about to pass a sign.,4164,A person is about to pass a sign.,False,0.00013210962060838938
i2t,4164,Man waving flag,4164,Man waving flag,False,0.00038461186341010034
i2t,9149,A person jump on the water,9149,A person jump on the water,True,0.49895021319389343
i2t,9149,the boy jumps into the water,9149,the boy jumps into the water,True,0.4863955080509186
i2t,9149,The man jumps into the sea.,9149,The man jumps into the sea.,False,0.6345481872558594
i2t,9149,a man is about to jump into the water,9149,a man is about to jump into the water,True,0.25455155968666077
i2t,9149,A man jumps into the water.,9149,A man jumps into the water.,True,0.9943959712982178
i2t,9149,A man jumps in the water.,9149,A man jumps in the water.,True,0.9738203287124634
i2t,9149,a person takes a jump,9149,a person takes a jump,True,0.694468080997467
i2t,9149,A man jumps into water.,9149,A man jumps into water.,True,0.9919831156730652
i2t,9149,A person jumping in water.,9149,A person jumping in water.,True,0.765821635723114
i2t,9149,A boy runs in the water.,9149,A boy runs in the water.,False,0.8889389038085938
i2t,9149,A man jumping into water.,9149,A man jumping into water.,True,0.9809827208518982
i2t,9149,A person jumping into water.,9149,A person jumping into water.,True,0.9743053317070007
i2t,9149,A person stands above a lake.,9149,A person stands above a lake.,False,0.7418494820594788
i2t,9149,A person jumps into water.,9149,A person jumps into water.,True,0.9823864698410034
i2t,9149,man standing over a lake,9149,man standing over a lake,False,0.9642622470855713
i2t,9149,The person swam in the water.,9149,The person swam in the water.,False,0.9885416030883789
i2t,9149,A man jumping in the river.,9149,A man jumping in the river.,False,0.9750461578369141
i2t,9149,A boy jumping into the water.,9149,A boy jumping into the water.,True,0.9864782094955444
i2t,9149,A person gets out of the water,9149,A person gets out of the water,False,0.8214184641838074
i2t,9149,A person going into water,9149,A person going into water,False,0.7996107339859009
i2t,9149,People jump into a lake to swim.,9149,People jump into a lake to swim.,False,0.9960373640060425
i2t,9149,A man takes a jump into the sea.,9149,A man takes a jump into the sea.,True,0.9835809469223022
i2t,9149,A man jumps into the water at sea.,9149,A man jumps into the water at sea.,True,0.9696235656738281
i2t,9149,A man dives in the water.,9149,A man dives in the water.,True,0.9879653453826904
i2t,9149,A  man jump in the mountain,9149,A  man jump in the mountain,False,0.34770339727401733
i2t,1874,The child is looking at a person.,1874,The child is looking at a person.,False,0.0003687929711304605
i2t,1874,the person looks nice,1874,the person looks nice,True,4.307619747123681e-05
i2t,1874,A daughter will take things from her mother,1874,A daughter will take things from her mother,False,0.05844421684741974
i2t,1874,this person makes the image,1874,this person makes the image,False,0.41607967019081116
i2t,1874,The woman is using a camera.,1874,The woman is using a camera.,False,0.0019383186008781195
i2t,1874,the woman held the child,1874,the woman held the child,True,0.01058920193463564
i2t,1874,A mother takes her daughter.,1874,A mother takes her daughter.,True,0.5795996189117432
i2t,1874,A person photographs a sitting child.,1874,A person photographs a sitting child.,False,0.10704755038022995
i2t,1874,The woman is sitting in the grass.,1874,The woman is sitting in the grass.,True,0.23899273574352264
i2t,1874,A woman is looking at the view.,1874,A woman is looking at the view.,False,0.027156807482242584
i2t,1874,A mother is sitting at a park with her daughter.,1874,A mother is sitting at a park with her daughter.,True,0.01875934563577175
i2t,1874,"Mother, daughter, carry",1874,"Mother, daughter, carry",True,0.00022658142552245408
i2t,1874,A mother sits on grass.,1874,A mother sits on grass.,True,0.49829161167144775
i2t,1874,a mother sitting on a grass,1874,a mother sitting on a grass,True,0.8868101835250854
i2t,1874,A mother playing with a girl.,1874,A mother playing with a girl.,False,0.4407564699649811
i2t,1874,A mother sits in the grass.,1874,A mother sits in the grass.,True,0.1937522143125534
i2t,1874,A mother sits in the grass,1874,A mother sits in the grass,True,0.38512077927589417
i2t,1874,A mother plays with a daughter.,1874,A mother plays with a daughter.,False,0.5824670791625977
i2t,1874,girl sit on the park,1874,girl sit on the park,False,0.38551780581474304
i2t,1874,A girl is sitting on the field.,1874,A girl is sitting on the field.,True,0.7843283414840698
i2t,1874,A mother is standing in a field.,1874,A mother is standing in a field.,False,0.6113677024841309
i2t,1874,The mother is holding her toddler.,1874,The mother is holding her toddler.,True,0.6400208473205566
i2t,1874,The woman is sitting in the field.,1874,The woman is sitting in the field.,True,0.39176419377326965
i2t,1874,A couple are sitting at a field.,1874,A couple are sitting at a field.,False,0.4628828465938568
i2t,1874,The mother holds the toddler.,1874,The mother holds the toddler.,True,0.40891391038894653
i2t,1874,A mother is holding a child.,1874,A mother is holding a child.,True,0.6686680316925049
i2t,1874,A mother is holding her son.,1874,A mother is holding her son.,False,0.7321489453315735
i2t,1874,The child sits in the grass.,1874,The child sits in the grass.,False,0.5261259078979492
i2t,1874,"A mother and her son play,",1874,"A mother and her son play,",False,0.002023860113695264
i2t,1874,A mother plays with her son,1874,A mother plays with her son,False,0.6430823802947998
i2t,1874,A mother is holding a boy.,1874,A mother is holding a boy.,False,0.7692724466323853
i2t,1874,A mother playing with her boy.,1874,A mother playing with her boy.,False,0.5989332795143127
i2t,1874,A mother and daughter sit in the grass.,1874,A mother and daughter sit in the grass.,True,0.11283142864704132
i2t,1874,A mother sits on the floor with her son.,1874,A mother sits on the floor with her son.,False,0.06644369661808014
i2t,1874,A mother hugs her daughter.,1874,A mother hugs her daughter.,True,0.17208252847194672
i2t,1874,A mother hugs her child.,1874,A mother hugs her child.,False,0.264072060585022
i2t,1874,A woman hugging her daughter.,1874,A woman hugging her daughter.,True,0.04826079308986664
i2t,1874,A mother sitting in the grass.,1874,A mother sitting in the grass.,True,0.36381369829177856
i2t,1874,A woman holds her daughter.,1874,A woman holds her daughter.,True,0.15009905397891998
i2t,1874,A mother kneels with her daughter in the forest.,1874,A mother kneels with her daughter in the forest.,False,0.12865233421325684
i2t,1874,A mother lying in the grass,1874,A mother lying in the grass,False,0.4978492259979248
i2t,2549,People walk in the sunshine.,2549,People walk in the sunshine.,True,0.8831081390380859
i2t,2549,People walk down the street.,2549,People walk down the street.,True,0.8052788376808167
i2t,2549,People walk in the area.,2549,People walk in the area.,True,0.8864676356315613
i2t,2549,A person takes a walk in a city.,2549,A person takes a walk in a city.,True,0.08238398283720016
i2t,2549,People play during the day,2549,People play during the day,False,0.05608893185853958
i2t,2549,Two people are traveling in the city.,2549,Two people are traveling in the city.,False,0.00860764179378748
i2t,2549,People walk in town.,2549,People walk in town.,True,0.13272498548030853
i2t,2549,A person can bring up an emotion with a photo.,2549,A person can bring up an emotion with a photo.,False,0.016926858574151993
i2t,2549,People walking in the city.,2549,People walking in the city.,True,0.8513152599334717
i2t,2549,The people are walking in the town.,2549,The people are walking in the town.,True,0.5921826958656311
i2t,2549,People wandering in the street.,2549,People wandering in the street.,True,0.8898845314979553
i2t,2549,People walking in a town.,2549,People walking in a town.,True,0.7839227914810181
i2t,2549,They walk on the brick road.,2549,They walk on the brick road.,True,0.33544719219207764
i2t,2549,People walk on an avenue.,2549,People walk on an avenue.,True,0.8512449860572815
i2t,2549,A couple touch and walk down the street.,2549,A couple touch and walk down the street.,True,0.2272351235151291
i2t,2549,People has arrived in the city.,2549,People has arrived in the city.,False,0.984494149684906
i2t,2549,The women walk on the street.,2549,The women walk on the street.,True,0.3849494159221649
i2t,2549,People are walking in the area.,2549,People are walking in the area.,True,0.8996787071228027
i2t,2549,A lady walking down the street.,2549,A lady walking down the street.,True,0.063687764108181
i2t,2549,a couple walk down the street,2549,a couple walk down the street,True,0.45351213216781616
i2t,2549,A man walking in the street.,2549,A man walking in the street.,True,0.17991556227207184
i2t,2549,Tourists are strolling on the street.,2549,Tourists are strolling on the street.,True,0.6581937074661255
i2t,2549,A crowd of people in the street.,2549,A crowd of people in the street.,True,0.4666653871536255
i2t,2549,person see a street,2549,person see a street,True,0.2779276669025421
i2t,2549,Children walking down a street.,2549,Children walking down a street.,False,0.23819148540496826
i2t,2549,A person wander in the street,2549,A person wander in the street,True,0.1974596530199051
i2t,2549,Woman walking in a city with a man,2549,Woman walking in a city with a man,True,0.2703642249107361
i2t,2549,People walk near buildings,2549,People walk near buildings,True,0.00439056009054184
i2t,2549,People walk at sunset.,2549,People walk at sunset.,False,0.5180853605270386
i2t,2549,The women walk in the city.,2549,The women walk in the city.,True,0.36129721999168396
i2t,6138,"The boat is floating on the water,",6138,"The boat is floating on the water,",True,0.00014027291035745293
i2t,6138,A woman is paddling the boat.,6138,A woman is paddling the boat.,True,0.4584619402885437
i2t,6138,The woman paddles a boat.,6138,The woman paddles a boat.,True,0.8986058831214905
i2t,6138,The woman drives the boat.,6138,The woman drives the boat.,True,0.20293287932872772
i2t,6138,A person enjoys some water sports.,6138,A person enjoys some water sports.,True,0.5017954707145691
i2t,6138,A person is riding in the boat.,6138,A person is riding in the boat.,True,6.356606900226325e-05
i2t,6138,the person looks nice,6138,the person looks nice,True,3.4903056075563654e-05
i2t,6138,A person posting a picture.,6138,A person posting a picture.,False,0.000983974663540721
i2t,6138,this person makes the image,6138,this person makes the image,True,0.4205813705921173
i2t,6138,A person drives a boat.,6138,A person drives a boat.,True,0.12811128795146942
i2t,6138,A woman kayaking in a lake.,6138,A woman kayaking in a lake.,True,0.2804234027862549
i2t,6138,A woman is kayaking on the lake.,6138,A woman is kayaking on the lake.,True,0.8684598207473755
i2t,6138,A woman paddles the boat.,6138,A woman paddles the boat.,True,0.7952215075492859
i2t,6138,The woman kayaks across the lake.,6138,The woman kayaks across the lake.,True,0.37772467732429504
i2t,6138,Woman sitting on lake,6138,Woman sitting on lake,True,0.005673876963555813
i2t,6138,A person canoeing on a lake.,6138,A person canoeing on a lake.,True,0.03825606033205986
i2t,6138,Pretty girl floats in the water.,6138,Pretty girl floats in the water.,True,0.12529630959033966
i2t,6138,A girl driving a boat,6138,A girl driving a boat,True,0.24588365852832794
i2t,6138,A woman sitting on a boat.,6138,A woman sitting on a boat.,True,0.12138538062572479
i2t,6138,A woman driving a boat.,6138,A woman driving a boat.,True,0.1644333302974701
i2t,6138,The girl sits on a boat,6138,The girl sits on a boat,True,0.36763525009155273
i2t,6138,A man is driving a boat.,6138,A man is driving a boat.,False,0.2620958983898163
i2t,6138,The person is kayaking in the lake.,6138,The person is kayaking in the lake.,True,0.006053415592759848
i2t,6138,A person is kayaking at a lake.,6138,A person is kayaking at a lake.,True,0.002250403631478548
i2t,6138,A person using a canoe on a lake,6138,A person using a canoe on a lake,True,0.050947729498147964
i2t,6138,A person canoeing down a river.,6138,A person canoeing down a river.,True,0.07603267580270767
i2t,602,A person run in the city,602,A person run in the city,True,0.7563673853874207
i2t,602,A person takes a run on street,602,A person takes a run on street,True,0.9656277298927307
i2t,602,person running in street,602,person running in street,True,4.809310848941095e-05
i2t,602,A person runs as a player in competitive sport.,602,A person runs as a player in competitive sport.,False,0.8131030201911926
i2t,602,Woman run on the street.,602,Woman run on the street.,True,0.9877375364303589
i2t,602,The woman training as a runner.,602,The woman training as a runner.,True,0.999512791633606
i2t,602,A person runs in the city.,602,A person runs in the city.,True,0.969673752784729
i2t,602,person run on the road,602,person run on the road,True,0.9588574767112732
i2t,602,The woman is running on the street,602,The woman is running on the street,True,0.5566101670265198
i2t,602,the person is running in a Team,602,the person is running in a Team,False,0.022097541019320488
i2t,602,The woman runs in the city.,602,The woman runs in the city.,True,0.7990308403968811
i2t,602,girl running on the street,602,girl running on the street,True,0.8485698103904724
i2t,602,A girl is running on the street.,602,A girl is running on the street.,True,0.9728416204452515
i2t,602,Woman runs on road.,602,Woman runs on road.,True,0.17841152846813202
i2t,602,A woman running on the street.,602,A woman running on the street.,True,0.882381796836853
i2t,602,The woman runs through the city.,602,The woman runs through the city.,True,0.9063389897346497
i2t,602,A girl running on the street.,602,A girl running on the street.,True,0.9432054758071899
i2t,602,A woman runs on the street.,602,A woman runs on the street.,True,0.949558436870575
i2t,602,The athlete is in a running session.,602,The athlete is in a running session.,True,0.9897214770317078
i2t,602,person is a dancing person,602,person is a dancing person,False,0.9814411401748657
i2t,602,woman runs track and field,602,woman runs track and field,False,0.9199424982070923
i2t,602,A woman is running on a trail.,602,A woman is running on a trail.,False,0.9515884518623352
i2t,602,The girl stands in the front.,602,The girl stands in the front.,False,0.9776966571807861
i2t,602,Person standing at a station.,602,Person standing at a station.,False,0.300067663192749
i2t,602,The woman is training with a mile run.,602,The woman is training with a mile run.,True,0.9997001886367798
i2t,602,The woman is jogging down the road.,602,The woman is jogging down the road.,True,0.9508174657821655
i2t,602,A woman runs in the rain,602,A woman runs in the rain,False,0.7806574702262878
i2t,602,A woman runs in the day,602,A woman runs in the day,True,0.911009669303894
i2t,602,A woman is jogging on the road.,602,A woman is jogging on the road.,True,0.1567830592393875
i2t,602,A woman walking in training shoes.,602,A woman walking in training shoes.,True,0.014962300658226013
i2t,602,A woman jogging in the park.,602,A woman jogging in the park.,False,0.8015767931938171
i2t,602,A woman is jogging in a park.,602,A woman is jogging in a park.,False,0.9722931385040283
i2t,602,A woman jogging on the road.,602,A woman jogging on the road.,True,0.9730601906776428
i2t,602,A woman jogging on a road.,602,A woman jogging on a road.,True,0.9376089572906494
i2t,602,A casually dressed girl runs down the street,602,A casually dressed girl runs down the street,False,0.7059456706047058
i2t,602,A woman jogs in a park.,602,A woman jogs in a park.,False,0.5203104019165039
i2t,602,A woman runs in the park.,602,A woman runs in the park.,False,0.7972545027732849
i2t,602,A woman running in a street.,602,A woman running in a street.,True,0.8787505626678467
i2t,602,A woman jogs in the road.,602,A woman jogs in the road.,True,0.8432900309562683
i2t,10591,this person makes the image,10591,this person makes the image,False,0.5522820949554443
i2t,10591,A couple expecting a baby,10591,A couple expecting a baby,True,0.09235136955976486
i2t,10591,the person looks nice,10591,the person looks nice,True,4.948135756421834e-05
i2t,10591,The woman is using a camera.,10591,The woman is using a camera.,False,0.006478861439973116
i2t,10591,A woman is expecting a baby.,10591,A woman is expecting a baby.,True,0.7372912764549255
i2t,10591,The woman has a look on her face.,10591,The woman has a look on her face.,False,0.00019080426136497408
i2t,10591,The woman will lie in bed with her child.,10591,The woman will lie in bed with her child.,False,0.060779038816690445
i2t,10591,The woman will take a photo with her camera.,10591,The woman will take a photo with her camera.,False,0.0002627729263622314
i2t,10591,the child runs in the field,10591,the child runs in the field,False,0.07493610680103302
i2t,10591,The people look like a happy pair.,10591,The people look like a happy pair.,True,0.13378086686134338
i2t,10591,A couple kiss in a meadow.,10591,A couple kiss in a meadow.,True,0.9377503395080566
i2t,10591,A couple standing in a meadow.,10591,A couple standing in a meadow.,True,0.7644248008728027
i2t,10591,A couple standing on the meadow,10591,A couple standing on the meadow,True,0.8646715879440308
i2t,10591,A couple walking in the meadow.,10591,A couple walking in the meadow.,False,0.8157650828361511
i2t,10591,A couple walking on the meadow,10591,A couple walking on the meadow,False,0.6835854649543762
i2t,10591,A couple sits in a meadow.,10591,A couple sits in a meadow.,False,0.6619987487792969
i2t,10591,A couple walks through a meadow.,10591,A couple walks through a meadow.,False,0.258438378572464
i2t,10591,A couple lies in the meadow.,10591,A couple lies in the meadow.,False,0.9576699137687683
i2t,10591,The couple is standing in the field kissing.,10591,The couple is standing in the field kissing.,True,0.6929395198822021
i2t,10591,A couple are sitting at a field.,10591,A couple are sitting at a field.,False,0.38381272554397583
i2t,10591,A couple is embracing each other.,10591,A couple is embracing each other.,True,0.9416499733924866
i2t,10591,A man and woman are kissing.,10591,A man and woman are kissing.,True,0.49081453680992126
i2t,10591,A man kissing a woman.,10591,A man kissing a woman.,True,0.6758432984352112
i2t,10591,A couple is laying in the grass.,10591,A couple is laying in the grass.,False,0.6762935519218445
i2t,10591,The woman stood in the grass.,10591,The woman stood in the grass.,True,0.2501892149448395
i2t,10591,The man stands in the field.,10591,The man stands in the field.,True,0.2413531094789505
i2t,10591,A couple kisses the other.,10591,A couple kisses the other.,True,0.9771540760993958
i2t,10591,The man kisses his wife.,10591,The man kisses his wife.,True,0.05602867901325226
i2t,10591,A man kisses his wife.,10591,A man kisses his wife.,True,0.6078029274940491
i2t,10591,The man kisses his girlfriend.,10591,The man kisses his girlfriend.,True,0.06708714365959167
i2t,10591,A man kisses his girlfriend.,10591,A man kisses his girlfriend.,True,0.6604287028312683
i2t,10591,The couple embraces each other.,10591,The couple embraces each other.,True,0.6274097561836243
i2t,10591,A couple hugs each other.,10591,A couple hugs each other.,False,0.7116221785545349
i2t,10591,A couple kisses in the park.,10591,A couple kisses in the park.,True,0.9137364625930786
i2t,10591,A couple kiss in the park.,10591,A couple kiss in the park.,True,0.5521065592765808
i2t,10591,A woman kisses a man.,10591,A woman kisses a man.,True,0.463836133480072
i2t,10591,A person kisses his bride in a field,10591,A person kisses his bride in a field,False,0.31950128078460693
i2t,10591,The couple lies in the meadow.,10591,The couple lies in the meadow.,False,0.8494638204574585
i2t,10591,A couple sitting in a meadow,10591,A couple sitting in a meadow,False,0.6028634309768677
i2t,5238,A man is cooking food.,5238,A man is cooking food.,True,0.8686475157737732
i2t,5238,man cook in kitchen,5238,man cook in kitchen,True,0.0028060702607035637
i2t,5238,A man is preparing food.,5238,A man is preparing food.,True,0.5434596538543701
i2t,5238,A man cooks food.,5238,A man cooks food.,True,0.00038457338814623654
i2t,5238,A woman is cooking food.,5238,A woman is cooking food.,False,0.2533729374408722
i2t,5238,A man stands in the kitchen,5238,A man stands in the kitchen,True,0.3151216208934784
i2t,5238,A man cooks in the kitchen.,5238,A man cooks in the kitchen.,True,0.738663375377655
i2t,5238,A man is standing in the kitchen.,5238,A man is standing in the kitchen.,True,0.038560446351766586
i2t,5238,man ready to cook vegetables,5238,man ready to cook vegetables,True,0.5426170825958252
i2t,5238,The chef prepares a meal.,5238,The chef prepares a meal.,True,0.9590857625007629
i2t,5238,A man is standing in the kitchen drying dishes.,5238,A man is standing in the kitchen drying dishes.,False,0.01846962422132492
i2t,5238,The man prepares the food.,5238,The man prepares the food.,True,0.12391949445009232
i2t,5238,A man preparing a meal.,5238,A man preparing a meal.,True,0.07539516687393188
i2t,5238,The man will sit in the kitchen.,5238,The man will sit in the kitchen.,False,0.06701838225126266
i2t,5238,A man sitting on the kitchen floor,5238,A man sitting on the kitchen floor,False,0.06983653455972672
i2t,5238,A man stands in a kitchen.,5238,A man stands in a kitchen.,True,0.005460566841065884
i2t,5238,A man preparing food.,5238,A man preparing food.,True,0.00011876146891154349
i2t,5238,A woman cooks in the kitchen.,5238,A woman cooks in the kitchen.,False,0.2764049470424652
i2t,5238,A woman cooks food.,5238,A woman cooks food.,False,0.0006837674882262945
i2t,5238,A man cooking meat.,5238,A man cooking meat.,True,9.469133510719985e-05
i2t,83,is this puppy running in the field?,83,is this puppy running in the field?,False,0.24267810583114624
i2t,83,A puppy is walking in a field.,83,A puppy is walking in a field.,False,0.4951406419277191
i2t,83,The person displays one image.,83,The person displays one image.,False,0.0001529314467916265
i2t,83,this person makes the image,83,this person makes the image,False,0.39396390318870544
i2t,83,A puppy is standing in the grass.,83,A puppy is standing in the grass.,True,0.5902479887008667
i2t,83,A puppy stands in a field.,83,A puppy stands in a field.,True,0.12609387934207916
i2t,83,A dog is looking at the camera.,83,A dog is looking at the camera.,False,0.17994248867034912
i2t,83,A puppy runs on a field.,83,A puppy runs on a field.,False,0.09560263156890869
i2t,83,Which person looks like this one?,83,Which person looks like this one?,False,0.4649803340435028
i2t,83,A person posting a picture.,83,A person posting a picture.,False,0.001955671701580286
i2t,83,A puppy stands in the grass.,83,A puppy stands in the grass.,True,0.1487269401550293
i2t,83,Puppy standing in grass.,83,Puppy standing in grass.,True,0.0002271174016641453
i2t,83,puppy walk on the grass,83,puppy walk on the grass,True,0.0321069173514843
i2t,83,The puppy stands in the grass.,83,The puppy stands in the grass.,True,0.4808516800403595
i2t,83,A puppy is standing on a meadow.,83,A puppy is standing on a meadow.,True,0.3294929563999176
i2t,83,A puppy standing in a meadow.,83,A puppy standing in a meadow.,True,0.22226540744304657
i2t,83,Puppy walking in a field.,83,Puppy walking in a field.,False,0.2526150047779083
i2t,83,A dog stands in the grass.,83,A dog stands in the grass.,True,0.19782617688179016
i2t,83,The puppy stands in the field.,83,The puppy stands in the field.,True,0.5996910333633423
i2t,83,The dog stands in the grass.,83,The dog stands in the grass.,True,0.6333962082862854
i2t,83,The dog is standing in the lawn.,83,The dog is standing in the lawn.,True,0.7585211992263794
i2t,83,The puppy is sitting on the grass.,83,The puppy is sitting on the grass.,False,0.6116477847099304
i2t,83,A dog standing on the lawn.,83,A dog standing on the lawn.,True,0.39311444759368896
i2t,83,puppy sit on rthe grass,83,puppy sit on rthe grass,False,0.24716797471046448
i2t,83,A dog standing on the grass.,83,A dog standing on the grass.,True,0.33917033672332764
i2t,83,The dog stands on the grass.,83,The dog stands on the grass.,True,0.7069419026374817
i2t,83,The puppy stands in the background.,83,The puppy stands in the background.,False,0.44001561403274536
i2t,83,A puppy lays in the background,83,A puppy lays in the background,False,0.3675980567932129
i2t,83,dog stand,83,dog stand,True,5.676217551808804e-05
i2t,83,The puppy walks through the grass.,83,The puppy walks through the grass.,False,0.07673482596874237
i2t,83,A puppy stands in a place that isn't a garden.,83,A puppy stands in a place that isn't a garden.,False,0.000247566873440519
i2t,83,A puppy sits on the grass.,83,A puppy sits on the grass.,False,0.2138446718454361
i2t,83,A puppy sits in the grass.,83,A puppy sits in the grass.,False,0.09647038578987122
i2t,3390,A person takes a step on their walk.,3390,A person takes a step on their walk.,True,0.7256883978843689
i2t,3390,A person walks in a forest.,3390,A person walks in a forest.,True,0.715105414390564
i2t,3390,A person goes into a forest.,3390,A person goes into a forest.,True,0.9939193725585938
i2t,3390,A man has a walk on a trail.,3390,A man has a walk on a trail.,True,0.982410192489624
i2t,3390,A man runs on the trail.,3390,A man runs on the trail.,False,0.9697045087814331
i2t,3390,A person walking in the woods.,3390,A person walking in the woods.,True,0.449180543422699
i2t,3390,A man walks through the forrest.,3390,A man walks through the forrest.,True,0.9724017977714539
i2t,3390,A man runs in a wood.,3390,A man runs in a wood.,False,0.995753288269043
i2t,3390,A man goes for a walk on a path.,3390,A man goes for a walk on a path.,True,0.978174090385437
i2t,3390,A man runs in a forest.,3390,A man runs in a forest.,False,0.8854252099990845
i2t,3390,A man walking in a forest.,3390,A man walking in a forest.,True,0.905954897403717
i2t,3390,A man walks through the forest.,3390,A man walks through the forest.,True,0.9467092752456665
i2t,3390,A man walking through trees.,3390,A man walking through trees.,True,0.8361108303070068
i2t,3390,boy walking in forest,3390,boy walking in forest,True,0.004818596411496401
i2t,3390,A boy walking in a forest.,3390,A boy walking in a forest.,True,0.6547389030456543
i2t,3390,A man jogs through the forest.,3390,A man jogs through the forest.,False,0.927029550075531
i2t,3390,A man hikes through the forest.,3390,A man hikes through the forest.,True,0.9706103801727295
i2t,3390,A man walking on a trail,3390,A man walking on a trail,True,0.9513874650001526
i2t,3390,A man is hiking on a trail.,3390,A man is hiking on a trail.,True,0.988375186920166
i2t,3390,Man walks on a path.,3390,Man walks on a path.,True,0.9959962368011475
i2t,3390,Men are walking on a trail.,3390,Men are walking on a trail.,True,0.9700198173522949
i2t,3390,A man walks with no other persons,3390,A man walks with no other persons,True,0.9601696133613586
i2t,3390,A woman walking towards the woods.,3390,A woman walking towards the woods.,False,0.7079775929450989
i2t,3390,A man standing in the forest.,3390,A man standing in the forest.,False,0.619330108165741
i2t,3390,this person goes through the forest,3390,this person goes through the forest,True,0.7229458689689636
i2t,3390,People walking through the forest.,3390,People walking through the forest.,False,0.8772248029708862
i2t,3390,Bride walking in the forest.,3390,Bride walking in the forest.,False,0.028803780674934387
i2t,3390,Children walking in the forest.,3390,Children walking in the forest.,False,0.24900709092617035
i2t,3390,man walk on the forest,3390,man walk on the forest,True,0.6925832629203796
i2t,3390,person walk in the forest,3390,person walk in the forest,True,0.9631370902061462
i2t,3390,a man hikes in the forest,3390,a man hikes in the forest,True,0.9526284337043762
i2t,3390,A man hikes in the forest.,3390,A man hikes in the forest.,True,0.973170280456543
i2t,3390,A man hikes in a forest.,3390,A man hikes in a forest.,True,0.9565417170524597
i2t,3390,A boy walks in the forest.,3390,A boy walks in the forest.,True,0.8707806468009949
i2t,6597,actor goes to premier,6597,actor goes to premier,True,0.06757448613643646
i2t,6597,the person looks nice,6597,the person looks nice,True,3.905221456079744e-05
i2t,6597,The actors arrived at the debut,6597,The actors arrived at the debut,True,0.44142183661460876
i2t,6597,Where did the actor go dressed up?,6597,Where did the actor go dressed up?,False,0.06742579489946365
i2t,6597,The actor stuns in her dress.,6597,The actor stuns in her dress.,True,0.08610990643501282
i2t,6597,Two actor attending the red carpet,6597,Two actor attending the red carpet,True,0.2891470491886139
i2t,6597,An actor arrives with another person.,6597,An actor arrives with another person.,True,0.39609256386756897
i2t,6597,Actors that appear in a film,6597,Actors that appear in a film,False,0.38361087441444397
i2t,6597,The person looks sharp and is dressed smartly.,6597,The person looks sharp and is dressed smartly.,True,0.00010432031558593735
i2t,6597,The person changed her dress,6597,The person changed her dress,False,0.16143566370010376
i2t,6597,An actors walks on the red carpet.,6597,An actors walks on the red carpet.,False,0.13157369196414948
i2t,6597,An actor arrives at the award ceremony with an actress wearing a gown.,6597,An actor arrives at the award ceremony with an actress wearing a gown.,True,0.1498364806175232
i2t,6597,An actor attended a red carpet for the britich category,6597,An actor attended a red carpet for the britich category,True,0.008521867915987968
i2t,6597,Two actors pose for a movie festival.,6597,Two actors pose for a movie festival.,True,0.0001677584514254704
i2t,6597,Two actors arrive for a fashion show.,6597,Two actors arrive for a fashion show.,True,4.177372102276422e-05
i2t,6597,A pair of scriptwriters arriving at a premiere,6597,A pair of scriptwriters arriving at a premiere,True,0.0006909832591190934
i2t,6597,The actors arrive at the movie premiere.,6597,The actors arrive at the movie premiere.,True,0.06547872722148895
i2t,6597,Actors arrive at a festival.,6597,Actors arrive at a festival.,True,0.09369843453168869
i2t,6597,They will attend the celebration in person.,6597,They will attend the celebration in person.,False,0.5381011366844177
i2t,6597,An actor is in a suit.,6597,An actor is in a suit.,True,0.09244318306446075
i2t,6597,An actor is wearing a skirt.,6597,An actor is wearing a skirt.,False,0.18601201474666595
i2t,6597,Actresses arrive at a premiere,6597,Actresses arrive at a premiere,True,0.41521647572517395
i2t,6597,how can an actor be their best actor?,6597,how can an actor be their best actor?,False,0.22154216468334198
i2t,6597,The people look like a happy pair.,6597,The people look like a happy pair.,True,0.045791663229465485
i2t,6597,An actress arrives at a premiere.,6597,An actress arrives at a premiere.,True,0.20214320719242096
i2t,6597,Three actors attending a screening.,6597,Three actors attending a screening.,False,0.0022202874533832073
i2t,6597,The actors pose at the premiere.,6597,The actors pose at the premiere.,True,0.045130856335163116
i2t,6597,An actor attending a film event.,6597,An actor attending a film event.,True,0.02779482491314411
i2t,6597,An actor attending a film show,6597,An actor attending a film show,True,0.04048813134431839
i2t,6597,An actor attends the ceremony.,6597,An actor attends the ceremony.,True,0.023925695568323135
i2t,6597,An actor appears at a premiere.,6597,An actor appears at a premiere.,True,0.2555634081363678
i2t,6597,Actors pose in for film premiere.,6597,Actors pose in for film premiere.,True,0.04951164871454239
i2t,6597,The person arrives at a premiere.,6597,The person arrives at a premiere.,True,0.18572615087032318
i2t,6597,Actors attend the red carpet.,6597,Actors attend the red carpet.,True,0.014291779138147831
i2t,6597,A actor arrives in a dress.,6597,A actor arrives in a dress.,False,0.08346951752901077
i2t,6597,actor arrives in gown.,6597,actor arrives in gown.,True,0.06179073080420494
i2t,6597,A person is posing at the premiere.,6597,A person is posing at the premiere.,True,0.0004666051536332816
i2t,6597,A woman arrives at a film premier.,6597,A woman arrives at a film premier.,True,0.08057745546102524
i2t,6597,Actors pose at a premiere.,6597,Actors pose at a premiere.,True,0.07409368455410004
i2t,6597,An actress arrives at a film premiere.,6597,An actress arrives at a film premiere.,True,0.14747653901576996
i2t,6597,Actors pose at the screening.,6597,Actors pose at the screening.,True,0.042522579431533813
i2t,10498,this person makes the image,10498,this person makes the image,False,0.11128877103328705
i2t,10498,person celebrates game,10498,person celebrates game,False,0.017356915399432182
i2t,10498,The person jumps in the air.,10498,The person jumps in the air.,True,0.014435963705182076
i2t,10498,A person jumps in the air,10498,A person jumps in the air,True,0.11710552871227264
i2t,10498,The player leaped in the air,10498,The player leaped in the air,False,0.009813019074499607
i2t,10498,an actor will portray a character,10498,an actor will portray a character,False,0.14027394354343414
i2t,10498,A man is jumping off a cliff.,10498,A man is jumping off a cliff.,False,0.24507683515548706
i2t,10498,A person jumps in front of a background.,10498,A person jumps in front of a background.,True,0.016778646036982536
i2t,10498,The person displays one image.,10498,The person displays one image.,False,0.002155877649784088
i2t,10498,a person takes a jump,10498,a person takes a jump,True,0.047529637813568115
i2t,10498,A man jumps in the air.,10498,A man jumps in the air.,True,0.28808993101119995
i2t,10498,a person is jumping with a white background.,10498,a person is jumping with a white background.,True,0.06381846964359283
i2t,10498,A man is jumping in a field.,10498,A man is jumping in a field.,False,0.1784350872039795
i2t,10498,A man jumps in a field,10498,A man jumps in a field,False,0.061569537967443466
i2t,10498,The man jumped across the mountain.,10498,The man jumped across the mountain.,False,0.07539191097021103
i2t,10498,A man is jumping at the field.,10498,A man is jumping at the field.,False,0.17576253414154053
i2t,10498,The businessman runs with his briefcase.,10498,The businessman runs with his briefcase.,False,0.16999094188213348
i2t,10498,The man jumps over the tree.,10498,The man jumps over the tree.,False,0.03898380696773529
i2t,10498,A  man jump in the mountain,10498,A  man jump in the mountain,False,0.15424753725528717
i2t,10498,a man jumping in the background,10498,a man jumping in the background,True,0.05967510864138603
i2t,10498,a man doing a dance,10498,a man doing a dance,False,0.14141400158405304
i2t,10498,A man waving his hand.,10498,A man waving his hand.,False,0.07165249437093735
i2t,10498,a man raises his arm,10498,a man raises his arm,True,0.07181232422590256
i2t,10498,Man stepping Up,10498,Man stepping Up,False,0.035529762506484985
i2t,10498,A man raising his arm.,10498,A man raising his arm.,True,0.05670461431145668
i2t,10498,person is a dancing person,10498,person is a dancing person,False,0.8490570187568665
i2t,10498,A person jumping in the air,10498,A person jumping in the air,True,0.024753954261541367
i2t,10498,A man is jumping in the background.,10498,A man is jumping in the background.,True,0.02125391736626625
i2t,10498,A person leaps in the air.,10498,A person leaps in the air.,True,0.10037048906087875
i2t,10498,A person celebrating the crowd,10498,A person celebrating the crowd,False,0.006912857294082642
i2t,10498,person celebrate in a sport player,10498,person celebrate in a sport player,False,0.05151476338505745
i2t,10498,A person is performing a celebration.,10498,A person is performing a celebration.,True,0.0080533092841506
i2t,10498,a person celebrate a fan,10498,a person celebrate a fan,False,0.03258121386170387
i2t,10498,A person celebrates at an event.,10498,A person celebrates at an event.,False,0.020394163206219673
i2t,10498,The businessman raises his hand.,10498,The businessman raises his hand.,True,0.11766655743122101
i2t,10498,A person raising his arms.,10498,A person raising his arms.,True,0.02903556264936924
i2t,10498,The coach is trying to celebrate with the player.,10498,The coach is trying to celebrate with the player.,False,0.001992939505726099
i2t,10498,A player celebrates his success as an athlete.,10498,A player celebrates his success as an athlete.,False,0.04701227322220802
i2t,10498,This person is a player celebrating a win.,10498,This person is a player celebrating a win.,False,0.021763842552900314
i2t,10498,the businessman raised his hand,10498,the businessman raised his hand,True,0.025408951565623283
i2t,10498,A person celebrating after wining a video game.,10498,A person celebrating after wining a video game.,False,0.0019035818986594677
i2t,10498,A person jumps in celebration at the beach.,10498,A person jumps in celebration at the beach.,False,0.006383032072335482
i2t,10498,A person celebrates winning a championship.,10498,A person celebrates winning a championship.,False,0.027166711166501045
i2t,5198,A person stand with the team,5198,A person stand with the team,False,0.9525138735771179
i2t,5198,The person looks at the team.,5198,The person looks at the team.,True,0.7465329766273499
i2t,5198,A PICTURE OF A TEAM PLAYER BRINGS UNITY,5198,A PICTURE OF A TEAM PLAYER BRINGS UNITY,False,0.1360296756029129
i2t,5198,A group of people run as a team,5198,A group of people run as a team,False,0.07560041546821594
i2t,5198,The team line up at a match,5198,The team line up at a match,False,0.6419106721878052
i2t,5198,players celebration,5198,players celebration,False,0.007919886149466038
i2t,5198,player thanks fans,5198,player thanks fans,False,0.017582423985004425
i2t,5198,The players win the league.,5198,The players win the league.,False,0.9791847467422485
i2t,5198,half of the players reaction after the game.,5198,half of the players reaction after the game.,False,0.8110271096229553
i2t,5198,players are stand in the pitch,5198,players are stand in the pitch,False,0.489032506942749
i2t,5198,Players standing for the anthem.,5198,Players standing for the anthem.,False,0.8968730568885803
i2t,5198,The players stand by while the referee looks to the sideline.,5198,The players stand by while the referee looks to the sideline.,False,0.12192510068416595
i2t,5198,The players fight for change before their match.,5198,The players fight for change before their match.,False,0.5122078657150269
i2t,5198,Players line up during a match.,5198,Players line up during a match.,False,0.25584957003593445
i2t,5198,Players walking onto the pitch.,5198,Players walking onto the pitch.,True,0.49838340282440186
i2t,5198,Players walk onto the pitch.,5198,Players walk onto the pitch.,True,0.696937084197998
i2t,5198,Players walk by the pitch.,5198,Players walk by the pitch.,True,0.6777352094650269
i2t,5198,Players are walking on the pitch.,5198,Players are walking on the pitch.,True,0.6741800308227539
i2t,5198,Players stands on the sideline,5198,Players stands on the sideline,False,0.5477710962295532
i2t,5198,Players are celebrating with their team,5198,Players are celebrating with their team,False,0.8132543563842773
i2t,5198,A player wanted to leave the team,5198,A player wanted to leave the team,False,0.8099656105041504
i2t,5198,Players are looking from the sideline.,5198,Players are looking from the sideline.,False,0.21652856469154358
i2t,5198,Players walking on the sideline.,5198,Players walking on the sideline.,True,0.4973975718021393
i2t,5198,Players looking on a field.,5198,Players looking on a field.,True,0.6177964210510254
i2t,5198,Players are walking on the sideline.,5198,Players are walking on the sideline.,True,0.17143496870994568
i2t,5198,the players stand in the sideline,5198,the players stand in the sideline,False,0.04210822656750679
i2t,5198,The players are walking onto the pitch to begin the match.,5198,The players are walking onto the pitch to begin the match.,True,0.6967925429344177
i2t,5198,The players stood in line at the match.,5198,The players stood in line at the match.,False,0.7775821089744568
i2t,5198,Players are standing on a sideline.,5198,Players are standing on a sideline.,False,0.19168570637702942
i2t,5198,Players walk before the match.,5198,Players walk before the match.,True,0.4063393771648407
i2t,5198,The players hold their jerseys.,5198,The players hold their jerseys.,False,0.4467889964580536
i2t,5198,Players walk to their match.,5198,Players walk to their match.,True,0.5896766781806946
i2t,5198,The team enters the field.,5198,The team enters the field.,True,0.6010607481002808
i2t,5198,Players stand in a circle before a soccer match.,5198,Players stand in a circle before a soccer match.,False,0.1945536732673645
i2t,5198,The Players are walking the field before the match.,5198,The Players are walking the field before the match.,True,0.8263826966285706
i2t,5198,The people in the stands watch the players have a soccer match.,5198,The people in the stands watch the players have a soccer match.,True,0.00022081341012381017
i2t,5198,Players kneeling during the anthem.,5198,Players kneeling during the anthem.,False,0.30963125824928284
i2t,532,A person posting a picture.,532,A person posting a picture.,False,0.0014950217446312308
i2t,532,Man sits in his office,532,Man sits in his office,True,0.4224749803543091
i2t,532,A person sits and shops online,532,A person sits and shops online,False,0.15697674453258514
i2t,532,A person sits in an office.,532,A person sits in an office.,True,0.004489878658205271
i2t,532,A man is using a computer.,532,A man is using a computer.,True,0.10101179778575897
i2t,532,Man sits in front of a computer,532,Man sits in front of a computer,True,0.08416108042001724
i2t,532,this person makes the image,532,this person makes the image,False,0.37436243891716003
i2t,532,The man looks at the computer.,532,The man looks at the computer.,False,0.23392201960086823
i2t,532,The person displays one image.,532,The person displays one image.,False,7.874718721723184e-05
i2t,532,The business man is sitting in a chair.,532,The business man is sitting in a chair.,True,0.12493491917848587
i2t,532,A business man is leaning on a desk.,532,A business man is leaning on a desk.,True,0.03946040943264961
i2t,532,A man sitting in an office.,532,A man sitting in an office.,True,0.032777298241853714
i2t,532,The man sits at the desk.,532,The man sits at the desk.,True,0.36176246404647827
i2t,532,The tired person sits in the office.,532,The tired person sits in the office.,False,0.11465742439031601
i2t,532,A businessman sits at a desk.,532,A businessman sits at a desk.,True,0.11478807777166367
i2t,532,A man sitting at a desk.,532,A man sitting at a desk.,True,0.06225452572107315
i2t,532,Man standing at a desk.,532,Man standing at a desk.,False,0.2666517198085785
i2t,532,A man sitting on a desk,532,A man sitting on a desk,False,0.06877671927213669
i2t,532,The man stands in front of the desk.,532,The man stands in front of the desk.,False,0.13467518985271454
i2t,532,A man has no room to sit in the office,532,A man has no room to sit in the office,False,0.15573766827583313
i2t,532,The person stands in the office,532,The person stands in the office,False,0.23379947245121002
i2t,532,The man is standing at a desk.,532,The man is standing at a desk.,False,0.05547791346907616
i2t,532,The man used his computer,532,The man used his computer,True,0.011211199685931206
i2t,532,A man uses a computer.,532,A man uses a computer.,True,0.042402029037475586
i2t,532,A man sits at a desk.,532,A man sits at a desk.,True,0.025281867012381554
i2t,532,A man stands at his desk.,532,A man stands at his desk.,False,0.08016686141490936
i2t,532,A man standing at a desk.,532,A man standing at a desk.,False,0.046980928629636765
i2t,532,A man stands at a desk.,532,A man stands at a desk.,False,0.01441758032888174
i2t,532,A man standing at a table on his computer.,532,A man standing at a table on his computer.,False,0.0006814213120378554
i2t,532,A man stands in an office.,532,A man stands in an office.,False,0.005621854215860367
i2t,3749,The person displays one image.,3749,The person displays one image.,False,0.013509036973118782
i2t,3749,A person standing by a window.,3749,A person standing by a window.,False,0.060971684753894806
i2t,3749,A person sitting at a window.,3749,A person sitting at a window.,True,0.26769164204597473
i2t,3749,A person looks through a window.,3749,A person looks through a window.,False,0.6896783113479614
i2t,3749,A person stands next to a window.,3749,A person stands next to a window.,False,0.05708076059818268
i2t,3749,A person appears in an image.,3749,A person appears in an image.,True,0.19422957301139832
i2t,3749,The person in the photograph looks out the window.,3749,The person in the photograph looks out the window.,False,0.006432054098695517
i2t,3749,A person sits at a window.,3749,A person sits at a window.,True,0.38715267181396484
i2t,3749,The window gives the woman a good look.,3749,The window gives the woman a good look.,True,0.5979418754577637
i2t,3749,A person is walking near a window.,3749,A person is walking near a window.,False,0.02640344575047493
i2t,3749,A girl sits by a window.,3749,A girl sits by a window.,True,0.6439400315284729
i2t,3749,A girl sits at a window,3749,A girl sits at a window,True,0.5795280337333679
i2t,3749,A woman sits in a window.,3749,A woman sits in a window.,False,0.8250651955604553
i2t,3749,A girl is sitting by the window.,3749,A girl is sitting by the window.,True,0.5392917990684509
i2t,3749,A girl sits on a wall.,3749,A girl sits on a wall.,True,0.2443062663078308
i2t,3749,A woman sits on a windowsill.,3749,A woman sits on a windowsill.,False,0.7973124384880066
i2t,3749,A woman sits in the windowsill.,3749,A woman sits in the windowsill.,False,0.9418054223060608
i2t,3749,A woman sits in a window sill.,3749,A woman sits in a window sill.,False,0.5893647074699402
i2t,3749,A girl sits and waits.,3749,A girl sits and waits.,True,0.2420976459980011
i2t,3749,Woman staring out window,3749,Woman staring out window,False,0.2519678473472595
i2t,3749,A MAN SITS IN THE WINDOWSILL,3749,A MAN SITS IN THE WINDOWSILL,False,0.7410674691200256
i2t,3749,A man sits near to the windowsill,3749,A man sits near to the windowsill,False,0.4012969434261322
i2t,3749,A child stand in the window,3749,A child stand in the window,False,0.3915989100933075
i2t,3749,A woman walking by a window,3749,A woman walking by a window,False,0.7193893790245056
i2t,3749,man opening the window,3749,man opening the window,False,0.3034531772136688
i2t,3749,Child looking through window,3749,Child looking through window,False,0.3613772392272949
i2t,3749,The woman stands at the window.,3749,The woman stands at the window.,False,0.802861750125885
i2t,3749,A person looks through glass,3749,A person looks through glass,False,0.6541882753372192
i2t,3749,A child looks through a window.,3749,A child looks through a window.,False,0.7523280382156372
i2t,3749,A child is looking out the window.,3749,A child is looking out the window.,False,0.6375488042831421
i2t,3749,The person sit in the window opposite side,3749,The person sit in the window opposite side,True,0.23593451082706451
i2t,3749,Children peer through a window.,3749,Children peer through a window.,False,0.7948740124702454
i2t,3749,A girl can be seen sitting by the window.,3749,A girl can be seen sitting by the window.,True,0.3646872937679291
i2t,3749,A woman stands in front of a window.,3749,A woman stands in front of a window.,False,0.049454644322395325
i2t,3749,A woman looks out a window.,3749,A woman looks out a window.,False,0.9000230431556702
i2t,3749,The person will stand near the window.,3749,The person will stand near the window.,False,0.5839131474494934
i2t,3749,A boy stands near a window.,3749,A boy stands near a window.,False,0.47542378306388855
i2t,3749,A man stands in front of a window.,3749,A man stands in front of a window.,False,0.010625422932207584
i2t,3749,A woman staring out a window.,3749,A woman staring out a window.,False,0.824128270149231
i2t,3749,A woman looks out the window.,3749,A woman looks out the window.,False,0.9254223108291626
i2t,7401,One person communicates with another.,7401,One person communicates with another.,True,0.0002523286093492061
i2t,7401,The student learns in the classroom.,7401,The student learns in the classroom.,False,0.045378848910331726
i2t,7401,The species shake in the water.,7401,The species shake in the water.,False,0.01896802894771099
i2t,7401,The person displays one image.,7401,The person displays one image.,False,0.00022006875951774418
i2t,7401,The people look like a happy pair.,7401,The people look like a happy pair.,False,0.008987157605588436
i2t,7401,The woman looked at her laptop.,7401,The woman looked at her laptop.,True,0.04121896252036095
i2t,7401,A woman is looking at her laptop.,7401,A woman is looking at her laptop.,True,0.0054892925545573235
i2t,7401,A woman turns her head to the side.,7401,A woman turns her head to the side.,False,0.0009999059839174151
i2t,7401,A person sends a message to another person.,7401,A person sends a message to another person.,True,0.002555767772719264
i2t,7401,A woman and a man are standing back to back.,7401,A woman and a man are standing back to back.,False,0.00034515580045990646
i2t,7401,People smile in their pictures for the event,7401,People smile in their pictures for the event,True,0.10875152051448822
i2t,7401,A couple is sitting in front of a couch.,7401,A couple is sitting in front of a couch.,False,7.569514127681032e-05
i2t,7401,A couple is sitting on a sofa.,7401,A couple is sitting on a sofa.,False,0.001281506265513599
i2t,7401,Man looking at other women,7401,Man looking at other women,False,8.328919648192823e-05
i2t,7401,Woman looking at laptop,7401,Woman looking at laptop,True,3.367968383827247e-05
i2t,7401,A woman is holding a laptop.,7401,A woman is holding a laptop.,True,0.000901159131899476
i2t,7401,Women sit next to men.,7401,Women sit next to men.,True,0.16997724771499634
i2t,7401,A couple sitting at home on the couch,7401,A couple sitting at home on the couch,False,0.040223028510808945
i2t,7401,A woman holds a laptop,7401,A woman holds a laptop,True,0.017048081383109093
i2t,7401,A person sitting at home,7401,A person sitting at home,True,0.07003754377365112
i2t,7401,A man looking at a computer.,7401,A man looking at a computer.,True,0.009921427816152573
i2t,7401,A woman holding a computer.,7401,A woman holding a computer.,True,0.006419949699193239
i2t,7401,A couple sitting in a house,7401,A couple sitting in a house,False,0.07702773064374924
i2t,7401,The woman uses her PC.,7401,The woman uses her PC.,True,0.001965243136510253
i2t,7401,A person working with a team,7401,A person working with a team,True,0.05967368930578232
i2t,7401,this person makes the image,7401,this person makes the image,False,0.661882221698761
i2t,7401,A person sits in a row.,7401,A person sits in a row.,False,0.09216034412384033
i2t,7401,The woman stood in the front.,7401,The woman stood in the front.,False,0.1531725823879242
i2t,7401,people make a team.,7401,people make a team.,True,0.0006789342151023448
i2t,7401,A person works with her team.,7401,A person works with her team.,True,0.12715987861156464
i2t,7401,A woman is smiling in the background.,7401,A woman is smiling in the background.,False,0.0003242024395149201
i2t,7401,A person works with people.,7401,A person works with people.,True,0.4653560519218445
i2t,7401,person visit meet person,7401,person visit meet person,False,0.7439855337142944
i2t,7401,People work in a team.,7401,People work in a team.,True,0.25433623790740967
i2t,7401,A person attending a meeting at a computer,7401,A person attending a meeting at a computer,True,0.003177805570885539
i2t,7401,A man sits with a laptop.,7401,A man sits with a laptop.,True,0.007926278747618198
i2t,7401,A woman uses a laptop.,7401,A woman uses a laptop.,True,0.03512262925505638
i2t,7401,A woman using a computer.,7401,A woman using a computer.,True,0.0041907960548996925
i2t,7401,A woman uses a computer.,7401,A woman uses a computer.,True,0.011662092059850693
i2t,7401,business sit a couch,7401,business sit a couch,False,0.004497600719332695
i2t,7401,A woman looks at a paper and sits at a computer.,7401,A woman looks at a paper and sits at a computer.,False,0.0001704488677205518
i2t,7401,A woman uses the computer.,7401,A woman uses the computer.,True,0.22958873212337494
i2t,7401,A woman uses a pc,7401,A woman uses a pc,True,0.033168546855449677
i2t,1733,A person pose one,1733,A person pose one,False,0.0003869427600875497
i2t,1733,man sit the floor,1733,man sit the floor,False,0.00171915371902287
i2t,1733,this person makes the image,1733,this person makes the image,False,0.3314708173274994
i2t,1733,A person posting a picture.,1733,A person posting a picture.,False,0.0004624684515874833
i2t,1733,A person sitting at home,1733,A person sitting at home,False,0.26955345273017883
i2t,1733,A person sitting on their side.,1733,A person sitting on their side.,False,0.014257366769015789
i2t,1733,A woman is sitting on the couch,1733,A woman is sitting on the couch,False,0.03355494514107704
i2t,1733,the person looks nice,1733,the person looks nice,True,0.0001599547831574455
i2t,1733,A woman stretching legs.,1733,A woman stretching legs.,False,0.002961485181003809
i2t,1733,the woman sits with her legs up,1733,the woman sits with her legs up,False,0.00237453356385231
i2t,1733,A brunette woman lies comfortably on a sofa.,1733,A brunette woman lies comfortably on a sofa.,True,0.002522229216992855
i2t,1733,A women lie down on a  couch,1733,A women lie down on a  couch,True,0.43248122930526733
i2t,1733,A woman sits and crosses her leg.,1733,A woman sits and crosses her leg.,False,0.3371058404445648
i2t,1733,Woman laying on the floor,1733,Woman laying on the floor,False,0.5017426013946533
i2t,1733,a woman sits with her leg up.,1733,a woman sits with her leg up.,False,0.22769099473953247
i2t,1733,A woman lies on the sofa.,1733,A woman lies on the sofa.,True,0.8519639372825623
i2t,1733,A woman lying on a couch.,1733,A woman lying on a couch.,True,0.16863220930099487
i2t,1733,A girl lies on a couch.,1733,A girl lies on a couch.,True,0.34222084283828735
i2t,1733,A girl lies on a sofa.,1733,A girl lies on a sofa.,True,0.6637547612190247
i2t,1733,A woman lays on the couch.,1733,A woman lays on the couch.,True,0.22607389092445374
i2t,1733,a girl sleeping on the sofa,1733,a girl sleeping on the sofa,False,0.7269689440727234
i2t,1733,A women's head resting on a pillow.,1733,A women's head resting on a pillow.,False,0.16555193066596985
i2t,1733,A woman laying on her couch,1733,A woman laying on her couch,True,0.5312291383743286
i2t,1733,A couple is lying on a sofa,1733,A couple is lying on a sofa,False,0.34320351481437683
i2t,1733,A woman lies on the couch,1733,A woman lies on the couch,True,0.5881574749946594
i2t,1733,A woman lying in the bed.,1733,A woman lying in the bed.,False,0.5868826508522034
i2t,1733,A woman laying on a couch.,1733,A woman laying on a couch.,True,0.02658923529088497
i2t,1733,A woman lying in bed.,1733,A woman lying in bed.,False,0.5005674362182617
i2t,1733,A woman is lying on the sofa.,1733,A woman is lying on the sofa.,True,0.017170125618577003
i2t,1733,A woman rests on the couch.,1733,A woman rests on the couch.,True,0.41984331607818604
i2t,1733,A girl lies on the sofa.,1733,A girl lies on the sofa.,True,0.7379301190376282
i2t,1733,A woman lies on a sofa.,1733,A woman lies on a sofa.,True,0.7743963599205017
i2t,1733,A beautiful woman lies on a sofa,1733,A beautiful woman lies on a sofa,True,0.37003540992736816
i2t,1733,A woman lays on a couch.,1733,A woman lays on a couch.,True,0.10031875222921371
i2t,1733,A woman lies back.,1733,A woman lies back.,True,0.006442548241466284
i2t,1733,A woman lies on a couch.,1733,A woman lies on a couch.,True,0.11645392328500748
i2t,1733,A woman resting on a couch.,1733,A woman resting on a couch.,True,0.20100373029708862
i2t,1023,a goalie is a person who saves the ball from entering the goal.,1023,a goalie is a person who saves the ball from entering the goal.,True,0.022109895944595337
i2t,1023,The player saved the shot.,1023,The player saved the shot.,False,0.9513692259788513
i2t,1023,player save the goal,1023,player save the goal,False,0.5932828783988953
i2t,1023,The goalie defended the goal from the ball with his head.,1023,The goalie defended the goal from the ball with his head.,False,0.2598739266395569
i2t,1023,A player kicks a save.,1023,A player kicks a save.,False,0.759334921836853
i2t,1023,A player saves the shot,1023,A player saves the shot,False,0.8980036973953247
i2t,1023,A player saves a shot.,1023,A player saves a shot.,False,0.918242871761322
i2t,1023,The player saved a goal.,1023,The player saved a goal.,False,0.8763118386268616
i2t,1023,a player head his goal,1023,a player head his goal,False,0.48590222001075745
i2t,1023,Player shoots a goal.,1023,Player shoots a goal.,False,0.024587849155068398
i2t,1023,A person saves the ball,1023,A person saves the ball,False,0.45640912652015686
i2t,1023,A person catching a ball.,1023,A person catching a ball.,True,0.0018152827396988869
i2t,1023,A person catching a ball,1023,A person catching a ball,False,0.0005253884592093527
i2t,1023,A player is saving a goal.,1023,A player is saving a goal.,False,0.5726625323295593
i2t,1023,A player saves a kick.,1023,A player saves a kick.,False,0.8045908808708191
i2t,1023,A person saves a soccer ball.,1023,A person saves a soccer ball.,False,0.2802327275276184
i2t,1023,A person saves the ball from goal,1023,A person saves the ball from goal,False,0.8243287205696106
i2t,1023,A player making a goal,1023,A player making a goal,False,0.05853160098195076
i2t,1023,a player saves the kick,1023,a player saves the kick,False,0.7094147205352783
i2t,1023,A player saves a goal.,1023,A player saves a goal.,False,0.9639121294021606
i2t,1023,A player wanted to get a goal.,1023,A player wanted to get a goal.,False,0.8637655973434448
i2t,1023,A player gets a goal.,1023,A player gets a goal.,True,0.9152126908302307
i2t,1023,A player will shoot a goal.,1023,A player will shoot a goal.,False,0.8572605848312378
i2t,1023,The player saves a goal from being scored.,1023,The player saves a goal from being scored.,False,0.9531493186950684
i2t,1023,The player saves a goal.,1023,The player saves a goal.,False,0.9339483976364136
i2t,1023,Player gets a goal.,1023,Player gets a goal.,False,0.13257955014705658
i2t,1023,The teammate will score a goal.,1023,The teammate will score a goal.,False,0.7787581086158752
i2t,1023,A player is encouraged to save a goal.,1023,A player is encouraged to save a goal.,True,0.8032413721084595
i2t,1023,The player dives as he tries to score a goal.,1023,The player dives as he tries to score a goal.,False,0.7603201866149902
i2t,1023,The player hits a goal.,1023,The player hits a goal.,False,0.6162591576576233
i2t,1023,The player saves the penalty shot.,1023,The player saves the penalty shot.,False,0.8213175535202026
i2t,1023,A goalkeeper saves a ball.,1023,A goalkeeper saves a ball.,True,0.6614971160888672
i2t,1023,A goalkeeper throwing a ball.,1023,A goalkeeper throwing a ball.,False,0.023876545950770378
i2t,1023,The goalkeeper kicks the ball.,1023,The goalkeeper kicks the ball.,False,0.019028402864933014
i2t,1023,gollkeeper pounch a ball,1023,gollkeeper pounch a ball,True,0.08847584575414658
i2t,1023,a goalkeeper is throwing a ball,1023,a goalkeeper is throwing a ball,False,0.0012008191552013159
i2t,1023,The goalkeeper punched the ball away from the goal.,1023,The goalkeeper punched the ball away from the goal.,True,0.6743478178977966
i2t,1023,A soccer player blocks a shot and saves the goal.,1023,A soccer player blocks a shot and saves the goal.,False,0.005849899258464575
i2t,1023,A soccer player saves the ball.,1023,A soccer player saves the ball.,False,0.3705042600631714
i2t,1023,A soccer player is saving the shot.,1023,A soccer player is saving the shot.,False,0.08885245025157928
i2t,12097,A man looks over at the view.,12097,A man looks over at the view.,True,0.8997836112976074
i2t,12097,A person sitting on an edge.,12097,A person sitting on an edge.,True,0.6307517886161804
i2t,12097,A person looks at the view.,12097,A person looks at the view.,True,0.8251540064811707
i2t,12097,"The person, who said will arrive here by his own car.",12097,"The person, who said will arrive here by his own car.",False,0.10640924423933029
i2t,12097,A man is thinking about something.,12097,A man is thinking about something.,True,0.6291511654853821
i2t,12097,the person take the view,12097,the person take the view,True,0.9240735173225403
i2t,12097,A man thinking of something,12097,A man thinking of something,True,0.3664652705192566
i2t,12097,A man is standing atop of the mountain.,12097,A man is standing atop of the mountain.,False,0.7535318732261658
i2t,12097,People are sitting in a room.,12097,People are sitting in a room.,False,0.10157320648431778
i2t,12097,A person sits on the edge.,12097,A person sits on the edge.,True,0.8973970413208008
i2t,12097,A man sits on a mountain.,12097,A man sits on a mountain.,True,0.7691276669502258
i2t,12097,A man sitting on a mountain.,12097,A man sitting on a mountain.,True,0.600731611251831
i2t,12097,A man sitting on a cliff.,12097,A man sitting on a cliff.,True,0.8065260648727417
i2t,12097,A man sits on a cliff.,12097,A man sits on a cliff.,True,0.8176563382148743
i2t,12097,The man enjoys the view.,12097,The man enjoys the view.,True,0.8533403873443604
i2t,12097,The man sits on the rock.,12097,The man sits on the rock.,True,0.784308671951294
i2t,12097,A man sitting on the edge of a cliff.,12097,A man sitting on the edge of a cliff.,True,0.6785746216773987
i2t,12097,A man sits on a rock.,12097,A man sits on a rock.,True,0.4848821461200714
i2t,12097,man sit on the terrace,12097,man sit on the terrace,False,0.441333532333374
i2t,12097,A man sitting on a rock.,12097,A man sitting on a rock.,True,0.5558202266693115
i2t,12097,Man is standing on a hill.,12097,Man is standing on a hill.,False,0.8967172503471375
i2t,12097,The person sits on the hill.,12097,The person sits on the hill.,True,0.49756157398223877
i2t,12097,A person sitting on a cliff,12097,A person sitting on a cliff,True,0.6552623510360718
i2t,12097,the person rests on the rock,12097,the person rests on the rock,True,0.9256381988525391
i2t,12097,the man stand on the hill,12097,the man stand on the hill,False,0.3401767611503601
i2t,12097,A man admiring the view.,12097,A man admiring the view.,True,0.8307167887687683
i2t,12097,A person sits on a cliff,12097,A person sits on a cliff,True,0.8143823146820068
i2t,12097,A person is sitting by the sun.,12097,A person is sitting by the sun.,True,0.14157894253730774
i2t,12097,A person sitting on a cliff.,12097,A person sitting on a cliff.,True,0.6601163148880005
i2t,12097,A man sits on the top.,12097,A man sits on the top.,True,0.9174754023551941
i2t,12097,The person enjoys the view.,12097,The person enjoys the view.,True,0.5162752866744995
i2t,12097,A person sitting above a rock,12097,A person sitting above a rock,True,0.5805410742759705
i2t,12097,A sun rises majestically in the mist of a mountain.,12097,A sun rises majestically in the mist of a mountain.,True,0.30555739998817444
i2t,12097,A man standing on top of a mountain.,12097,A man standing on top of a mountain.,False,0.16041189432144165
i2t,12097,A person is enjoying a sunset.,12097,A person is enjoying a sunset.,True,0.6089589595794678
i2t,12097,person enjoy a sunset,12097,person enjoy a sunset,True,0.1404678076505661
i2t,12097,The man stood on the mountain.,12097,The man stood on the mountain.,False,0.7853944897651672
i2t,1632,The person is holding a dog.,1632,The person is holding a dog.,True,0.00030640457407571375
i2t,1632,A woman is looking at the view.,1632,A woman is looking at the view.,True,0.0622578039765358
i2t,1632,Can we take the kid for a walk on the beach?,1632,Can we take the kid for a walk on the beach?,False,0.15182700753211975
i2t,1632,A woman is taking her dog.,1632,A woman is taking her dog.,True,0.8629844784736633
i2t,1632,a woman is holding a dog,1632,a woman is holding a dog,True,0.0553971491754055
i2t,1632,is this girl looking at the ocean?,1632,is this girl looking at the ocean?,True,0.03901214525103569
i2t,1632,A woman tells the dog to sit.,1632,A woman tells the dog to sit.,False,0.1676245778799057
i2t,1632,The woman is using a camera.,1632,The woman is using a camera.,False,0.0007755041588097811
i2t,1632,The person is holding the dog.,1632,The person is holding the dog.,True,0.00011001044185832143
i2t,1632,A woman enjoying the view,1632,A woman enjoying the view,True,0.3439791202545166
i2t,1632,The woman sits on the tree.,1632,The woman sits on the tree.,True,0.8086340427398682
i2t,1632,A woman sits on a tree branch.,1632,A woman sits on a tree branch.,True,0.6455701589584351
i2t,1632,A girl sitting on a tree.,1632,A girl sitting on a tree.,True,0.8583381175994873
i2t,1632,A woman sits on a branch above the sand.,1632,A woman sits on a branch above the sand.,True,0.7516229152679443
i2t,1632,a girl sitting on a tree branch,1632,a girl sitting on a tree branch,True,0.9133744239807129
i2t,1632,A girl sits on a tree branch.,1632,A girl sits on a tree branch.,True,0.8208739161491394
i2t,1632,A woman sits on a tree.,1632,A woman sits on a tree.,True,0.6468883752822876
i2t,1632,A girl sitting on a branch.,1632,A girl sitting on a branch.,True,0.8629913926124573
i2t,1632,"The woman leans on the tree,",1632,"The woman leans on the tree,",False,0.0011118482798337936
i2t,1632,The girl is sitting on a branch.,1632,The girl is sitting on a branch.,True,0.5121449828147888
i2t,1632,The woman sits on the beach.,1632,The woman sits on the beach.,True,0.18537160754203796
i2t,1632,A girl is sitting on the beach.,1632,A girl is sitting on the beach.,True,0.45808717608451843
i2t,1632,An animal sitting at the beach.,1632,An animal sitting at the beach.,False,0.12199129909276962
i2t,1632,The lady is sitting on the beach.,1632,The lady is sitting on the beach.,True,0.09124717861413956
i2t,1632,The woman sits at the shore.,1632,The woman sits at the shore.,True,0.4504379332065582
i2t,1632,A woman is laying on the beach.,1632,A woman is laying on the beach.,False,0.25583693385124207
i2t,1632,The girl sits on the sand.,1632,The girl sits on the sand.,False,0.09003093838691711
i2t,1632,A woman is sitting near the ocean.,1632,A woman is sitting near the ocean.,True,0.2533203065395355
i2t,1632,A woman is looking at the ocean.,1632,A woman is looking at the ocean.,True,0.07934346050024033
i2t,1632,The woman sunbathes on the beach.,1632,The woman sunbathes on the beach.,True,0.21130642294883728
i2t,1632,woman sit,1632,woman sit,True,0.0019792260136455297
i2t,1632,dog stand,1632,dog stand,False,4.41675801994279e-05
i2t,1632,One girl enjoy in a beach.,1632,One girl enjoy in a beach.,True,0.0005701648187823594
i2t,1632,The woman holds the dog.,1632,The woman holds the dog.,True,0.5527530908584595
i2t,1632,A woman carry a dog.,1632,A woman carry a dog.,True,0.19941721856594086
i2t,1632,A woman enjoys time at the beach.,1632,A woman enjoys time at the beach.,True,0.2802303731441498
i2t,1632,The dog sat on the tree.,1632,The dog sat on the tree.,False,0.7796528935432434
i2t,1632,woman sits on beach,1632,woman sits on beach,True,0.00032950181048363447
i2t,1632,A woman sits on the beach.,1632,A woman sits on the beach.,False,0.20948436856269836
i2t,1632,a girl sitting by the beach,1632,a girl sitting by the beach,True,0.07390660792589188
i2t,1632,A woman sits on the beach,1632,A woman sits on the beach,True,0.14223815500736237
i2t,1632,A lady sitting on the beach.,1632,A lady sitting on the beach.,True,0.014047748409211636
i2t,1632,A woman sits on a beach.,1632,A woman sits on a beach.,True,0.10691533982753754
i2t,1632,A LADY SITS IN THE BEACH.,1632,A LADY SITS IN THE BEACH.,True,0.037419527769088745
i2t,1632,A woman resting on the beach.,1632,A woman resting on the beach.,True,0.33196231722831726
i2t,1632,A woman rests on the beach.,1632,A woman rests on the beach.,True,0.446259468793869
i2t,1632,A dog is sitting on the beach.,1632,A dog is sitting on the beach.,True,0.13690143823623657
i2t,1632,A woman enjoys the beach.,1632,A woman enjoys the beach.,True,0.4585523009300232
i2t,1632,A dog lies on the beach.,1632,A dog lies on the beach.,False,0.08103398978710175
i2t,1632,A dog is lying on the beach.,1632,A dog is lying on the beach.,False,0.15298697352409363
i2t,1632,A woman is enjoying the beach.,1632,A woman is enjoying the beach.,True,0.09532446414232254
i2t,1632,A dog lays on a beach.,1632,A dog lays on a beach.,False,0.02073284424841404
i2t,1632,A woman and here dog sit next to a lake.,1632,A woman and here dog sit next to a lake.,False,0.02489156275987625
i2t,1632,The woman enjoys the beach.,1632,The woman enjoys the beach.,True,0.05807198956608772
i2t,1632,A woman sits with a dog.,1632,A woman sits with a dog.,True,0.0757453665137291
i2t,9966,A person sits and tries to take a step.,9966,A person sits and tries to take a step.,False,0.0021093767136335373
i2t,9966,Woman is sitting on the staircase.,9966,Woman is sitting on the staircase.,True,0.6524632573127747
i2t,9966,girl sit on the step,9966,girl sit on the step,True,0.8778057098388672
i2t,9966,A girl is sitting on the stairs.,9966,A girl is sitting on the stairs.,True,0.8632386326789856
i2t,9966,A person pose one,9966,A person pose one,True,0.002297563012689352
i2t,9966,the person looks nice,9966,the person looks nice,True,6.285245035542175e-05
i2t,9966,the girl  look is very nice.,9966,the girl  look is very nice.,True,0.0948166698217392
i2t,9966,a person sitting on a stair,9966,a person sitting on a stair,True,0.023808039724826813
i2t,9966,A person sits and shops online,9966,A person sits and shops online,False,0.16776248812675476
i2t,9966,A girls sits to take a picture.,9966,A girls sits to take a picture.,False,0.8053234219551086
i2t,9966,girl sit on the groung,9966,girl sit on the groung,True,0.020364118739962578
i2t,9966,The girl sat on the stair.,9966,The girl sat on the stair.,True,0.95152747631073
i2t,9966,Tis woman is sitting on the staircase.,9966,Tis woman is sitting on the staircase.,True,0.012317837215960026
i2t,9966,A woman sitting on the stairs.,9966,A woman sitting on the stairs.,True,0.6167948842048645
i2t,9966,A girl sit on the edge,9966,A girl sit on the edge,False,0.9170573353767395
i2t,9966,girl sit on the park,9966,girl sit on the park,False,0.9432297348976135
i2t,9966,A woman sits on the stairs.,9966,A woman sits on the stairs.,True,0.6652049422264099
i2t,9966,The woman sits on the stairs.,9966,The woman sits on the stairs.,True,0.9151906371116638
i2t,9966,The person sits on the stairs.,9966,The person sits on the stairs.,True,0.4015991687774658
i2t,9966,A woman sitting on a ledge.,9966,A woman sitting on a ledge.,False,0.3070700168609619
i2t,9966,A man sitting on the steps.,9966,A man sitting on the steps.,False,0.4531177580356598
i2t,9966,A girl sitting on the pavement.,9966,A girl sitting on the pavement.,False,0.84489506483078
i2t,9966,woman sit,9966,woman sit,True,0.01206044852733612
i2t,9966,A girl sits and waits.,9966,A girl sits and waits.,True,0.8758751749992371
i2t,9966,The girl goes down the stairs.,9966,The girl goes down the stairs.,False,0.0410652793943882
i2t,9966,A woman sitting against a wall.,9966,A woman sitting against a wall.,False,0.1707167774438858
i2t,9966,A woman sits against a wall.,9966,A woman sits against a wall.,False,0.2959040701389313
i2t,9966,A woman sits on a staircase.,9966,A woman sits on a staircase.,True,0.5064867734909058
i2t,9966,A girl sits on steps near a street.,9966,A girl sits on steps near a street.,True,0.19640855491161346
i2t,9966,The woman is sitting against the wall.,9966,The woman is sitting against the wall.,False,0.020550601184368134
i2t,9966,A woman sits on the staircase.,9966,A woman sits on the staircase.,True,0.9090925455093384
i2t,8486,Some people walk through an airport.,8486,Some people walk through an airport.,False,0.33587369322776794
i2t,8486,Passengers arrive at a flight.,8486,Passengers arrive at a flight.,False,0.3530673086643219
i2t,8486,The person looks like she is heading to work.,8486,The person looks like she is heading to work.,False,0.010796507820487022
i2t,8486,"The person, who said will arrive here by his own car.",8486,"The person, who said will arrive here by his own car.",False,0.3813374638557434
i2t,8486,A man walks with a suitcase,8486,A man walks with a suitcase,False,0.6195142269134521
i2t,8486,Passengers arrive for their flight.,8486,Passengers arrive for their flight.,False,0.6737712621688843
i2t,8486,The person walks toward the camera.,8486,The person walks toward the camera.,False,0.04232089966535568
i2t,8486,The woman walks away with another person.,8486,The woman walks away with another person.,False,0.23485469818115234
i2t,8486,The woman stands facing the front.,8486,The woman stands facing the front.,False,0.30903440713882446
i2t,8486,A person takes a step on their walk.,8486,A person takes a step on their walk.,True,0.7269527912139893
i2t,8486,The woman walks on top of the pavement.,8486,The woman walks on top of the pavement.,False,0.11845134943723679
i2t,8486,A woman is walking in the middle of the day.,8486,A woman is walking in the middle of the day.,True,0.015585469081997871
i2t,8486,A girl walks with a travel bag.,8486,A girl walks with a travel bag.,True,0.41249561309814453
i2t,8486,A woman is carrying her bag.,8486,A woman is carrying her bag.,True,0.3142778277397156
i2t,8486,A woman walks with a bag.,8486,A woman walks with a bag.,True,0.7848992943763733
i2t,8486,A person takes a walk in a city.,8486,A person takes a walk in a city.,False,0.3108070492744446
i2t,8486,The woman walks on the pavement.,8486,The woman walks on the pavement.,False,0.3093351423740387
i2t,8486,The person walks to the office.,8486,The person walks to the office.,False,0.44910407066345215
i2t,8486,a person walking across pavement,8486,a person walking across pavement,False,0.04640670865774155
i2t,8486,A person traveling the city.,8486,A person traveling the city.,False,0.9765863418579102
i2t,8486,A woman walks past a window in an airport.,8486,A woman walks past a window in an airport.,True,0.35044434666633606
i2t,8486,The person walks by a building.,8486,The person walks by a building.,False,0.4799230396747589
i2t,8486,A man walks with no other persons,8486,A man walks with no other persons,False,0.7960343956947327
i2t,8486,A person walks in the city,8486,A person walks in the city,False,0.39909955859184265
i2t,8486,A person looks at the view.,8486,A person looks at the view.,False,0.8482440710067749
i2t,8486,a man walking on an edge,8486,a man walking on an edge,False,0.5813682079315186
i2t,8486,A person walks in the city.,8486,A person walks in the city.,False,0.8411556482315063
i2t,8486,A person walks on the building's edge.,8486,A person walks on the building's edge.,False,0.7111871838569641
i2t,8486,A person is walking near a window.,8486,A person is walking near a window.,True,0.012050247751176357
i2t,8486,A person walks in the background.,8486,A person walks in the background.,True,0.06043251231312752
i2t,8486,The person walked past the window.,8486,The person walked past the window.,True,0.005614608060568571
i2t,8486,The person walks towards the business meeting.,8486,The person walks towards the business meeting.,False,0.6803436279296875
i2t,8486,A person is walking home.,8486,A person is walking home.,False,0.32018664479255676
i2t,8486,A person travels the city with her bags and phone.,8486,A person travels the city with her bags and phone.,True,0.00266640679910779
i2t,8486,A man walking on the road is carrying a suitcase.,8486,A man walking on the road is carrying a suitcase.,False,0.00033436971716582775
i2t,8486,A celebrity going through the airport,8486,A celebrity going through the airport,False,0.7079834938049316
i2t,8486,A man walks with a briefcase.,8486,A man walks with a briefcase.,False,0.7881883382797241
i2t,8486,A man walking with his briefcase.,8486,A man walking with his briefcase.,False,0.7047662734985352
i2t,8486,A girl walking on the pavement to go somewhere,8486,A girl walking on the pavement to go somewhere,True,0.4614764451980591
i2t,8486,A woman walks towards the camera.,8486,A woman walks towards the camera.,False,0.6570919752120972
i2t,303,A person sits and shops online,303,A person sits and shops online,False,0.32363057136535645
i2t,303,A person sits in a cafe.,303,A person sits in a cafe.,False,0.9217873811721802
i2t,303,the person looks nice,303,the person looks nice,True,4.539743531495333e-05
i2t,303,woman sit,303,woman sit,True,0.0038074429612606764
i2t,303,A person sitting in a cafe describing something to another person,303,A person sitting in a cafe describing something to another person,False,0.0010494267335161567
i2t,303,A person pose one,303,A person pose one,False,0.00032183609437197447
i2t,303,A woman sits in a coffee shop.,303,A woman sits in a coffee shop.,False,0.9691913723945618
i2t,303,The girl think about how to spend money,303,The girl think about how to spend money,False,0.4757835865020752
i2t,303,a womans seat at the table,303,a womans seat at the table,True,0.00027069973293691874
i2t,303,A person waiting for another person.,303,A person waiting for another person.,False,0.8824511766433716
i2t,303,Woman sitting on a terrace,303,Woman sitting on a terrace,True,0.6731556057929993
i2t,303,Woman sits on terrace.,303,Woman sits on terrace.,True,0.007281697355210781
i2t,303,A woman sitting in a terrace.,303,A woman sitting in a terrace.,True,0.937801718711853
i2t,303,A woman sitting on a terrace,303,A woman sitting on a terrace,True,0.8357130289077759
i2t,303,A woman sits on the terrace.,303,A woman sits on the terrace.,True,0.9775556921958923
i2t,303,this girl sits on the street,303,this girl sits on the street,True,0.7911438941955566
i2t,303,A woman sits on a  terrace.,303,A woman sits on a  terrace.,True,0.9713045954704285
i2t,303,A woman sits near the street.,303,A woman sits near the street.,True,0.9050865173339844
i2t,303,A woman sits by the street.,303,A woman sits by the street.,True,0.9186984300613403
i2t,303,girl sit on the step,303,girl sit on the step,False,0.25107285380363464
i2t,303,The woman sits on the table.,303,The woman sits on the table.,False,0.7667049765586853
i2t,303,woman sit in the table,303,woman sit in the table,True,0.6661283373832703
i2t,303,The girl sits on the bench.,303,The girl sits on the bench.,True,0.8083903193473816
i2t,303,At the table a woman sits,303,At the table a woman sits,True,0.4351312518119812
i2t,303,Person sitting on a bench.,303,Person sitting on a bench.,True,0.972456693649292
i2t,303,The woman sits at the table,303,The woman sits at the table,True,0.1766412854194641
i2t,303,A woman is walking in the city.,303,A woman is walking in the city.,False,0.9841629266738892
i2t,303,The woman took a seat at the table.,303,The woman took a seat at the table.,True,0.5493189692497253
i2t,303,a girl sitting on a bench,303,a girl sitting on a bench,True,0.13994428515434265
i2t,303,A woman is sitting on a bench.,303,A woman is sitting on a bench.,True,0.12132405489683151
i2t,303,A woman sits in the city.,303,A woman sits in the city.,True,0.967246413230896
i2t,303,A woman sits on a bench.,303,A woman sits on a bench.,True,0.7465206980705261
i2t,303,woman sitting at table,303,woman sitting at table,True,4.617030936060473e-05
i2t,303,person sit in the cafe shop,303,person sit in the cafe shop,False,0.3744111955165863
i2t,303,a lady sits in the table,303,a lady sits in the table,True,0.04484974220395088
i2t,303,A woman sits at a table.,303,A woman sits at a table.,True,0.03964840620756149
i2t,303,A lady sits at a table.,303,A lady sits at a table.,True,0.08429072797298431
i2t,303,A woman sits on a balcony.,303,A woman sits on a balcony.,False,0.36825478076934814
i2t,1667,A man runs on the trail.,1667,A man runs on the trail.,True,0.8325394988059998
i2t,1667,A person runs as a player in competitive sport.,1667,A person runs as a player in competitive sport.,True,0.0040031918324530125
i2t,1667,A person runs on a trail.,1667,A person runs on a trail.,True,0.5877593755722046
i2t,1667,A person follows others on a run.,1667,A person follows others on a run.,True,0.8541492223739624
i2t,1667,A man runs on a mountain.,1667,A man runs on a mountain.,True,0.08575151115655899
i2t,1667,the runner is runs a day,1667,the runner is runs a day,True,0.06258845329284668
i2t,1667,The man runs on the path.,1667,The man runs on the path.,True,0.07055390626192093
i2t,1667,The people run in a race.,1667,The people run in a race.,True,0.0661560595035553
i2t,1667,A group of people run as a team,1667,A group of people run as a team,True,0.08081725239753723
i2t,1667,Man runs the trail.,1667,Man runs the trail.,True,0.8542545437812805
i2t,1667,Two men are running up a trail.,1667,Two men are running up a trail.,True,0.06093475967645645
i2t,1667,Two men run on a trail.,1667,Two men run on a trail.,True,0.02580448053777218
i2t,1667,A person running the trail,1667,A person running the trail,True,0.8380502462387085
i2t,1667,The man ran down the trail.,1667,The man ran down the trail.,False,0.22072678804397583
i2t,1667,A man running on the trail.,1667,A man running on the trail.,True,0.6992763876914978
i2t,1667,Men walking a trail,1667,Men walking a trail,False,0.5623680353164673
i2t,1667,A man and a woman run up a hill.,1667,A man and a woman run up a hill.,True,0.11525603383779526
i2t,1667,Men are walking on a trail.,1667,Men are walking on a trail.,False,0.554926335811615
i2t,1667,A fit man runs up a mountain in bright shoes.,1667,A fit man runs up a mountain in bright shoes.,False,0.08021259307861328
i2t,1667,A person walking on a trail.,1667,A person walking on a trail.,False,0.13944773375988007
i2t,1667,A man is hiking on a trail.,1667,A man is hiking on a trail.,False,0.40540799498558044
i2t,1667,A man walking on a trail,1667,A man walking on a trail,False,0.19393765926361084
i2t,1667,The person rides on the trail.,1667,The person rides on the trail.,False,0.4733157455921173
i2t,1667,Multiple persons walking a trail.,1667,Multiple persons walking a trail.,False,0.22797168791294098
i2t,1667,People running on a trail.,1667,People running on a trail.,True,0.8762487769126892
i2t,1667,Men hike on a trail.,1667,Men hike on a trail.,True,0.7786256670951843
i2t,1667,The person will walk on the trail.,1667,The person will walk on the trail.,False,0.4532339572906494
i2t,1667,a man run in the mountain,1667,a man run in the mountain,True,0.07137814909219742
i2t,1667,A couple jogs in the forest.,1667,A couple jogs in the forest.,True,0.3839489221572876
i2t,1667,A couple jog in a forest.,1667,A couple jog in a forest.,True,0.1978137195110321
i2t,1667,People run in the forest.,1667,People run in the forest.,True,0.35231661796569824
i2t,1667,A couple is jogging through a forest.,1667,A couple is jogging through a forest.,True,0.020621897652745247
i2t,1667,A couple hike in the forest,1667,A couple hike in the forest,True,0.09166745096445084
i2t,1667,The man jogs through the forest.,1667,The man jogs through the forest.,True,0.004720048978924751
i2t,1667,A woman runs along a trail in the forest.,1667,A woman runs along a trail in the forest.,False,0.1644827276468277
i2t,6746,A sculpture of a person walking,6746,A sculpture of a person walking,True,0.23848620057106018
i2t,6746,A sculpture of a person walking.,6746,A sculpture of a person walking.,True,0.40727755427360535
i2t,6746,The person will be viewed walking from the side.,6746,The person will be viewed walking from the side.,False,0.609748125076294
i2t,6746,a person is walking during the day.,6746,a person is walking during the day.,False,0.000954497023485601
i2t,6746,A person run in the city,6746,A person run in the city,False,0.6492961645126343
i2t,6746,A person takes a step on their walk.,6746,A person takes a step on their walk.,False,0.05227651447057724
i2t,6746,A person runs as a player in competitive sport.,6746,A person runs as a player in competitive sport.,False,0.014591578394174576
i2t,6746,the person is running in a Team,6746,the person is running in a Team,False,0.004541539121419191
i2t,6746,person walk a day,6746,person walk a day,False,0.432912677526474
i2t,6746,The person is walking on the top.,6746,The person is walking on the top.,False,8.583564340369776e-05
i2t,6746,man excersiswe on the park,6746,man excersiswe on the park,False,0.26591458916664124
i2t,6746,Man walks by trees,6746,Man walks by trees,False,0.05050065368413925
i2t,6746,The man jumps over the tree.,6746,The man jumps over the tree.,False,0.001846145372837782
i2t,6746,Person running on lawn.,6746,Person running on lawn.,False,0.011505421251058578
i2t,6746,A statue of a person sitting.,6746,A statue of a person sitting.,False,0.035453639924526215
i2t,6746,The person is running in the park.,6746,The person is running in the park.,False,0.06050843000411987
i2t,6746,"trees, man, outside",6746,"trees, man, outside",False,0.10862899571657181
i2t,6746,A person is playing in a park.,6746,A person is playing in a park.,False,0.02728264220058918
i2t,6746,A statue stands in front of something.,6746,A statue stands in front of something.,True,0.043188948184251785
i2t,6746,That person only walks in the day.,6746,That person only walks in the day.,False,0.4849621653556824
i2t,6746,a man walking in the city,6746,a man walking in the city,False,0.12313707917928696
i2t,6746,A man running in the street.,6746,A man running in the street.,False,0.10816480219364166
i2t,6746,A person marching through a city.,6746,A person marching through a city.,False,0.8100244402885437
i2t,6746,A person walks in the city,6746,A person walks in the city,False,0.08118068426847458
i2t,6746,A man walks with no other persons,6746,A man walks with no other persons,False,0.4209566116333008
i2t,6746,A person leaps in the air.,6746,A person leaps in the air.,False,0.06324198842048645
i2t,6746,A man jumps in the air.,6746,A man jumps in the air.,False,0.02311747521162033
i2t,6746,The person jumps in the air.,6746,The person jumps in the air.,False,0.0028357019182294607
i2t,6746,A person jumps towards the sky.,6746,A person jumps towards the sky.,False,0.029584279283881187
i2t,6746,A person jumps in the park.,6746,A person jumps in the park.,False,0.1717752069234848
i2t,6746,A person walks in the background.,6746,A person walks in the background.,False,0.014893610961735249
i2t,6746,A man is jumping in the background.,6746,A man is jumping in the background.,False,0.008237959817051888
i2t,6746,A person jumps in the air,6746,A person jumps in the air,False,0.03394996002316475
i2t,6746,A person standing on a sculpture,6746,A person standing on a sculpture,False,0.0363728292286396
i2t,6746,People standing near a sculpture.,6746,People standing near a sculpture.,False,0.38539713621139526
i2t,6746,woman stand on the park,6746,woman stand on the park,False,0.017418473958969116
i2t,6746,person walks in park,6746,person walks in park,False,0.00817237701267004
i2t,6746,A man stands in a park.,6746,A man stands in a park.,False,0.030007582157850266
i2t,6746,A person takes a walk in a city.,6746,A person takes a walk in a city.,False,0.09240321815013885
i2t,6746,A man walks in the park.,6746,A man walks in the park.,False,0.10939492285251617
i2t,6746,A statue sits in front of a park.,6746,A statue sits in front of a park.,True,0.05467558279633522
i2t,6746,A person running on a lawn.,6746,A person running on a lawn.,False,0.034703344106674194
i2t,6746,A person running in the city.,6746,A person running in the city.,False,0.4114285707473755
i2t,6746,An artist is showing a figure sculpture.,6746,An artist is showing a figure sculpture.,False,0.012857798486948013
i2t,6746,The person is running like an athlete,6746,The person is running like an athlete,False,0.018457235768437386
i2t,8,A person can bring up an emotion with a photo.,8,A person can bring up an emotion with a photo.,True,0.3267538547515869
i2t,8,One person communicates with another.,8,One person communicates with another.,False,7.275228563230485e-05
i2t,8,A child looks like another person.,8,A child looks like another person.,False,0.8995695114135742
i2t,8,A daughter will take things from her mother,8,A daughter will take things from her mother,False,0.6336138844490051
i2t,8,A person takes a daughter.,8,A person takes a daughter.,False,0.606238842010498
i2t,8,A girl looks like another person.,8,A girl looks like another person.,False,0.9267792701721191
i2t,8,person tells about another difficult person,8,person tells about another difficult person,False,0.5706830620765686
i2t,8,A person is playing with other people.,8,A person is playing with other people.,False,0.02590821497142315
i2t,8,The girl is wearing a dress.,8,The girl is wearing a dress.,True,0.012492305599153042
i2t,8,the girl  look is very nice.,8,the girl  look is very nice.,True,0.049034420400857925
i2t,8,A young girls holds a stuffed white dog toy.,8,A young girls holds a stuffed white dog toy.,False,0.002029811032116413
i2t,8,An adorable girl stands near a fence with her teddy bear.,8,An adorable girl stands near a fence with her teddy bear.,False,0.001549647655338049
i2t,8,A young girl sits on a low tree branch.,8,A young girl sits on a low tree branch.,False,0.8689962029457092
i2t,8,A girl sits against a tree.,8,A girl sits against a tree.,True,0.9816564917564392
i2t,8,The girl sits in the grass near the tree.,8,The girl sits in the grass near the tree.,True,0.9695181846618652
i2t,8,A girl hugs a tree.,8,A girl hugs a tree.,False,0.8506075143814087
i2t,8,A girl sits with a dog.,8,A girl sits with a dog.,False,0.6582871675491333
i2t,8,A girl hugging a tree.,8,A girl hugging a tree.,False,0.8691595196723938
i2t,8,A girl is sitting in the meadow.,8,A girl is sitting in the meadow.,False,0.9479851722717285
i2t,8,The girl by the tree looks sad.,8,The girl by the tree looks sad.,True,0.7766094207763672
i2t,8,A girl is leaning on a tree.,8,A girl is leaning on a tree.,True,0.9535795450210571
i2t,8,A girl sitting on the ground.,8,A girl sitting on the ground.,True,0.606489360332489
i2t,8,A girl is sitting on the field.,8,A girl is sitting on the field.,False,0.9320494532585144
i2t,8,A girl sits on the ground.,8,A girl sits on the ground.,True,0.959837794303894
i2t,8,The child sits in the grass.,8,The child sits in the grass.,True,0.9299838542938232
i2t,8,A girl lying on the ground.,8,A girl lying on the ground.,False,0.926463782787323
i2t,8,A girl sitting in grass.,8,A girl sitting in grass.,True,0.6540533304214478
i2t,8,A girl sitting in the field.,8,A girl sitting in the field.,False,0.7386611700057983
i2t,8,A girl sitting on a ball.,8,A girl sitting on a ball.,False,0.20434457063674927
i2t,8,A child sat in the tree.,8,A child sat in the tree.,False,0.4843977987766266
i2t,8,A child sits under a tree.,8,A child sits under a tree.,True,0.8482972383499146
i2t,8,A girl sits and waits.,8,A girl sits and waits.,True,0.8787301182746887
i2t,8,a person holding a baby,8,a person holding a baby,False,0.00369620556011796
i2t,8,The child looks like a soulful person.,8,The child looks like a soulful person.,True,0.89765465259552
i2t,8,A girl sleeps with a bear,8,A girl sleeps with a bear,False,0.4866844415664673
i2t,8,A girl is sleeping with a bear.,8,A girl is sleeping with a bear.,False,0.7401255369186401
i2t,8,A girl hugs her mother.,8,A girl hugs her mother.,False,0.12418826669454575
i2t,8,A child lies in grass.,8,A child lies in grass.,False,0.7095059752464294
i2t,8,A girl is hugger her mother.,8,A girl is hugger her mother.,False,0.44893115758895874
i2t,8,Baby boy sitting in grass.,8,Baby boy sitting in grass.,False,0.6748141050338745
i2t,8,A little girl standing in a meadow,8,A little girl standing in a meadow,False,0.482489675283432
i2t,8,A girl sits in a meadow.,8,A girl sits in a meadow.,True,0.9468092918395996
i2t,8,A girl sits in a tree.,8,A girl sits in a tree.,False,0.9250170588493347
i2t,8,A child sits in the grass.,8,A child sits in the grass.,True,0.6824276447296143
i2t,4453,The woman will lie in bed with her child.,4453,The woman will lie in bed with her child.,False,0.7911819815635681
i2t,4453,The girl lies in bed.,4453,The girl lies in bed.,False,0.11489273607730865
i2t,4453,A person lies on a bed and sleeps.,4453,A person lies on a bed and sleeps.,False,0.3922313153743744
i2t,4453,The girl sleeps in bed.,4453,The girl sleeps in bed.,False,0.49088141322135925
i2t,4453,The girl sleeps in a bed.,4453,The girl sleeps in a bed.,False,0.7498489618301392
i2t,4453,this person makes the image,4453,this person makes the image,False,0.6111679673194885
i2t,4453,The person rests her head.,4453,The person rests her head.,True,0.82912677526474
i2t,4453,The woman is using a camera.,4453,The woman is using a camera.,False,0.003968831617385149
i2t,4453,A woman lies in bed.,4453,A woman lies in bed.,False,0.8744970560073853
i2t,4453,A person appears in an image.,4453,A person appears in an image.,True,0.01354613434523344
i2t,4453,A woman lies under the blanket.,4453,A woman lies under the blanket.,True,0.9767475724220276
i2t,4453,A girl lies under a blanket.,4453,A girl lies under a blanket.,True,0.9107383489608765
i2t,4453,A girl sleeps on the couch.,4453,A girl sleeps on the couch.,True,0.8885151147842407
i2t,4453,A woman laying outside the blanket.,4453,A woman laying outside the blanket.,False,0.10713331401348114
i2t,4453,a girl sleeping on the sofa,4453,a girl sleeping on the sofa,True,0.8188558220863342
i2t,4453,A girl sleeps on a couch.,4453,A girl sleeps on a couch.,True,0.6978017091751099
i2t,4453,The woman lies on the blanket.,4453,The woman lies on the blanket.,False,0.7890920042991638
i2t,4453,A girl sleeps on a sofa,4453,A girl sleeps on a sofa,True,0.8646790981292725
i2t,4453,A girl sleeps on a sofa.,4453,A girl sleeps on a sofa.,True,0.8743663430213928
i2t,4453,A woman sleeps on a couch,4453,A woman sleeps on a couch,True,0.4774848520755768
i2t,4453,A man sleeping in a bed.,4453,A man sleeping in a bed.,False,0.8043191432952881
i2t,4453,A women's head resting on a pillow.,4453,A women's head resting on a pillow.,True,0.3814256191253662
i2t,4453,The boy lays under a blanket.,4453,The boy lays under a blanket.,False,0.7371207475662231
i2t,4453,A girl sleeping on a bed.,4453,A girl sleeping on a bed.,False,0.7800958752632141
i2t,4453,A woman lying in the bed.,4453,A woman lying in the bed.,False,0.933449387550354
i2t,4453,The man lay on the bed.,4453,The man lay on the bed.,False,0.8209227323532104
i2t,4453,A boy lying on a bed.,4453,A boy lying on a bed.,False,0.7747068405151367
i2t,4453,The man sleeps on the couch.,4453,The man sleeps on the couch.,False,0.3740328252315521
i2t,4453,A woman lying in bed.,4453,A woman lying in bed.,False,0.901668131351471
i2t,4453,the girl will lay on the bed,4453,the girl will lay on the bed,False,0.25251656770706177
i2t,4453,A family lies in bed.,4453,A family lies in bed.,False,0.804506242275238
i2t,4453,A family lying in bed.,4453,A family lying in bed.,False,0.8346179127693176
i2t,3825,The person displays one image.,3825,The person displays one image.,False,0.0002740141353569925
i2t,3825,A person works with people.,3825,A person works with people.,True,0.9328010678291321
i2t,3825,A person works an event,3825,A person works an event,False,0.04231472685933113
i2t,3825,A hand grabs the money.,3825,A hand grabs the money.,False,0.14016397297382355
i2t,3825,Children speaking like people.,3825,Children speaking like people.,True,0.08661919832229614
i2t,3825,One person communicates with another.,3825,One person communicates with another.,True,0.00021344178821891546
i2t,3825,people make a team.,3825,people make a team.,False,0.029949750751256943
i2t,3825,The kid will run on the street.,3825,The kid will run on the street.,False,0.05892525240778923
i2t,3825,A person works with her team.,3825,A person works with her team.,False,0.6347473859786987
i2t,3825,Which person looks like this one?,3825,Which person looks like this one?,False,0.9637888669967651
i2t,3825,Girls are pouring some water.,3825,Girls are pouring some water.,False,0.9705092310905457
i2t,3825,Girls play with water.,3825,Girls play with water.,False,0.05465557798743248
i2t,3825,A girl pours water.,3825,A girl pours water.,False,0.04280973598361015
i2t,3825,A girl pours water into another girl's hands.,3825,A girl pours water into another girl's hands.,False,0.8732109069824219
i2t,3825,a girl pours out water,3825,a girl pours out water,False,0.5800371766090393
i2t,3825,a girl stands by the table,3825,a girl stands by the table,True,0.12538984417915344
i2t,3825,Girls carry water.,3825,Girls carry water.,False,0.013520829379558563
i2t,3825,Girls seated at a table.,3825,Girls seated at a table.,False,0.8667383790016174
i2t,3825,A girl is pouring water.,3825,A girl is pouring water.,False,0.8931165337562561
i2t,3825,The girl is pouring water.,3825,The girl is pouring water.,False,0.7956797480583191
i2t,3825,A girl standing at a table.,3825,A girl standing at a table.,True,0.4318055510520935
i2t,3825,The kids sit at the table.,3825,The kids sit at the table.,False,0.27027833461761475
i2t,3825,Girls are seated at a table.,3825,Girls are seated at a table.,False,0.7789927124977112
i2t,3825,A girl is standing by a table.,3825,A girl is standing by a table.,True,0.5481529831886292
i2t,3825,A daughter will take things from her mother,3825,A daughter will take things from her mother,False,0.638241171836853
i2t,3825,A person has arrived to the party.,3825,A person has arrived to the party.,False,0.916916012763977
i2t,3825,Girls stand in the park.,3825,Girls stand in the park.,True,0.7955543398857117
i2t,3825,Artists entertain a crowd.,3825,Artists entertain a crowd.,False,0.010460060089826584
i2t,3825,A girls sits to take a picture.,3825,A girls sits to take a picture.,False,0.6009923815727234
i2t,3825,People play during the day,3825,People play during the day,False,0.29495811462402344
i2t,3825,The stand was a children's sized tree shape.,3825,The stand was a children's sized tree shape.,False,0.044090140610933304
i2t,3825,a girl sitting on a bench,3825,a girl sitting on a bench,False,0.02211889810860157
i2t,3825,A lemon hangs in the tree.,3825,A lemon hangs in the tree.,False,0.25971662998199463
i2t,3825,A woman is selling fruit.,3825,A woman is selling fruit.,False,0.546413242816925
i2t,3825,The woman sells fruit.,3825,The woman sells fruit.,False,0.00025955637102015316
i2t,3825,The girl is selling flowers.,3825,The girl is selling flowers.,False,0.4984724819660187
i2t,3825,A woman buying fruit.,3825,A woman buying fruit.,False,0.00013115729962009937
i2t,3825,A woman buys fruit,3825,A woman buys fruit,False,0.00020564591977745295
i2t,3825,The girl is drinking chocolate milk.,3825,The girl is drinking chocolate milk.,False,0.3976311981678009
i2t,3825,The girl is drinking a chocolate drink.,3825,The girl is drinking a chocolate drink.,False,0.07072228938341141
i2t,3825,A woman selling flowers.,3825,A woman selling flowers.,False,0.0002526533789932728
i2t,3825,A woman sells flowers.,3825,A woman sells flowers.,False,0.0017096430528908968
i2t,3825,Woman at a flower stand,3825,Woman at a flower stand,False,0.03629191964864731
i2t,3825,Children are collecting water,3825,Children are collecting water,False,0.0029291356913745403
i2t,3825,Girls playing on the grass.,3825,Girls playing on the grass.,False,0.5697726607322693
i2t,3825,Girls are playing on the street.,3825,Girls are playing on the street.,True,0.9407529234886169
i2t,3825,Girls enjoying a beach.,3825,Girls enjoying a beach.,False,0.0022035837173461914
i2t,3825,Children sitting next to a tree.,3825,Children sitting next to a tree.,False,0.6029552817344666
i2t,3825,Girls playing in a lake.,3825,Girls playing in a lake.,False,0.36487752199172974
i2t,3825,Girls sit on the grass.,3825,Girls sit on the grass.,False,0.8686238527297974
i2t,3825,Girls sit in the meadow.,3825,Girls sit in the meadow.,False,0.6065285801887512
i2t,6913,a dog is lying on the grass,6913,a dog is lying on the grass,True,0.9529502987861633
i2t,6913,dog roll on the grass,6913,dog roll on the grass,True,0.868499755859375
i2t,6913,A dog lies on the ground.,6913,A dog lies on the ground.,True,0.49276167154312134
i2t,6913,A dog is laying down on the lawn.,6913,A dog is laying down on the lawn.,True,0.13808992505073547
i2t,6913,A dog is resting in the grass,6913,A dog is resting in the grass,True,0.8015297651290894
i2t,6913,a dog lying on the lawn,6913,a dog lying on the lawn,True,0.8959705829620361
i2t,6913,animal lie on the ground,6913,animal lie on the ground,True,0.979534924030304
i2t,6913,A dog is laying on the grass.,6913,A dog is laying on the grass.,True,0.8192740678787231
i2t,6913,The dog lies in the grass,6913,The dog lies in the grass,True,0.7954838871955872
i2t,6913,A dog lies in grass.,6913,A dog lies in grass.,True,0.6530269980430603
i2t,6913,"dog, grass, bed",6913,"dog, grass, bed",False,0.000388183951145038
i2t,6913,A dog rests in the lawn.,6913,A dog rests in the lawn.,True,0.8900958895683289
i2t,6913,A dog rests in the grass.,6913,A dog rests in the grass.,True,0.6343453526496887
i2t,6913,An animal lies in the grass.,6913,An animal lies in the grass.,True,0.9832552671432495
i2t,6913,A dog lies in the grass.,6913,A dog lies in the grass.,True,0.40539097785949707
i2t,6913,THE DOG REST IN THE GRASS,6913,THE DOG REST IN THE GRASS,True,0.9446766972541809
i2t,6913,The animal lays in the grass.,6913,The animal lays in the grass.,True,0.9512187838554382
i2t,6913,An animal resting on the grass.,6913,An animal resting on the grass.,True,0.951292097568512
i2t,6913,An animal lying in the grass.,6913,An animal lying in the grass.,True,0.8907065391540527
i2t,6913,An animal laying in the grass.,6913,An animal laying in the grass.,True,0.7875897884368896
i2t,6913,An animal walks on the grass.,6913,An animal walks on the grass.,False,0.9628917574882507
i2t,6913,An animal running in grass,6913,An animal running in grass,False,0.49718523025512695
i2t,6913,A cub walking in grass.,6913,A cub walking in grass.,False,0.3173005282878876
i2t,6913,A cat laying before the background.,6913,A cat laying before the background.,False,0.7014271020889282
i2t,6913,The goat layed on the grass,6913,The goat layed on the grass,False,0.8385834097862244
i2t,6913,The animal lies by the grass.,6913,The animal lies by the grass.,True,0.9879129528999329
i2t,6913,The dog has began to lie on the floor.,6913,The dog has began to lie on the floor.,False,0.42892998456954956
i2t,6913,The dog is rolling in the grass.,6913,The dog is rolling in the grass.,True,0.9718747735023499
i2t,6913,A dog lies over the front.,6913,A dog lies over the front.,True,0.8942040801048279
i2t,6913,Some dogs lie on the lawn.,6913,Some dogs lie on the lawn.,True,0.6114197373390198
i2t,6913,The retriever did lie in the grass,6913,The retriever did lie in the grass,False,0.7373554110527039
i2t,6913,A dog is lying on the lawn.,6913,A dog is lying on the lawn.,True,0.9382363557815552
i2t,6913,A dog rests on the lawn.,6913,A dog rests on the lawn.,True,0.8930460214614868
i2t,6913,dog lie on the grass,6913,dog lie on the grass,True,0.8923996686935425
i2t,6913,dog rests on the grass,6913,dog rests on the grass,True,0.9325578808784485
i2t,6913,A puppy lying on grass.,6913,A puppy lying on grass.,False,0.21977418661117554
i2t,6913,A dog lays in the grass.,6913,A dog lays in the grass.,True,0.5519266128540039
i2t,6913,A dog lies on the grass.,6913,A dog lies on the grass.,True,0.7097938060760498
i2t,6913,The dog lies in the grass.,6913,The dog lies in the grass.,True,0.8909541964530945
i2t,11474,Which person looks like this one?,11474,Which person looks like this one?,False,0.8403894901275635
i2t,11474,The person displays one image.,11474,The person displays one image.,False,0.0007877519819885492
i2t,11474,A lion sits in the grass.,11474,A lion sits in the grass.,False,0.8207176923751831
i2t,11474,The lion sits in the grass.,11474,The lion sits in the grass.,False,0.9492039680480957
i2t,11474,A person pose one,11474,A person pose one,False,0.0018664444796741009
i2t,11474,A lion lying in grass,11474,A lion lying in grass,True,0.6126395463943481
i2t,11474,the person looks nice,11474,the person looks nice,False,0.0006683748797513545
i2t,11474,man sit the floor,11474,man sit the floor,False,0.002590394113212824
i2t,11474,an actor will portray a character,11474,an actor will portray a character,False,0.5844404697418213
i2t,11474,A lion rests in the grass.,11474,A lion rests in the grass.,True,0.8857243061065674
i2t,11474,A person resting in the grass.,11474,A person resting in the grass.,False,0.6244627833366394
i2t,11474,A person rests in grass.,11474,A person rests in grass.,False,0.6076028943061829
i2t,11474,Lions resting in the grass.,11474,Lions resting in the grass.,True,0.8022035360336304
i2t,11474,A person rests in the grass.,11474,A person rests in the grass.,False,0.877376139163971
i2t,11474,A person rests on grass.,11474,A person rests on grass.,False,0.775249719619751
i2t,11474,A person rests in some grass.,11474,A person rests in some grass.,False,0.5251482129096985
i2t,11474,An animal resting on the grass.,11474,An animal resting on the grass.,True,0.9058935642242432
i2t,11474,The animal rests in the grass.,11474,The animal rests in the grass.,True,0.9719871878623962
i2t,11474,An animal sitting in a field.,11474,An animal sitting in a field.,False,0.5250449180603027
i2t,11474,An animal lying in the grass.,11474,An animal lying in the grass.,True,0.7708043456077576
i2t,11474,The animal lays in the grass.,11474,The animal lays in the grass.,True,0.8542402982711792
i2t,11474,The person rested on the field,11474,The person rested on the field,False,0.8095022439956665
i2t,11474,The animal lies by the grass.,11474,The animal lies by the grass.,True,0.9555590152740479
i2t,11474,An animal sits on the grass.,11474,An animal sits on the grass.,False,0.956425130367279
i2t,11474,A lion sitting on a rock on the grass.,11474,A lion sitting on a rock on the grass.,False,0.5834152102470398
i2t,11474,An animal is lying in the grass.,11474,An animal is lying in the grass.,True,0.8672757744789124
i2t,11474,A lion sits on a rock.,11474,A lion sits on a rock.,False,0.858507513999939
i2t,11474,A cheetah lying on the grass.,11474,A cheetah lying on the grass.,False,0.30705323815345764
i2t,11474,A cheetah lies in the grass.,11474,A cheetah lies in the grass.,False,0.1539948284626007
i2t,11474,A leopard lies on a branch.,11474,A leopard lies on a branch.,False,0.13649389147758484
i2t,11474,A well-known species sits on the grass.,11474,A well-known species sits on the grass.,False,0.7512732148170471
i2t,1868,Which person looks like this one?,1868,Which person looks like this one?,False,0.9838814735412598
i2t,1868,Where did the actor go dressed up?,1868,Where did the actor go dressed up?,False,0.4696880578994751
i2t,1868,The kid will play music.,1868,The kid will play music.,False,0.688891589641571
i2t,1868,The artist will play the guitar on stage.,1868,The artist will play the guitar on stage.,False,0.9496117234230042
i2t,1868,An artist sings in a show.,1868,An artist sings in a show.,True,0.9526683688163757
i2t,1868,The person plays a song.,1868,The person plays a song.,True,0.8338082432746887
i2t,1868,The artist plays a gig.,1868,The artist plays a gig.,True,0.9605648517608643
i2t,1868,This person will steal the show.,1868,This person will steal the show.,False,0.5669091939926147
i2t,1868,A person performs a song.,1868,A person performs a song.,True,0.34562528133392334
i2t,1868,The man plays music.,1868,The man plays music.,True,0.028547946363687515
i2t,1868,A person picks a guitar to play music.,1868,A person picks a guitar to play music.,False,0.0743543729186058
i2t,1868,a person play a guitar,1868,a person play a guitar,True,0.24827180802822113
i2t,1868,Person playing guitar.,1868,Person playing guitar.,True,0.04896305128931999
i2t,1868,Kid is playing music on his guitar,1868,Kid is playing music on his guitar,False,0.4049202501773834
i2t,1868,A man is playing the ukulele.,1868,A man is playing the ukulele.,False,0.8391929268836975
i2t,1868,A person plays guitar.,1868,A person plays guitar.,True,0.2361433357000351
i2t,1868,The girl plays music with her guitar.,1868,The girl plays music with her guitar.,False,0.10951796919107437
i2t,1868,A person is playing the ukulele.,1868,A person is playing the ukulele.,False,0.49913883209228516
i2t,1868,An artist plays the guitar at a concert.,1868,An artist plays the guitar at a concert.,False,0.7776696085929871
i2t,1868,The artist is performing at a celebration.,1868,The artist is performing at a celebration.,False,0.9800519943237305
i2t,1868,A person is the lead guitar player,1868,A person is the lead guitar player,True,0.7784647345542908
i2t,1868,That person looked from the crowed.,1868,That person looked from the crowed.,False,0.7857148051261902
i2t,1868,The person appeared on the show,1868,The person appeared on the show,True,0.9405182003974915
i2t,1868,The person will sing on the stage.,1868,The person will sing on the stage.,False,0.9934409260749817
i2t,1868,An actor was cast to be on stage.,1868,An actor was cast to be on stage.,True,0.9684438109397888
i2t,1868,The artist is playing at the show.,1868,The artist is playing at the show.,True,0.9658480882644653
i2t,1868,The child actor makes his own take.,1868,The child actor makes his own take.,False,0.9745004177093506
i2t,1868,Artist is playing in a gig.,1868,Artist is playing in a gig.,True,0.9863482713699341
i2t,1868,People performing at a rehearsal.,1868,People performing at a rehearsal.,False,0.8626391887664795
i2t,1868,guitarist plays on stage,1868,guitarist plays on stage,True,0.4157465994358063
i2t,1868,A guitarist playing on stage.,1868,A guitarist playing on stage.,True,0.8471595048904419
i2t,1868,A guitarist plays on the stage.,1868,A guitarist plays on the stage.,True,0.8579071760177612
i2t,1868,The guitarist performs on stage.,1868,The guitarist performs on stage.,True,0.39741283655166626
i2t,1868,A guitarist is playing on a stage.,1868,A guitarist is playing on a stage.,True,0.6679527759552002
i2t,3655,Artists are act their play in theater,3655,Artists are act their play in theater,False,0.3384060561656952
i2t,3655,A person who is a piano player plays.,3655,A person who is a piano player plays.,True,0.47056815028190613
i2t,3655,A person is performing music.,3655,A person is performing music.,True,0.0043692863546311855
i2t,3655,The artist performed at a concert,3655,The artist performed at a concert,True,0.917549192905426
i2t,3655,The artist performed a concert.,3655,The artist performed a concert.,True,0.9969307780265808
i2t,3655,A person performs a song.,3655,A person performs a song.,True,0.2159801572561264
i2t,3655,A person performs music.,3655,A person performs music.,True,0.0038550521712750196
i2t,3655,This person can play piano ?,3655,This person can play piano ?,True,0.5781587362289429
i2t,3655,A person is performing a song.,3655,A person is performing a song.,True,0.0003755048383027315
i2t,3655,The person performs at the gala.,3655,The person performs at the gala.,False,0.91388338804245
i2t,3655,A person plays a piano.,3655,A person plays a piano.,True,0.6184879541397095
i2t,3655,A person plays the piano.,3655,A person plays the piano.,True,0.9225790500640869
i2t,3655,A pianist is performing on the stage.,3655,A pianist is performing on the stage.,True,0.9471842050552368
i2t,3655,A pianist performs on stage.,3655,A pianist performs on stage.,True,0.9849359393119812
i2t,3655,A pianist is performing on stage.,3655,A pianist is performing on stage.,True,0.9508423805236816
i2t,3655,Pianist performs on a stage.,3655,Pianist performs on a stage.,True,0.9584197402000427
i2t,3655,The pianist is performing on stage.,3655,The pianist is performing on stage.,True,0.9667492508888245
i2t,3655,A person plays piano.,3655,A person plays piano.,True,0.19725656509399414
i2t,3655,A PERSON PLAYS A CELO.,3655,A PERSON PLAYS A CELO.,False,0.1278231143951416
i2t,3655,An artist performing at a gala.,3655,An artist performing at a gala.,False,0.9723119735717773
i2t,3655,A person is a player playing on a piano.,3655,A person is a player playing on a piano.,True,0.9391430616378784
i2t,3655,The person plays a song.,3655,The person plays a song.,True,0.6418302059173584
i2t,3655,The composer played on the stage.,3655,The composer played on the stage.,True,0.995005190372467
i2t,3655,The person will sing on the stage.,3655,The person will sing on the stage.,False,0.9952648878097534
i2t,3655,An artist performing a set.,3655,An artist performing a set.,True,0.9834222197532654
i2t,3655,Composer playing piano on stage,3655,Composer playing piano on stage,True,0.6478599905967712
i2t,3655,An artist plays on stage.,3655,An artist plays on stage.,True,0.9744164347648621
i2t,3655,A composer performs on stage.,3655,A composer performs on stage.,True,0.9141135811805725
i2t,3655,People performing at a rehearsal.,3655,People performing at a rehearsal.,False,0.9389639496803284
i2t,3655,A man sits in front of a piano.,3655,A man sits in front of a piano.,False,0.2287214994430542
i2t,3139,this person makes the image,3139,this person makes the image,False,0.4472568929195404
i2t,3139,A person lies on a bed and sleeps.,3139,A person lies on a bed and sleeps.,False,0.14040549099445343
i2t,3139,the girl will lay on the bed,3139,the girl will lay on the bed,False,0.5847799181938171
i2t,3139,A woman lays in bed.,3139,A woman lays in bed.,True,0.46384310722351074
i2t,3139,the person enters the room,3139,the person enters the room,False,0.023021621629595757
i2t,3139,A person pose one,3139,A person pose one,False,0.023397451266646385
i2t,3139,A woman lies on a bed,3139,A woman lies on a bed,True,0.5487412810325623
i2t,3139,man lie on the bed,3139,man lie on the bed,False,0.6711336374282837
i2t,3139,A person is lying on his front.,3139,A person is lying on his front.,False,0.05888755992054939
i2t,3139,A woman lies in bed.,3139,A woman lies in bed.,True,0.5211808681488037
i2t,3139,A girl is lying on the bed,3139,A girl is lying on the bed,True,0.7038187980651855
i2t,3139,A woman lies in her bed.,3139,A woman lies in her bed.,True,0.347179114818573
i2t,3139,Woman laying on the floor,3139,Woman laying on the floor,False,0.7604898810386658
i2t,3139,A woman lies on a bed.,3139,A woman lies on a bed.,True,0.3341898024082184
i2t,3139,The girl lies in bed.,3139,The girl lies in bed.,True,0.26085710525512695
i2t,3139,A woman is lying on the floor.,3139,A woman is lying on the floor.,False,0.6132974028587341
i2t,3139,The girl layed on the floor,3139,The girl layed on the floor,False,0.5127661824226379
i2t,3139,A woman lying on the floor.,3139,A woman lying on the floor.,False,0.7106978893280029
i2t,3139,A woman lying in the bed.,3139,A woman lying in the bed.,True,0.7234387993812561
i2t,3139,A woman lying in bed.,3139,A woman lying in bed.,True,0.573601484298706
i2t,3139,A woman lying on a bed.,3139,A woman lying on a bed.,True,0.3555649220943451
i2t,3139,The man lay on the bed.,3139,The man lay on the bed.,False,0.5384520292282104
i2t,3139,A woman sitting in bed.,3139,A woman sitting in bed.,False,0.1450171023607254
i2t,3139,woman stretch on her arm,3139,woman stretch on her arm,True,0.520779013633728
i2t,3139,A girl laying on a bed,3139,A girl laying on a bed,True,0.1405240148305893
i2t,3139,The man sits on the bed.,3139,The man sits on the bed.,False,0.20306254923343658
i2t,3139,A mother laying in bed.,3139,A mother laying in bed.,False,0.5487545728683472
i2t,715,The person appeared on the show,715,The person appeared on the show,False,0.8634761571884155
i2t,715,girl rise her hand,715,girl rise her hand,True,0.014860354363918304
i2t,715,Artists are act their play in theater,715,Artists are act their play in theater,False,0.06646163016557693
i2t,715,"woman, party, night",715,"woman, party, night",False,0.0016411351971328259
i2t,715,A woman hol,715,A woman hol,False,0.008983043022453785
i2t,715,A woman runs in the day,715,A woman runs in the day,False,0.026967402547597885
i2t,715,A person is a player,715,A person is a player,False,0.012538975104689598
i2t,715,the person see the live show,715,the person see the live show,False,0.30016225576400757
i2t,715,SHE IS A STAR PLAYER WHO LOVES TO COMPETE WITH COLLEGUES,715,SHE IS A STAR PLAYER WHO LOVES TO COMPETE WITH COLLEGUES,False,0.005192998331040144
i2t,715,a womans seat at the table,715,a womans seat at the table,False,0.00017069805471692234
i2t,715,This artist is performing with her microphone.,715,This artist is performing with her microphone.,True,0.8260319232940674
i2t,715,A person plays a song on her phone.,715,A person plays a song on her phone.,False,0.0003896608832292259
i2t,715,A woman in sunglasses touching her own hair.,715,A woman in sunglasses touching her own hair.,False,0.0006721763638779521
i2t,715,A person singing in a microphone.,715,A person singing in a microphone.,True,0.38948458433151245
i2t,715,The artist sings into the microphone.,715,The artist sings into the microphone.,True,0.8042795062065125
i2t,715,The artist performed by singing into the microphone.,715,The artist performed by singing into the microphone.,True,0.8266903758049011
i2t,715,A person singing into a microphone.,715,A person singing into a microphone.,True,0.28366875648498535
i2t,715,A girl singing something.,715,A girl singing something.,True,0.007247768808156252
i2t,715,The music artist perform on the event is very awesome.,715,The music artist perform on the event is very awesome.,False,0.5547481179237366
i2t,715,An artist sings into a microphone.,715,An artist sings into a microphone.,True,0.3092663288116455
i2t,715,The person will sing on the stage.,715,The person will sing on the stage.,False,0.9920388460159302
i2t,715,Which person looks like this one?,715,Which person looks like this one?,False,0.914049506187439
i2t,715,The person will sing into the microphone.,715,The person will sing into the microphone.,True,0.9648615717887878
i2t,715,That person looked from the crowed.,715,That person looked from the crowed.,False,0.6175424456596375
i2t,715,This person will steal the show.,715,This person will steal the show.,False,0.5669924020767212
i2t,715,The politician did speak in person.,715,The politician did speak in person.,False,0.8053269982337952
i2t,715,the game is very interest.,715,the game is very interest.,False,0.25022581219673157
i2t,715,Telling a person how to sing a song.,715,Telling a person how to sing a song.,False,0.5722172260284424
i2t,715,Picture taken of a lady,715,Picture taken of a lady,True,0.1621333807706833
i2t,715,There is more than on person on the Track and Ball podcast.,715,There is more than on person on the Track and Ball podcast.,False,0.4313909411430359
i2t,715,Men talk to a woman.,715,Men talk to a woman.,False,0.06178562343120575
i2t,715,Artists play a gig.,715,Artists play a gig.,False,0.005589792504906654
i2t,715,"Person, looking ready for an event",715,"Person, looking ready for an event",False,0.22085343301296234
i2t,715,The artist leaves the stage.,715,The artist leaves the stage.,False,0.010047700256109238
i2t,715,The artist left the studio.,715,The artist left the studio.,False,0.04632074758410454
i2t,715,"woman, music, notes",715,"woman, music, notes",False,0.015581568703055382
i2t,715,A woman stands in front of a microphone.,715,A woman stands in front of a microphone.,False,0.009017356671392918
i2t,715,The person likes to listen to music made by another person.,715,The person likes to listen to music made by another person.,False,0.8039258122444153
i2t,715,The man speaks into the microphone.,715,The man speaks into the microphone.,False,0.11240770667791367
i2t,715,A person listening to music.,715,A person listening to music.,False,0.5529242157936096
i2t,715,The woman sing on stage.,715,The woman sing on stage.,False,0.44400259852409363
i2t,715,A man speaks into a microphone,715,A man speaks into a microphone,False,0.061403244733810425
i2t,715,The singer arrives at her premiere.,715,The singer arrives at her premiere.,False,0.012675227597355843
i2t,715,A female actor is posing as a star.,715,A female actor is posing as a star.,True,0.01675008051097393
i2t,715,A person sings into a microphone.,715,A person sings into a microphone.,False,0.1000572144985199
i2t,6606,The woman is walking on the garden.,6606,The woman is walking on the garden.,True,0.6049961447715759
i2t,6606,the person looks nice,6606,the person looks nice,True,0.00233399192802608
i2t,6606,the actor flaunt her figure,6606,the actor flaunt her figure,True,0.0558498352766037
i2t,6606,A woman is walking in the garden.,6606,A woman is walking in the garden.,True,0.6499494910240173
i2t,6606,The woman stands in the garden.,6606,The woman stands in the garden.,False,0.5288711190223694
i2t,6606,The woman walks to the house.,6606,The woman walks to the house.,False,0.10244523733854294
i2t,6606,The person walks through the garden.,6606,The person walks through the garden.,True,0.12342700362205505
i2t,6606,A girl walks in a garden.,6606,A girl walks in a garden.,True,0.23921941220760345
i2t,6606,The man walks at the woman's side.,6606,The man walks at the woman's side.,False,0.10468184947967529
i2t,6606,a girl runs in the garden.,6606,a girl runs in the garden.,False,0.36100199818611145
i2t,6606,The couple walks by the garden.,6606,The couple walks by the garden.,False,0.08136848360300064
i2t,6606,A woman stands in the garden.,6606,A woman stands in the garden.,False,0.1721491515636444
i2t,6606,A girl walks on a path.,6606,A girl walks on a path.,True,0.18066486716270447
i2t,6606,A girl running in a garden,6606,A girl running in a garden,False,0.3381066620349884
i2t,6606,A girl is standing near a pool.,6606,A girl is standing near a pool.,False,0.16174957156181335
i2t,6606,A man is standing by the garden,6606,A man is standing by the garden,False,0.12421735376119614
i2t,6606,The woman is walking through the park.,6606,The woman is walking through the park.,True,0.11001890897750854
i2t,6606,a girl is playing in a park,6606,a girl is playing in a park,False,0.36279207468032837
i2t,6606,A woman is walking in a park.,6606,A woman is walking in a park.,True,0.12543122470378876
i2t,6606,The woman stood in the grass.,6606,The woman stood in the grass.,False,0.050375379621982574
i2t,6606,A woman stands in a garden.,6606,A woman stands in a garden.,False,0.05285360664129257
i2t,6606,Players walking to a session.,6606,Players walking to a session.,False,0.012210317887365818
i2t,6606,A girl stands in the garden.,6606,A girl stands in the garden.,False,0.25606536865234375
i2t,6606,Ducks walk by the pond.,6606,Ducks walk by the pond.,False,0.07452506572008133
i2t,6606,A woman relaxes in the garden,6606,A woman relaxes in the garden,True,0.37299320101737976
i2t,6606,A man relaxing in a garden.,6606,A man relaxing in a garden.,False,0.0391315296292305
i2t,6606,A woman sitting in a garden.,6606,A woman sitting in a garden.,False,0.03461012244224548
i2t,6606,A woman walking around a fountain.,6606,A woman walking around a fountain.,False,0.08436521887779236
i2t,6606,The woman will walk near the fountain.,6606,The woman will walk near the fountain.,False,0.6085871458053589
i2t,6606,A woman sitting in the garden.,6606,A woman sitting in the garden.,False,0.0566338375210762
i2t,6606,A woman walks down a path.,6606,A woman walks down a path.,True,0.139889195561409
i2t,6606,A woman walks along a path.,6606,A woman walks along a path.,True,0.12154550105333328
i2t,6606,A woman walks in a park.,6606,A woman walks in a park.,True,0.09826748818159103
i2t,6606,A woman walks in the park.,6606,A woman walks in the park.,True,0.16395604610443115
i2t,2989,The boat sails on the river.,2989,The boat sails on the river.,True,0.18645615875720978
i2t,2989,The boat floated down the river.,2989,The boat floated down the river.,True,0.9785230755805969
i2t,2989,"The boat is floating on the water,",2989,"The boat is floating on the water,",True,0.05764411762356758
i2t,2989,The ship sails in the river.,2989,The ship sails in the river.,True,0.05642888322472572
i2t,2989,It looks hard to navigate a boat in a river.,2989,It looks hard to navigate a boat in a river.,True,0.8709379434585571
i2t,2989,The boat is sailing on the water.,2989,The boat is sailing on the water.,True,0.0032850555144250393
i2t,2989,A boat can moor while at sea.,2989,A boat can moor while at sea.,False,0.8958272337913513
i2t,2989,The boat floats on the sea.,2989,The boat floats on the sea.,True,0.02583688125014305
i2t,2989,The boat sails on the water.,2989,The boat sails on the water.,True,0.17580601572990417
i2t,2989,The boat sailed in the harbor.,2989,The boat sailed in the harbor.,False,0.3495504856109619
i2t,2989,A boat tied to the shore,2989,A boat tied to the shore,False,0.2880018353462219
i2t,2989,boat floating on river,2989,boat floating on river,True,0.23129618167877197
i2t,2989,The boat is floating in the lake.,2989,The boat is floating in the lake.,True,0.1223229318857193
i2t,2989,A boat floating in the water,2989,A boat floating in the water,True,0.02921629324555397
i2t,2989,A boat sits on the shore,2989,A boat sits on the shore,True,0.6592807173728943
i2t,2989,The boat stands on the shore,2989,The boat stands on the shore,True,0.14628255367279053
i2t,2989,Boat on moor lake,2989,Boat on moor lake,True,0.4775415062904358
i2t,2989,a boat float on the river,2989,a boat float on the river,True,0.3844155967235565
i2t,2989,A boat is on the moor shore.,2989,A boat is on the moor shore.,True,0.5999206900596619
i2t,2989,There is no boat at the dock on the canal.,2989,There is no boat at the dock on the canal.,False,0.5576879382133484
i2t,2989,A boat is floating down the river,2989,A boat is floating down the river,True,0.08543229103088379
i2t,2989,A boat is moored at the river.,2989,A boat is moored at the river.,True,0.8798155784606934
i2t,2989,There is a boat on a moor in the estuary.,2989,There is a boat on a moor in the estuary.,True,0.34297654032707214
i2t,2989,A boat is moored in a river.,2989,A boat is moored in a river.,True,0.250465989112854
i2t,2989,A boat moors in a canal.,2989,A boat moors in a canal.,True,0.7633809447288513
i2t,2989,A boat floats on a river.,2989,A boat floats on a river.,True,0.7271937727928162
i2t,2989,This boat can cross the river.,2989,This boat can cross the river.,True,0.9598702788352966
i2t,2989,A boat floats on the river.,2989,A boat floats on the river.,True,0.8964864015579224
i2t,2989,The boat traveled through the water.,2989,The boat traveled through the water.,True,0.9730436205863953
i2t,2989,A boat navigating a river.,2989,A boat navigating a river.,True,0.616148829460144
i2t,2989,Boat floats on a pond.,2989,Boat floats on a pond.,True,0.6982282996177673
i2t,2989,A boat floats on a lake.,2989,A boat floats on a lake.,True,0.42955899238586426
i2t,2989,A boat rests on the shore.,2989,A boat rests on the shore.,True,0.9354950785636902
i2t,2989,A boat sits off the moor by the water.,2989,A boat sits off the moor by the water.,True,0.24884529411792755
i2t,2989,The boat is moored in the still waters.,2989,The boat is moored in the still waters.,True,0.0545094758272171
i2t,2989,A boat sits washed up on shore.,2989,A boat sits washed up on shore.,True,0.6571242213249207
i2t,2989,A boat is moored in an estuary.,2989,A boat is moored in an estuary.,True,0.2823474705219269
i2t,2042,woman lies on the beach,2042,woman lies on the beach,True,0.23956875503063202
i2t,2042,The woman is using a camera.,2042,The woman is using a camera.,False,0.004255993291735649
i2t,2042,A woman is lying on the beach.,2042,A woman is lying on the beach.,True,0.5084975957870483
i2t,2042,A woman enjoys time at the beach.,2042,A woman enjoys time at the beach.,True,0.10704559087753296
i2t,2042,A woman is enjoying the beach.,2042,A woman is enjoying the beach.,True,0.08202582597732544
i2t,2042,the person looks nice,2042,the person looks nice,True,0.00022557178454007953
i2t,2042,A woman is laying on the beach.,2042,A woman is laying on the beach.,True,0.22543300688266754
i2t,2042,A person pose one,2042,A person pose one,True,0.005017258692532778
i2t,2042,person rests on beach,2042,person rests on beach,True,0.000375979405362159
i2t,2042,A woman lies back.,2042,A woman lies back.,True,0.0022212089970707893
i2t,2042,A woman resting on the beach.,2042,A woman resting on the beach.,True,0.26952239871025085
i2t,2042,woman sits on beach,2042,woman sits on beach,False,0.0009080517920665443
i2t,2042,A woman laying on the beach.,2042,A woman laying on the beach.,True,0.03995474427938461
i2t,2042,Woman sits on terrace.,2042,Woman sits on terrace.,False,0.0014697381993755698
i2t,2042,A woman sunbathes on the beach.,2042,A woman sunbathes on the beach.,True,0.5452712774276733
i2t,2042,A LADY SITS IN THE BEACH.,2042,A LADY SITS IN THE BEACH.,False,0.05676363408565521
i2t,2042,A girl lying on the beach.,2042,A girl lying on the beach.,True,0.27712440490722656
i2t,2042,A girl lying on a bench.,2042,A girl lying on a bench.,True,0.47699758410453796
i2t,2042,The girl sits in the chair.,2042,The girl sits in the chair.,False,0.40282511711120605
i2t,2042,The woman rests in the chair.,2042,The woman rests in the chair.,True,0.786963939666748
i2t,2042,The girl sits on the bench.,2042,The girl sits on the bench.,False,0.31614387035369873
i2t,2042,The woman sunbathes on the beach.,2042,The woman sunbathes on the beach.,True,0.394810289144516
i2t,2042,A woman sitting on a stool.,2042,A woman sitting on a stool.,False,0.26405444741249084
i2t,2042,A woman sites in the chair.,2042,A woman sites in the chair.,False,0.48162806034088135
i2t,2042,A woman leaning on a stool.,2042,A woman leaning on a stool.,False,0.2992653250694275
i2t,2042,a woman sitting on a stool,2042,a woman sitting on a stool,False,0.1689881831407547
i2t,2042,The woman lies on the chair.,2042,The woman lies on the chair.,True,0.6305023431777954
i2t,2042,A young girl lies on a beach.,2042,A young girl lies on a beach.,True,0.2490961253643036
i2t,2042,The woman rested on the beach.,2042,The woman rested on the beach.,True,0.17500916123390198
i2t,2042,The person rests her head.,2042,The person rests her head.,True,0.7549504637718201
i2t,2042,A girl rests her head.,2042,A girl rests her head.,True,0.29671812057495117
i2t,2042,A person sunbathing at the beach.,2042,A person sunbathing at the beach.,True,0.0020641013979911804
i2t,2042,The girl laid on the beach.,2042,The girl laid on the beach.,True,0.1881779283285141
i2t,2042,A woman lies on a beach.,2042,A woman lies on a beach.,True,0.27929091453552246
i2t,2042,A woman lies on the beach.,2042,A woman lies on the beach.,True,0.28216832876205444
i2t,2042,girl lie on the beach,2042,girl lie on the beach,True,0.17678198218345642
i2t,2042,The woman lies on the beach.,2042,The woman lies on the beach.,True,0.10156773030757904
i2t,2042,Women lie on a beach,2042,Women lie on a beach,True,0.23663365840911865
i2t,2042,A woman enjoys the beach.,2042,A woman enjoys the beach.,True,0.22196300327777863
i2t,2042,A person enjoys the sun on the beach.,2042,A person enjoys the sun on the beach.,True,0.013578042387962341
i2t,2042,A woman rests on the beach.,2042,A woman rests on the beach.,True,0.3309094309806824
i2t,1788,A person sitting at home,1788,A person sitting at home,True,0.07193207740783691
i2t,1788,A person sits at a window.,1788,A person sits at a window.,True,0.0018151445547118783
i2t,1788,A person sits at home.,1788,A person sits at home.,True,0.08788277953863144
i2t,1788,A person sits and shops online,1788,A person sits and shops online,False,0.05977699160575867
i2t,1788,A woman is looking at the view.,1788,A woman is looking at the view.,True,0.006470272783190012
i2t,1788,A person sits in a room.,1788,A person sits in a room.,True,5.854786650161259e-05
i2t,1788,A person waiting for another person.,1788,A person waiting for another person.,False,0.011595022864639759
i2t,1788,A girl is sitting by the window.,1788,A girl is sitting by the window.,True,0.6259928941726685
i2t,1788,A person posting a picture.,1788,A person posting a picture.,False,3.249609289923683e-05
i2t,1788,A person pose one,1788,A person pose one,True,4.849658944294788e-05
i2t,1788,A woman sits on a windowsill.,1788,A woman sits on a windowsill.,True,0.20537413656711578
i2t,1788,A woman sits in the windowsill.,1788,A woman sits in the windowsill.,True,0.3841051459312439
i2t,1788,A woman sits on a ledge.,1788,A woman sits on a ledge.,True,0.04286028817296028
i2t,1788,A woman sitting against a wall.,1788,A woman sitting against a wall.,True,0.007410495076328516
i2t,1788,A woman sitting on a ledge.,1788,A woman sitting on a ledge.,True,0.0017137187533080578
i2t,1788,A woman sits in a window sill.,1788,A woman sits in a window sill.,True,0.03858479857444763
i2t,1788,A woman sits against a wall.,1788,A woman sits against a wall.,True,0.027723323553800583
i2t,1788,A girl sits by a window.,1788,A girl sits by a window.,True,0.24214255809783936
i2t,1788,The woman is sitting on the windowsill.,1788,The woman is sitting on the windowsill.,True,0.3044576048851013
i2t,1788,A man sits near to the windowsill,1788,A man sits near to the windowsill,False,0.1763964593410492
i2t,1788,person sitting on a ledge,1788,person sitting on a ledge,True,0.8409671783447266
i2t,1788,A MAN SITS IN THE WINDOWSILL,1788,A MAN SITS IN THE WINDOWSILL,False,0.16888052225112915
i2t,1788,a woman sitting on a stool,1788,a woman sitting on a stool,False,0.023067692294716835
i2t,1788,The woman sits on the floor.,1788,The woman sits on the floor.,False,0.002380428370088339
i2t,1788,A girl sits at a window,1788,A girl sits at a window,True,0.2034989297389984
i2t,1788,A girl can be seen sitting by the window.,1788,A girl can be seen sitting by the window.,True,0.019362661987543106
i2t,1788,The person sits by the window.,1788,The person sits by the window.,True,0.001798714860342443
i2t,1788,A woman sits in a window.,1788,A woman sits in a window.,True,0.03941205516457558
i2t,1788,A woman is sitting in front of a wall.,1788,A woman is sitting in front of a wall.,False,0.00015026392065919936
i2t,1788,A woman leans looking out the window.,1788,A woman leans looking out the window.,True,0.18430501222610474
i2t,1788,A woman staring out a window.,1788,A woman staring out a window.,True,0.07228080183267593
i2t,7880,A cat sits on the bed.,7880,A cat sits on the bed.,True,0.5277813076972961
i2t,7880,A person is sitting on the bed.,7880,A person is sitting on the bed.,False,0.000523081689607352
i2t,7880,A person sits on a bed.,7880,A person sits on a bed.,False,0.0022276476956903934
i2t,7880,A man sits in bed.,7880,A man sits in bed.,False,0.09776712208986282
i2t,7880,A person who is a man poses.,7880,A person who is a man poses.,False,0.1875830739736557
i2t,7880,A person sits on their bed.,7880,A person sits on their bed.,False,0.02921309322118759
i2t,7880,this person makes the image,7880,this person makes the image,False,0.6434686183929443
i2t,7880,The man sits on the bed.,7880,The man sits on the bed.,False,0.10132011026144028
i2t,7880,People are sitting in a room.,7880,People are sitting in a room.,False,0.057749778032302856
i2t,7880,A man lies in bed.,7880,A man lies in bed.,False,0.11766552180051804
i2t,7880,The cat lies on a blanket.,7880,The cat lies on a blanket.,False,0.851614773273468
i2t,7880,A cat rests on a blanket.,7880,A cat rests on a blanket.,True,0.14629583060741425
i2t,7880,A cat laying before the background.,7880,A cat laying before the background.,False,0.8338241577148438
i2t,7880,A cat sits on a sofa.,7880,A cat sits on a sofa.,False,0.1937236487865448
i2t,7880,The cat lied on the sofa.,7880,The cat lied on the sofa.,False,0.6550595164299011
i2t,7880,The person looks comfortable sitting on a couch at home.,7880,The person looks comfortable sitting on a couch at home.,False,0.008871904574334621
i2t,7880,The cat lies on the sofa.,7880,The cat lies on the sofa.,False,0.5303837060928345
i2t,7880,A cat sits on a couch.,7880,A cat sits on a couch.,False,0.0966530591249466
i2t,7880,A cat lies on a sofa,7880,A cat lies on a sofa,False,0.33951157331466675
i2t,7880,A cat sitting on the floor.,7880,A cat sitting on the floor.,False,0.6209173202514648
i2t,7880,The cat lays on the floor.,7880,The cat lays on the floor.,False,0.6817371845245361
i2t,7880,A cat sitting on the ground.,7880,A cat sitting on the ground.,False,0.3665789067745209
i2t,7880,The cat lays on the floor,7880,The cat lays on the floor,False,0.4387856721878052
i2t,7880,The cat sat at the table,7880,The cat sat at the table,False,0.8313353061676025
i2t,7880,the cat lies on the ground,7880,the cat lies on the ground,False,0.6718448996543884
i2t,7880,The boy sat on the blanket.,7880,The boy sat on the blanket.,False,0.6731674671173096
i2t,7880,A cat is sitting on the sofa.,7880,A cat is sitting on the sofa.,False,0.0023902386892586946
i2t,7880,a cat lying down,7880,a cat lying down,False,0.0003953821724280715
i2t,7880,The man lay on the bed.,7880,The man lay on the bed.,False,0.2908080220222473
i2t,7880,A cat laying on a couch.,7880,A cat laying on a couch.,False,0.018548864871263504
i2t,7880,A cat lies ina chair.,7880,A cat lies ina chair.,False,0.8556245565414429
i2t,7880,A cat is sitting on a couch.,7880,A cat is sitting on a couch.,False,0.0694461241364479
i2t,7880,A cat is sitting on grass.,7880,A cat is sitting on grass.,False,0.14440082013607025
i2t,7880,A cat sits on the grass.,7880,A cat sits on the grass.,False,0.261927992105484
i2t,7880,A cat sitting in the snow.,7880,A cat sitting in the snow.,False,0.13498453795909882
i2t,7880,A cat sits on grass.,7880,A cat sits on grass.,False,0.0975736752152443
i2t,5212,The woman will take a photo with her camera.,5212,The woman will take a photo with her camera.,False,5.076816523796879e-05
i2t,5212,person takes photo,5212,person takes photo,True,5.19832901773043e-05
i2t,5212,Two people take a picture.,5212,Two people take a picture.,True,0.00040463535697199404
i2t,5212,A person posting a picture.,5212,A person posting a picture.,False,0.00013600909733213484
i2t,5212,The woman is using a camera.,5212,The woman is using a camera.,False,0.0016165345441550016
i2t,5212,A person takes a pictures of these persons,5212,A person takes a pictures of these persons,True,7.693145016673952e-05
i2t,5212,The lady will take a photo with her camera.,5212,The lady will take a photo with her camera.,False,7.982464740052819e-05
i2t,5212,man holding girlfriend,5212,man holding girlfriend,True,0.0003990140976384282
i2t,5212,A person takes a photo to practice photography.,5212,A person takes a photo to practice photography.,False,0.00011616365372901782
i2t,5212,this person makes the image,5212,this person makes the image,True,0.23149064183235168
i2t,5212,A couple is sitting next to a bicycle.,5212,A couple is sitting next to a bicycle.,False,0.0008585627074353397
i2t,5212,A couple sits on a bicycle.,5212,A couple sits on a bicycle.,True,0.8656299114227295
i2t,5212,A person takes a photo with his daughter.,5212,A person takes a photo with his daughter.,False,0.009842393919825554
i2t,5212,A couple rides bicycles.,5212,A couple rides bicycles.,False,0.0007313326350413263
i2t,5212,A man holds his phone and texts his girlfriend,5212,A man holds his phone and texts his girlfriend,False,0.0002917280944529921
i2t,5212,A person taking a picture with their daughter,5212,A person taking a picture with their daughter,False,0.00011931915651075542
i2t,5212,A man takes a picture with his child.,5212,A man takes a picture with his child.,False,0.0028933477587997913
i2t,5212,man take a photo,5212,man take a photo,True,8.208298095269129e-05
i2t,5212,A girl is hitchhiking beside the road.,5212,A girl is hitchhiking beside the road.,False,0.8066791296005249
i2t,5212,A girl rider a bike.,5212,A girl rider a bike.,True,0.4513309597969055
i2t,5212,The girl is sitting on the bike.,5212,The girl is sitting on the bike.,True,0.1807226538658142
i2t,5212,The girl stands on the bike.,5212,The girl stands on the bike.,False,0.2189294695854187
i2t,5212,A woman riding on a bicycle,5212,A woman riding on a bicycle,False,0.08767858147621155
i2t,5212,A girl standing with a bike.,5212,A girl standing with a bike.,True,0.3166394531726837
i2t,5212,A man standing with a bicycle,5212,A man standing with a bicycle,True,0.2950468063354492
i2t,5212,A couple is embracing each other.,5212,A couple is embracing each other.,True,0.8898074626922607
i2t,5212,The girl is walking down the street.,5212,The girl is walking down the street.,False,0.39084240794181824
i2t,5212,Girl riding bike,5212,Girl riding bike,False,6.571878475369886e-05
i2t,5212,A girl hitchikes by the road,5212,A girl hitchikes by the road,False,0.00018840991833712906
i2t,5212,The woman took a picture.,5212,The woman took a picture.,False,0.000609827518928796
i2t,5212,The girl was standing by the bikes,5212,The girl was standing by the bikes,True,0.11015193164348602
i2t,5212,The person smiled for the camera.,5212,The person smiled for the camera.,True,0.00013502006186172366
i2t,5212,A person snapped a photo.,5212,A person snapped a photo.,True,0.014968584291636944
i2t,5212,The person rides a bike in the event.,5212,The person rides a bike in the event.,False,0.05164558067917824
i2t,5212,A man rides a bike.,5212,A man rides a bike.,False,0.12350620329380035
i2t,5212,A person riding a bike with another person pushing from behind.,5212,A person riding a bike with another person pushing from behind.,False,4.788647493114695e-05
i2t,5212,The people look like a happy pair.,5212,The people look like a happy pair.,True,0.11747387796640396
i2t,5212,This couple is running down the road.,5212,This couple is running down the road.,False,0.28013062477111816
i2t,5212,The couple ran on the road.,5212,The couple ran on the road.,False,0.002335913944989443
i2t,5212,A couple riding in a car.,5212,A couple riding in a car.,False,0.047621794044971466
i2t,12895,"A mother and her son play,",12895,"A mother and her son play,",True,0.013756954111158848
i2t,12895,A mother plays with a boy.,12895,A mother plays with a boy.,True,0.808775782585144
i2t,12895,A person plays with their daughter.,12895,A person plays with their daughter.,False,0.8897690176963806
i2t,12895,Kids are playing music.,12895,Kids are playing music.,False,0.00012085736670996994
i2t,12895,A person is having a play day.,12895,A person is having a play day.,True,0.00019721133867278695
i2t,12895,A person playing with her mother.,12895,A person playing with her mother.,True,0.3739455044269562
i2t,12895,A mother plays with her son,12895,A mother plays with her son,True,0.9188933968544006
i2t,12895,A mother plays with a daughter.,12895,A mother plays with a daughter.,False,0.836548388004303
i2t,12895,A mother playing with a girl.,12895,A mother playing with a girl.,False,0.7472560405731201
i2t,12895,parent play with baby,12895,parent play with baby,True,0.0008979970589280128
i2t,12895,A mother sits on the floor with her son.,12895,A mother sits on the floor with her son.,True,0.364814817905426
i2t,12895,A mother playing with her boy.,12895,A mother playing with her boy.,True,0.8572599291801453
i2t,12895,Mother is sitting on the floor.,12895,Mother is sitting on the floor.,True,0.982503354549408
i2t,12895,MOTHERS SITS IN THE FLOOR WITH BABY,12895,MOTHERS SITS IN THE FLOOR WITH BABY,True,0.610438346862793
i2t,12895,A mother sits on the floor with her children.,12895,A mother sits on the floor with her children.,True,0.3697381615638733
i2t,12895,A mother sitting on the floor.,12895,A mother sitting on the floor.,True,0.35862478613853455
i2t,12895,A mother playing with her child.,12895,A mother playing with her child.,True,0.8813088536262512
i2t,12895,The mother sits on the floor.,12895,The mother sits on the floor.,True,0.3332192897796631
i2t,12895,A daughter will take things from her mother,12895,A daughter will take things from her mother,False,0.1688467413187027
i2t,12895,A person playing with his daughter.,12895,A person playing with his daughter.,False,0.7208238840103149
i2t,12895,A mother takes her daughter.,12895,A mother takes her daughter.,False,0.7932390570640564
i2t,12895,The mother plays with her daughter.,12895,The mother plays with her daughter.,False,0.16460919380187988
i2t,12895,The mother plays with the daughter.,12895,The mother plays with the daughter.,False,0.006003344897180796
i2t,12895,A mother plays with her baby.,12895,A mother plays with her baby.,True,0.5768782496452332
i2t,12895,is this mother playing with her children?,12895,is this mother playing with her children?,True,0.248979389667511
i2t,12895,The mother plays with the baby.,12895,The mother plays with the baby.,True,0.022373275831341743
i2t,12895,The mother plays with her baby.,12895,The mother plays with her baby.,True,0.15936312079429626
i2t,10801,this person makes the image,10801,this person makes the image,False,0.5952215194702148
i2t,10801,The sun is rising in the sky,10801,The sun is rising in the sky,True,0.3824823200702667
i2t,10801,The person displays one image.,10801,The person displays one image.,False,8.398658246733248e-05
i2t,10801,A person can bring up an emotion with a photo.,10801,A person can bring up an emotion with a photo.,False,0.01483121793717146
i2t,10801,A person posting a picture.,10801,A person posting a picture.,False,0.006540535017848015
i2t,10801,A sun rise in the morning.,10801,A sun rise in the morning.,True,0.751143217086792
i2t,10801,Sky while the sun is rising,10801,Sky while the sun is rising,True,0.20860247313976288
i2t,10801,"The boat is floating on the water,",10801,"The boat is floating on the water,",False,0.00025276324595324695
i2t,10801,person fly in the sky,10801,person fly in the sky,False,0.8374849557876587
i2t,10801,The sun rises in the sky.,10801,The sun rises in the sky.,True,0.9571810364723206
i2t,10801,Birds flying over a beach at sunset,10801,Birds flying over a beach at sunset,True,0.5407803654670715
i2t,10801,The birds fly over the beach along the sunset,10801,The birds fly over the beach along the sunset,True,0.5047133564949036
i2t,10801,Seagulls flying at a beach.,10801,Seagulls flying at a beach.,True,0.3458790183067322
i2t,10801,Walking on the beach during a sunset.,10801,Walking on the beach during a sunset.,False,0.0817103236913681
i2t,10801,People running on the beach at sunset.,10801,People running on the beach at sunset.,False,0.1591138243675232
i2t,10801,A seagull flying over a beach.,10801,A seagull flying over a beach.,True,0.13721834123134613
i2t,10801,On a beach dancing at sunset.,10801,On a beach dancing at sunset.,False,0.28803253173828125
i2t,10801,They play on the beach at sunset.,10801,They play on the beach at sunset.,False,0.5639857649803162
i2t,10801,People walk at sunset.,10801,People walk at sunset.,False,0.3173235058784485
i2t,10801,Boats floating in the ocean.,10801,Boats floating in the ocean.,False,0.1447514146566391
i2t,10801,The wave will break at the beach.,10801,The wave will break at the beach.,True,0.3256997764110565
i2t,10801,Waves are breaking on the shoreline.,10801,Waves are breaking on the shoreline.,True,0.04532850533723831
i2t,10801,The sun set in the sky.,10801,The sun set in the sky.,True,0.9257628917694092
i2t,10801,the seagulls stood at the beach,10801,the seagulls stood at the beach,False,0.4370882213115692
i2t,10801,The sun rises in the morning.,10801,The sun rises in the morning.,True,0.9618399143218994
i2t,10801,Clouds loom in the sky over a beach.,10801,Clouds loom in the sky over a beach.,True,0.28824499249458313
i2t,10801,A sun rises above the horizon.,10801,A sun rises above the horizon.,True,0.7467197775840759
i2t,10801,The sun rising on the horizon.,10801,The sun rising on the horizon.,True,0.5842950940132141
i2t,10801,A person captures the sunset in a picture.,10801,A person captures the sunset in a picture.,False,0.08549938350915909
i2t,10801,Clouds hover in the sky above the sea,10801,Clouds hover in the sky above the sea,True,0.22143800556659698
i2t,10801,A shore landscape portrays a setting sun.,10801,A shore landscape portrays a setting sun.,True,0.00021418262622319162
i2t,10801,The sun set in the background.,10801,The sun set in the background.,True,0.9106904864311218
i2t,10801,The waves can almost reach the seagulls on shore.,10801,The waves can almost reach the seagulls on shore.,False,0.06302160769701004
i2t,10801,The sun sets behind the clouds.,10801,The sun sets behind the clouds.,True,0.4198383390903473
i2t,10801,The sun is setting in the background.,10801,The sun is setting in the background.,True,0.6854876279830933
i2t,10801,They are walking on the beach at sunset.,10801,They are walking on the beach at sunset.,False,0.16206221282482147
i2t,10801,The sun sets in the sky.,10801,The sun sets in the sky.,True,0.8508186936378479
i2t,3613,People are attending a concert to see an artist.,3613,People are attending a concert to see an artist.,True,0.628400444984436
i2t,3613,People listening to a concert.,3613,People listening to a concert.,True,0.9707566499710083
i2t,3613,People are performing at a fest.,3613,People are performing at a fest.,False,0.628874659538269
i2t,3613,People play a concert.,3613,People play a concert.,False,0.882402241230011
i2t,3613,person festival to be,3613,person festival to be,True,0.03835732862353325
i2t,3613,A person's fans are celebrating,3613,A person's fans are celebrating,True,0.019666865468025208
i2t,3613,person sing on the crowd,3613,person sing on the crowd,True,0.9691542983055115
i2t,3613,A person attends a show.,3613,A person attends a show.,True,0.26172253489494324
i2t,3613,The crowd of people is singing.,3613,The crowd of people is singing.,True,0.6771786212921143
i2t,3613,A person celebrates in a crowd.,3613,A person celebrates in a crowd.,True,0.6016144156455994
i2t,3613,People showing signs with hands,3613,People showing signs with hands,False,0.2284432202577591
i2t,3613,A person pointing from the crowd.,3613,A person pointing from the crowd.,True,0.41567376255989075
i2t,3613,People clapping their hands.,3613,People clapping their hands.,False,0.004768383223563433
i2t,3613,Hands demonstrating sign language.,3613,Hands demonstrating sign language.,False,0.006542087532579899
i2t,3613,A man holds out his fingers.,3613,A man holds out his fingers.,True,0.2515075206756592
i2t,3613,Two hands raise their glasses.,3613,Two hands raise their glasses.,False,0.004215320106595755
i2t,3613,A person applauds with the crowd.,3613,A person applauds with the crowd.,False,0.3993331491947174
i2t,3613,A man raising one fist in the air as he looks down.,3613,A man raising one fist in the air as he looks down.,False,0.0002013494522543624
i2t,3613,People performing at a concert,3613,People performing at a concert,False,0.9419779777526855
i2t,3613,A person sing with the crowd,3613,A person sing with the crowd,True,0.5283347964286804
i2t,3613,person singing to crowd,3613,person singing to crowd,True,0.23870404064655304
i2t,3613,A person celebrating the crowd,3613,A person celebrating the crowd,True,0.29886606335639954
i2t,3613,A man screaming in the background.,3613,A man screaming in the background.,True,0.14246754348278046
i2t,3613,The crowd is celebrating the players.,3613,The crowd is celebrating the players.,True,0.6144483089447021
i2t,3613,A person participating in a festival .,3613,A person participating in a festival .,True,0.07232224196195602
i2t,3613,fans celebrate person,3613,fans celebrate person,True,0.8530232310295105
i2t,3613,A person sings in the crowd.,3613,A person sings in the crowd.,True,0.8476665019989014
i2t,3613,The person celebrated in the crowd.,3613,The person celebrated in the crowd.,True,0.9745441675186157
i2t,3613,the person attended a festival,3613,the person attended a festival,True,0.5057563781738281
i2t,3613,A person in a crowd watching a band perform.,3613,A person in a crowd watching a band perform.,True,0.0050112116150557995
i2t,3613,person wave in the crowd,3613,person wave in the crowd,True,0.7907560467720032
i2t,3613,Person playing to crowd at concert,3613,Person playing to crowd at concert,False,0.8095856308937073
i2t,3613,A person is one of many singing with the crowd.,3613,A person is one of many singing with the crowd.,True,0.9506900906562805
i2t,3613,Arms are raised in the background.,3613,Arms are raised in the background.,True,0.584490954875946
i2t,3613,People cheer at a game.,3613,People cheer at a game.,False,0.7713430523872375
i2t,3613,a person raising hands up,3613,a person raising hands up,True,0.018963463604450226
i2t,5599,People are sitting in a room.,5599,People are sitting in a room.,False,0.031330693513154984
i2t,5599,A person sitting at home,5599,A person sitting at home,True,0.15419547259807587
i2t,5599,The boy is sitting on the couch.,5599,The boy is sitting on the couch.,True,0.08055200427770615
i2t,5599,A boy is sitting on the couch.,5599,A boy is sitting on the couch.,True,0.027793755754828453
i2t,5599,A person sits at home.,5599,A person sits at home.,True,0.17796579003334045
i2t,5599,A man is sitting in his room.,5599,A man is sitting in his room.,False,0.09940328449010849
i2t,5599,A person waiting for another person.,5599,A person waiting for another person.,True,0.06311377882957458
i2t,5599,The man is sitting on the couch.,5599,The man is sitting on the couch.,False,0.0035597779788076878
i2t,5599,The person is sitting in the room.,5599,The person is sitting in the room.,True,0.002338024787604809
i2t,5599,A person sits in a room.,5599,A person sits in a room.,True,0.00035199185367673635
i2t,5599,boy sit on the couch,5599,boy sit on the couch,True,0.335207998752594
i2t,5599,A boy sits on the couch.,5599,A boy sits on the couch.,True,0.09348404407501221
i2t,5599,A child sits on the couch.,5599,A child sits on the couch.,True,0.15138933062553406
i2t,5599,The boy lies on the couch.,5599,The boy lies on the couch.,False,0.07361967861652374
i2t,5599,The boy lies face down on the couch.,5599,The boy lies face down on the couch.,False,0.17092809081077576
i2t,5599,A boy lies on a couch.,5599,A boy lies on a couch.,False,0.15462839603424072
i2t,5599,A child sits with his dad on a couch.,5599,A child sits with his dad on a couch.,False,0.016744663938879967
i2t,5599,Two boys sit on a couch.,5599,Two boys sit on a couch.,True,0.00011453393381088972
i2t,5599,The man sits on the couch.,5599,The man sits on the couch.,False,0.011498574167490005
i2t,5599,man sit on the sofa,5599,man sit on the sofa,False,0.2554660439491272
i2t,5599,A baby lying on the sofa.,5599,A baby lying on the sofa.,False,0.24572491645812988
i2t,5599,The man sits on the sofa.,5599,The man sits on the sofa.,False,0.02256416343152523
i2t,5599,The boy sits on the floor.,5599,The boy sits on the floor.,False,0.07468857616186142
i2t,5599,The person looks comfortable sitting on a couch at home.,5599,The person looks comfortable sitting on a couch at home.,True,0.009722588583827019
i2t,5599,A boy is laying on the couch.,5599,A boy is laying on the couch.,False,0.14569637179374695
i2t,5599,A boy sits with his back turned,5599,A boy sits with his back turned,True,0.11894063651561737
i2t,5599,A boy looks out the window.,5599,A boy looks out the window.,True,0.2696995139122009
i2t,5599,A child is looking out the window.,5599,A child is looking out the window.,True,0.24048671126365662
i2t,5599,Child looking through window,5599,Child looking through window,True,0.0007891464047133923
i2t,5599,A child looks through a window.,5599,A child looks through a window.,True,0.04069169610738754
i2t,5599,A boy stands near a window.,5599,A boy stands near a window.,False,0.16507482528686523
i2t,5771,this person makes the image,5771,this person makes the image,False,0.37316077947616577
i2t,5771,The person looks sharp and is dressed smartly.,5771,The person looks sharp and is dressed smartly.,True,0.0073849414475262165
i2t,5771,person stand in the room,5771,person stand in the room,True,0.8065282702445984
i2t,5771,the person looks nice,5771,the person looks nice,True,0.002602875931188464
i2t,5771,The person stands in the office,5771,The person stands in the office,True,0.49686893820762634
i2t,5771,The student stands in the classroom.,5771,The student stands in the classroom.,True,0.8192777633666992
i2t,5771,A person posting a picture.,5771,A person posting a picture.,False,0.004102380946278572
i2t,5771,A student is taking a class.,5771,A student is taking a class.,False,0.6585021615028381
i2t,5771,person studying his field is standing,5771,person studying his field is standing,False,0.6459965705871582
i2t,5771,The man stands in front of the desk.,5771,The man stands in front of the desk.,False,0.3292955458164215
i2t,5771,A man stands in front of a whiteboard.,5771,A man stands in front of a whiteboard.,True,0.10936293005943298
i2t,5771,A man holds a white board.,5771,A man holds a white board.,False,0.6893787384033203
i2t,5771,A businessman standing in front of a door,5771,A businessman standing in front of a door,False,0.30006369948387146
i2t,5771,man stand behind the wall,5771,man stand behind the wall,False,0.17070946097373962
i2t,5771,The businessman stands with his hand in his pocket.,5771,The businessman stands with his hand in his pocket.,False,0.5489035844802856
i2t,5771,person stands on the room,5771,person stands on the room,True,0.8102757334709167
i2t,5771,A person stands in front of a background.,5771,A person stands in front of a background.,False,0.12009724229574203
i2t,5771,The man sits at the desk.,5771,The man sits at the desk.,False,0.4218723773956299
i2t,5771,The man in the shirt stands.,5771,The man in the shirt stands.,True,0.6722295880317688
i2t,5771,A man holds a board.,5771,A man holds a board.,False,0.42416146397590637
i2t,5771,The man is standing at a desk.,5771,The man is standing at a desk.,False,0.10953055322170258
i2t,5771,Man standing at a desk.,5771,Man standing at a desk.,False,0.4901100993156433
i2t,5771,The man stands in the background,5771,The man stands in the background,False,0.034522853791713715
i2t,5771,The man smiles in the background.,5771,The man smiles in the background.,True,0.03799458220601082
i2t,5771,An actor wearing a dress suit,5771,An actor wearing a dress suit,False,0.052732691168785095
i2t,5771,A man stands in front.,5771,A man stands in front.,True,0.35665231943130493
i2t,5771,The man is standing in the room.,5771,The man is standing in the room.,True,0.09043541550636292
i2t,5771,A man talks in an office.,5771,A man talks in an office.,False,0.060336146503686905
i2t,5771,The business man is sitting in a chair.,5771,The business man is sitting in a chair.,False,0.37458160519599915
i2t,5771,A businessman sitting in a chair.,5771,A businessman sitting in a chair.,False,0.20514005422592163
i2t,5771,A businessman sits on a chair.,5771,A businessman sits on a chair.,False,0.21473568677902222
i2t,5771,A businessman sits on the couch.,5771,A businessman sits on the couch.,False,0.10714467614889145
i2t,5771,A businessman sits at a table,5771,A businessman sits at a table,False,0.3505456745624542
i2t,5771,A businessman sitting on a couch.,5771,A businessman sitting on a couch.,False,0.08777870237827301
i2t,5771,A business man is leaning on a desk.,5771,A business man is leaning on a desk.,False,0.19408100843429565
i2t,5771,The man talks in the office.,5771,The man talks in the office.,False,0.19825688004493713
i2t,5771,A man stands in an office.,5771,A man stands in an office.,True,0.0852137953042984
i2t,5771,A man stands in an office,5771,A man stands in an office,True,0.2646143436431885
i2t,5771,A person stands in an office.,5771,A person stands in an office.,True,0.04569440707564354
i2t,5771,A man sits in front of a white background,5771,A man sits in front of a white background,False,0.2160319685935974
i2t,2856,The train will go to crystal city.,2856,The train will go to crystal city.,True,0.003964223433285952
i2t,2856,The passenger walked to the train.,2856,The passenger walked to the train.,True,0.025841761380434036
i2t,2856,The person reads the book.,2856,The person reads the book.,False,0.001731598051264882
i2t,2856,Two people are traveling in the city.,2856,Two people are traveling in the city.,False,0.0010143985273316503
i2t,2856,The train departs from the station.,2856,The train departs from the station.,True,0.020675424486398697
i2t,2856,A train runs through a city.,2856,A train runs through a city.,False,0.08055320382118225
i2t,2856,People look at it.,2856,People look at it.,False,0.05638810619711876
i2t,2856,The people marched on the city.,2856,The people marched on the city.,False,0.008546221069991589
i2t,2856,Several people take an award.,2856,Several people take an award.,False,0.006000844296067953
i2t,2856,A person is writing in a book.,2856,A person is writing in a book.,False,0.002919211983680725
i2t,2856,The politician did speak in person.,2856,The politician did speak in person.,False,0.21667852997779846
i2t,2856,The person received a medal,2856,The person received a medal,False,0.002444538753479719
i2t,2856,People stand by a fence.,2856,People stand by a fence.,False,0.016076356172561646
i2t,2856,The train will pass the crossing.,2856,The train will pass the crossing.,False,0.01252689491957426
i2t,2856,Person standing at a station.,2856,Person standing at a station.,True,0.03088941052556038
i2t,2856,A man stands behind a fence,2856,A man stands behind a fence,False,0.0020797490142285824
i2t,2856,This person runs track.,2856,This person runs track.,False,0.00031515347654931247
i2t,2856,A passenger travels to the train.,2856,A passenger travels to the train.,True,0.07174263894557953
i2t,2856,The politician is wearing a jacket,2856,The politician is wearing a jacket,False,0.00882724765688181
i2t,2856,The people stood in the front.,2856,The people stood in the front.,True,0.03662598133087158
i2t,2856,The woman stood in the front.,2856,The woman stood in the front.,False,0.031130336225032806
i2t,2856,A person can see it,2856,A person can see it,False,0.2702854573726654
i2t,2856,Woman staring out window,2856,Woman staring out window,False,0.009513226337730885
i2t,2856,A girl walking on the rails.,2856,A girl walking on the rails.,False,0.011148765683174133
i2t,2856,A boy walking on a train track,2856,A boy walking on a train track,False,0.007276580668985844
i2t,2856,The train will cross the bridge,2856,The train will cross the bridge,False,0.062001634389162064
i2t,2856,A man is looking for a person.,2856,A man is looking for a person.,False,0.044714588671922684
i2t,2856,The train is approaching the station,2856,The train is approaching the station,False,0.012273091822862625
i2t,2856,women sitting on balcony,2856,women sitting on balcony,False,0.011722920462489128
i2t,2856,A PERSON COPIES ANOTHER PERSON'S POSE,2856,A PERSON COPIES ANOTHER PERSON'S POSE,False,0.003477819263935089
i2t,2856,Trains are leaving the city.,2856,Trains are leaving the city.,False,0.04037151858210564
i2t,2856,THE WAVE CRASH ON GTHE JETTY,2856,THE WAVE CRASH ON GTHE JETTY,False,0.00031482131453230977
i2t,2856,AN ACTRESS ARRIVES AT THE PREMIERE,2856,AN ACTRESS ARRIVES AT THE PREMIERE,False,0.0012508407235145569
i2t,2856,train runs through city,2856,train runs through city,False,0.019622771069407463
i2t,2856,A PREGNANT WOMAN SITS IN BED,2856,A PREGNANT WOMAN SITS IN BED,False,0.00634437520056963
i2t,2856,A KID IS WALKING IN THE STREET,2856,A KID IS WALKING IN THE STREET,False,0.0021073250100016594
i2t,2856,I SEE THE PERSON IN A PHOTO WITH A BIG BELT,2856,I SEE THE PERSON IN A PHOTO WITH A BIG BELT,False,0.05810455232858658
i2t,2856,A WOMAN SITS IN THE SHORE,2856,A WOMAN SITS IN THE SHORE,False,0.0007902898360043764
i2t,2856,A train heading toward the city.,2856,A train heading toward the city.,True,0.032032862305641174
i2t,2856,A train travels across the city.,2856,A train travels across the city.,True,0.058665383607149124
i2t,2856,A train passes through town.,2856,A train passes through town.,True,0.02502695843577385
i2t,2856,A train passed through the city.,2856,A train passed through the city.,True,0.0693487748503685
i2t,2856,A train passes a station.,2856,A train passes a station.,True,0.04414358735084534
i2t,2856,The passengers disembark the train.,2856,The passengers disembark the train.,False,0.03885088488459587
i2t,2856,A train leaving the city,2856,A train leaving the city,True,0.016467880457639694
i2t,2856,A train passes a city.,2856,A train passes a city.,True,0.13943828642368317
i2t,2856,A train passes through a stop at a city.,2856,A train passes through a stop at a city.,True,0.01755940169095993
i2t,3151,person play in a music,3151,person play in a music,True,0.9237656593322754
i2t,3151,this person makes the image,3151,this person makes the image,False,0.3830511271953583
i2t,3151,A person is performing music.,3151,A person is performing music.,True,0.0011469196761026978
i2t,3151,person play on the stage,3151,person play on the stage,True,0.6572900414466858
i2t,3151,A person picks a guitar to play music.,3151,A person picks a guitar to play music.,True,0.006515365559607744
i2t,3151,A person is playing music.,3151,A person is playing music.,True,0.042997170239686966
i2t,3151,The artist performed at a concert,3151,The artist performed at a concert,True,0.03740295395255089
i2t,3151,Person plays music.,3151,Person plays music.,True,0.00033563675242476165
i2t,3151,Artists are act their play in theater,3151,Artists are act their play in theater,False,0.24071930348873138
i2t,3151,The artist will play the guitar on stage.,3151,The artist will play the guitar on stage.,True,0.07212040573358536
i2t,3151,Kid is playing music on his guitar,3151,Kid is playing music on his guitar,False,0.4563598334789276
i2t,3151,"woman, music, notes",3151,"woman, music, notes",False,7.934137829579413e-05
i2t,3151,A musician is performing for an audience on stage,3151,A musician is performing for an audience on stage,True,0.15546898543834686
i2t,3151,a songwriter performing on stage,3151,a songwriter performing on stage,True,0.18011035025119781
i2t,3151,An artist posing at the stage.,3151,An artist posing at the stage.,True,0.5549709796905518
i2t,3151,A songwriter performs on the stage.,3151,A songwriter performs on the stage.,False,0.34907805919647217
i2t,3151,A person performs music.,3151,A person performs music.,True,0.00010358459985582158
i2t,3151,The young artist tries to play music at a festival.,3151,The young artist tries to play music at a festival.,True,0.12114446610212326
i2t,3151,An artist is performing for a person,3151,An artist is performing for a person,True,0.20146650075912476
i2t,3151,Artists are performing in a show.,3151,Artists are performing in a show.,False,0.9295325875282288
i2t,3151,a man doing a dance,3151,a man doing a dance,False,0.31835219264030457
i2t,3151,The person plays a song.,3151,The person plays a song.,True,0.5126824975013733
i2t,3151,The artist is performing on the stage.,3151,The artist is performing on the stage.,True,0.8653303980827332
i2t,3151,A person performing in the theater.,3151,A person performing in the theater.,True,0.13261744379997253
i2t,3151,The artist is performing at a celebration.,3151,The artist is performing at a celebration.,False,0.8312447667121887
i2t,3151,The kid will play music.,3151,The kid will play music.,False,0.685642659664154
i2t,3151,An artist performs a show.,3151,An artist performs a show.,True,0.46142202615737915
i2t,3151,A person is playing on a stage.,3151,A person is playing on a stage.,True,0.0010700036073103547
i2t,3151,An entertainer is performing on stage.,3151,An entertainer is performing on stage.,True,0.3930344879627228
i2t,3151,A guitarist plays on the stage.,3151,A guitarist plays on the stage.,True,0.6098563075065613
i2t,3151,A person is the lead guitar player,3151,A person is the lead guitar player,True,0.16804134845733643
i2t,3151,A man is performing on the stage.,3151,A man is performing on the stage.,True,0.0766550749540329
i2t,3151,A guitarist is playing on a stage.,3151,A guitarist is playing on a stage.,True,0.6032294631004333
i2t,3151,An artist performs at a musical.,3151,An artist performs at a musical.,True,0.3881814479827881
i2t,3151,A guitarist playing on stage.,3151,A guitarist playing on stage.,True,0.3412807285785675
i2t,3151,guitarist plays on stage,3151,guitarist plays on stage,True,0.1155301108956337
i2t,3151,The guitarist performs on stage.,3151,The guitarist performs on stage.,True,0.05358124524354935
i2t,3151,An artist plays the guitar at a concert.,3151,An artist plays the guitar at a concert.,True,0.24368539452552795
i2t,3151,The artist plays a gig.,3151,The artist plays a gig.,True,0.8060585856437683
i2t,3151,Artist is playing in a gig.,3151,Artist is playing in a gig.,True,0.29068201780319214
i2t,3151,The artist performs his gig at the concert.,3151,The artist performs his gig at the concert.,True,0.03581655025482178
i2t,3151,An artist performs a gig on stage.,3151,An artist performs a gig on stage.,True,0.6341386437416077
i2t,3020,Can we take the kid for a walk on the beach?,3020,Can we take the kid for a walk on the beach?,True,0.20286959409713745
i2t,3020,A family is sitting on a beach.,3020,A family is sitting on a beach.,True,0.7435941696166992
i2t,3020,A family runs on the beach.,3020,A family runs on the beach.,False,0.24470841884613037
i2t,3020,A family stands on a beach.,3020,A family stands on a beach.,False,0.39983439445495605
i2t,3020,People look on a beach.,3020,People look on a beach.,True,0.5977242588996887
i2t,3020,A person can bring up an emotion with a photo.,3020,A person can bring up an emotion with a photo.,True,0.010959494858980179
i2t,3020,Look at all the people on this crowded beach.,3020,Look at all the people on this crowded beach.,False,0.004068698268383741
i2t,3020,The woman took a picture.,3020,The woman took a picture.,False,0.017282698303461075
i2t,3020,A family sits on the beach.,3020,A family sits on the beach.,True,0.7970031499862671
i2t,3020,A father is sitting at the beach,3020,A father is sitting at the beach,True,0.6617028117179871
i2t,3020,Father sitting on beach.,3020,Father sitting on beach.,True,0.04388279467821121
i2t,3020,mother sitting on beach,3020,mother sitting on beach,True,0.00424964027479291
i2t,3020,The family sits in the sand.,3020,The family sits in the sand.,True,0.6682242155075073
i2t,3020,A child sits on the beach with mom.,3020,A child sits on the beach with mom.,True,0.4942280948162079
i2t,3020,Mother sitting at the beach,3020,Mother sitting at the beach,True,0.3339155614376068
i2t,3020,Father sitting at the beach.,3020,Father sitting at the beach.,True,0.8554460406303406
i2t,3020,Mother sits at the beach.,3020,Mother sits at the beach.,True,0.8136589527130127
i2t,3020,A mother holding her baby to see the beach.,3020,A mother holding her baby to see the beach.,True,0.17022940516471863
i2t,3020,A couple is standing on the beach.,3020,A couple is standing on the beach.,False,0.3478122353553772
i2t,3020,A couple sitting on the beach.,3020,A couple sitting on the beach.,False,0.2722933292388916
i2t,3020,Children sitting on the beach.,3020,Children sitting on the beach.,False,0.6554713249206543
i2t,3020,The girls sit in the sand.,3020,The girls sit in the sand.,True,0.10445176064968109
i2t,3020,Man is sitting on the beach.,3020,Man is sitting on the beach.,True,0.5355584025382996
i2t,3020,A couple is sitting by the sea.,3020,A couple is sitting by the sea.,True,0.8274211883544922
i2t,3020,A girl is sitting on the beach.,3020,A girl is sitting on the beach.,True,0.44272661209106445
i2t,3020,The kid sits on the beach.,3020,The kid sits on the beach.,True,0.28762829303741455
i2t,3020,A father is sitting on a beach.,3020,A father is sitting on a beach.,True,0.8246074318885803
i2t,3020,A father sits on the beach,3020,A father sits on the beach,True,0.3884942829608917
i2t,3020,A mother is sitting on the beach.,3020,A mother is sitting on the beach.,True,0.8365755081176758
i2t,3020,"family, sitting, outside",3020,"family, sitting, outside",True,0.0018760703969746828
i2t,3020,Two people sit in the background.,3020,Two people sit in the background.,False,0.00020765072258654982
i2t,3020,A mother sitting on a beach.,3020,A mother sitting on a beach.,True,0.2712021470069885
i2t,3020,A family stands on the beach.,3020,A family stands on the beach.,False,0.6604646444320679
i2t,3020,A father stands on the beach with his family.,3020,A father stands on the beach with his family.,False,0.29508697986602783
i2t,3020,A family lying on a beach,3020,A family lying on a beach,False,0.49290746450424194
i2t,3020,A couple enjoys the view of the ocean.,3020,A couple enjoys the view of the ocean.,True,0.3150016665458679
i2t,3020,A family walking on a beach,3020,A family walking on a beach,False,0.3361605405807495
i2t,3020,The family lies near the beach.,3020,The family lies near the beach.,False,0.7852960824966431
i2t,3020,A family plays at the beach.,3020,A family plays at the beach.,False,0.6036733984947205
i2t,3020,Family is playing on the beach.,3020,Family is playing on the beach.,False,0.9240779876708984
i2t,3020,A family walks on the beach.,3020,A family walks on the beach.,False,0.45264890789985657
i2t,2765,THE WOMAN PLAY THE BALL WELL,2765,THE WOMAN PLAY THE BALL WELL,True,0.0005460385582409799
i2t,2765,A footballer in a jersey is going to compete,2765,A footballer in a jersey is going to compete,False,0.11767938733100891
i2t,2765,SHE IS A STAR PLAYER WHO LOVES TO COMPETE WITH COLLEGUES,2765,SHE IS A STAR PLAYER WHO LOVES TO COMPETE WITH COLLEGUES,False,0.0027008254546672106
i2t,2765,a player  win a player,2765,a player  win a player,False,0.5700498819351196
i2t,2765,player plays in tournament,2765,player plays in tournament,True,0.0008579149725846946
i2t,2765,athletes bring balls to play,2765,athletes bring balls to play,True,0.6456699967384338
i2t,2765,The woman plays ball.,2765,The woman plays ball.,True,4.9967966333497316e-05
i2t,2765,The person said to come for the ball.,2765,The person said to come for the ball.,False,0.9956368803977966
i2t,2765,A competing footballer player.,2765,A competing footballer player.,False,0.0009884999599307775
i2t,2765,A player you can set to play.,2765,A player you can set to play.,True,0.6644880771636963
i2t,2765,The person bumps the ball with her arms.,2765,The person bumps the ball with her arms.,False,0.17318519949913025
i2t,2765,the oppisite player will steal the ball,2765,the oppisite player will steal the ball,False,0.009810002520680428
i2t,2765,The person grabbed the ball.,2765,The person grabbed the ball.,True,0.5821016430854797
i2t,2765,The player passes the ball to her team.,2765,The player passes the ball to her team.,False,0.9955173134803772
i2t,2765,A person wins the ball.,2765,A person wins the ball.,True,0.997418999671936
i2t,2765,A player grabs the ball.,2765,A player grabs the ball.,True,0.995046854019165
i2t,2765,A player is defending at the half court.,2765,A player is defending at the half court.,False,0.00875825248658657
i2t,2765,A player spins the ball,2765,A player spins the ball,False,0.9317237734794617
i2t,2765,A person boots a ball in a game.,2765,A person boots a ball in a game.,False,0.00011520669795572758
i2t,2765,The player will go for the ball.,2765,The player will go for the ball.,False,0.9604130983352661
i2t,2765,A player is scoring points.,2765,A player is scoring points.,False,0.9663551449775696
i2t,2765,The player would not pass the ball.,2765,The player would not pass the ball.,False,0.6901604533195496
i2t,2765,The player did advance the ball,2765,The player did advance the ball,False,0.9888013601303101
i2t,2765,The player saved the shot.,2765,The player saved the shot.,False,0.9932754039764404
i2t,2765,A player taking a shot.,2765,A player taking a shot.,False,0.47509822249412537
i2t,2765,A player wanted to leave the team,2765,A player wanted to leave the team,False,0.9570335745811462
i2t,2765,An athlete competes for the ball.,2765,An athlete competes for the ball.,True,0.9847401976585388
i2t,2765,a player fumbles the ball.,2765,a player fumbles the ball.,False,0.3745458424091339
i2t,2765,Player reach for the ball,2765,Player reach for the ball,True,0.9415809512138367
i2t,2765,Athletes go for the ball,2765,Athletes go for the ball,True,0.9381710886955261
i2t,2765,The woman will wals aside the player on the sideline.,2765,The woman will wals aside the player on the sideline.,False,0.9055585265159607
i2t,2765,person vies for ball,2765,person vies for ball,True,0.9806728363037109
i2t,2765,A player struggles with the ball.,2765,A player struggles with the ball.,True,0.9835792183876038
i2t,2765,A player competes for the ball.,2765,A player competes for the ball.,True,0.9940055012702942
i2t,2765,is this athlete playing a game?,2765,is this athlete playing a game?,True,0.7943824529647827
i2t,2765,A girl is reaching to take the ball,2765,A girl is reaching to take the ball,True,0.0003723734989762306
i2t,2765,The athlete is playing to take the shot.,2765,The athlete is playing to take the shot.,True,0.058992207050323486
i2t,2765,An athlete reaching for a ball.,2765,An athlete reaching for a ball.,True,0.529850959777832
i2t,2765,player bring a ball on her hand,2765,player bring a ball on her hand,True,0.43067583441734314
i2t,2765,player throws ball at half,2765,player throws ball at half,False,0.7182127237319946
i2t,2765,Players reach for a ball.,2765,Players reach for a ball.,True,0.9550638198852539
i2t,2765,An athlete player shoots.,2765,An athlete player shoots.,False,0.00530866626650095
i2t,2765,A player shooting a throw.,2765,A player shooting a throw.,False,0.10723644495010376
i2t,2765,a woman shooting a ball,2765,a woman shooting a ball,False,0.00024513801326975226
i2t,2765,An athlete competes for a ball.,2765,An athlete competes for a ball.,True,0.9689479470252991
i2t,2765,A player keeps a ball in the air.,2765,A player keeps a ball in the air.,True,0.7543011903762817
i2t,2765,A volleyball player saves the ball.,2765,A volleyball player saves the ball.,True,0.255098432302475
i2t,2765,A player vies for a ball.,2765,A player vies for a ball.,True,0.9886029958724976
i2t,2765,A player is defending the ball at the net.,2765,A player is defending the ball at the net.,False,0.002941349521279335
i2t,2765,An athlete catching a pass.,2765,An athlete catching a pass.,True,0.33606427907943726
i2t,4167,child decarate a tree,4167,child decarate a tree,False,0.04302403703331947
i2t,4167,girl stand near tree,4167,girl stand near tree,True,0.0040777563117444515
i2t,4167,The girl runs in the forest.,4167,The girl runs in the forest.,False,0.0673055350780487
i2t,4167,A species of tree grows,4167,A species of tree grows,False,0.9055904746055603
i2t,4167,Trees grow in a forest.,4167,Trees grow in a forest.,True,0.4778795540332794
i2t,4167,A girl stands in a forest.,4167,A girl stands in a forest.,True,0.7847762703895569
i2t,4167,A girl stands in the forest.,4167,A girl stands in the forest.,True,0.9204241037368774
i2t,4167,girl walk a tree,4167,girl walk a tree,False,0.10234778374433517
i2t,4167,the child plant the tree,4167,the child plant the tree,False,0.059329889714717865
i2t,4167,A girl walks in a forest.,4167,A girl walks in a forest.,False,0.7864401340484619
i2t,4167,A girl leans on a tree.,4167,A girl leans on a tree.,True,0.9913683533668518
i2t,4167,A girl leans on the tree.,4167,A girl leans on the tree.,True,0.9958114624023438
i2t,4167,A girl is leaning on a tree.,4167,A girl is leaning on a tree.,True,0.9636433720588684
i2t,4167,A young girl sits on a low tree branch.,4167,A young girl sits on a low tree branch.,False,0.9474314451217651
i2t,4167,A girl lean on a tree,4167,A girl lean on a tree,True,0.9701253771781921
i2t,4167,A girl leaning against a tree.,4167,A girl leaning against a tree.,True,0.9750435948371887
i2t,4167,A girl sits against a tree.,4167,A girl sits against a tree.,False,0.9903250932693481
i2t,4167,A girl is standing behind a tree.,4167,A girl is standing behind a tree.,False,0.9481620788574219
i2t,4167,The person leans against tree.,4167,The person leans against tree.,True,0.8538120985031128
i2t,4167,A child standing in a tree.,4167,A child standing in a tree.,False,0.8098124265670776
i2t,4167,A girl stands next to the tree.,4167,A girl stands next to the tree.,False,0.9720182418823242
i2t,4167,A girl is sitting in a tree.,4167,A girl is sitting in a tree.,False,0.9869534373283386
i2t,4167,A girl sitting on a tree.,4167,A girl sitting on a tree.,False,0.9774896502494812
i2t,4167,A girl is hanging from a tree.,4167,A girl is hanging from a tree.,False,0.9818733930587769
i2t,4167,A child is walking in the forest.,4167,A child is walking in the forest.,False,0.6380215287208557
i2t,4167,A girl hugs a tree.,4167,A girl hugs a tree.,False,0.9935104250907898
i2t,4167,A girl hugging a tree.,4167,A girl hugging a tree.,False,0.9936935305595398
i2t,4167,A child sits in a tree.,4167,A child sits in a tree.,False,0.8757215142250061
i2t,4167,A girl sits in a tree.,4167,A girl sits in a tree.,False,0.9942690134048462
i2t,13498,This man will sit on the couch.,13498,This man will sit on the couch.,True,0.9115214347839355
i2t,13498,A man sitting on a couch.,13498,A man sitting on a couch.,True,0.2593050003051758
i2t,13498,A person sitting at home,13498,A person sitting at home,True,0.23072990775108337
i2t,13498,Man sitting on sofa,13498,Man sitting on sofa,True,0.052166737616062164
i2t,13498,The man is sitting on the couch.,13498,The man is sitting on the couch.,True,0.16377116739749908
i2t,13498,man sits on sofa,13498,man sits on sofa,True,0.09034217894077301
i2t,13498,The person looks comfortable sitting on a couch at home.,13498,The person looks comfortable sitting on a couch at home.,True,0.2521396577358246
i2t,13498,A person sits on the couch.,13498,A person sits on the couch.,True,0.19073720276355743
i2t,13498,boy sit on the couch,13498,boy sit on the couch,True,0.7758527994155884
i2t,13498,A man sits on the couch.,13498,A man sits on the couch.,True,0.7197017669677734
i2t,13498,man sit on the sofa,13498,man sit on the sofa,True,0.8534273505210876
i2t,13498,A boy is sitting on the couch.,13498,A boy is sitting on the couch.,True,0.3085472881793976
i2t,13498,A boy sits on the couch.,13498,A boy sits on the couch.,True,0.7024354934692383
i2t,13498,A man is sitting on a sofa.,13498,A man is sitting on a sofa.,True,0.024273058399558067
i2t,13498,A boy sitting with a white background,13498,A boy sitting with a white background,True,0.367725133895874
i2t,13498,A man sits with his leg up.,13498,A man sits with his leg up.,False,0.8563297390937805
i2t,13498,The man sits on the sofa.,13498,The man sits on the sofa.,True,0.6977752447128296
i2t,13498,The man sits on the couch.,13498,The man sits on the couch.,True,0.331397145986557
i2t,13498,A man seated on sofa.,13498,A man seated on sofa.,True,0.8663785457611084
i2t,13498,A man leans on the chair.,13498,A man leans on the chair.,False,0.8704549074172974
i2t,13498,A person wants to sit on a couch.,13498,A person wants to sit on a couch.,True,0.8290877342224121
i2t,13498,A man sits on a stool.,13498,A man sits on a stool.,False,0.8757535219192505
i2t,13498,The boy is sitting on the couch.,13498,The boy is sitting on the couch.,True,0.5417653918266296
i2t,13498,The man is sitting on the sofa.,13498,The man is sitting on the sofa.,True,0.006303223315626383
i2t,13498,A man sits on a couch.,13498,A man sits on a couch.,True,0.5680684447288513
i2t,13498,A boy sitting in a chair.,13498,A boy sitting in a chair.,True,0.15003158152103424
i2t,13498,A man sits on his couch.,13498,A man sits on his couch.,True,0.8067556619644165
i2t,13498,A boy sits in a chair.,13498,A boy sits in a chair.,True,0.6370972990989685
i2t,13498,A boy lies on a couch.,13498,A boy lies on a couch.,False,0.7205357551574707
i2t,10255,this person makes the image,10255,this person makes the image,False,0.710949182510376
i2t,10255,The person displays one image.,10255,The person displays one image.,False,0.00014979853585828096
i2t,10255,A person posting a picture.,10255,A person posting a picture.,False,0.005862794816493988
i2t,10255,the person looks nice,10255,the person looks nice,True,8.50960350362584e-05
i2t,10255,the person climbs in the tree,10255,the person climbs in the tree,True,0.643449068069458
i2t,10255,A boy stands in the lake,10255,A boy stands in the lake,False,0.17028477787971497
i2t,10255,"The boat is floating on the water,",10255,"The boat is floating on the water,",False,0.0001484019885538146
i2t,10255,a man is about to jump into the water,10255,a man is about to jump into the water,False,0.0034813489764928818
i2t,10255,person stand besides the tree,10255,person stand besides the tree,False,0.4467761814594269
i2t,10255,A person pose one,10255,A person pose one,True,0.0016166953137144446
i2t,10255,A man climbs a tree.,10255,A man climbs a tree.,False,0.34389302134513855
i2t,10255,A boy sits on a tree.,10255,A boy sits on a tree.,True,0.44873476028442383
i2t,10255,A man sits at a tree.,10255,A man sits at a tree.,True,0.22635813057422638
i2t,10255,a man leaning on a tree,10255,a man leaning on a tree,True,0.19495491683483124
i2t,10255,A man leaning on a tree,10255,A man leaning on a tree,True,0.19495491683483124
i2t,10255,A person is resting on a tree.,10255,A person is resting on a tree.,True,0.9285041689872742
i2t,10255,A man jumps over a tree.,10255,A man jumps over a tree.,False,0.057560574263334274
i2t,10255,A boy climbs in a tree.,10255,A boy climbs in a tree.,False,0.25182512402534485
i2t,10255,A man sits on the top.,10255,A man sits on the top.,False,0.6765245795249939
i2t,10255,A man is climbing a tree.,10255,A man is climbing a tree.,False,0.9389746785163879
i2t,10255,A girl is hanging from a tree.,10255,A girl is hanging from a tree.,False,0.9241642355918884
i2t,10255,A woman is admiring the sunset.,10255,A woman is admiring the sunset.,False,0.9213250279426575
i2t,10255,A girl sitting on a tree.,10255,A girl sitting on a tree.,False,0.7016863822937012
i2t,10255,A woman is hanging from a tree.,10255,A woman is hanging from a tree.,False,0.9389350414276123
i2t,10255,A girl is leaning on a tree.,10255,A girl is leaning on a tree.,False,0.8181542754173279
i2t,10255,A girl is sitting in a tree.,10255,A girl is sitting in a tree.,False,0.8156429529190063
i2t,10255,The girl is sitting on a branch.,10255,The girl is sitting on a branch.,False,0.527370274066925
i2t,10255,A girl is standing behind a tree.,10255,A girl is standing behind a tree.,False,0.7586621642112732
i2t,10255,A girl sitting on a branch.,10255,A girl sitting on a branch.,False,0.5822928547859192
i2t,10255,The boy is sitting in the tree.,10255,The boy is sitting in the tree.,True,0.8874909281730652
i2t,10255,A person sitting on a tree.,10255,A person sitting on a tree.,True,0.3789544999599457
i2t,10255,A person sits on the branch.,10255,A person sits on the branch.,True,0.6884130835533142
i2t,10255,A person sits on a treebranch.,10255,A person sits on a treebranch.,True,0.06585627049207687
i2t,10255,A person sits in a tree.,10255,A person sits in a tree.,True,0.32074618339538574
i2t,10255,The person stood on the branch.,10255,The person stood on the branch.,True,0.2546916902065277
i2t,10255,A person sits in a branch.,10255,A person sits in a branch.,True,0.12938982248306274
i2t,10255,A person rests on a tree.,10255,A person rests on a tree.,True,0.5654030442237854
i2t,10255,A person is perched in a tree.,10255,A person is perched in a tree.,True,0.8541709780693054
i2t,10255,A person sits on a branch.,10255,A person sits on a branch.,True,0.2593819797039032
i2t,10255,A person sits by a tree.,10255,A person sits by a tree.,False,0.12274647504091263
i2t,10255,A person resting on a tree,10255,A person resting on a tree,True,0.7466334700584412
i2t,10255,A person sits against a tree.,10255,A person sits against a tree.,True,0.07281173020601273
i2t,10255,A man sitting by a tree.,10255,A man sitting by a tree.,True,0.12194202840328217
i2t,10255,A person is standing at sunset.,10255,A person is standing at sunset.,False,0.6948931217193604
i2t,10255,The silhouette of a person standing in front of a sunset.,10255,The silhouette of a person standing in front of a sunset.,False,0.12204096466302872
i2t,10255,person enjoy a sunset,10255,person enjoy a sunset,True,0.02931821718811989
i2t,10255,A person is enjoying a sunset.,10255,A person is enjoying a sunset.,True,0.46514472365379333
i2t,10255,A man sits at the lake.,10255,A man sits at the lake.,True,0.5902279615402222
i2t,10255,A person perches on a tree.,10255,A person perches on a tree.,True,0.32744383811950684
i2t,1397,A club is hitting the ball.,1397,A club is hitting the ball.,False,0.004216292407363653
i2t,1397,athletes bring balls to play,1397,athletes bring balls to play,False,0.6195563077926636
i2t,1397,Athletes play ball.,1397,Athletes play ball.,False,0.0020999766420572996
i2t,1397,A team player runs in the game.,1397,A team player runs in the game.,False,0.18993313610553741
i2t,1397,An athlete plays a game.,1397,An athlete plays a game.,False,0.35030966997146606
i2t,1397,A player keeps a ball.,1397,A player keeps a ball.,False,0.21686707437038422
i2t,1397,Players play ball.,1397,Players play ball.,False,0.0034991945140063763
i2t,1397,A team takes the ball from the other team.,1397,A team takes the ball from the other team.,False,0.9898335933685303
i2t,1397,The ball came to the person.,1397,The ball came to the person.,False,0.8710059523582458
i2t,1397,people make a team.,1397,people make a team.,True,0.03962273895740509
i2t,1397,A girl holds a ball.,1397,A girl holds a ball.,False,0.4949681758880615
i2t,1397,Three kids play ball together.,1397,Three kids play ball together.,False,0.0006822384893894196
i2t,1397,Girl holding ball,1397,Girl holding ball,True,0.00199183844961226
i2t,1397,A kid plays in a pit of balls.,1397,A kid plays in a pit of balls.,False,0.033666737377643585
i2t,1397,The person is laying on the court by the balls.,1397,The person is laying on the court by the balls.,False,5.018280717195012e-05
i2t,1397,A girl sits on a ball.,1397,A girl sits on a ball.,False,0.08728257566690445
i2t,1397,A person holds a ball while others gather around.,1397,A person holds a ball while others gather around.,False,0.00013656231749337167
i2t,1397,A boy holds a ball.,1397,A boy holds a ball.,True,0.30666524171829224
i2t,1397,Players looking to win basketball confrence,1397,Players looking to win basketball confrence,False,0.10873802751302719
i2t,1397,This team could take the game.,1397,This team could take the game.,False,0.9952657222747803
i2t,1397,The person said to come for the ball.,1397,The person said to come for the ball.,False,0.9358723759651184
i2t,1397,the team ran in a game,1397,the team ran in a game,False,0.9935051202774048
i2t,1397,A player is scoring points.,1397,A player is scoring points.,False,0.8307669758796692
i2t,1397,The team is carrying the ball.,1397,The team is carrying the ball.,False,0.801360011100769
i2t,1397,the person react the team,1397,the person react the team,False,0.970526397228241
i2t,1397,The player saved the shot.,1397,The player saved the shot.,False,0.9634212255477905
i2t,1397,Players sitting on the sideline.,1397,Players sitting on the sideline.,False,0.39156776666641235
i2t,1397,A person takes a team.,1397,A person takes a team.,False,0.9906163811683655
i2t,1397,People playing on a team.,1397,People playing on a team.,False,0.9772194623947144
i2t,1397,A league team prepares to play their game.,1397,A league team prepares to play their game.,False,0.0003247032000217587
i2t,1397,Three athletes celebrate the game.,1397,Three athletes celebrate the game.,False,6.348282477119938e-05
i2t,1397,A team prepares for their game.,1397,A team prepares for their game.,False,0.9875083565711975
i2t,1397,Players of a team gather to play.,1397,Players of a team gather to play.,False,0.9632729887962341
i2t,1397,team warm a game,1397,team warm a game,False,0.010477911680936813
i2t,1397,The players pose for a team picture.,1397,The players pose for a team picture.,False,0.05910230055451393
i2t,1397,A CHILD PLAY BALL WITH HIS FRIEND,1397,A CHILD PLAY BALL WITH HIS FRIEND,True,0.04392382130026817
i2t,1397,A person is playing with other people.,1397,A person is playing with other people.,False,0.06723495572805405
i2t,1397,The kid is playing with a ball.,1397,The kid is playing with a ball.,True,0.0003264354891143739
i2t,1397,A boy playing with a ball.,1397,A boy playing with a ball.,True,0.04941435903310776
i2t,1397,Children playing on a field.,1397,Children playing on a field.,True,0.10058175772428513
i2t,1397,Every player on the team is playing volleyball.,1397,Every player on the team is playing volleyball.,False,0.8448948860168457
i2t,1397,The players pose for a team photo.,1397,The players pose for a team photo.,True,0.1614866852760315
i2t,1397,Players prepare for their next soccer session.,1397,Players prepare for their next soccer session.,False,0.9575637578964233
i2t,1397,A child runs on a field with other children.,1397,A child runs on a field with other children.,False,0.0013543223030865192
i2t,1397,Children play in the field.,1397,Children play in the field.,False,0.2677721679210663
i2t,3831,A person runs as a player in competitive sport.,3831,A person runs as a player in competitive sport.,False,0.5983505249023438
i2t,3831,Man want to run on the road,3831,Man want to run on the road,False,0.8844313025474548
i2t,3831,The woman is training with a mile run.,3831,The woman is training with a mile run.,False,0.9981470108032227
i2t,3831,The woman training as a runner.,3831,The woman training as a runner.,True,0.9970874190330505
i2t,3831,person run on the road,3831,person run on the road,True,0.9897715449333191
i2t,3831,A person takes a run on street,3831,A person takes a run on street,True,0.981165885925293
i2t,3831,the person is running in a Team,3831,the person is running in a Team,False,0.04544210061430931
i2t,3831,A woman runs on the road.,3831,A woman runs on the road.,True,0.9846352338790894
i2t,3831,The person runs on the road.,3831,The person runs on the road.,True,0.9661082625389099
i2t,3831,The person runs on the street.,3831,The person runs on the street.,True,0.9326652884483337
i2t,3831,Woman runs on road.,3831,Woman runs on road.,True,0.08293449878692627
i2t,3831,A woman jogging on the road.,3831,A woman jogging on the road.,True,0.9788935780525208
i2t,3831,A girl running on the road,3831,A girl running on the road,True,0.919365406036377
i2t,3831,A woman jogging on a road.,3831,A woman jogging on a road.,True,0.9624818563461304
i2t,3831,A woman running down a road.,3831,A woman running down a road.,True,0.9150939583778381
i2t,3831,A woman is jogging on the road.,3831,A woman is jogging on the road.,True,0.3915461301803589
i2t,3831,girl run on the road,3831,girl run on the road,True,0.8195340037345886
i2t,3831,A woman running on the street.,3831,A woman running on the street.,True,0.8523105382919312
i2t,3831,A person runs on the road.,3831,A person runs on the road.,True,0.9621846675872803
i2t,3831,A girl running on the street.,3831,A girl running on the street.,True,0.9163295030593872
i2t,3831,A person running down the road,3831,A person running down the road,True,0.46063488721847534
i2t,3831,A girl is running on the street.,3831,A girl is running on the street.,True,0.9734005331993103
i2t,3831,The woman is jogging down the road.,3831,The woman is jogging down the road.,True,0.9705050587654114
i2t,3831,The woman is running on the street,3831,The woman is running on the street,True,0.6550613045692444
i2t,3831,A person runs on the street,3831,A person runs on the street,True,0.6937031149864197
i2t,3831,A woman jogs in the road.,3831,A woman jogs in the road.,False,0.9563312530517578
i2t,3831,A woman runs of a road.,3831,A woman runs of a road.,False,0.8173062801361084
i2t,3831,A woman runs in the day,3831,A woman runs in the day,True,0.9711371660232544
i2t,3831,A woman is running down a road at sunset.,3831,A woman is running down a road at sunset.,False,0.9229878187179565
i2t,735,A person runs as a player in competitive sport.,735,A person runs as a player in competitive sport.,False,0.29309341311454773
i2t,735,The boy is standing on the field,735,The boy is standing on the field,True,0.07131511718034744
i2t,735,A person who is an athlete strikes a pose.,735,A person who is an athlete strikes a pose.,True,0.04063054174184799
i2t,735,The athlete will walk the field,735,The athlete will walk the field,True,0.3391536772251129
i2t,735,The person is ready to run the track,735,The person is ready to run the track,False,0.003297551069408655
i2t,735,Person runs on a track.,735,Person runs on a track.,False,0.3681350648403168
i2t,735,A person gets ready to run on a track.,735,A person gets ready to run on a track.,False,0.007923729717731476
i2t,735,the person is running in a Team,735,the person is running in a Team,False,0.05375519394874573
i2t,735,the boy run the field,735,the boy run the field,False,0.7612060308456421
i2t,735,Kid running on track near field.,735,Kid running on track near field.,False,0.7687596082687378
i2t,735,A boy stands on grass.,735,A boy stands on grass.,True,0.3482569754123688
i2t,735,A boy stands at the park.,735,A boy stands at the park.,False,0.2614048421382904
i2t,735,The boys stand on the field.,735,The boys stand on the field.,True,0.6277084350585938
i2t,735,A child is walking on the field.,735,A child is walking on the field.,False,0.38774803280830383
i2t,735,A boy prepares to run track.,735,A boy prepares to run track.,False,0.8789814710617065
i2t,735,A young soccer player does stretching exercises before a match.,735,A young soccer player does stretching exercises before a match.,False,0.7387096285820007
i2t,735,A boy stands in the grass.,735,A boy stands in the grass.,True,0.21607105433940887
i2t,735,The player will catch the football.,735,The player will catch the football.,False,0.6959184408187866
i2t,735,The man walked on the field,735,The man walked on the field,False,0.3769456148147583
i2t,735,No athletes walking on the field.,735,No athletes walking on the field.,False,0.25671935081481934
i2t,735,The man stands in the field.,735,The man stands in the field.,False,0.2646105885505676
i2t,735,The player will score a touchdown.,735,The player will score a touchdown.,False,0.6642003655433655
i2t,735,A coach walking along the sideline.,735,A coach walking along the sideline.,False,0.6312696933746338
i2t,735,Players stands on the sideline,735,Players stands on the sideline,False,0.576450765132904
i2t,735,The boy smiled in the background.,735,The boy smiled in the background.,False,0.11395882070064545
i2t,735,The child did not have to stand in the field.,735,The child did not have to stand in the field.,False,0.2884204685688019
i2t,735,An athlete watches a run.,735,An athlete watches a run.,True,0.6130557060241699
i2t,735,People are playing a sport.,735,People are playing a sport.,False,0.4358941912651062
i2t,735,The child stood in the field.,735,The child stood in the field.,True,0.3993675708770752
i2t,735,a boy walks on the track,735,a boy walks on the track,False,0.24103432893753052
i2t,735,A boy is running to get the ball.,735,A boy is running to get the ball.,False,0.22556853294372559
i2t,735,The boy runs in the field.,735,The boy runs in the field.,False,0.31297311186790466
i2t,735,Children run on the field.,735,Children run on the field.,False,0.44069838523864746
i2t,735,A boy is running on a track.,735,A boy is running on a track.,False,0.2759923040866852
i2t,735,A boy runs on the grass,735,A boy runs on the grass,False,0.686870276927948
i2t,735,A boy runs in the park.,735,A boy runs in the park.,False,0.4982127845287323
i2t,735,A boy stands in grass.,735,A boy stands in grass.,True,0.2194933444261551
i2t,735,A boy stands in a field.,735,A boy stands in a field.,True,0.1471666395664215
i2t,735,A child is standing in the field.,735,A child is standing in the field.,True,0.20585504174232483
i2t,735,A child stands in a field.,735,A child stands in a field.,True,0.11514630168676376
i2t,929,The students studied in the classroom,929,The students studied in the classroom,False,0.30081063508987427
i2t,929,The person read the student't book.,929,The person read the student't book.,True,0.010529707185924053
i2t,929,The student is carrying multiple books.,929,The student is carrying multiple books.,False,0.5350553393363953
i2t,929,The student learns in the classroom.,929,The student learns in the classroom.,False,0.492713987827301
i2t,929,A person is talking to the student.,929,A person is talking to the student.,False,0.27472537755966187
i2t,929,A person speaks to the student.,929,A person speaks to the student.,False,0.2647092640399933
i2t,929,a girl is standing in the classroom,929,a girl is standing in the classroom,False,0.46812254190444946
i2t,929,Students are attending class.,929,Students are attending class.,False,0.6282132267951965
i2t,929,The girl holds an open book.,929,The girl holds an open book.,True,0.9565578699111938
i2t,929,A student takes a book.,929,A student takes a book.,True,0.8814299702644348
i2t,929,The girl can carry the books.,929,The girl can carry the books.,False,0.9587210416793823
i2t,929,A girl stands in a library.,929,A girl stands in a library.,False,0.1454472839832306
i2t,929,A girl studies in the library.,929,A girl studies in the library.,False,0.7657758593559265
i2t,929,A student picking a book.,929,A student picking a book.,False,0.2048722803592682
i2t,929,A girl holds a book.,929,A girl holds a book.,True,0.9213858246803284
i2t,929,A student picks a book,929,A student picks a book,False,0.2788964807987213
i2t,929,A girl is studying in the library.,929,A girl is studying in the library.,False,0.8935908079147339
i2t,929,The girl stood in front of the doorway.,929,The girl stood in front of the doorway.,True,0.7031967043876648
i2t,929,The girl is holding two books.,929,The girl is holding two books.,False,0.0693943053483963
i2t,929,A person walks down a hallway.,929,A person walks down a hallway.,False,0.4937710762023926
i2t,929,The woman stands in the doorway.,929,The woman stands in the doorway.,True,0.6147858500480652
i2t,929,A person walks down the hallway,929,A person walks down the hallway,False,0.07836383581161499
i2t,929,The person stands in the room.,929,The person stands in the room.,True,0.6984259486198425
i2t,929,A girl stands in the room.,929,A girl stands in the room.,True,0.7567834854125977
i2t,929,The woman closes the door.,929,The woman closes the door.,False,0.6940224766731262
i2t,929,The woman stands in the house.,929,The woman stands in the house.,False,0.8702695965766907
i2t,929,A woman stands in the room.,929,A woman stands in the room.,True,0.759634792804718
i2t,929,"A student holds books,",929,"A student holds books,",True,0.03159868344664574
i2t,929,the person enters the room,929,the person enters the room,False,0.025026321411132812
i2t,929,A girl studies at the library,929,A girl studies at the library,False,0.793979823589325
i2t,929,A girl carries books.,929,A girl carries books.,True,0.20706191658973694
i2t,929,Students standing in a library.,929,Students standing in a library.,True,0.15769465267658234
i2t,929,A student reading at a library.,929,A student reading at a library.,True,0.37513306736946106
i2t,929,A student reading at the library.,929,A student reading at the library.,True,0.3856353461742401
i2t,929,A student sits in the library,929,A student sits in the library,False,0.13246513903141022
i2t,929,A student holds a book.,929,A student holds a book.,True,0.4547182321548462
i2t,929,A student reading in a classroom.,929,A student reading in a classroom.,False,0.18832655251026154
i2t,929,A girl studies a book.,929,A girl studies a book.,True,0.808059811592102
i2t,929,A student learning at a library.,929,A student learning at a library.,True,0.6191693544387817
i2t,1255,The person displays one image.,1255,The person displays one image.,False,0.0007823059568181634
i2t,1255,This person is in a man pose.,1255,This person is in a man pose.,True,0.0687161237001419
i2t,1255,A person appears in an image.,1255,A person appears in an image.,True,0.0527191199362278
i2t,1255,A man is posing as a awkward person.,1255,A man is posing as a awkward person.,False,0.3422882556915283
i2t,1255,this person makes the image,1255,this person makes the image,False,0.5506212115287781
i2t,1255,A person pose one,1255,A person pose one,True,0.39614561200141907
i2t,1255,Which person looks like this one?,1255,Which person looks like this one?,False,0.7691184282302856
i2t,1255,person stand in the room,1255,person stand in the room,False,0.8311976790428162
i2t,1255,A man dresses in clothes.,1255,A man dresses in clothes.,True,0.9603626132011414
i2t,1255,The man is standing with his back to the room.,1255,The man is standing with his back to the room.,False,0.0020567842293530703
i2t,1255,A man standing with his hand on his hip,1255,A man standing with his hand on his hip,False,0.13142845034599304
i2t,1255,The man in the shirt stands.,1255,The man in the shirt stands.,False,0.9775779247283936
i2t,1255,A man standing wearing a shirt,1255,A man standing wearing a shirt,False,0.2806597352027893
i2t,1255,A man dresses in a shirt.,1255,A man dresses in a shirt.,False,0.8857989311218262
i2t,1255,Man standing with arms at side,1255,Man standing with arms at side,True,0.002416653325781226
i2t,1255,A person standing with his hands on his side.,1255,A person standing with his hands on his side.,True,0.0019429741660133004
i2t,1255,An actor shows a look in jeans.,1255,An actor shows a look in jeans.,False,0.8081510663032532
i2t,1255,A male person takes a photo of himself smiling.,1255,A male person takes a photo of himself smiling.,False,0.004889283329248428
i2t,1255,Boy walking with water bottle,1255,Boy walking with water bottle,False,0.013540553860366344
i2t,1255,A man with his arms crossed.,1255,A man with his arms crossed.,False,0.5332151651382446
i2t,1255,A man is dressed in a shirt,1255,A man is dressed in a shirt,False,0.44132354855537415
i2t,1255,The man stands in front of the desk.,1255,The man stands in front of the desk.,False,0.13898691534996033
i2t,1255,a man walking on an edge,1255,a man walking on an edge,False,0.21532361209392548
i2t,1255,The man looked to the side.,1255,The man looked to the side.,False,0.40343689918518066
i2t,1255,Side view of a person standing.,1255,Side view of a person standing.,False,0.2986304759979248
i2t,1255,The boy stands against the wall.,1255,The boy stands against the wall.,False,0.20561133325099945
i2t,1255,a man standing,1255,a man standing,True,0.0008982461295090616
i2t,1255,The person stands facing sideways.,1255,The person stands facing sideways.,False,0.10098208487033844
i2t,1255,A man wearing clothes.,1255,A man wearing clothes.,True,0.0034091887064278126
i2t,1255,A person's look in various jeans.,1255,A person's look in various jeans.,False,0.6695173382759094
i2t,1255,The man smiles in the background.,1255,The man smiles in the background.,False,0.09276969730854034
i2t,1255,A person posing in a white shirt.,1255,A person posing in a white shirt.,False,0.00391714833676815
i2t,1255,The person looks sharp and is dressed smartly.,1255,The person looks sharp and is dressed smartly.,False,0.0014447682769969106
i2t,1255,A person who is a man poses.,1255,A person who is a man poses.,True,0.8658671975135803
i2t,1255,This man looks like a friendly person.,1255,This man looks like a friendly person.,True,0.6136156320571899
i2t,1255,A boy smiles to the camera.,1255,A boy smiles to the camera.,False,0.03210454806685448
i2t,8950,The woman is going to wash her hair.,8950,The woman is going to wash her hair.,False,0.4390626549720764
i2t,8950,The girl washes her hair.,8950,The girl washes her hair.,True,0.47572678327560425
i2t,8950,A woman washes hair.,8950,A woman washes hair.,True,0.184623584151268
i2t,8950,A woman is washing her hair.,8950,A woman is washing her hair.,True,0.8389514088630676
i2t,8950,A woman's hair needs fixing.,8950,A woman's hair needs fixing.,False,0.9000596404075623
i2t,8950,the person looks nice,8950,the person looks nice,True,0.0417235791683197
i2t,8950,this person makes the image,8950,this person makes the image,False,0.8405230045318604
i2t,8950,A girl is shaking her hair.,8950,A girl is shaking her hair.,False,0.7609601020812988
i2t,8950,A person pours water on someone's head.,8950,A person pours water on someone's head.,False,0.054343175143003464
i2t,8950,The person displays one image.,8950,The person displays one image.,False,0.006931826937943697
i2t,8950,A girl having her hair washed.,8950,A girl having her hair washed.,True,0.5839099287986755
i2t,8950,A woman washing her face,8950,A woman washing her face,False,0.1808130145072937
i2t,8950,A woman spraying herself with water,8950,A woman spraying herself with water,True,0.5445550084114075
i2t,8950,A woman is splashed with water.,8950,A woman is splashed with water.,True,0.46542078256607056
i2t,8950,A girl is splashed with some water.,8950,A girl is splashed with some water.,False,0.6903296709060669
i2t,8950,The woman touches her hair.,8950,The woman touches her hair.,True,0.5432708859443665
i2t,8950,The woman flips her hair.,8950,The woman flips her hair.,False,0.43512627482414246
i2t,8950,The woman combs her hair.,8950,The woman combs her hair.,False,0.7679546475410461
i2t,8950,A woman about to show her face,8950,A woman about to show her face,False,0.5624158978462219
i2t,8950,Someone brushes the girl's hair.,8950,Someone brushes the girl's hair.,False,0.1497488170862198
i2t,8950,the woman closes her eyes.,8950,the woman closes her eyes.,True,0.053961653262376785
i2t,8950,A girl is whipping her hair.,8950,A girl is whipping her hair.,False,0.8856572508811951
i2t,8950,A woman brushing her hair.,8950,A woman brushing her hair.,False,0.15670828521251678
i2t,8950,A person dying hair.,8950,A person dying hair.,False,0.03539276868104935
i2t,8950,A woman touches her hair.,8950,A woman touches her hair.,True,0.44290369749069214
i2t,8950,A woman getting water.,8950,A woman getting water.,False,0.023047300055623055
i2t,8950,A woman pours water on herself.,8950,A woman pours water on herself.,True,0.6239698529243469
i2t,8950,The woman lies in the bathtub.,8950,The woman lies in the bathtub.,False,0.290446937084198
i2t,8950,A woman enjoying the rain,8950,A woman enjoying the rain,False,0.07527756690979004
i2t,8950,The woman is brushing her hair.,8950,The woman is brushing her hair.,False,0.17352750897407532
i2t,12446,A girl has swim in the water,12446,A girl has swim in the water,True,0.9809594750404358
i2t,12446,The girl smiles in front of the pool.,12446,The girl smiles in front of the pool.,False,0.9169573187828064
i2t,12446,A girl is standing in the pool.,12446,A girl is standing in the pool.,True,0.7860990762710571
i2t,12446,The girl swims in the pool.,12446,The girl swims in the pool.,False,0.4693325459957123
i2t,12446,a girl stands in water.,12446,a girl stands in water.,True,0.7126349210739136
i2t,12446,A girl is standing near a pool.,12446,A girl is standing near a pool.,False,0.38402482867240906
i2t,12446,A girl swims in water.,12446,A girl swims in water.,False,0.9203792214393616
i2t,12446,A girl floats in a pool.,12446,A girl floats in a pool.,True,0.9185374975204468
i2t,12446,A person smiles for a photo.,12446,A person smiles for a photo.,True,0.029945701360702515
i2t,12446,A girl turns to the camera,12446,A girl turns to the camera,True,0.2546658515930176
i2t,12446,Pretty girl floats in the water.,12446,Pretty girl floats in the water.,True,0.5056018829345703
i2t,12446,A girl floating in a pool.,12446,A girl floating in a pool.,True,0.8909491896629333
i2t,12446,A woman floating in a pool.,12446,A woman floating in a pool.,True,0.9112481474876404
i2t,12446,A woman floats in the pool.,12446,A woman floats in the pool.,True,0.9571090340614319
i2t,12446,the girl sits in the pool,12446,the girl sits in the pool,False,0.6323941349983215
i2t,12446,A woman swimming in a pool.,12446,A woman swimming in a pool.,False,0.884103536605835
i2t,12446,A girl floating in the water.,12446,A girl floating in the water.,True,0.9346956014633179
i2t,12446,A woman is swimming in a pool.,12446,A woman is swimming in a pool.,False,0.8838812112808228
i2t,12446,The woman sits by the pool.,12446,The woman sits by the pool.,False,0.7367041110992432
i2t,12446,The woman likes to float in the water.,12446,The woman likes to float in the water.,True,0.9762492179870605
i2t,12446,The person swam in the water.,12446,The person swam in the water.,True,0.8976026773452759
i2t,12446,The man stands next to the pool.,12446,The man stands next to the pool.,False,0.3355935513973236
i2t,12446,A woman swimming in the water.,12446,A woman swimming in the water.,False,0.6760311722755432
i2t,12446,The man stood up in the pool,12446,The man stood up in the pool,False,0.5851860046386719
i2t,12446,A woman swims in a pool.,12446,A woman swims in a pool.,False,0.9613074064254761
i2t,12446,A woman swims in water.,12446,A woman swims in water.,False,0.8601014614105225
i2t,12446,The woman sit near the pool is gorgeous.,12446,The woman sit near the pool is gorgeous.,False,0.6079604625701904
i2t,12446,A girl sits by the pool.,12446,A girl sits by the pool.,False,0.9064906239509583
i2t,12446,Women sitting by a pool.,12446,Women sitting by a pool.,False,0.7556954622268677
i2t,12446,A girl is sitting by the pool,12446,A girl is sitting by the pool,False,0.76041179895401
i2t,12446,Woman stands in pool.,12446,Woman stands in pool.,True,0.05287156626582146
i2t,12446,The woman enjoys the beach.,12446,The woman enjoys the beach.,False,0.15964673459529877
i2t,12446,A woman enjoys the beach.,12446,A woman enjoys the beach.,False,0.6443226337432861
i2t,2311,A person is hikng up a hill.,2311,A person is hikng up a hill.,True,0.038152724504470825
i2t,2311,A man runs up a hill.,2311,A man runs up a hill.,False,0.9037443995475769
i2t,2311,A girl runs up a hill.,2311,A girl runs up a hill.,False,0.9218773245811462
i2t,2311,The person will hike on the hill.,2311,The person will hike on the hill.,True,0.9827432632446289
i2t,2311,A person beginning the climb of the hill.,2311,A person beginning the climb of the hill.,False,0.5566354990005493
i2t,2311,is this man hiking towards hill?,2311,is this man hiking towards hill?,True,0.9738760590553284
i2t,2311,A person takes a step on their walk.,2311,A person takes a step on their walk.,True,0.08099766820669174
i2t,2311,A person climbs a hill.,2311,A person climbs a hill.,True,0.9237014055252075
i2t,2311,A girl runs up the hill.,2311,A girl runs up the hill.,False,0.9628443121910095
i2t,2311,The man walked up the hill.,2311,The man walked up the hill.,True,0.5970873236656189
i2t,2311,A WOMAN RUNS IN THE HILL,2311,A WOMAN RUNS IN THE HILL,False,0.7639041543006897
i2t,2311,A woman running on a hill.,2311,A woman running on a hill.,False,0.7996538281440735
i2t,2311,A man is running on a hill.,2311,A man is running on a hill.,False,0.5612048506736755
i2t,2311,Women running down a hill.,2311,Women running down a hill.,False,0.891841471195221
i2t,2311,People running on a trail.,2311,People running on a trail.,False,0.827691912651062
i2t,2311,A couple running over a hill.,2311,A couple running over a hill.,False,0.8888840079307556
i2t,2311,A man is running up the hill.,2311,A man is running up the hill.,False,0.7685049176216125
i2t,2311,A person running the trail,2311,A person running the trail,True,0.9474630951881409
i2t,2311,A man and a woman run up a hill.,2311,A man and a woman run up a hill.,False,0.21079322695732117
i2t,2311,Man running down a hill,2311,Man running down a hill,False,0.8300272226333618
i2t,2311,A person walks on the hill.,2311,A person walks on the hill.,True,0.5980209708213806
i2t,2311,A person walking up a hill.,2311,A person walking up a hill.,True,0.4347461760044098
i2t,2311,A person walking on a hill.,2311,A person walking on a hill.,True,0.2774225175380707
i2t,2311,A man walking on a hill.,2311,A man walking on a hill.,True,0.7091166377067566
i2t,2311,A person walks down the mountain.,2311,A person walks down the mountain.,False,0.661260724067688
i2t,2311,A man running up a hill.,2311,A man running up a hill.,False,0.9284491539001465
i2t,2311,The person is walking the trail.,2311,The person is walking the trail.,True,0.5797818303108215
i2t,2311,person walk on the hill,2311,person walk on the hill,True,0.970872700214386
i2t,2311,The person will walk on the mountain trail.,2311,The person will walk on the mountain trail.,True,0.9584752321243286
i2t,2311,The man went to stand on the hill for the day,2311,The man went to stand on the hill for the day,False,0.8989905118942261
i2t,2311,The girl runs on the hill,2311,The girl runs on the hill,False,0.1870001256465912
i2t,2311,A person hikes up a hill.,2311,A person hikes up a hill.,True,0.827492892742157
i2t,2311,A man has a walk on a trail.,2311,A man has a walk on a trail.,True,0.4129921495914459
i2t,2311,Two men are running up a trail.,2311,Two men are running up a trail.,False,0.10075927525758743
i2t,2311,the persron climbs the hill,2311,the persron climbs the hill,True,0.8740414977073669
i2t,2311,A person climbs up a hill.,2311,A person climbs up a hill.,True,0.9153332114219666
i2t,2311,A person hiking up a mountain.,2311,A person hiking up a mountain.,True,0.1328984498977661
i2t,2173,A dog standing on the grass.,2173,A dog standing on the grass.,True,0.71340411901474
i2t,2173,A dog is looking at the camera.,2173,A dog is looking at the camera.,False,0.31776711344718933
i2t,2173,Which person looks like this one?,2173,Which person looks like this one?,False,0.19278478622436523
i2t,2173,is this puppy running in the field?,2173,is this puppy running in the field?,False,0.10213583707809448
i2t,2173,A dog sitting on the ground.,2173,A dog sitting on the ground.,True,0.6287091970443726
i2t,2173,A dog sits on the grass.,2173,A dog sits on the grass.,True,0.8016709089279175
i2t,2173,A dog stands in the grass.,2173,A dog stands in the grass.,True,0.6114192008972168
i2t,2173,A dog is resting in the grass,2173,A dog is resting in the grass,True,0.8126609921455383
i2t,2173,A puppy is standing in the grass.,2173,A puppy is standing in the grass.,True,0.6938608288764954
i2t,2173,The person displays one image.,2173,The person displays one image.,False,0.00022999983048066497
i2t,2173,puppy sit on rthe grass,2173,puppy sit on rthe grass,True,0.7190964221954346
i2t,2173,Dog sitting on the lawn,2173,Dog sitting on the lawn,True,0.9349625110626221
i2t,2173,A dog sits in the grass.,2173,A dog sits in the grass.,True,0.7225916385650635
i2t,2173,A dog sitting in the grass.,2173,A dog sitting in the grass.,True,0.8039049506187439
i2t,2173,dog rests on the grass,2173,dog rests on the grass,True,0.9583795666694641
i2t,2173,A dog is sitting in the meadow.,2173,A dog is sitting in the meadow.,True,0.8678421974182129
i2t,2173,A cute animal sits in the meadow.,2173,A cute animal sits in the meadow.,True,0.9326870441436768
i2t,2173,A puppy is sitting in the meadow.,2173,A puppy is sitting in the meadow.,True,0.6590497493743896
i2t,2173,A dog is sitting at the meadow.,2173,A dog is sitting at the meadow.,True,0.7570382952690125
i2t,2173,The dog stands in the grass.,2173,The dog stands in the grass.,True,0.8954854011535645
i2t,2173,The dog is sitting in the grass.,2173,The dog is sitting in the grass.,True,0.8230860233306885
i2t,2173,a dog is lying on the grass,2173,a dog is lying on the grass,False,0.908204972743988
i2t,2173,The dog is standing in the lawn.,2173,The dog is standing in the lawn.,False,0.8790731430053711
i2t,2173,A dog standing on the lawn.,2173,A dog standing on the lawn.,False,0.7470530867576599
i2t,2173,a dog lying on the lawn,2173,a dog lying on the lawn,False,0.8699408173561096
i2t,2173,An animal resting on the grass.,2173,An animal resting on the grass.,True,0.8175583481788635
i2t,2173,"In this photo, a dog sits at the park.",2173,"In this photo, a dog sits at the park.",False,0.127679243683815
i2t,2173,The dog is sitting in the lawn.,2173,The dog is sitting in the lawn.,True,0.9323672652244568
i2t,2173,A dog is laying down on the lawn.,2173,A dog is laying down on the lawn.,False,0.03134926036000252
i2t,2173,the dog sat at the grass,2173,the dog sat at the grass,True,0.940383791923523
i2t,2173,The dog is sitting in the meadow.,2173,The dog is sitting in the meadow.,True,0.6907737255096436
i2t,2173,A dog sits on lawn.,2173,A dog sits on lawn.,True,0.8387576937675476
i2t,2173,A puppy sits in the grass.,2173,A puppy sits in the grass.,True,0.377256840467453
i2t,2173,Puppy standing in grass.,2173,Puppy standing in grass.,False,0.000592221796978265
i2t,2173,A puppy sits on the grass.,2173,A puppy sits on the grass.,True,0.5125537514686584
i2t,2173,The puppy sits on the grass.,2173,The puppy sits on the grass.,True,0.7178951501846313
i2t,2173,The puppy is sitting on the grass.,2173,The puppy is sitting on the grass.,True,0.8414402604103088
i2t,2173,A dog sitting in a meadow.,2173,A dog sitting in a meadow.,True,0.6853732466697693
i2t,2173,A dog sits in a meadow.,2173,A dog sits in a meadow.,True,0.5565193295478821
i2t,2173,A dog sits in a meadow panting.,2173,A dog sits in a meadow panting.,True,0.09402073919773102
i2t,2173,A dog lying in a meadow.,2173,A dog lying in a meadow.,False,0.5709829330444336
i2t,2173,A dog sits in a lawn.,2173,A dog sits in a lawn.,True,0.4861159324645996
i2t,2173,A dog sits on the lawn.,2173,A dog sits on the lawn.,True,0.852660596370697
i2t,666,the person looks nice,666,the person looks nice,False,3.260638186475262e-05
i2t,666,Puppies are sitting in a garden.,666,Puppies are sitting in a garden.,True,0.843469500541687
i2t,666,Dogs sit in front of a background,666,Dogs sit in front of a background,True,0.46427154541015625
i2t,666,Flowers grow in the garden.,666,Flowers grow in the garden.,True,0.09447844326496124
i2t,666,The person displays one image.,666,The person displays one image.,False,3.2562355045229197e-05
i2t,666,this person makes the image,666,this person makes the image,False,0.10807619988918304
i2t,666,The couple sit in the garden.,666,The couple sit in the garden.,False,0.06323026120662689
i2t,666,A PERSON WILL ENJOY THE SEASON,666,A PERSON WILL ENJOY THE SEASON,False,0.022098151966929436
i2t,666,A puppy sits in the garden,666,A puppy sits in the garden,True,0.08516529947519302
i2t,666,The dog stands in front of the background.,666,The dog stands in front of the background.,False,0.13059939444065094
i2t,666,Dogs are resting on the lawn.,666,Dogs are resting on the lawn.,False,0.969763457775116
i2t,666,Dog sitting on the lawn,666,Dog sitting on the lawn,False,0.3471266031265259
i2t,666,puppy sit on rthe grass,666,puppy sit on rthe grass,False,0.06604118645191193
i2t,666,Puppies looking at a camera.,666,Puppies looking at a camera.,False,0.23210932314395905
i2t,666,puppy sit on the background,666,puppy sit on the background,False,0.1746976524591446
i2t,666,Dogs sit in the street.,666,Dogs sit in the street.,False,0.7792519330978394
i2t,666,A dog sits on lawn.,666,A dog sits on lawn.,False,0.14754323661327362
i2t,666,The dogs are sitting in the field.,666,The dogs are sitting in the field.,False,0.644866943359375
i2t,666,The dogs sit in the field.,666,The dogs sit in the field.,False,0.6928302049636841
i2t,666,The puppy is laying in the background.,666,The puppy is laying in the background.,True,0.19131219387054443
i2t,666,Dogs are sitting on the street.,666,Dogs are sitting on the street.,False,0.9292952418327332
i2t,666,The dog is sitting in the lawn.,666,The dog is sitting in the lawn.,False,0.583688497543335
i2t,666,The dog is standing in the lawn.,666,The dog is standing in the lawn.,False,0.40484288334846497
i2t,666,Dogs are walking on a camera.,666,Dogs are walking on a camera.,False,0.5772103667259216
i2t,666,a dog is lying on the grass,666,a dog is lying on the grass,False,0.426136314868927
i2t,666,dog stand,666,dog stand,False,3.282161560491659e-05
i2t,666,A puppy sits in the background.,666,A puppy sits in the background.,False,0.2222512662410736
i2t,666,A dog standing in the background.,666,A dog standing in the background.,False,0.006815389730036259
i2t,666,The puppy stands in the background.,666,The puppy stands in the background.,False,0.17189337313175201
i2t,666,A puppy stands in a place that isn't a garden.,666,A puppy stands in a place that isn't a garden.,False,4.270949648343958e-05
i2t,666,A puppy lays in the background,666,A puppy lays in the background,True,0.09940707683563232
i2t,666,A puppy lies in the background,666,A puppy lies in the background,True,0.10766234248876572
i2t,666,A puppy is sitting in the meadow.,666,A puppy is sitting in the meadow.,True,0.11092879623174667
i2t,666,Puppy standing in grass.,666,Puppy standing in grass.,False,3.6336463381303474e-05
i2t,666,Dog sits on lawn,666,Dog sits on lawn,True,0.0001900878851301968
i2t,666,A puppy sits in the grass.,666,A puppy sits in the grass.,True,0.02682788483798504
i2t,666,A woman and dog lie on the lawn.,666,A woman and dog lie on the lawn.,False,0.13759607076644897
i2t,666,Dogs sit in a chair.,666,Dogs sit in a chair.,False,0.35934704542160034
i2t,666,Animals sit on the lawn.,666,Animals sit on the lawn.,True,0.7396523952484131
i2t,666,A white puppy sits in a field while a tan puppy stands next to him.,666,A white puppy sits in a field while a tan puppy stands next to him.,False,0.0005183261819183826
i2t,5770,The person is sitting in the chair.,5770,The person is sitting in the chair.,True,0.004124623257666826
i2t,5770,this person makes the image,5770,this person makes the image,False,0.7651293873786926
i2t,5770,The person sits in a chair.,5770,The person sits in a chair.,True,0.19054563343524933
i2t,5770,The person sits to the side.,5770,The person sits to the side.,False,0.0831863060593605
i2t,5770,The person displays one image.,5770,The person displays one image.,False,0.018554812297225
i2t,5770,A PERSON COPIES ANOTHER PERSON'S POSE,5770,A PERSON COPIES ANOTHER PERSON'S POSE,False,0.23845145106315613
i2t,5770,A person sitting on their side.,5770,A person sitting on their side.,False,0.028175553306937218
i2t,5770,The man is sitting in a chair.,5770,The man is sitting in a chair.,True,0.0058057354763150215
i2t,5770,The guy is sitting in the chair.,5770,The guy is sitting in the chair.,True,0.12837059795856476
i2t,5770,the person sits towards the front,5770,the person sits towards the front,False,0.00946223083883524
i2t,5770,A person showing how to sit on the ground.,5770,A person showing how to sit on the ground.,False,0.0486595518887043
i2t,5770,A man sits with his leg up.,5770,A man sits with his leg up.,True,0.506809413433075
i2t,5770,A man is posing as a awkward person.,5770,A man is posing as a awkward person.,False,0.11286132782697678
i2t,5770,An actor shows a look in jeans.,5770,An actor shows a look in jeans.,False,0.3950684070587158
i2t,5770,A man sits on a chair with his skateboard.,5770,A man sits on a chair with his skateboard.,False,0.0007537237834185362
i2t,5770,man sit the floor,5770,man sit the floor,False,0.19649113714694977
i2t,5770,man laugh on the background,5770,man laugh on the background,False,0.39427050948143005
i2t,5770,A man sits on his bottom.,5770,A man sits on his bottom.,False,0.6187039017677307
i2t,5770,man sit in the room,5770,man sit in the room,False,0.4328828454017639
i2t,5770,An excited man sits in a room with a blue couch.,5770,An excited man sits in a room with a blue couch.,False,0.00041165531729348004
i2t,5770,A man leans on the chair.,5770,A man leans on the chair.,False,0.5624939799308777
i2t,5770,A boy sits on the chair,5770,A boy sits on the chair,True,0.2110062688589096
i2t,5770,A man sits on a stool.,5770,A man sits on a stool.,True,0.7190925478935242
i2t,5770,The person likes to listen to music made by another person.,5770,The person likes to listen to music made by another person.,False,0.9460880756378174
i2t,5770,person is a dancing person,5770,person is a dancing person,False,0.9733073711395264
i2t,5770,The man sits on the floor.,5770,The man sits on the floor.,False,0.18909990787506104
i2t,5770,A boy sitting in a chair.,5770,A boy sitting in a chair.,True,0.06245347112417221
i2t,5770,Which person looks like this one?,5770,Which person looks like this one?,False,0.969531774520874
i2t,5770,A guy sitting in a chair.,5770,A guy sitting in a chair.,True,0.06837864965200424
i2t,5770,A man is sitting on the chair.,5770,A man is sitting on the chair.,True,0.001204745378345251
i2t,5770,the person poses each day,5770,the person poses each day,False,0.5311254262924194
i2t,5770,The man is sitting on the stool.,5770,The man is sitting on the stool.,True,0.07866359502077103
i2t,5770,A person who is a man poses.,5770,A person who is a man poses.,True,0.4185974597930908
i2t,5770,One person sits down.,5770,One person sits down.,True,0.013391224667429924
i2t,5770,A man is sitting on a seat.,5770,A man is sitting on a seat.,True,0.005464730318635702
i2t,5770,This person is in a man pose.,5770,This person is in a man pose.,True,0.1487816572189331
i2t,5770,A PERSON POSE WITH A MAN,5770,A PERSON POSE WITH A MAN,False,0.16650502383708954
i2t,5770,A boy shows a thumbs up.,5770,A boy shows a thumbs up.,False,0.050645604729652405
i2t,5770,A man smiles in front of a yellow background,5770,A man smiles in front of a yellow background,False,0.007944815792143345
i2t,5770,A person pose one,5770,A person pose one,True,0.8356463313102722
i2t,5770,A person pose with another person,5770,A person pose with another person,True,0.28653478622436523
i2t,5770,A man points his finger at the camera.,5770,A man points his finger at the camera.,True,0.002693675924092531
i2t,5770,The man points his finger.,5770,The man points his finger.,True,0.06837967038154602
i2t,5770,A man pointing with his hand.,5770,A man pointing with his hand.,True,0.07366563379764557
i2t,5770,man point a hand,5770,man point a hand,True,0.039924025535583496
i2t,5770,A man sits in front of a white background,5770,A man sits in front of a white background,True,0.02322074957191944
i2t,5770,The man shows his finger.,5770,The man shows his finger.,True,0.06222813203930855
i2t,5770,A man shows his finger.,5770,A man shows his finger.,True,0.10086067020893097
i2t,2572,One person does a yoga pose.,2572,One person does a yoga pose.,True,0.3221437931060791
i2t,2572,A woman practices yoga.,2572,A woman practices yoga.,True,0.6667019128799438
i2t,2572,A yoga coach poses for a session,2572,A yoga coach poses for a session,True,0.3444351851940155
i2t,2572,A woman stretching legs.,2572,A woman stretching legs.,True,0.08123429864645004
i2t,2572,The woman sat on the mat.,2572,The woman sat on the mat.,False,0.5444550514221191
i2t,2572,The woman stretches out her hands.,2572,The woman stretches out her hands.,True,0.7200281023979187
i2t,2572,a person stretch the game,2572,a person stretch the game,True,0.07098551094532013
i2t,2572,"The woman, who used to stretch before exercise regularly at the beach.",2572,"The woman, who used to stretch before exercise regularly at the beach.",False,0.9722160696983337
i2t,2572,The woman stretches her hands.,2572,The woman stretches her hands.,True,0.7222579121589661
i2t,2572,The woman is kneeling on the floor.,2572,The woman is kneeling on the floor.,True,0.12280146032571793
i2t,2572,A person stretches with a yoga ball.,2572,A person stretches with a yoga ball.,False,0.2338404357433319
i2t,2572,Woman sitting on a mat doing yoga.,2572,Woman sitting on a mat doing yoga.,True,0.9832610487937927
i2t,2572,The person uses her arm to stretch.,2572,The person uses her arm to stretch.,True,0.8035647869110107
i2t,2572,A woman is sitting on a mat.,2572,A woman is sitting on a mat.,False,0.07211453467607498
i2t,2572,A woman sits on a mat.,2572,A woman sits on a mat.,False,0.8754643201828003
i2t,2572,The person is using the ball to stretch.,2572,The person is using the ball to stretch.,False,0.3848932981491089
i2t,2572,a girl stretching her legs,2572,a girl stretching her legs,True,0.4738393723964691
i2t,2572,a person gets down on the floor,2572,a person gets down on the floor,True,0.6928053498268127
i2t,2572,The woman lays on the floor.,2572,The woman lays on the floor.,False,0.4340803623199463
i2t,2572,A woman laying on the floor.,2572,A woman laying on the floor.,False,0.5192545652389526
i2t,2572,A woman sitting on a mat.,2572,A woman sitting on a mat.,False,0.49383845925331116
i2t,2572,A woman lying on the floor.,2572,A woman lying on the floor.,False,0.9144296050071716
i2t,2572,A man lying on the floor.,2572,A man lying on the floor.,False,0.8842584490776062
i2t,2572,The woman sits on the floor.,2572,The woman sits on the floor.,False,0.3518502712249756
i2t,2572,A woman sit on the mat,2572,A woman sit on the mat,False,0.7930169701576233
i2t,2572,Woman laying on the floor,2572,Woman laying on the floor,False,0.8524587154388428
i2t,2572,Players stretch during a session.,2572,Players stretch during a session.,False,0.2340773493051529
i2t,2572,A person is bowing their head.,2572,A person is bowing their head.,False,0.06382658332586288
i2t,2572,A person pose one,2572,A person pose one,True,0.2869289219379425
i2t,2572,Players have a streching session.,2572,Players have a streching session.,True,0.24651475250720978
i2t,2572,Person using arms to lift themselves,2572,Person using arms to lift themselves,False,0.04176313802599907
i2t,2572,A woman stretching in front of a window,2572,A woman stretching in front of a window,False,0.65790855884552
i2t,2572,woman stretch on her arm,2572,woman stretch on her arm,True,0.9452595710754395
i2t,2572,A woman stretching her arms,2572,A woman stretching her arms,True,0.17342592775821686
i2t,2572,A woman stretches by a window.,2572,A woman stretches by a window.,False,0.8681182861328125
i2t,2572,A woman does a standing stretch on the sand.,2572,A woman does a standing stretch on the sand.,False,0.7757031917572021
i2t,5092,A person takes a photo to practice photography.,5092,A person takes a photo to practice photography.,False,0.020646337419748306
i2t,5092,A person can bring up an emotion with a photo.,5092,A person can bring up an emotion with a photo.,False,0.030024809762835503
i2t,5092,A man uses a camera.,5092,A man uses a camera.,False,0.24238190054893494
i2t,5092,The person takes photographs,5092,The person takes photographs,False,0.00010226415179204196
i2t,5092,People capture photographs.,5092,People capture photographs.,False,0.002662696409970522
i2t,5092,The person takes a photograph.,5092,The person takes a photograph.,False,0.0007101832889020443
i2t,5092,A person captures a person.,5092,A person captures a person.,False,0.2737507224082947
i2t,5092,A person takes a step on their walk.,5092,A person takes a step on their walk.,True,0.7299609780311584
i2t,5092,A person takes a picture.,5092,A person takes a picture.,False,0.4072246253490448
i2t,5092,A person captures a shot.,5092,A person captures a shot.,False,0.8442864418029785
i2t,5092,A person stands on the track.,5092,A person stands on the track.,False,0.6048629283905029
i2t,5092,A person walks along the track.,5092,A person walks along the track.,True,0.2856892943382263
i2t,5092,A person stands on a track.,5092,A person stands on a track.,True,0.4789385497570038
i2t,5092,A girl walks on a train rail.,5092,A girl walks on a train rail.,False,0.02752765640616417
i2t,5092,A boy walking on a train track,5092,A boy walking on a train track,True,0.667030930519104
i2t,5092,A person standing on a track.,5092,A person standing on a track.,True,0.03849499300122261
i2t,5092,A person walks down a track.,5092,A person walks down a track.,True,0.6237659454345703
i2t,5092,A girl walking on the rails.,5092,A girl walking on the rails.,True,0.9669111371040344
i2t,5092,A man walking with a camera,5092,A man walking with a camera,True,0.14184406399726868
i2t,5092,A man walking on a trail,5092,A man walking on a trail,True,0.5406559705734253
i2t,5092,A man walking with his briefcase.,5092,A man walking with his briefcase.,False,0.5973035097122192
i2t,5092,A woman walking on some rocks.,5092,A woman walking on some rocks.,False,0.10493522882461548
i2t,5092,a boy walks on the track,5092,a boy walks on the track,True,0.6460031270980835
i2t,5092,A person walking on a trail.,5092,A person walking on a trail.,True,0.09578218311071396
i2t,5092,A person is taking a photograph.,5092,A person is taking a photograph.,False,0.0033489239867776632
i2t,5092,The person is taking a photograph.,5092,The person is taking a photograph.,False,0.0004679385165218264
i2t,5092,A person is holding a camera.,5092,A person is holding a camera.,True,9.020965080708265e-05
i2t,5092,Dogs are walking on a camera.,5092,Dogs are walking on a camera.,False,0.6562736630439758
i2t,5092,The person walked the track.,5092,The person walked the track.,True,0.714089572429657
i2t,5092,A person takes a photograph.,5092,A person takes a photograph.,False,0.6283764243125916
i2t,5092,A person holds a camera.,5092,A person holds a camera.,True,0.02110878936946392
i2t,5092,a man walking on an edge,5092,a man walking on an edge,True,0.5235893726348877
i2t,5092,A person is walking on the footpath.,5092,A person is walking on the footpath.,False,3.77260657842271e-05
i2t,5092,Man walking on a road.,5092,Man walking on a road.,False,0.9153176546096802
i2t,5092,The person walks to the site.,5092,The person walks to the site.,True,0.5606624484062195
i2t,5092,The man will walk across the footbridge,5092,The man will walk across the footbridge,False,0.03543875366449356
i2t,5092,A person walks along a road.,5092,A person walks along a road.,False,0.20683987438678741
i2t,5092,A man walks with the sun in the background.,5092,A man walks with the sun in the background.,True,0.11635700613260269
i2t,5092,A man hiking on the edge of a rock,5092,A man hiking on the edge of a rock,False,0.015555604360997677
i2t,5092,The man walked at sunset.,5092,The man walked at sunset.,True,0.6790533661842346
i2t,5092,A man walks at sunset.,5092,A man walks at sunset.,True,0.5383265018463135
i2t,5092,A man walks along a mountain path.,5092,A man walks along a mountain path.,False,0.24057866632938385
i2t,11943,boat sail a sea,11943,boat sail a sea,True,0.0027424737345427275
i2t,11943,A boat can moor while at sea.,11943,A boat can moor while at sea.,False,0.3771122097969055
i2t,11943,The boat sails on the water.,11943,The boat sails on the water.,True,0.3455936312675476
i2t,11943,A man drives a boat.,11943,A man drives a boat.,False,0.7772233486175537
i2t,11943,The man rests on the boat.,11943,The man rests on the boat.,True,0.9323912262916565
i2t,11943,A person sails a boat.,11943,A person sails a boat.,True,0.6037710905075073
i2t,11943,The man looks at the ocean.,11943,The man looks at the ocean.,True,0.31088849902153015
i2t,11943,A man sits on a boat.,11943,A man sits on a boat.,True,0.7438185811042786
i2t,11943,The man is driving the boat.,11943,The man is driving the boat.,False,0.2157546430826187
i2t,11943,"The boat is floating on the water,",11943,"The boat is floating on the water,",True,0.0007900922792032361
i2t,11943,A man stands on a sail boat.,11943,A man stands on a sail boat.,False,0.6691128015518188
i2t,11943,The man rests near the boat.,11943,The man rests near the boat.,False,0.8593005537986755
i2t,11943,The man rests on his boat.,11943,The man rests on his boat.,True,0.8200832009315491
i2t,11943,The man is standing on the deck of the ship.,11943,The man is standing on the deck of the ship.,False,0.46808719635009766
i2t,11943,The man sits by the sea.,11943,The man sits by the sea.,True,0.7294570207595825
i2t,11943,Fisherman sit on a boat.,11943,Fisherman sit on a boat.,True,0.8562742471694946
i2t,11943,A man standing on a boat.,11943,A man standing on a boat.,False,0.2435118407011032
i2t,11943,The woman drives the boat.,11943,The woman drives the boat.,False,0.40696388483047485
i2t,11943,A woman sitting on a boat.,11943,A woman sitting on a boat.,False,0.27118876576423645
i2t,11943,A man is driving a boat.,11943,A man is driving a boat.,False,0.6847279667854309
i2t,11943,person ride on the boat,11943,person ride on the boat,False,0.9203868508338928
i2t,11943,A woman driving a boat.,11943,A woman driving a boat.,False,0.346032977104187
i2t,11943,A person sailing on a boat,11943,A person sailing on a boat,True,0.1040753647685051
i2t,11943,A main sailing a boat.,11943,A main sailing a boat.,True,0.8726133108139038
i2t,11943,A person drives a boat.,11943,A person drives a boat.,True,0.3767969310283661
i2t,11943,A man stands on a boat in the water.,11943,A man stands on a boat in the water.,False,0.005406074225902557
i2t,11943,The yacht is floating out to sea.,11943,The yacht is floating out to sea.,True,0.36026903986930847
i2t,11943,The boat is sailing on the sea.,11943,The boat is sailing on the sea.,True,0.012869102880358696
i2t,11943,The boat is sailing in the sea.,11943,The boat is sailing in the sea.,True,0.03994530066847801
i2t,11943,A man looks at the ocean.,11943,A man looks at the ocean.,True,0.3564140498638153
i2t,11943,A fisherman sails a boat.,11943,A fisherman sails a boat.,True,0.6147398948669434
i2t,12105,the person looks nice,12105,the person looks nice,True,6.589511031052098e-05
i2t,12105,Which person looks like this one?,12105,Which person looks like this one?,False,0.04079905524849892
i2t,12105,this person makes the image,12105,this person makes the image,False,0.5631762146949768
i2t,12105,A man goes to kiss his girlfriend.,12105,A man goes to kiss his girlfriend.,False,0.9363062381744385
i2t,12105,A couple is embracing each other.,12105,A couple is embracing each other.,False,0.9836652874946594
i2t,12105,A person enjoys another person.,12105,A person enjoys another person.,True,0.6467912197113037
i2t,12105,A person kisses another person.,12105,A person kisses another person.,True,0.6832407116889954
i2t,12105,A person is a player,12105,A person is a player,False,0.0007637169328518212
i2t,12105,man holding girlfriend,12105,man holding girlfriend,True,0.0028810808435082436
i2t,12105,A person kisses the cheek of another person.,12105,A person kisses the cheek of another person.,False,0.0008847866556607187
i2t,12105,A couple kisses in the park.,12105,A couple kisses in the park.,True,0.9874345660209656
i2t,12105,A couple kiss in the park.,12105,A couple kiss in the park.,True,0.8659155368804932
i2t,12105,a couple cuddle in the park,12105,a couple cuddle in the park,True,0.4864542484283447
i2t,12105,A couple hugging at the park,12105,A couple hugging at the park,False,0.4940052628517151
i2t,12105,A couple embraces by the tree.,12105,A couple embraces by the tree.,False,0.3860381543636322
i2t,12105,A couple is embracing near a tree.,12105,A couple is embracing near a tree.,False,0.7009262442588806
i2t,12105,A couple hugs against a tree.,12105,A couple hugs against a tree.,False,0.7384671568870544
i2t,12105,A man kisses his girlfriend.,12105,A man kisses his girlfriend.,True,0.9231919646263123
i2t,12105,A couple are hugging in the park.,12105,A couple are hugging in the park.,False,0.948161244392395
i2t,12105,A couple kisses near the street.,12105,A couple kisses near the street.,True,0.9851548075675964
i2t,12105,A man kissing a woman.,12105,A man kissing a woman.,True,0.8565366268157959
i2t,12105,A couple is standing near trees.,12105,A couple is standing near trees.,True,0.7422679662704468
i2t,12105,A man is embracing a woman.,12105,A man is embracing a woman.,False,0.9646411538124084
i2t,12105,A man is hugging a woman,12105,A man is hugging a woman,False,0.6838332414627075
i2t,12105,A man and woman are kissing.,12105,A man and woman are kissing.,True,0.7225460410118103
i2t,12105,A woman is hugging a man.,12105,A woman is hugging a man.,False,0.9192785620689392
i2t,12105,A man rests his head on the woman.,12105,A man rests his head on the woman.,False,0.648597002029419
i2t,12105,A couple are kissing under the tree.,12105,A couple are kissing under the tree.,True,0.9186059832572937
i2t,12105,The man kisses his girlfriend.,12105,The man kisses his girlfriend.,True,0.3817861080169678
i2t,12105,A woman kisses a man.,12105,A woman kisses a man.,True,0.8785464763641357
i2t,12105,A couple kisses the other.,12105,A couple kisses the other.,True,0.9908055663108826
i2t,12105,A couple kissing in the street.,12105,A couple kissing in the street.,False,0.8211510181427002
i2t,12105,A couple hugs each other.,12105,A couple hugs each other.,False,0.9238588809967041
i2t,12105,The couple embraces each other.,12105,The couple embraces each other.,True,0.7592012286186218
i2t,12105,A couple kisses under the tree.,12105,A couple kisses under the tree.,True,0.9439448118209839
i2t,12105,a couple kissing on a street,12105,a couple kissing on a street,True,0.7662400603294373
i2t,3906,person stand in the room,3906,person stand in the room,False,0.8248350620269775
i2t,3906,A person wants to sit on a couch.,3906,A person wants to sit on a couch.,True,0.9056119918823242
i2t,3906,the person sits towards the front,3906,the person sits towards the front,False,0.008318421430885792
i2t,3906,A person sitting on their side.,3906,A person sitting on their side.,False,0.013599851168692112
i2t,3906,A person sits on the couch.,3906,A person sits on the couch.,False,0.13653093576431274
i2t,3906,The person sits to the side.,3906,The person sits to the side.,False,0.06862480938434601
i2t,3906,The woman is standing on one leg.,3906,The woman is standing on one leg.,False,0.0019457986345514655
i2t,3906,The person sits on the couch.,3906,The person sits on the couch.,False,0.6374446749687195
i2t,3906,the person enters the room,3906,the person enters the room,False,0.0013507952680811286
i2t,3906,The person uses her arm to stretch.,3906,The person uses her arm to stretch.,False,0.2499944120645523
i2t,3906,A woman sits and crosses her leg.,3906,A woman sits and crosses her leg.,False,0.542069673538208
i2t,3906,a woman sits with her leg up.,3906,a woman sits with her leg up.,False,0.7487183213233948
i2t,3906,A woman is sitting sideways in an armchair.,3906,A woman is sitting sideways in an armchair.,False,0.12274198979139328
i2t,3906,A businesswoman uses a chair to sit down.,3906,A businesswoman uses a chair to sit down.,False,0.29294222593307495
i2t,3906,A woman sites in the chair.,3906,A woman sites in the chair.,False,0.7498277425765991
i2t,3906,A woman is sitting on a sofa.,3906,A woman is sitting on a sofa.,False,0.007816369645297527
i2t,3906,A woman sits on a chair.,3906,A woman sits on a chair.,False,0.42862334847450256
i2t,3906,A woman sits on a sofa.,3906,A woman sits on a sofa.,False,0.8299331068992615
i2t,3906,A woman sits in an armchair.,3906,A woman sits in an armchair.,False,0.8822174668312073
i2t,3906,Mother sits on a couch.,3906,Mother sits on a couch.,False,0.9610325694084167
i2t,3906,A woman is sitting on the sofa,3906,A woman is sitting on the sofa,False,0.31278562545776367
i2t,3906,The woman sits on a couch.,3906,The woman sits on a couch.,False,0.18167120218276978
i2t,3906,A woman sitting on a sofa.,3906,A woman sitting on a sofa.,False,0.4352843165397644
i2t,3906,A woman is sitting on the couch,3906,A woman is sitting on the couch,False,0.18844348192214966
i2t,3906,A woman sitting in an armchair.,3906,A woman sitting in an armchair.,False,0.9325361251831055
i2t,3906,A woman resting on a couch.,3906,A woman resting on a couch.,False,0.8477442860603333
i2t,3906,A mother is sitting on the couch.,3906,A mother is sitting on the couch.,False,0.945884108543396
i2t,3906,A woman sitting on a couch.,3906,A woman sitting on a couch.,False,0.17175835371017456
i2t,3906,This person is sitting on the edge of the sofa.,3906,This person is sitting on the edge of the sofa.,False,0.010878982953727245
i2t,3906,A person sits on a couch.,3906,A person sits on a couch.,False,0.1337045282125473
i2t,3906,A woman sits on a couch.,3906,A woman sits on a couch.,False,0.4286016821861267
i2t,3906,A person sits at home.,3906,A person sits at home.,False,0.7240946888923645
i2t,3906,Man sitting on sofa,3906,Man sitting on sofa,False,0.010030857287347317
i2t,3906,Elderly woman resting in a chair.,3906,Elderly woman resting in a chair.,False,0.8249478340148926
i2t,3906,woman sit on the sofa,3906,woman sit on the sofa,False,0.9546353220939636
i2t,3906,The woman sits in a wheelchair.,3906,The woman sits in a wheelchair.,False,0.6600866913795471
i2t,3906,A woman sitting in a wheelchair.,3906,A woman sitting in a wheelchair.,False,0.14282143115997314
i2t,3906,A woman sits in a wheelchair.,3906,A woman sits in a wheelchair.,False,0.1489172875881195
i2t,3906,woman standing by chair,3906,woman standing by chair,False,0.050481244921684265
i2t,3906,A woman is sitting on a wheelchair.,3906,A woman is sitting on a wheelchair.,False,0.10593599826097488
i2t,3906,A brunette woman lies comfortably on a sofa.,3906,A brunette woman lies comfortably on a sofa.,False,0.01090241502970457
i2t,3906,A woman is sitting on a couch.,3906,A woman is sitting on a couch.,True,0.10368417203426361
i2t,3906,The person looks comfortable sitting on a couch at home.,3906,The person looks comfortable sitting on a couch at home.,True,0.24461951851844788
i2t,3906,The woman is sitting on the sofa.,3906,The woman is sitting on the sofa.,False,0.0016930639976635575
i2t,3745,The person looks at the team.,3745,The person looks at the team.,False,0.28216397762298584
i2t,3745,are those players starching at practice?,3745,are those players starching at practice?,False,0.19940534234046936
i2t,3745,The players look at the session.,3745,The players look at the session.,False,0.4527004361152649
i2t,3745,A player directs a team.,3745,A player directs a team.,True,0.5729629397392273
i2t,3745,The player stands by the touchline.,3745,The player stands by the touchline.,True,0.05458706617355347
i2t,3745,players are stand in the pitch,3745,players are stand in the pitch,True,0.1913015991449356
i2t,3745,A player looks at the touchline.,3745,A player looks at the touchline.,False,0.06810958683490753
i2t,3745,The person talking to the players is their coach.,3745,The person talking to the players is their coach.,True,0.012399394996464252
i2t,3745,The coach looks at a the player.,3745,The coach looks at a the player.,True,0.22802852094173431
i2t,3745,players celebration,3745,players celebration,False,0.002546325558796525
i2t,3745,person on pitch with team,3745,person on pitch with team,True,0.4916492700576782
i2t,3745,team warm a game,3745,team warm a game,True,0.008401505649089813
i2t,3745,Players speaking with other players,3745,Players speaking with other players,True,0.18189682066440582
i2t,3745,The team warms up before the game.,3745,The team warms up before the game.,True,0.08409813046455383
i2t,3745,Soccer players warming for a game,3745,Soccer players warming for a game,True,0.32028016448020935
i2t,3745,Players walk by the pitch.,3745,Players walk by the pitch.,False,0.3267606496810913
i2t,3745,Players see each other before the game.,3745,Players see each other before the game.,True,0.12260933965444565
i2t,3745,the coach encourges the team,3745,the coach encourges the team,True,0.09753670543432236
i2t,3745,Players looking on a field.,3745,Players looking on a field.,False,0.44228890538215637
i2t,3745,Players are looking from the sideline.,3745,Players are looking from the sideline.,False,0.07868672162294388
i2t,3745,players looking at the field,3745,players looking at the field,True,0.25044840574264526
i2t,3745,Players walking on the sideline.,3745,Players walking on the sideline.,False,0.17749103903770447
i2t,3745,Players are walking on the pitch.,3745,Players are walking on the pitch.,False,0.33462274074554443
i2t,3745,Players stands on the sideline,3745,Players stands on the sideline,False,0.2082953006029129
i2t,3745,Players are walking on the sideline.,3745,Players are walking on the sideline.,False,0.038154423236846924
i2t,3745,A coach near team players.,3745,A coach near team players.,True,0.49197691679000854
i2t,3745,A coach is talking to his team,3745,A coach is talking to his team,True,0.12777937948703766
i2t,3745,the players stand in the sideline,3745,the players stand in the sideline,False,0.007084121461957693
i2t,3745,half of the players reaction after the game.,3745,half of the players reaction after the game.,False,0.22319422662258148
i2t,3745,coach react the team,3745,coach react the team,False,0.009146209806203842
i2t,3745,The players look at each other on the pitch.,3745,The players look at each other on the pitch.,True,0.05946464464068413
i2t,3745,Players are standing on a sideline.,3745,Players are standing on a sideline.,True,0.038108814507722855
i2t,3745,Players attend a training session.,3745,Players attend a training session.,True,0.0950927808880806
i2t,3745,Players prepare a session.,3745,Players prepare a session.,False,0.05159837380051613
i2t,3745,Players walking to a session.,3745,Players walking to a session.,True,0.46014341711997986
i2t,3745,Players have a practice session,3745,Players have a practice session,True,0.3998119533061981
i2t,3745,Players walk before the match.,3745,Players walk before the match.,True,0.13445009291172028
i2t,3745,Players stand by the sidelines.,3745,Players stand by the sidelines.,False,0.42350658774375916
i2t,3745,The Players are walking the field before the match.,3745,The Players are walking the field before the match.,True,0.46869081258773804
i2t,3745,A coach talks to players.,3745,A coach talks to players.,True,0.5367869734764099
i2t,3745,The players walk before the session.,3745,The players walk before the session.,False,0.28248071670532227
i2t,3745,Players prepare for their next soccer session.,3745,Players prepare for their next soccer session.,True,0.15150341391563416
i2t,3745,A coach talks to his players.,3745,A coach talks to his players.,True,0.40140944719314575
i2t,3745,A league team prepares to play their game.,3745,A league team prepares to play their game.,True,0.002868304029107094
i2t,3745,Players stand in a circle before a soccer match.,3745,Players stand in a circle before a soccer match.,False,0.033573217689991
i2t,3745,A player discussing something with another man before playing a match.,3745,A player discussing something with another man before playing a match.,True,0.013492614962160587
i2t,3745,A team huddling together before a game,3745,A team huddling together before a game,True,0.12915684282779694
i2t,3745,The coach is talking to the team.,3745,The coach is talking to the team.,True,0.3065417408943176
i2t,591,A player you can set to play.,591,A player you can set to play.,False,0.9324336051940918
i2t,591,The players win the league.,591,The players win the league.,False,0.995623767375946
i2t,591,a goalie is a person who saves the ball from entering the goal.,591,a goalie is a person who saves the ball from entering the goal.,False,0.0671224519610405
i2t,591,These players would like to win the tournament.,591,These players would like to win the tournament.,True,0.9874060750007629
i2t,591,The person plays this season.,591,The person plays this season.,True,0.9983213543891907
i2t,591,player save the goal,591,player save the goal,False,0.006061722990125418
i2t,591,A footballer in a jersey is going to compete,591,A footballer in a jersey is going to compete,False,0.632906436920166
i2t,591,A competing footballer player.,591,A competing footballer player.,True,0.002818798180669546
i2t,591,The stars are shining in the sky.,591,The stars are shining in the sky.,False,0.1008615642786026
i2t,591,A team player runs in the game.,591,A team player runs in the game.,False,0.6231992840766907
i2t,591,The players in the picture are on different teams.,591,The players in the picture are on different teams.,True,0.028679490089416504
i2t,591,Pictures of players from different teams.,591,Pictures of players from different teams.,True,0.4345327317714691
i2t,591,the players from their league are celebrating,591,the players from their league are celebrating,False,0.846036970615387
i2t,591,Several players celebrate being a footballer.,591,Several players celebrate being a footballer.,False,0.9231633543968201
i2t,591,Soccer athletes are celebrating a postseason run.,591,Soccer athletes are celebrating a postseason run.,False,0.15222543478012085
i2t,591,The player will celebrate with his team.,591,The player will celebrate with his team.,False,0.9971591234207153
i2t,591,Soccer players want to meet and greet fans and other players.,591,Soccer players want to meet and greet fans and other players.,False,0.9939059615135193
i2t,591,The players have won the tournament.,591,The players have won the tournament.,False,0.9994562268257141
i2t,591,The player will celebrate with the team after the game.,591,The player will celebrate with the team after the game.,False,0.9951553344726562
i2t,591,A player wanted to leave the team,591,A player wanted to leave the team,False,0.9937507510185242
i2t,591,The player had to leave the game.,591,The player had to leave the game.,False,0.9966625571250916
i2t,591,The player is vying a footballer.,591,The player is vying a footballer.,False,0.9737803936004639
i2t,591,the game is very interest.,591,the game is very interest.,False,0.9918431639671326
i2t,591,How to a player who can defend the goal.,591,How to a player who can defend the goal.,False,0.9485831260681152
i2t,591,The player saved a goal.,591,The player saved a goal.,False,0.9917790293693542
i2t,591,The player is looking for praise from the players on his team.,591,The player is looking for praise from the players on his team.,False,0.9407177567481995
i2t,591,Players are hits the player,591,Players are hits the player,False,0.9867156147956848
i2t,591,does this person looking at player?,591,does this person looking at player?,False,0.9971242547035217
i2t,591,The players react at the half.,591,The players react at the half.,False,0.8653351068496704
i2t,591,Fans and players are celebrating.,591,Fans and players are celebrating.,False,0.962258517742157
i2t,591,half of the players reaction after the game.,591,half of the players reaction after the game.,False,0.7638975381851196
i2t,591,A footballer and player are celebrating.,591,A footballer and player are celebrating.,True,0.49786803126335144
i2t,591,People are celebrating the player.,591,People are celebrating the player.,False,0.8943993449211121
i2t,591,how a person greet a player,591,how a person greet a player,False,0.033451616764068604
i2t,591,The players react as a team.,591,The players react as a team.,False,0.9719164371490479
i2t,591,Three soccer players.,591,Three soccer players.,True,0.0001401738409185782
i2t,591,soccer players play,591,soccer players play,True,0.001859871787019074
i2t,591,A person completes against other soccer players.,591,A person completes against other soccer players.,False,0.5417771935462952
i2t,591,"soccer, ball, men",591,"soccer, ball, men",True,0.0051526571623981
i2t,591,Footballer players celebrating,591,Footballer players celebrating,False,0.0022102578077465296
i2t,591,Players celebrate the league.,591,Players celebrate the league.,False,0.004722903482615948
i2t,591,a players celebrating a game,591,a players celebrating a game,False,0.6533741354942322
i2t,591,Footballers celebrating with other players.,591,Footballers celebrating with other players.,False,0.4951416254043579
i2t,591,A soccer player blocks a shot and saves the goal.,591,A soccer player blocks a shot and saves the goal.,False,0.010283145122230053
i2t,591,A soccer player is saving the shot.,591,A soccer player is saving the shot.,False,0.11828100681304932
i2t,591,A soccer player saves the ball.,591,A soccer player saves the ball.,False,0.3226356506347656
i2t,591,Book cover of a soccer player getting a goal,591,Book cover of a soccer player getting a goal,False,0.33674079179763794
i2t,591,The soccer player hits the goal.,591,The soccer player hits the goal.,False,0.14643733203411102
i2t,591,The player shoots the ball toward the goal in the soccer match.,591,The player shoots the ball toward the goal in the soccer match.,False,0.029864376410841942
i2t,58,A person looks ready for a show.,58,A person looks ready for a show.,True,0.7542519569396973
i2t,58,artist performs at show,58,artist performs at show,True,0.00034717036760412157
i2t,58,person performs final act,58,person performs final act,True,0.6283631324768066
i2t,58,girl jump in the air,58,girl jump in the air,False,0.036848414689302444
i2t,58,person fly in the sky,58,person fly in the sky,False,0.9800199270248413
i2t,58,A person shows at an event.,58,A person shows at an event.,True,0.13522502779960632
i2t,58,person play on the stage,58,person play on the stage,False,0.9577751159667969
i2t,58,A person jumps in the air,58,A person jumps in the air,False,0.017360618337988853
i2t,58,this person makes the image,58,this person makes the image,False,0.7301194667816162
i2t,58,The person displays one image.,58,The person displays one image.,False,8.937788516050205e-05
i2t,58,Dancer performing on stage,58,Dancer performing on stage,True,0.16131477057933807
i2t,58,The woman performs on stage.,58,The woman performs on stage.,True,0.9837056398391724
i2t,58,A girl is performing a dance.,58,A girl is performing a dance.,True,0.3744043707847595
i2t,58,A dancer leaping in the air.,58,A dancer leaping in the air.,True,0.36646246910095215
i2t,58,The artist plays jump-rope in the show.,58,The artist plays jump-rope in the show.,False,0.6173883676528931
i2t,58,An entertainer is performing on stage.,58,An entertainer is performing on stage.,True,0.9431845545768738
i2t,58,An athlete performing on stage.,58,An athlete performing on stage.,True,0.6969900131225586
i2t,58,A dancer is performing at an event.,58,A dancer is performing at an event.,True,0.9369046688079834
i2t,58,An athlete performs on a stage.,58,An athlete performs on a stage.,True,0.7004715204238892
i2t,58,Artists are performing in a show.,58,Artists are performing in a show.,False,0.9951536655426025
i2t,58,A person performing in the theater.,58,A person performing in the theater.,True,0.8500762581825256
i2t,58,A person performing at a venue.,58,A person performing at a venue.,True,0.883987545967102
i2t,58,A dancer is performing at a concert,58,A dancer is performing at a concert,True,0.9679778218269348
i2t,58,People are performing at a fest.,58,People are performing at a fest.,False,0.8806200623512268
i2t,58,An artist is performing for a person,58,An artist is performing for a person,False,0.5712739825248718
i2t,58,A person did perform for the crowd,58,A person did perform for the crowd,False,0.7238550186157227
i2t,58,The artist is performing at a celebration.,58,The artist is performing at a celebration.,False,0.978748619556427
i2t,58,An artist performs a show.,58,An artist performs a show.,True,0.981164813041687
i2t,58,The people perform a show.,58,The people perform a show.,False,0.9932323694229126
i2t,58,An athlete performs at the festival.,58,An athlete performs at the festival.,False,0.8040598034858704
i2t,58,An athlete performs at a festival.,58,An athlete performs at a festival.,False,0.9373471140861511
i2t,58,Actors performing a show,58,Actors performing a show,True,0.013897718861699104
i2t,58,The artist performs the show.,58,The artist performs the show.,True,0.719070315361023
i2t,58,A girl stands on her hand.,58,A girl stands on her hand.,False,0.7118127942085266
i2t,58,A person performs a show for another person.,58,A person performs a show for another person.,False,0.36678677797317505
i2t,58,A girl walking on her hands.,58,A girl walking on her hands.,False,0.6996175646781921
i2t,58,A man stands on his head in a park.,58,A man stands on his head in a park.,False,0.03362078592181206
i2t,58,A woman stands on her arms.,58,A woman stands on her arms.,False,0.6947351694107056
i2t,58,A man balances on a ball.,58,A man balances on a ball.,False,0.021803950890898705
i2t,58,An athlete performs on stage.,58,An athlete performs on stage.,False,0.17838163673877716
i2t,58,A woman dances on stage.,58,A woman dances on stage.,True,0.7367247939109802
i2t,58,A dancer is leaping in the air.,58,A dancer is leaping in the air.,True,0.7558184266090393
i2t,58,A woman performs on stage.,58,A woman performs on stage.,True,0.7115086913108826
i2t,58,A woman dancing in a dark background.,58,A woman dancing in a dark background.,True,0.5272136330604553
i2t,58,The woman hangs from a glider above the city.,58,The woman hangs from a glider above the city.,False,0.07813108712434769
i2t,8904,The person looks like she is heading to work.,8904,The person looks like she is heading to work.,False,0.000682939775288105
i2t,8904,The girl is sitting in a classroom.,8904,The girl is sitting in a classroom.,False,0.6327301263809204
i2t,8904,the person enters the room,8904,the person enters the room,True,0.00097096391255036
i2t,8904,A person enters a room.,8904,A person enters a room.,True,0.02308979071676731
i2t,8904,A person is walking near a window.,8904,A person is walking near a window.,False,0.007100773975253105
i2t,8904,the person looks nice,8904,the person looks nice,True,4.4576932850759476e-05
i2t,8904,A girl opens the door.,8904,A girl opens the door.,True,0.9281877279281616
i2t,8904,person stand in the room,8904,person stand in the room,True,0.979286253452301
i2t,8904,Person in an open room,8904,Person in an open room,True,0.7815389037132263
i2t,8904,The man hears a knock and opens his door.,8904,The man hears a knock and opens his door.,False,0.3006790578365326
i2t,8904,A girl stands in the room.,8904,A girl stands in the room.,True,0.8340610861778259
i2t,8904,A person walks down the hallway,8904,A person walks down the hallway,False,0.021598953753709793
i2t,8904,A woman stands in the doorway.,8904,A woman stands in the doorway.,True,0.7222574353218079
i2t,8904,A woman stands by a door.,8904,A woman stands by a door.,True,0.5346118211746216
i2t,8904,a girl stood at the door,8904,a girl stood at the door,True,0.8345202207565308
i2t,8904,A woman stands in a doorway.,8904,A woman stands in a doorway.,True,0.4372970759868622
i2t,8904,A person walks down a hallway.,8904,A person walks down a hallway.,False,0.08195571601390839
i2t,8904,A person stands before the door.,8904,A person stands before the door.,False,0.10998276621103287
i2t,8904,A person stands near the door.,8904,A person stands near the door.,True,0.32221853733062744
i2t,8904,The woman stands in the house.,8904,The woman stands in the house.,True,0.968069314956665
i2t,8904,The woman stands in the doorway.,8904,The woman stands in the doorway.,True,0.8673327565193176
i2t,8904,The girl stands in the room.,8904,The girl stands in the room.,True,0.8929029703140259
i2t,8904,a woman stands in the room.,8904,a woman stands in the room.,True,0.8012261390686035
i2t,8904,A woman stands in the room.,8904,A woman stands in the room.,True,0.8012261390686035
i2t,8904,The woman stands at the mirror.,8904,The woman stands at the mirror.,False,0.9243224263191223
i2t,8904,The person stands in the room.,8904,The person stands in the room.,True,0.5926958322525024
i2t,8904,person stands on the room,8904,person stands on the room,False,0.9625874757766724
i2t,8904,A woman hol,8904,A woman hol,False,0.00027014181250706315
i2t,8904,woman  open a door,8904,woman  open a door,True,0.016439339146018028
i2t,8904,The girl stood in front of the doorway.,8904,The girl stood in front of the doorway.,True,0.8647082448005676
i2t,8904,A girl walks with a travel bag.,8904,A girl walks with a travel bag.,True,0.46818897128105164
i2t,8904,A woman opens the door.,8904,A woman opens the door.,True,0.8681104779243469
i2t,8904,A woman is opening a door.,8904,A woman is opening a door.,True,0.8975493907928467
i2t,8904,A girl opening a door.,8904,A girl opening a door.,True,0.7394917607307434
i2t,12594,Artists are act their play in theater,12594,Artists are act their play in theater,False,0.9888400435447693
i2t,12594,"dance, stage, lights",12594,"dance, stage, lights",True,0.05627840757369995
i2t,12594,Artists are performing in a show.,12594,Artists are performing in a show.,True,0.9972546696662903
i2t,12594,The people are performing a dance.,12594,The people are performing a dance.,True,0.10493549704551697
i2t,12594,The dancers perform on stage,12594,The dancers perform on stage,True,0.8472090363502502
i2t,12594,The artists wows the crowd,12594,The artists wows the crowd,False,0.6494188904762268
i2t,12594,Dancers perform on stage.,12594,Dancers perform on stage.,True,0.2675778567790985
i2t,12594,A group of dancers perform a show,12594,A group of dancers perform a show,True,0.9607980847358704
i2t,12594,People dance in a concert.,12594,People dance in a concert.,False,0.9810798168182373
i2t,12594,Actors are performing a part.,12594,Actors are performing a part.,False,0.9963288903236389
i2t,12594,Women perform a dance.,12594,Women perform a dance.,True,0.23602138459682465
i2t,12594,Dancer performing on stage,12594,Dancer performing on stage,True,0.08886684477329254
i2t,12594,People perform in a theater.,12594,People perform in a theater.,True,0.9984254837036133
i2t,12594,A dancer leaping in the air.,12594,A dancer leaping in the air.,True,0.2931623160839081
i2t,12594,A woman dances on stage.,12594,A woman dances on stage.,True,0.9075788855552673
i2t,12594,An actor was cast to be on stage.,12594,An actor was cast to be on stage.,False,0.9988433122634888
i2t,12594,The artists performed a show.,12594,The artists performed a show.,True,0.9997019171714783
i2t,12594,An actor performing at a concert.,12594,An actor performing at a concert.,False,0.9827619194984436
i2t,12594,A person performing in the theater.,12594,A person performing in the theater.,True,0.8270093202590942
i2t,12594,An event is looking for artists to perform.,12594,An event is looking for artists to perform.,False,0.9996337890625
i2t,12594,person is a dancing person,12594,person is a dancing person,True,0.9977776408195496
i2t,12594,People are performing at a fest.,12594,People are performing at a fest.,False,0.8633394241333008
i2t,12594,The person will sing on the stage.,12594,The person will sing on the stage.,False,0.9993988275527954
i2t,12594,Actors performing in a performance.,12594,Actors performing in a performance.,False,0.9839567542076111
i2t,12594,Athletes performing on stage.,12594,Athletes performing on stage.,False,0.050650324672460556
i2t,12594,People perform a play on stage.,12594,People perform a play on stage.,True,0.9698810577392578
i2t,12594,The actors perform on stage.,12594,The actors perform on stage.,True,0.9419270157814026
i2t,12594,Artists perform a play on the stage.,12594,Artists perform a play on the stage.,True,0.9914538860321045
i2t,12594,People perform on a stage.,12594,People perform on a stage.,True,0.9914241433143616
i2t,12594,A dancer is performing at an event.,12594,A dancer is performing at an event.,False,0.8368509411811829
i2t,12594,The people perform a show.,12594,The people perform a show.,True,0.9960971474647522
i2t,12594,People are practicing their routine on a cheer and dance team.,12594,People are practicing their routine on a cheer and dance team.,False,0.7852680683135986
i2t,12594,Ballet dancers performing at night,12594,Ballet dancers performing at night,True,0.3966154158115387
i2t,8872,The girl eats chocolate.,8872,The girl eats chocolate.,True,0.8658878207206726
i2t,8872,A girl eats chocolate.,8872,A girl eats chocolate.,True,0.7929763197898865
i2t,8872,The girl is eating chocolate.,8872,The girl is eating chocolate.,True,0.8849452137947083
i2t,8872,A person can bring up an emotion with a photo.,8872,A person can bring up an emotion with a photo.,False,0.21260637044906616
i2t,8872,One person communicates with another.,8872,One person communicates with another.,False,0.0010540637886151671
i2t,8872,The girl is drinking a chocolate drink.,8872,The girl is drinking a chocolate drink.,False,0.07760538905858994
i2t,8872,an actor will portray a character,8872,an actor will portray a character,False,0.15975533425807953
i2t,8872,A person enjoys another person.,8872,A person enjoys another person.,False,0.2486085593700409
i2t,8872,Which person looks like this one?,8872,Which person looks like this one?,False,0.8000144958496094
i2t,8872,A person is having a play day.,8872,A person is having a play day.,False,0.01307688932865858
i2t,8872,The girl is drinking chocolate milk.,8872,The girl is drinking chocolate milk.,False,0.5117089152336121
i2t,8872,A girl prepares to wrap a gift.,8872,A girl prepares to wrap a gift.,False,0.634430468082428
i2t,8872,A girl opening a gift.,8872,A girl opening a gift.,False,0.3150908946990967
i2t,8872,A girl places a condom with her hand.,8872,A girl places a condom with her hand.,False,0.22472219169139862
i2t,8872,The girl opens a gift.,8872,The girl opens a gift.,False,0.02018088288605213
i2t,8872,The girl prepares to give a gift.,8872,The girl prepares to give a gift.,False,0.1132064089179039
i2t,8872,A girl wears clothes.,8872,A girl wears clothes.,True,0.6346732974052429
i2t,8872,The cloth of the girl's dress is very good quality.,8872,The cloth of the girl's dress is very good quality.,True,0.695798933506012
i2t,8872,A daughter will take things from her mother,8872,A daughter will take things from her mother,False,0.6406345367431641
i2t,8872,A girl is looking at a phone.,8872,A girl is looking at a phone.,False,0.028289921581745148
i2t,8872,The kid will play music.,8872,The kid will play music.,False,0.5820052623748779
i2t,8872,Someone brushes the girl's hair.,8872,Someone brushes the girl's hair.,False,0.01705249398946762
i2t,8872,A person won a medal.,8872,A person won a medal.,False,0.37811946868896484
i2t,8872,A girl holds a bunch.,8872,A girl holds a bunch.,False,0.37389373779296875
i2t,8872,a person holding a baby,8872,a person holding a baby,False,0.003161565400660038
i2t,8872,Young girl kissing her mother.,8872,Young girl kissing her mother.,False,0.17913928627967834
i2t,8872,The girl made a face.,8872,The girl made a face.,False,0.05975283682346344
i2t,8872,The girl makes a silly face.,8872,The girl makes a silly face.,False,0.1596362292766571
i2t,8872,A girl kisses her mother.,8872,A girl kisses her mother.,False,0.006518721114844084
i2t,8872,A girl is hugger her mother.,8872,A girl is hugger her mother.,False,0.012669400312006474
i2t,8872,A little girl plays with a pink balloon.,8872,A little girl plays with a pink balloon.,False,0.06245819479227066
i2t,8872,A girl enjoys the sand,8872,A girl enjoys the sand,False,0.018811611458659172
i2t,545,A father walks on the beach,545,A father walks on the beach,True,0.6380066871643066
i2t,545,A man walks on the beach.,545,A man walks on the beach.,True,0.7646126747131348
i2t,545,A man walks on a beach.,545,A man walks on a beach.,True,0.6549816727638245
i2t,545,A father walks on the beach.,545,A father walks on the beach.,True,0.6917990446090698
i2t,545,Man enjoys beach,545,Man enjoys beach,True,0.03181218355894089
i2t,545,The man walks to the ocean.,545,The man walks to the ocean.,True,0.6458058953285217
i2t,545,A man walks in the sea.,545,A man walks in the sea.,True,0.8031064867973328
i2t,545,A man is walking near the ocean,545,A man is walking near the ocean,True,0.11842749267816544
i2t,545,the businessman  walks on the beach,545,the businessman  walks on the beach,False,0.26811209321022034
i2t,545,A man enjoys the beach.,545,A man enjoys the beach.,True,0.9212929606437683
i2t,545,A man going for a walk along the seashore.,545,A man going for a walk along the seashore.,True,0.8566625118255615
i2t,545,A man takes a walk on the seashore,545,A man takes a walk on the seashore,True,0.8510024547576904
i2t,545,A man is walking on the seashore.,545,A man is walking on the seashore.,True,0.5397766828536987
i2t,545,A man i run on the beach.,545,A man i run on the beach.,False,0.785844087600708
i2t,545,A father walking on the beach.,545,A father walking on the beach.,True,0.5952244997024536
i2t,545,A man runs the beach.,545,A man runs the beach.,False,0.9367429614067078
i2t,545,A man is walking to the sea.,545,A man is walking to the sea.,True,0.8500977158546448
i2t,545,The man is walking on the beach.,545,The man is walking on the beach.,True,0.3843163549900055
i2t,545,A man walks down the seashore.,545,A man walks down the seashore.,True,0.9152962565422058
i2t,545,The man is walking down the beach.,545,The man is walking down the beach.,True,0.05761232599616051
i2t,545,The man stands on the beach.,545,The man stands on the beach.,False,0.33412662148475647
i2t,545,A boy walking on the beach.,545,A boy walking on the beach.,False,0.49834752082824707
i2t,545,A man is walking near the ocean.,545,A man is walking near the ocean.,True,0.4605235457420349
i2t,545,The man walks near the water,545,The man walks near the water,True,0.1940913200378418
i2t,545,The man looks at the ocean.,545,The man looks at the ocean.,False,0.18159374594688416
i2t,545,A man standing on the beach.,545,A man standing on the beach.,False,0.19579733908176422
i2t,545,A person took a walk on the beach.,545,A person took a walk on the beach.,True,0.17123353481292725
i2t,545,The man was standing by the beach.,545,The man was standing by the beach.,False,0.37532225251197815
i2t,545,The man walked along the coast.,545,The man walked along the coast.,True,0.04967928305268288
i2t,545,A man walks along the sea shore.,545,A man walks along the sea shore.,True,0.6615393161773682
i2t,545,A man walks along the seashore.,545,A man walks along the seashore.,True,0.8807002902030945
i2t,545,a person stroll on the beach,545,a person stroll on the beach,True,0.07558437436819077
i2t,545,a man standing cn a beach,545,a man standing cn a beach,True,0.30582723021507263
i2t,545,A person strolls the beach.,545,A person strolls the beach.,True,0.4029602110385895
i2t,545,A man walks near the seashore.,545,A man walks near the seashore.,True,0.9156888127326965
i2t,545,A man walks on the seashore.,545,A man walks on the seashore.,True,0.9272013902664185
i2t,1553,"The boat is floating on the water,",1553,"The boat is floating on the water,",True,4.912680378765799e-05
i2t,1553,A woman is paddling the boat.,1553,A woman is paddling the boat.,True,0.07132579386234283
i2t,1553,A MAN RUN THE WATER,1553,A MAN RUN THE WATER,False,0.4538480341434479
i2t,1553,A person enjoys some water sports.,1553,A person enjoys some water sports.,True,0.04952768236398697
i2t,1553,A girls stands on a paddle board in a lake.,1553,A girls stands on a paddle board in a lake.,True,0.00011348191037541255
i2t,1553,A man wades in the water,1553,A man wades in the water,False,0.10746052116155624
i2t,1553,The woman paddles a boat.,1553,The woman paddles a boat.,True,0.27659574151039124
i2t,1553,A woman floats on water.,1553,A woman floats on water.,True,0.06240139156579971
i2t,1553,the fisherman paddle the boat,1553,the fisherman paddle the boat,False,0.02073637768626213
i2t,1553,A person posting a picture.,1553,A person posting a picture.,False,6.933043914614245e-05
i2t,1553,A girl stands on a paddleboard on the lake.,1553,A girl stands on a paddleboard on the lake.,True,0.05372747778892517
i2t,1553,A man stands on a surfboard and rows himself along a lake.,1553,A man stands on a surfboard and rows himself along a lake.,False,0.0004731393710244447
i2t,1553,A woman is kayaking on the lake.,1553,A woman is kayaking on the lake.,False,0.22152459621429443
i2t,1553,A person using a canoe on a lake,1553,A person using a canoe on a lake,False,0.003639352973550558
i2t,1553,A woman kayaking in a lake.,1553,A woman kayaking in a lake.,False,0.011237586848437786
i2t,1553,A woman paddles the boat.,1553,A woman paddles the boat.,True,0.1356956511735916
i2t,1553,The woman kayaks across the lake.,1553,The woman kayaks across the lake.,False,0.021000374108552933
i2t,1553,A person canoeing on a lake.,1553,A person canoeing on a lake.,False,0.0015636070165783167
i2t,1553,A woman standing on the lake.,1553,A woman standing on the lake.,True,0.2434137612581253
i2t,1553,A girl driving a boat,1553,A girl driving a boat,True,0.03764805570244789
i2t,1553,A woman is standing on a lake.,1553,A woman is standing on a lake.,True,0.1329491287469864
i2t,1553,A woman sitting on a boat.,1553,A woman sitting on a boat.,False,0.010776919312775135
i2t,1553,The woman drives the boat.,1553,The woman drives the boat.,True,0.006608558818697929
i2t,1553,A girl is playing on the lake.,1553,A girl is playing on the lake.,True,0.8270602822303772
i2t,1553,A woman wades on the water.,1553,A woman wades on the water.,True,0.09782245010137558
i2t,1553,A girl floats on the water.,1553,A girl floats on the water.,True,0.1533709019422531
i2t,1553,A girl walks down the middle of the river,1553,A girl walks down the middle of the river,False,0.2465151846408844
i2t,1553,A girl has swim in the water,1553,A girl has swim in the water,False,0.7377086281776428
i2t,1553,The girl walked on the river.,1553,The girl walked on the river.,False,0.03151813521981239
i2t,1553,The person is kayaking in the lake.,1553,The person is kayaking in the lake.,False,0.00023830799909774214
i2t,1553,A person is kayaking at a lake.,1553,A person is kayaking at a lake.,False,9.343808051198721e-05
i2t,4505,A cat rests on the grass,4505,A cat rests on the grass,True,0.780281126499176
i2t,4505,A cat sitting on the ground.,4505,A cat sitting on the ground.,True,0.5292485356330872
i2t,4505,A cat sitting on grass.,4505,A cat sitting on grass.,True,0.6337282061576843
i2t,4505,A cat laying before the background.,4505,A cat laying before the background.,False,0.6997474431991577
i2t,4505,A cat lying on grass.,4505,A cat lying on grass.,True,0.5990031361579895
i2t,4505,A cat sits on grass.,4505,A cat sits on grass.,True,0.7555827498435974
i2t,4505,A cat sits on the grass.,4505,A cat sits on the grass.,True,0.8827664256095886
i2t,4505,A cat is sitting on grass.,4505,A cat is sitting on grass.,True,0.6242630481719971
i2t,4505,A cat sits in the grass.,4505,A cat sits in the grass.,True,0.7708579301834106
i2t,4505,A cat lies in some grass.,4505,A cat lies in some grass.,True,0.308514803647995
i2t,4505,Kitten lies in grass,4505,Kitten lies in grass,True,0.002499382011592388
i2t,4505,A cat lies in the grass.,4505,A cat lies in the grass.,True,0.6361467838287354
i2t,4505,Kitten sits on grass,4505,Kitten sits on grass,True,0.007385284639894962
i2t,4505,A kitten lies in the grass.,4505,A kitten lies in the grass.,True,0.4875216484069824
i2t,4505,the cat lays in the grass,4505,the cat lays in the grass,True,0.23921383917331696
i2t,4505,An animal resting on the grass.,4505,An animal resting on the grass.,True,0.7882081270217896
i2t,4505,The animal lays in the grass.,4505,The animal lays in the grass.,True,0.75600266456604
i2t,4505,The kitten lies in the grass.,4505,The kitten lies in the grass.,True,0.4229443669319153
i2t,4505,The kitten sits in the grass.,4505,The kitten sits in the grass.,True,0.6434951424598694
i2t,4505,Two cats are lying in the grass.,4505,Two cats are lying in the grass.,False,0.01200741808861494
i2t,4505,The cat lies in the grass.,4505,The cat lies in the grass.,True,0.7910484075546265
i2t,4505,Cat lies on the grass.,4505,Cat lies on the grass.,False,0.7838847041130066
i2t,4505,Cats sit on grass.,4505,Cats sit on grass.,True,0.029501039534807205
i2t,11829,A person is going to hang from a tree.,11829,A person is going to hang from a tree.,False,0.9771357774734497
i2t,11829,A man has hiked to the top,11829,A man has hiked to the top,False,0.12741923332214355
i2t,11829,The guy is sitting in the chair.,11829,The guy is sitting in the chair.,False,0.000532928854227066
i2t,11829,The person is walking on the top.,11829,The person is walking on the top.,False,0.00011099153925897554
i2t,11829,Two people saw down a tree.,11829,Two people saw down a tree.,False,0.008267221972346306
i2t,11829,The person leads the shoot team.,11829,The person leads the shoot team.,False,0.6628813147544861
i2t,11829,this person goes through the forest,11829,this person goes through the forest,False,0.3256082534790039
i2t,11829,The woman is using a camera.,11829,The woman is using a camera.,False,0.0014258906012400985
i2t,11829,species hang a tree,11829,species hang a tree,False,0.6193332672119141
i2t,11829,A person standing on top.,11829,A person standing on top.,False,0.9156973361968994
i2t,11829,A person stands high in the tree.,11829,A person stands high in the tree.,True,0.9154500961303711
i2t,11829,A man climbs a tree.,11829,A man climbs a tree.,True,0.9385164380073547
i2t,11829,A man jumps over a tree.,11829,A man jumps over a tree.,False,0.6484049558639526
i2t,11829,A man is climbing a tree.,11829,A man is climbing a tree.,True,0.7938459515571594
i2t,11829,A person walking in the trees.,11829,A person walking in the trees.,False,0.33574938774108887
i2t,11829,a person sawing a tree,11829,a person sawing a tree,False,0.12103977799415588
i2t,11829,the person climbs in the tree,11829,the person climbs in the tree,True,0.8433325886726379
i2t,11829,The person will walk on the trail.,11829,The person will walk on the trail.,False,0.9440228939056396
i2t,11829,The person cuts the tree down.,11829,The person cuts the tree down.,False,0.9474497437477112
i2t,11829,A person is perched in a tree.,11829,A person is perched in a tree.,True,0.8186672329902649
i2t,11829,A man standing in the forest.,11829,A man standing in the forest.,True,0.162990540266037
i2t,11829,A person walking in the woods.,11829,A person walking in the woods.,False,0.1182747334241867
i2t,11829,The people are hanging from the tree.,11829,The people are hanging from the tree.,False,0.616138756275177
i2t,11829,A person sitting on a tree.,11829,A person sitting on a tree.,False,0.5535047650337219
i2t,11829,A person perches on a tree.,11829,A person perches on a tree.,True,0.7953745722770691
i2t,11829,Children climb a tree.,11829,Children climb a tree.,False,0.19668512046337128
i2t,11829,a person playing a swing,11829,a person playing a swing,False,0.039984822273254395
i2t,11829,A man standing in a forest.,11829,A man standing in a forest.,True,0.06349185109138489
i2t,11829,A man hikes in a forest.,11829,A man hikes in a forest.,False,0.07128357887268066
i2t,11829,A man hikes in the forest.,11829,A man hikes in the forest.,False,0.0815524160861969
i2t,11829,A person stands in a forest,11829,A person stands in a forest,True,0.04789944365620613
i2t,11829,A boy climbs in a tree.,11829,A boy climbs in a tree.,True,0.5505415797233582
i2t,2909,A woman is looking at the view.,2909,A woman is looking at the view.,True,0.26052653789520264
i2t,2909,A person looks at the view.,2909,A person looks at the view.,True,0.23296883702278137
i2t,2909,A person waiting for another person.,2909,A person waiting for another person.,False,0.16673672199249268
i2t,2909,The person enjoys the view.,2909,The person enjoys the view.,True,0.028306899592280388
i2t,2909,A woman enjoying the view,2909,A woman enjoying the view,True,0.4238348603248596
i2t,2909,A girl sit on the edge,2909,A girl sit on the edge,False,0.7509094476699829
i2t,2909,the person looks nice,2909,the person looks nice,True,8.11741265351884e-05
i2t,2909,A person pose one,2909,A person pose one,True,0.00026355727459304035
i2t,2909,A woman turns her head to the side.,2909,A woman turns her head to the side.,False,0.023633267730474472
i2t,2909,A girl sits at the edge.,2909,A girl sits at the edge.,False,0.7051790356636047
i2t,2909,A woman sits looking at a field.,2909,A woman sits looking at a field.,False,0.1883593052625656
i2t,2909,a woman sit at the meadow,2909,a woman sit at the meadow,False,0.6120187044143677
i2t,2909,This woman is enjoying looking out at the view.,2909,This woman is enjoying looking out at the view.,True,0.0023446709383279085
i2t,2909,girl stand on the edge,2909,girl stand on the edge,False,0.53368079662323
i2t,2909,A girl stands in the meadow.,2909,A girl stands in the meadow.,True,0.7017884850502014
i2t,2909,A girl standing on the meadow,2909,A girl standing on the meadow,True,0.5962978005409241
i2t,2909,A girl is going flower picking in a field.,2909,A girl is going flower picking in a field.,False,0.20576640963554382
i2t,2909,a girl standing on a meadow,2909,a girl standing on a meadow,True,0.442585289478302
i2t,2909,A girl sitting on the rail.,2909,A girl sitting on the rail.,False,0.13832537829875946
i2t,2909,The girl sits on the bench.,2909,The girl sits on the bench.,False,0.30752718448638916
i2t,2909,The girl sits near the rails.,2909,The girl sits near the rails.,False,0.32781222462654114
i2t,2909,The girl sits by the rails.,2909,The girl sits by the rails.,False,0.3826900124549866
i2t,2909,The girl sits on the fence.,2909,The girl sits on the fence.,False,0.5586598515510559
i2t,2909,The girl was leaning on the fence.,2909,The girl was leaning on the fence.,True,0.8823339939117432
i2t,2909,The girl sat on the fence.,2909,The girl sat on the fence.,False,0.624112606048584
i2t,2909,A girl is walking on a bridge.,2909,A girl is walking on a bridge.,False,0.7329488396644592
i2t,2909,A girl sits on the fence.,2909,A girl sits on the fence.,False,0.7551547884941101
i2t,2909,the person take the view,2909,the person take the view,True,0.0768151730298996
i2t,2909,The women are leaning on the rail.,2909,The women are leaning on the rail.,True,0.0035488074645400047
i2t,2909,Two people sit in the background.,2909,Two people sit in the background.,False,0.00011790212010964751
i2t,2909,The man enjoys the view.,2909,The man enjoys the view.,False,0.08445214480161667
i2t,2909,A man admiring the view.,2909,A man admiring the view.,False,0.22870460152626038
i2t,2909,A woman sits on a hill.,2909,A woman sits on a hill.,False,0.16464099287986755
i2t,2909,A woman standing on a hill.,2909,A woman standing on a hill.,False,0.04219314083456993
i2t,2909,Woman standing in a park,2909,Woman standing in a park,True,0.0589233860373497
i2t,2909,A woman is admiring the sunset.,2909,A woman is admiring the sunset.,False,0.42499423027038574
i2t,2909,A woman sits in a meadow smelling flowers.,2909,A woman sits in a meadow smelling flowers.,False,0.20840568840503693
i2t,2909,A woman enjoys the sunset.,2909,A woman enjoys the sunset.,False,0.32021090388298035
i2t,2909,A girl sits pensively in a meadow overlooking the sea.,2909,A girl sits pensively in a meadow overlooking the sea.,False,0.3489750623703003
i2t,2909,A girl looks at a flower.,2909,A girl looks at a flower.,False,0.15169158577919006
i2t,2909,A woman standing in a meadow.,2909,A woman standing in a meadow.,True,0.1179782971739769
i2t,1844,The player is vying a footballer.,1844,The player is vying a footballer.,True,0.039619989693164825
i2t,1844,A footballer vies for another player.,1844,A footballer vies for another player.,True,0.13683056831359863
i2t,1844,midfielder vies with another player,1844,midfielder vies with another player,True,0.2419484555721283
i2t,1844,The person is trying to evade the tackle.,1844,The person is trying to evade the tackle.,True,0.00020573652000166476
i2t,1844,a footballer competes with another player.,1844,a footballer competes with another player.,True,0.1656750589609146
i2t,1844,The player started the game with a hard kick to his teamate.,1844,The player started the game with a hard kick to his teamate.,False,0.026919659227132797
i2t,1844,The players in the picture are on different teams.,1844,The players in the picture are on different teams.,True,0.00028629397274926305
i2t,1844,One player runs past the other player.,1844,One player runs past the other player.,True,0.0003047742648050189
i2t,1844,A competing footballer player.,1844,A competing footballer player.,True,0.00022394741245079786
i2t,1844,A player colliding with another player.,1844,A player colliding with another player.,True,0.3390178382396698
i2t,1844,A player fights for the ball during a soccer match.,1844,A player fights for the ball during a soccer match.,True,0.009268459863960743
i2t,1844,A defender vies for a ball with another player,1844,A defender vies for a ball with another player,True,0.6294012665748596
i2t,1844,A player and a defender vie for the ball.,1844,A player and a defender vie for the ball.,True,0.2885429859161377
i2t,1844,A player is seeing the action of another player with the soccer ball.,1844,A player is seeing the action of another player with the soccer ball.,True,0.00037801111466251314
i2t,1844,A football player vies for the ball with another footballer.,1844,A football player vies for the ball with another footballer.,True,0.06788209080696106
i2t,1844,A midfielder vies for the ball against another player.,1844,A midfielder vies for the ball against another player.,True,0.14585182070732117
i2t,1844,The player vies against the defender.,1844,The player vies against the defender.,True,0.1585645228624344
i2t,1844,A person vies with another person for the ball.,1844,A person vies with another person for the ball.,True,0.05802546441555023
i2t,1844,A player is trying to get the ball in a match.,1844,A player is trying to get the ball in a match.,True,0.0007817026926204562
i2t,1844,A player is running from the defender,1844,A player is running from the defender,True,0.025451941415667534
i2t,1844,The player cross the ball,1844,The player cross the ball,True,0.6684889793395996
i2t,1844,A player guards another player,1844,A player guards another player,True,0.7434766888618469
i2t,1844,Players are running in the match,1844,Players are running in the match,True,0.2517727315425873
i2t,1844,A team plays on the field,1844,A team plays on the field,True,0.2581540048122406
i2t,1844,The player did advance the ball,1844,The player did advance the ball,False,0.13139232993125916
i2t,1844,A player rushing the ball,1844,A player rushing the ball,True,0.6897688508033752
i2t,1844,The player scored the goal.,1844,The player scored the goal.,False,0.010660016909241676
i2t,1844,player moves warm to game,1844,player moves warm to game,False,0.00253909919410944
i2t,1844,A player running from another player.,1844,A player running from another player.,True,0.025091590359807014
i2t,1844,A player vies against a defender,1844,A player vies against a defender,True,0.7912551760673523
i2t,1844,A midfielder vies for the ball.,1844,A midfielder vies for the ball.,True,0.11312025040388107
i2t,1844,A footballer vies for the ball.,1844,A footballer vies for the ball.,True,0.0995231419801712
i2t,1844,Players struggle for the ball.,1844,Players struggle for the ball.,False,0.053332168608903885
i2t,1844,Two players chase the ball.,1844,Two players chase the ball.,True,0.00011650178930722177
i2t,1844,The footballer kicks the ball while being pursued by the other team.,1844,The footballer kicks the ball while being pursued by the other team.,True,0.0781308263540268
i2t,1844,Players compete for the ball.,1844,Players compete for the ball.,True,0.09722930938005447
i2t,1844,The players struggle for the ball.,1844,The players struggle for the ball.,False,0.060737933963537216
i2t,1844,A midfielder runs into another player chasing a ball.,1844,A midfielder runs into another player chasing a ball.,True,0.14025960862636566
i2t,1844,A soccer player intends to steal the ball.,1844,A soccer player intends to steal the ball.,True,0.009576937183737755
i2t,1549,A man is jumping off a cliff.,1549,A man is jumping off a cliff.,True,0.9719997644424438
i2t,1549,A man jumps off a rock,1549,A man jumps off a rock,True,0.7624129056930542
i2t,1549,a man walking on an edge,1549,a man walking on an edge,False,0.6680414080619812
i2t,1549,Boy is jumping from a rock.,1549,Boy is jumping from a rock.,True,0.9692097306251526
i2t,1549,A man is climbing a cliff.,1549,A man is climbing a cliff.,False,0.915490448474884
i2t,1549,The man is standing at the edge of a cliff.,1549,The man is standing at the edge of a cliff.,True,0.5153362154960632
i2t,1549,a man is about to jump into the water,1549,a man is about to jump into the water,True,0.031361475586891174
i2t,1549,A man jumps off a rock.,1549,A man jumps off a rock.,True,0.6455704569816589
i2t,1549,A person climbing to the top of a cliff,1549,A person climbing to the top of a cliff,False,0.6816691160202026
i2t,1549,a person takes a jump,1549,a person takes a jump,True,0.49711525440216064
i2t,1549,A person jumps near the sea.,1549,A person jumps near the sea.,True,0.6442954540252686
i2t,1549,Boys jumping off of a rock,1549,Boys jumping off of a rock,True,0.8721103668212891
i2t,1549,couple jump on the beach,1549,couple jump on the beach,False,0.2683807611465454
i2t,1549,The woman jumps off the rock.,1549,The woman jumps off the rock.,False,0.8055945634841919
i2t,1549,A couple jumps on the beach.,1549,A couple jumps on the beach.,False,0.16477549076080322
i2t,1549,A person jumps at the sea.,1549,A person jumps at the sea.,True,0.5693314671516418
i2t,1549,A man takes a jump into the sea.,1549,A man takes a jump into the sea.,True,0.9299806952476501
i2t,1549,The woman jumps the cliff.,1549,The woman jumps the cliff.,False,0.8406035304069519
i2t,1549,The couple jumps on the beach.,1549,The couple jumps on the beach.,False,0.010168779641389847
i2t,1549,The man sits on the rock.,1549,The man sits on the rock.,False,0.6052221059799194
i2t,1549,A man stands on the rock.,1549,A man stands on the rock.,False,0.8548027276992798
i2t,1549,the person rests on the rock,1549,the person rests on the rock,False,0.7750711441040039
i2t,1549,A man is climbing a rock.,1549,A man is climbing a rock.,False,0.9825356006622314
i2t,1549,a man jumping in the background,1549,a man jumping in the background,True,0.3464590013027191
i2t,1549,The girl is climbing a rock.,1549,The girl is climbing a rock.,False,0.9473347067832947
i2t,1549,A person sitting on a cliff,1549,A person sitting on a cliff,False,0.5800098180770874
i2t,1549,A man is jumping into the sea.,1549,A man is jumping into the sea.,True,0.7013819813728333
i2t,1549,The man jumps into the sea.,1549,The man jumps into the sea.,True,0.1463336944580078
i2t,1549,A man jumps into the sea.,1549,A man jumps into the sea.,True,0.8286221623420715
i2t,1549,A person jumps into the sea.,1549,A person jumps into the sea.,True,0.483405739068985
i2t,1549,A woman jumps off a cliff.,1549,A woman jumps off a cliff.,False,0.6993916034698486
i2t,1549,A man jumps into the water at sea.,1549,A man jumps into the water at sea.,True,0.7152719497680664
i2t,1549,A man jumps across a cliff in the sunset.,1549,A man jumps across a cliff in the sunset.,False,0.34849077463150024
i2t,1549,Boy jumps in sea,1549,Boy jumps in sea,True,0.0015662579098716378
i2t,2384,a dog is lying on the grass,2384,a dog is lying on the grass,True,0.958286464214325
i2t,2384,A dog is resting in the grass,2384,A dog is resting in the grass,True,0.843180239200592
i2t,2384,dog rests on the grass,2384,dog rests on the grass,True,0.9637672305107117
i2t,2384,dog lie on the grass,2384,dog lie on the grass,True,0.9578689336776733
i2t,2384,a dog lying on the lawn,2384,a dog lying on the lawn,True,0.9240186214447021
i2t,2384,A dog lies on the ground.,2384,A dog lies on the ground.,True,0.776892364025116
i2t,2384,A dog is laying down on the lawn.,2384,A dog is laying down on the lawn.,True,0.06014934554696083
i2t,2384,A dog rests on the grass.,2384,A dog rests on the grass.,True,0.9641819000244141
i2t,2384,A dog is laying on the grass.,2384,A dog is laying on the grass.,True,0.8122100234031677
i2t,2384,A dog lies on the grass.,2384,A dog lies on the grass.,True,0.9019270539283752
i2t,2384,THE DOG REST IN THE GRASS,2384,THE DOG REST IN THE GRASS,True,0.9643620848655701
i2t,2384,dog rest in the field,2384,dog rest in the field,True,0.8824186325073242
i2t,2384,A dog rests in the grass.,2384,A dog rests in the grass.,True,0.9352253675460815
i2t,2384,A dog lies in grass.,2384,A dog lies in grass.,True,0.8726588487625122
i2t,2384,The dog is rolling in the grass.,2384,The dog is rolling in the grass.,True,0.9285913109779358
i2t,2384,An animal resting on the grass.,2384,An animal resting on the grass.,True,0.8985811471939087
i2t,2384,The animal lays in the grass.,2384,The animal lays in the grass.,True,0.8215689063072205
i2t,2384,An animal lying in the grass.,2384,An animal lying in the grass.,True,0.7798110246658325
i2t,2384,The animal rests in the grass.,2384,The animal rests in the grass.,True,0.9878048896789551
i2t,2384,An animal laying in the grass.,2384,An animal laying in the grass.,True,0.5964340567588806
i2t,2384,The dog lies in the grass.,2384,The dog lies in the grass.,True,0.922005295753479
i2t,2384,A dog lies over the front.,2384,A dog lies over the front.,True,0.984428882598877
i2t,2384,A dog rests on the field,2384,A dog rests on the field,True,0.9759305119514465
i2t,2384,A dog rests on the lawn.,2384,A dog rests on the lawn.,True,0.9781936407089233
i2t,2384,A dog rests in the lawn.,2384,A dog rests in the lawn.,True,0.9654054641723633
i2t,2384,A dog is lying on the lawn.,2384,A dog is lying on the lawn.,True,0.9528969526290894
i2t,2384,A puppy lays in the background,2384,A puppy lays in the background,True,0.8401309251785278
i2t,2384,Dog lies on the ground with a pink background.,2384,Dog lies on the ground with a pink background.,False,0.3624541163444519
i2t,2384,A pug lies in the grass panting.,2384,A pug lies in the grass panting.,False,0.18593081831932068
i2t,2384,the dog lie on the floor,2384,the dog lie on the floor,False,0.6503938436508179
i2t,2384,A dog lies on the floor.,2384,A dog lies on the floor.,False,0.27686676383018494
i2t,2384,the dog lies on the floor.,2384,the dog lies on the floor.,False,0.7581942677497864
i2t,2384,A dog lying on the floor.,2384,A dog lying on the floor.,False,0.5057500004768372
i2t,2384,A dog rests on a lawn.,2384,A dog rests on a lawn.,True,0.8566713333129883
i2t,2384,A dog lays in the grass.,2384,A dog lays in the grass.,True,0.8147612810134888
i2t,2081,A person sits at a window.,2081,A person sits at a window.,True,0.2904256284236908
i2t,2081,A person sitting at a window.,2081,A person sitting at a window.,True,0.12404878437519073
i2t,2081,The person sits by the window.,2081,The person sits by the window.,True,0.4167172908782959
i2t,2081,The woman is sitting on the windowsill.,2081,The woman is sitting on the windowsill.,True,0.9542208313941956
i2t,2081,A person standing by a window.,2081,A person standing by a window.,False,0.010354065336287022
i2t,2081,A person sitting at home,2081,A person sitting at home,True,0.28860151767730713
i2t,2081,A person stands at the window.,2081,A person stands at the window.,False,0.22495362162590027
i2t,2081,A person sits at home.,2081,A person sits at home.,True,0.8533862233161926
i2t,2081,person standing at window,2081,person standing at window,False,0.0006243453244678676
i2t,2081,A woman is looking at the view.,2081,A woman is looking at the view.,False,0.6183502078056335
i2t,2081,A woman sits in the windowsill.,2081,A woman sits in the windowsill.,True,0.977297306060791
i2t,2081,A woman sits on a windowsill.,2081,A woman sits on a windowsill.,True,0.9660974740982056
i2t,2081,A woman sits in a window sill.,2081,A woman sits in a window sill.,True,0.912310779094696
i2t,2081,A girl is sitting by the window.,2081,A girl is sitting by the window.,True,0.9705516695976257
i2t,2081,A girl sits by a window.,2081,A girl sits by a window.,True,0.9710063338279724
i2t,2081,A woman leans looking out the window.,2081,A woman leans looking out the window.,False,0.9595388174057007
i2t,2081,A woman stretches by a window.,2081,A woman stretches by a window.,False,0.9682259559631348
i2t,2081,A girl sits at a window,2081,A girl sits at a window,True,0.9019706845283508
i2t,2081,A girl can be seen sitting by the window.,2081,A girl can be seen sitting by the window.,True,0.7023987174034119
i2t,2081,A woman walks over and discovers there's a window.,2081,A woman walks over and discovers there's a window.,False,0.9768295884132385
i2t,2081,A man sits near to the windowsill,2081,A man sits near to the windowsill,False,0.5833947062492371
i2t,2081,A MAN SITS IN THE WINDOWSILL,2081,A MAN SITS IN THE WINDOWSILL,False,0.6541371941566467
i2t,2081,A woman staring out a window.,2081,A woman staring out a window.,False,0.8362061977386475
i2t,2081,The woman stands at the window.,2081,The woman stands at the window.,False,0.9290243983268738
i2t,2081,Woman staring out window,2081,Woman staring out window,False,0.03730038180947304
i2t,2081,A person staring out the window,2081,A person staring out the window,False,0.21094639599323273
i2t,2081,A woman sits in a window.,2081,A woman sits in a window.,True,0.9316636323928833
i2t,2081,A woman looks out a window.,2081,A woman looks out a window.,False,0.930286169052124
i2t,10959,The boat sails on the water.,10959,The boat sails on the water.,True,0.5471681356430054
i2t,10959,A boat can moor while at sea.,10959,A boat can moor while at sea.,True,0.955407440662384
i2t,10959,boat sail a sea,10959,boat sail a sea,True,0.036727335304021835
i2t,10959,The boat is sailing on the sea.,10959,The boat is sailing on the sea.,True,0.06993144750595093
i2t,10959,The boat sails on the river.,10959,The boat sails on the river.,False,0.6088330745697021
i2t,10959,A person stands on a boat.,10959,A person stands on a boat.,True,0.7185313701629639
i2t,10959,A person sails a boat.,10959,A person sails a boat.,True,0.8272315859794617
i2t,10959,A main sailing a boat.,10959,A main sailing a boat.,True,0.95110023021698
i2t,10959,The boat is sailing on the water.,10959,The boat is sailing on the water.,True,0.0072291698306798935
i2t,10959,The boat is sailing in the sea.,10959,The boat is sailing in the sea.,True,0.15436236560344696
i2t,10959,A man stands on a sail boat.,10959,A man stands on a sail boat.,True,0.9123721718788147
i2t,10959,A person sailing on a boat,10959,A person sailing on a boat,True,0.22462166845798492
i2t,10959,A man stands on a boat in the water.,10959,A man stands on a boat in the water.,True,0.04309820383787155
i2t,10959,person jumps on a boat,10959,person jumps on a boat,False,0.9903091788291931
i2t,10959,A man standing on a boat.,10959,A man standing on a boat.,True,0.4068792462348938
i2t,10959,The man is standing on the deck of the ship.,10959,The man is standing on the deck of the ship.,True,0.7938915491104126
i2t,10959,A person jumps from the boat.,10959,A person jumps from the boat.,False,0.6550353765487671
i2t,10959,A businessman stands in a boat.,10959,A businessman stands in a boat.,False,0.6810282468795776
i2t,10959,The man looks at the ocean.,10959,The man looks at the ocean.,True,0.5689030289649963
i2t,10959,A person looking at the sea.,10959,A person looking at the sea.,True,0.7949556112289429
i2t,10959,A person is looking at the ocean.,10959,A person is looking at the ocean.,True,0.05163843557238579
i2t,10959,A person looking at the ocean.,10959,A person looking at the ocean.,True,0.26761114597320557
i2t,10959,A person drives a boat.,10959,A person drives a boat.,False,0.6698797345161438
i2t,10959,A boat with a sail is on the water.,10959,A boat with a sail is on the water.,True,0.0033502483274787664
i2t,10959,Man standing near boat,10959,Man standing near boat,False,0.001564958831295371
i2t,10959,A fisherman sails a boat.,10959,A fisherman sails a boat.,False,0.7635358572006226
i2t,10959,The boat sailed on open water.,10959,The boat sailed on open water.,True,0.8333243727684021
i2t,10959,The boat sailed the sea,10959,The boat sailed the sea,True,0.7725319862365723
i2t,0,the person looks nice,0,the person looks nice,True,6.918950384715572e-05
i2t,0,Girl is standing in the grass.,0,Girl is standing in the grass.,True,0.48750102519989014
i2t,0,The woman stood in the grass.,0,The woman stood in the grass.,True,0.6105151772499084
i2t,0,The girl is standing in the grass.,0,The girl is standing in the grass.,True,0.46372950077056885
i2t,0,girl stands in field,0,girl stands in field,True,0.0005296861636452377
i2t,0,A girl stands in a field.,0,A girl stands in a field.,True,0.5105135440826416
i2t,0,the girl  look is very nice.,0,the girl  look is very nice.,True,0.01577569544315338
i2t,0,A person posting a picture.,0,A person posting a picture.,False,0.002993837697431445
i2t,0,A person stands in a field.,0,A person stands in a field.,True,0.07280129939317703
i2t,0,A person standing in a field.,0,A person standing in a field.,True,0.0010093578603118658
i2t,0,The girl is standing in the meadow.,0,The girl is standing in the meadow.,True,0.8865311741828918
i2t,0,A girl standing on the meadow,0,A girl standing on the meadow,True,0.8534431457519531
i2t,0,A girl stands in the meadow.,0,A girl stands in the meadow.,True,0.9601279497146606
i2t,0,The girl stands in the field.,0,The girl stands in the field.,True,0.8019556999206543
i2t,0,A girl is walking in the field.,0,A girl is walking in the field.,False,0.8112749457359314
i2t,0,The girl sits in the field,0,The girl sits in the field,False,0.5901742577552795
i2t,0,The woman will walk in the meadow.,0,The woman will walk in the meadow.,False,0.7130265235900879
i2t,0,A girl is sitting in the meadow.,0,A girl is sitting in the meadow.,False,0.8838379979133606
i2t,0,a girl standing on a meadow,0,a girl standing on a meadow,True,0.8328118324279785
i2t,0,girl standing in field,0,girl standing in field,True,0.000806913711130619
i2t,0,The woman is sitting in the field.,0,The woman is sitting in the field.,False,0.4303675889968872
i2t,0,A girl sitting in the field.,0,A girl sitting in the field.,False,0.601714015007019
i2t,0,A woman stand in the grass,0,A woman stand in the grass,True,0.38574621081352234
i2t,0,A woman walking in a field,0,A woman walking in a field,False,0.2943827509880066
i2t,0,A woman is standing in a meadow.,0,A woman is standing in a meadow.,True,0.9326016306877136
i2t,0,A girl stands in the grass.,0,A girl stands in the grass.,True,0.7319866418838501
i2t,0,A girl is standing on the field.,0,A girl is standing on the field.,True,0.33986780047416687
i2t,0,A girl stands in a meadow.,0,A girl stands in a meadow.,True,0.8897775411605835
i2t,0,A woman stands in the field.,0,A woman stands in the field.,True,0.7674404978752136
i2t,0,A girl standing in grass.,0,A girl standing in grass.,True,0.4905279874801636
i2t,0,A girl sitting in a field.,0,A girl sitting in a field.,False,0.5423858761787415
i2t,0,A girl stands in grass.,0,A girl stands in grass.,True,0.6991673111915588
i2t,0,A woman stands in a meadow.,0,A woman stands in a meadow.,True,0.746172308921814
i2t,0,A woman standing in a meadow.,0,A woman standing in a meadow.,True,0.8056724071502686
i2t,0,A little girl standing in a meadow,0,A little girl standing in a meadow,False,0.4416007995605469
i2t,0,A girl sits in a meadow.,0,A girl sits in a meadow.,False,0.9062381386756897
i2t,1452,girl run on the road,1452,girl run on the road,False,0.7109023928642273
i2t,1452,A GIRL WALKS IN THE ROAD,1452,A GIRL WALKS IN THE ROAD,True,0.7562447190284729
i2t,1452,A girl runs on a path.,1452,A girl runs on a path.,False,0.9896312355995178
i2t,1452,A woman runs on the road.,1452,A woman runs on the road.,False,0.9664530754089355
i2t,1452,The girl runs on the hill,1452,The girl runs on the hill,False,0.6101421117782593
i2t,1452,The girl runs on the trail.,1452,The girl runs on the trail.,False,0.7976638674736023
i2t,1452,A girl runs down a road.,1452,A girl runs down a road.,False,0.978236198425293
i2t,1452,A girls is walking to a car,1452,A girls is walking to a car,False,0.4584578573703766
i2t,1452,A person takes a step on their walk.,1452,A person takes a step on their walk.,True,0.8197917938232422
i2t,1452,A person takes the road.,1452,A person takes the road.,False,0.9941603541374207
i2t,1452,A girl walks down the road.,1452,A girl walks down the road.,True,0.9663434624671936
i2t,1452,A woman standing in the middle of a dirt road.,1452,A woman standing in the middle of a dirt road.,False,0.025216074660420418
i2t,1452,A girl is walking on a road,1452,A girl is walking on a road,True,0.8664396405220032
i2t,1452,A girl hitchikes by the road,1452,A girl hitchikes by the road,False,0.0018442458240315318
i2t,1452,A girl hitchhikes on the side of the road.,1452,A girl hitchhikes on the side of the road.,False,0.9239144325256348
i2t,1452,There is a woman walking down the road.,1452,There is a woman walking down the road.,True,0.297294944524765
i2t,1452,A woman is walking on the road.,1452,A woman is walking on the road.,True,0.017978815361857414
i2t,1452,A girl walks on a road,1452,A girl walks on a road,True,0.8550806641578674
i2t,1452,A girl hitchhikes on the road.,1452,A girl hitchhikes on the road.,False,0.9398183226585388
i2t,1452,A person running the trail,1452,A person running the trail,False,0.9961615800857544
i2t,1452,A person walking on a trail.,1452,A person walking on a trail.,True,0.8875834345817566
i2t,1452,A man walking on a trail,1452,A man walking on a trail,False,0.9527580738067627
i2t,1452,A person running down the road,1452,A person running down the road,False,0.863349199295044
i2t,1452,A woman is running on a trail.,1452,A woman is running on a trail.,False,0.9892742037773132
i2t,1452,People walking on a trail.,1452,People walking on a trail.,False,0.9927557110786438
i2t,1452,Men are walking on a trail.,1452,Men are walking on a trail.,False,0.9748110771179199
i2t,1452,A person walks down the mountain.,1452,A person walks down the mountain.,False,0.961647629737854
i2t,1452,A man running on the trail.,1452,A man running on the trail.,False,0.9791207313537598
i2t,1452,A man is running up the hill.,1452,A man is running up the hill.,False,0.9769377708435059
i2t,1452,Many people take to the road.,1452,Many people take to the road.,False,0.9954778552055359
i2t,1452,Multiple persons walking a trail.,1452,Multiple persons walking a trail.,False,0.9667394757270813
i2t,1452,A woman walks towards the hill.,1452,A woman walks towards the hill.,True,0.9920988082885742
i2t,1452,a girl hitchikke on the road,1452,a girl hitchikke on the road,False,0.01629773899912834
i2t,1452,The person is walking the trail.,1452,The person is walking the trail.,True,0.9171693325042725
i2t,1452,A woman walks down the road.,1452,A woman walks down the road.,True,0.9527938961982727
i2t,1452,The girls run down the hill.,1452,The girls run down the hill.,False,0.8591305017471313
i2t,1452,The person rides on the trail.,1452,The person rides on the trail.,False,0.9805845022201538
i2t,1452,person walk on the hill,1452,person walk on the hill,True,0.9797109961509705
i2t,1452,A man goes for a walk on a path.,1452,A man goes for a walk on a path.,False,0.898629367351532
i2t,1452,A person walks down a road towards a motorcycle.,1452,A person walks down a road towards a motorcycle.,True,0.00018837077368516475
i2t,1452,A woman walks on a hill.,1452,A woman walks on a hill.,True,0.9745824337005615
i2t,1452,A woman walks along a trail.,1452,A woman walks along a trail.,True,0.9816247820854187
i2t,1452,They took a walk on the road in the forest,1452,They took a walk on the road in the forest,False,0.5277904868125916
i2t,1452,Man walks on a path.,1452,Man walks on a path.,False,0.9825166463851929
i2t,1452,A women walks across the desert.,1452,A women walks across the desert.,True,0.6851238012313843
i2t,1452,A couple walks in the desert,1452,A couple walks in the desert,False,0.7136261463165283
i2t,1452,A woman runs of a road.,1452,A woman runs of a road.,False,0.953624963760376
i2t,1452,A couple hiking in a desert.,1452,A couple hiking in a desert.,False,0.7213369607925415
i2t,1452,A woman is running down a road at sunset.,1452,A woman is running down a road at sunset.,False,0.9291053414344788
i2t,1452,A woman running down a road.,1452,A woman running down a road.,False,0.9650360941886902
i2t,1452,A person runs on a road through a mountain pass.,1452,A person runs on a road through a mountain pass.,False,0.823531985282898
i2t,1452,A woman running on a hill.,1452,A woman running on a hill.,False,0.9540916085243225
i2t,6299,A PICTURE OF A TEAM PLAYER BRINGS UNITY,6299,A PICTURE OF A TEAM PLAYER BRINGS UNITY,False,0.008709893561899662
i2t,6299,A team takes the ball from the other team.,6299,A team takes the ball from the other team.,False,0.14129754900932312
i2t,6299,One person wins against another person,6299,One person wins against another person,False,0.013529692776501179
i2t,6299,a man will pass a wall,6299,a man will pass a wall,True,0.5686754584312439
i2t,6299,people make a team.,6299,people make a team.,False,0.0061973934061825275
i2t,6299,A person is pulling another person.,6299,A person is pulling another person.,True,0.03157541900873184
i2t,6299,The person will carry the other person.,6299,The person will carry the other person.,False,0.16983231902122498
i2t,6299,the person is running in a Team,6299,the person is running in a Team,False,0.002706092782318592
i2t,6299,A person working with a team,6299,A person working with a team,False,0.0738111287355423
i2t,6299,The teacher helps the student.,6299,The teacher helps the student.,False,0.037025339901447296
i2t,6299,A person pulls another person.,6299,A person pulls another person.,True,0.6417979598045349
i2t,6299,A man climbs a wall.,6299,A man climbs a wall.,True,0.6879436373710632
i2t,6299,A man climbs up a wall.,6299,A man climbs up a wall.,True,0.7184674739837646
i2t,6299,A person helps another person climb.,6299,A person helps another person climb.,True,0.7711220979690552
i2t,6299,a man walking on an edge,6299,a man walking on an edge,False,0.19766950607299805
i2t,6299,The woman pulls the man.,6299,The woman pulls the man.,False,0.015192030929028988
i2t,6299,A man climns a wall.,6299,A man climns a wall.,False,0.010457267053425312
i2t,6299,A woman climbs a wall.,6299,A woman climbs a wall.,False,0.6327069401741028
i2t,6299,a man jumping in the background,6299,a man jumping in the background,False,0.24002709984779358
i2t,6299,a person hangs the wall,6299,a person hangs the wall,True,0.25218266248703003
i2t,6299,man stand behind the wall,6299,man stand behind the wall,False,0.5204269886016846
i2t,6299,A man leaning on a wall,6299,A man leaning on a wall,False,0.0560370534658432
i2t,6299,The boy is standing behind the wall.,6299,The boy is standing behind the wall.,False,0.10806599259376526
i2t,6299,this person makes the image,6299,this person makes the image,False,0.8783066868782043
i2t,6299,The boy stands against the wall.,6299,The boy stands against the wall.,False,0.10404246300458908
i2t,6299,a person sitting on the wall,6299,a person sitting on the wall,False,0.0015780089888721704
i2t,6299,The man did a wall sit.,6299,The man did a wall sit.,False,0.13832329213619232
i2t,6299,A person is accompanying another person.,6299,A person is accompanying another person.,False,0.08183999359607697
i2t,6299,A person is encouraging another person,6299,A person is encouraging another person,False,0.019875209778547287
i2t,6299,The woman pushes the man to do better.,6299,The woman pushes the man to do better.,False,0.44650208950042725
i2t,6299,The woman pushes the man.,6299,The woman pushes the man.,False,0.03273520618677139
i2t,6299,A person supports another person.,6299,A person supports another person.,False,0.4827401638031006
i2t,6299,Man stepping Up,6299,Man stepping Up,True,0.0025028130039572716
i2t,6299,A man carrying another person.,6299,A man carrying another person.,True,0.1008395254611969
i2t,6299,A person walks on the building's edge.,6299,A person walks on the building's edge.,False,0.13444948196411133
i2t,6299,A person climbs over a wall,6299,A person climbs over a wall,True,0.8048367500305176
i2t,6299,woman clim the wall,6299,woman clim the wall,False,0.0020866303239017725
i2t,6299,A man is climbing to the top of a cliff.,6299,A man is climbing to the top of a cliff.,False,0.1279624104499817
