direction,query,candidate,image_id,caption,human_correct,p_match
t2i,A girl sits on a ball.,221,221,A girl sits on a ball.,True,0.17448915541172028
t2i,A girl sits on a ball.,2980,2980,A girl sits on a ball.,True,0.5188162326812744
t2i,A girl sits on a ball.,910,910,A girl sits on a ball.,True,0.05281664803624153
t2i,A girl sits on a ball.,7789,7789,A girl sits on a ball.,True,0.5228255987167358
t2i,A girl sits on a ball.,461,461,A girl sits on a ball.,True,0.009488625451922417
t2i,A girl sits on a ball.,1318,1318,A girl sits on a ball.,True,0.03907264769077301
t2i,A girl sits on a ball.,6675,6675,A girl sits on a ball.,True,0.097526416182518
t2i,A girl sits on a ball.,1940,1940,A girl sits on a ball.,False,0.01714126206934452
t2i,A girl sits on a ball.,2687,2687,A girl sits on a ball.,False,0.006425103638321161
t2i,A girl sits on a ball.,5526,5526,A girl sits on a ball.,False,0.9074047207832336
t2i,A girl sits on a ball.,7560,7560,A girl sits on a ball.,False,0.1898699849843979
t2i,A girl sits on a ball.,3626,3626,A girl sits on a ball.,False,0.3004181981086731
t2i,A girl sits on a ball.,789,789,A girl sits on a ball.,False,0.18492263555526733
t2i,A girl sits on a ball.,2054,2054,A girl sits on a ball.,False,0.0005886781145818532
t2i,A girl sits on a ball.,6349,6349,A girl sits on a ball.,False,0.002006111666560173
t2i,A girl sits on a ball.,328,328,A girl sits on a ball.,False,0.004643145948648453
t2i,A girl sits on a ball.,10622,10622,A girl sits on a ball.,False,0.027843642979860306
t2i,A girl sits on a ball.,6021,6021,A girl sits on a ball.,False,0.0025161602534353733
t2i,A girl sits on a ball.,8006,8006,A girl sits on a ball.,False,0.0037811549846082926
t2i,A girl sits on a ball.,2904,2904,A girl sits on a ball.,True,0.17641906440258026
t2i,A girl sits on a ball.,6226,6226,A girl sits on a ball.,False,0.12676040828227997
t2i,A girl sits on a ball.,5485,5485,A girl sits on a ball.,False,9.243963722838089e-05
t2i,A girl sits on a ball.,11219,11219,A girl sits on a ball.,False,0.00022688580793328583
t2i,A girl sits on a ball.,177,177,A girl sits on a ball.,False,0.0006006053299643099
t2i,A girl sits on a ball.,9237,9237,A girl sits on a ball.,False,0.00345633109100163
t2i,A girl sits on a ball.,6907,6907,A girl sits on a ball.,False,0.0009268010617233813
t2i,A girl sits on a ball.,909,909,A girl sits on a ball.,False,0.0007628378225490451
t2i,A girl sits on a ball.,3813,3813,A girl sits on a ball.,False,0.02472873404622078
t2i,A girl sits on a ball.,10324,10324,A girl sits on a ball.,False,0.0005895087379030883
t2i,A girl sits on a ball.,260,260,A girl sits on a ball.,False,0.02270585671067238
t2i,This person carries another person.,6058,6058,This person carries another person.,True,0.001011838554404676
t2i,This person carries another person.,13012,13012,This person carries another person.,True,0.0020911518950015306
t2i,This person carries another person.,5869,5869,This person carries another person.,True,5.59937470825389e-05
t2i,This person carries another person.,7150,7150,This person carries another person.,True,0.23159180581569672
t2i,This person carries another person.,7378,7378,This person carries another person.,True,0.009268026798963547
t2i,This person carries another person.,8480,8480,This person carries another person.,True,0.005926437675952911
t2i,This person carries another person.,4636,4636,This person carries another person.,False,7.077743066474795e-05
t2i,This person carries another person.,7756,7756,This person carries another person.,True,9.155622683465481e-05
t2i,This person carries another person.,9446,9446,This person carries another person.,True,1.7358686818624847e-05
t2i,This person carries another person.,6051,6051,This person carries another person.,True,5.621342279482633e-05
t2i,This person carries another person.,8564,8564,This person carries another person.,True,0.5336121320724487
t2i,This person carries another person.,3174,3174,This person carries another person.,False,0.18791310489177704
t2i,This person carries another person.,9275,9275,This person carries another person.,True,0.04988863691687584
t2i,This person carries another person.,4202,4202,This person carries another person.,True,0.0015794415958225727
t2i,This person carries another person.,11089,11089,This person carries another person.,True,0.0004588121082633734
t2i,This person carries another person.,2008,2008,This person carries another person.,False,0.15578554570674896
t2i,This person carries another person.,2923,2923,This person carries another person.,True,0.00519579229876399
t2i,This person carries another person.,11780,11780,This person carries another person.,False,0.042546484619379044
t2i,This person carries another person.,8035,8035,This person carries another person.,False,0.19499249756336212
t2i,This person carries another person.,522,522,This person carries another person.,False,0.16085568070411682
t2i,This person carries another person.,1907,1907,This person carries another person.,True,0.007702765055000782
t2i,This person carries another person.,7781,7781,This person carries another person.,False,0.008652403950691223
t2i,This person carries another person.,8165,8165,This person carries another person.,False,0.0011330631095916033
t2i,This person carries another person.,3559,3559,This person carries another person.,False,0.00035729765659198165
t2i,This person carries another person.,4914,4914,This person carries another person.,False,0.0035760998725891113
t2i,This person carries another person.,11151,11151,This person carries another person.,False,0.13845522701740265
t2i,This person carries another person.,7342,7342,This person carries another person.,False,0.005614126101136208
t2i,This person carries another person.,10850,10850,This person carries another person.,False,0.26514002680778503
t2i,This person carries another person.,12982,12982,This person carries another person.,False,0.0654686912894249
t2i,This person carries another person.,2186,2186,This person carries another person.,False,0.4860204756259918
t2i,This person carries another person.,8833,8833,This person carries another person.,True,0.002636078279465437
t2i,This person carries another person.,3269,3269,This person carries another person.,True,0.36606574058532715
t2i,This person carries another person.,2727,2727,This person carries another person.,True,0.8920210599899292
t2i,This person carries another person.,13306,13306,This person carries another person.,False,0.0005038323579356074
t2i,This person carries another person.,10949,10949,This person carries another person.,False,1.1006483873643447e-05
t2i,This person carries another person.,895,895,This person carries another person.,False,0.418390154838562
t2i,This person carries another person.,12177,12177,This person carries another person.,True,2.1202895368332975e-05
t2i,This person carries another person.,7066,7066,This person carries another person.,True,0.14796215295791626
t2i,This person carries another person.,67,67,This person carries another person.,True,4.306383743823972e-06
t2i,This person carries another person.,838,838,This person carries another person.,False,7.153775368351489e-05
t2i,This person carries another person.,4089,4089,This person carries another person.,True,2.197992944275029e-05
t2i,This person carries another person.,12440,12440,This person carries another person.,True,0.00031864168704487383
t2i,This person carries another person.,9210,9210,This person carries another person.,True,0.036957234144210815
t2i,This person carries another person.,338,338,This person carries another person.,True,4.783024996868335e-05
t2i,This person carries another person.,11562,11562,This person carries another person.,True,5.25609175383579e-05
t2i,This person carries another person.,13196,13196,This person carries another person.,False,1.5083637663337868e-05
t2i,This person carries another person.,4168,4168,This person carries another person.,True,0.10464849323034286
t2i,This person carries another person.,3717,3717,This person carries another person.,False,0.00012946048809681088
t2i,A man runs through the city.,961,961,A man runs through the city.,False,0.0030249678529798985
t2i,A man runs through the city.,4819,4819,A man runs through the city.,True,0.6893795728683472
t2i,A man runs through the city.,2915,2915,A man runs through the city.,True,0.32301265001296997
t2i,A man runs through the city.,2740,2740,A man runs through the city.,True,0.8460294008255005
t2i,A man runs through the city.,1159,1159,A man runs through the city.,True,0.4934002757072449
t2i,A man runs through the city.,11659,11659,A man runs through the city.,True,0.013362075202167034
t2i,A man runs through the city.,3445,3445,A man runs through the city.,False,7.989257574081421e-05
t2i,A man runs through the city.,750,750,A man runs through the city.,False,1.2015673746645916e-05
t2i,A man runs through the city.,8323,8323,A man runs through the city.,False,0.17646732926368713
t2i,A man runs through the city.,2655,2655,A man runs through the city.,False,9.811082418309525e-05
t2i,A man runs through the city.,8699,8699,A man runs through the city.,True,0.29851651191711426
t2i,A man runs through the city.,7353,7353,A man runs through the city.,False,0.2031872719526291
t2i,A man runs through the city.,119,119,A man runs through the city.,True,0.608361005783081
t2i,A man runs through the city.,3781,3781,A man runs through the city.,True,0.31837812066078186
t2i,A man runs through the city.,10027,10027,A man runs through the city.,False,0.023256903514266014
t2i,A man runs through the city.,10067,10067,A man runs through the city.,True,0.21067747473716736
t2i,A man runs through the city.,1130,1130,A man runs through the city.,True,0.030641037970781326
t2i,A man runs through the city.,9269,9269,A man runs through the city.,False,0.44812437891960144
t2i,A man runs through the city.,7771,7771,A man runs through the city.,False,0.1728423535823822
t2i,A man runs through the city.,7005,7005,A man runs through the city.,True,0.7574613690376282
t2i,A man runs through the city.,2039,2039,A man runs through the city.,True,0.02500533126294613
t2i,A man runs through the city.,6304,6304,A man runs through the city.,True,0.355196088552475
t2i,A man runs through the city.,12139,12139,A man runs through the city.,True,0.023033637553453445
t2i,A man runs through the city.,6746,6746,A man runs through the city.,False,0.36162441968917847
t2i,A man runs through the city.,11547,11547,A man runs through the city.,False,0.038398366421461105
t2i,A man runs through the city.,10548,10548,A man runs through the city.,True,0.17912094295024872
t2i,A man runs through the city.,11433,11433,A man runs through the city.,True,0.0012126629007980227
t2i,A man runs through the city.,1057,1057,A man runs through the city.,False,0.03601125255227089
t2i,A man runs through the city.,93,93,A man runs through the city.,False,0.000898125406820327
t2i,A man runs through the city.,283,283,A man runs through the city.,False,0.00017258735897485167
t2i,A man runs through the city.,1858,1858,A man runs through the city.,False,7.185690628830343e-05
t2i,A man runs through the city.,2472,2472,A man runs through the city.,True,0.26083871722221375
t2i,A man runs through the city.,588,588,A man runs through the city.,True,0.005607616156339645
t2i,"Boats, at a marina.",5676,5676,"Boats, at a marina.",True,0.41707339882850647
t2i,"Boats, at a marina.",6566,6566,"Boats, at a marina.",True,0.3336799144744873
t2i,"Boats, at a marina.",4059,4059,"Boats, at a marina.",True,0.00909191183745861
t2i,"Boats, at a marina.",7371,7371,"Boats, at a marina.",True,0.2231389731168747
t2i,"Boats, at a marina.",5857,5857,"Boats, at a marina.",True,0.015284823253750801
t2i,"Boats, at a marina.",2219,2219,"Boats, at a marina.",False,0.025463931262493134
t2i,"Boats, at a marina.",1121,1121,"Boats, at a marina.",True,0.13189899921417236
t2i,"Boats, at a marina.",2479,2479,"Boats, at a marina.",True,0.013062945567071438
t2i,"Boats, at a marina.",7128,7128,"Boats, at a marina.",True,0.011962957680225372
t2i,"Boats, at a marina.",13613,13613,"Boats, at a marina.",True,0.04972299933433533
t2i,"Boats, at a marina.",4480,4480,"Boats, at a marina.",True,0.13586470484733582
t2i,"Boats, at a marina.",4615,4615,"Boats, at a marina.",True,0.23105566203594208
t2i,"Boats, at a marina.",7424,7424,"Boats, at a marina.",True,0.28346437215805054
t2i,"Boats, at a marina.",10604,10604,"Boats, at a marina.",True,0.02738039940595627
t2i,"Boats, at a marina.",10605,10605,"Boats, at a marina.",True,0.23816244304180145
t2i,"Boats, at a marina.",12688,12688,"Boats, at a marina.",True,0.192686527967453
t2i,"Boats, at a marina.",4188,4188,"Boats, at a marina.",True,0.18328972160816193
t2i,"Boats, at a marina.",1696,1696,"Boats, at a marina.",True,0.01593993976712227
t2i,"Boats, at a marina.",13672,13672,"Boats, at a marina.",True,0.005925939884036779
t2i,"Boats, at a marina.",3076,3076,"Boats, at a marina.",True,0.01617962121963501
t2i,"Boats, at a marina.",9421,9421,"Boats, at a marina.",True,0.20345614850521088
t2i,"Boats, at a marina.",6567,6567,"Boats, at a marina.",True,0.004521371331065893
t2i,"Boats, at a marina.",4179,4179,"Boats, at a marina.",False,0.25236278772354126
t2i,"Boats, at a marina.",9353,9353,"Boats, at a marina.",True,0.07866881787776947
t2i,"Boats, at a marina.",9992,9992,"Boats, at a marina.",True,0.02273748815059662
t2i,"Boats, at a marina.",3469,3469,"Boats, at a marina.",True,0.048950619995594025
t2i,"Boats, at a marina.",1798,1798,"Boats, at a marina.",True,0.017172643914818764
t2i,"Boats, at a marina.",13839,13839,"Boats, at a marina.",False,0.11747636646032333
t2i,"Boats, at a marina.",12487,12487,"Boats, at a marina.",True,0.0411054790019989
t2i,The woman and her son walk along the trail.,2940,2940,The woman and her son walk along the trail.,True,0.974568247795105
t2i,The woman and her son walk along the trail.,4655,4655,The woman and her son walk along the trail.,True,0.24602796137332916
t2i,The woman and her son walk along the trail.,9413,9413,The woman and her son walk along the trail.,False,0.5836794972419739
t2i,The woman and her son walk along the trail.,1224,1224,The woman and her son walk along the trail.,False,0.004202006384730339
t2i,The woman and her son walk along the trail.,439,439,The woman and her son walk along the trail.,False,7.387561345240101e-05
t2i,The woman and her son walk along the trail.,10504,10504,The woman and her son walk along the trail.,True,0.22126325964927673
t2i,The woman and her son walk along the trail.,2065,2065,The woman and her son walk along the trail.,False,0.0013553641038015485
t2i,The woman and her son walk along the trail.,5754,5754,The woman and her son walk along the trail.,True,0.0035974429920315742
t2i,The woman and her son walk along the trail.,3440,3440,The woman and her son walk along the trail.,True,0.12349499762058258
t2i,The woman and her son walk along the trail.,2931,2931,The woman and her son walk along the trail.,True,0.38444140553474426
t2i,The woman and her son walk along the trail.,3011,3011,The woman and her son walk along the trail.,False,0.8861218690872192
t2i,The woman and her son walk along the trail.,1570,1570,The woman and her son walk along the trail.,False,0.4998225271701813
t2i,The woman and her son walk along the trail.,3165,3165,The woman and her son walk along the trail.,False,0.23555848002433777
t2i,The woman and her son walk along the trail.,1031,1031,The woman and her son walk along the trail.,False,0.424580454826355
t2i,The woman and her son walk along the trail.,3559,3559,The woman and her son walk along the trail.,True,0.9193522930145264
t2i,The woman and her son walk along the trail.,942,942,The woman and her son walk along the trail.,False,0.19583727419376373
t2i,The woman and her son walk along the trail.,2181,2181,The woman and her son walk along the trail.,True,0.19781053066253662
t2i,The woman and her son walk along the trail.,9621,9621,The woman and her son walk along the trail.,False,0.02220766432583332
t2i,The woman and her son walk along the trail.,1150,1150,The woman and her son walk along the trail.,False,0.007577334064990282
t2i,The woman and her son walk along the trail.,1799,1799,The woman and her son walk along the trail.,False,0.008551985025405884
t2i,The woman and her son walk along the trail.,1442,1442,The woman and her son walk along the trail.,False,0.5040169954299927
t2i,The woman and her son walk along the trail.,6568,6568,The woman and her son walk along the trail.,False,0.38405317068099976
t2i,The woman and her son walk along the trail.,11651,11651,The woman and her son walk along the trail.,False,0.06140322983264923
t2i,The woman and her son walk along the trail.,1936,1936,The woman and her son walk along the trail.,True,0.6644740700721741
t2i,The woman and her son walk along the trail.,3716,3716,The woman and her son walk along the trail.,True,0.021853819489479065
t2i,The woman and her son walk along the trail.,668,668,The woman and her son walk along the trail.,True,0.4687763750553131
t2i,The woman and her son walk along the trail.,3084,3084,The woman and her son walk along the trail.,True,0.2976928651332855
t2i,The woman and her son walk along the trail.,9341,9341,The woman and her son walk along the trail.,False,0.3110487163066864
t2i,The woman and her son walk along the trail.,7437,7437,The woman and her son walk along the trail.,True,0.9839480519294739
t2i,The woman and her son walk along the trail.,1313,1313,The woman and her son walk along the trail.,False,0.019432755187153816
t2i,The woman and her son walk along the trail.,3629,3629,The woman and her son walk along the trail.,False,9.902676538331434e-06
t2i,The woman and her son walk along the trail.,10785,10785,The woman and her son walk along the trail.,True,0.08329486846923828
t2i,The woman and her son walk along the trail.,11379,11379,The woman and her son walk along the trail.,False,0.009035973809659481
t2i,The animals run in the meadow.,1191,1191,The animals run in the meadow.,True,0.428846150636673
t2i,The animals run in the meadow.,4247,4247,The animals run in the meadow.,True,0.00015937381249386817
t2i,The animals run in the meadow.,5699,5699,The animals run in the meadow.,False,0.0663796067237854
t2i,The animals run in the meadow.,4639,4639,The animals run in the meadow.,True,0.0006127394735813141
t2i,The animals run in the meadow.,8459,8459,The animals run in the meadow.,True,0.00014043485862202942
t2i,The animals run in the meadow.,13709,13709,The animals run in the meadow.,True,0.0497305728495121
t2i,The animals run in the meadow.,10377,10377,The animals run in the meadow.,False,0.02311282977461815
t2i,The animals run in the meadow.,4053,4053,The animals run in the meadow.,True,0.06542003899812698
t2i,The animals run in the meadow.,1976,1976,The animals run in the meadow.,True,0.022024089470505714
t2i,The animals run in the meadow.,4393,4393,The animals run in the meadow.,True,0.026355823501944542
t2i,The animals run in the meadow.,3734,3734,The animals run in the meadow.,True,0.7667312622070312
t2i,The animals run in the meadow.,669,669,The animals run in the meadow.,False,0.019391123205423355
t2i,The animals run in the meadow.,10932,10932,The animals run in the meadow.,False,0.06340321153402328
t2i,The animals run in the meadow.,5621,5621,The animals run in the meadow.,False,0.30481579899787903
t2i,The animals run in the meadow.,2030,2030,The animals run in the meadow.,False,0.013715351931750774
t2i,The animals run in the meadow.,670,670,The animals run in the meadow.,True,0.06963033974170685
t2i,The animals run in the meadow.,3688,3688,The animals run in the meadow.,False,0.013610742054879665
t2i,The animals run in the meadow.,8236,8236,The animals run in the meadow.,False,0.06791658699512482
t2i,The animals run in the meadow.,13542,13542,The animals run in the meadow.,False,0.012663721106946468
t2i,The animals run in the meadow.,4335,4335,The animals run in the meadow.,False,0.011664296500384808
t2i,The animals run in the meadow.,3350,3350,The animals run in the meadow.,False,0.0031028357334434986
t2i,The animals run in the meadow.,11551,11551,The animals run in the meadow.,False,0.009723203256726265
t2i,The animals run in the meadow.,3848,3848,The animals run in the meadow.,True,0.006811782252043486
t2i,The animals run in the meadow.,1859,1859,The animals run in the meadow.,False,0.013697154819965363
t2i,The animals run in the meadow.,5469,5469,The animals run in the meadow.,True,0.09620059281587601
t2i,The animals run in the meadow.,1524,1524,The animals run in the meadow.,True,0.01771002635359764
t2i,The animals run in the meadow.,5799,5799,The animals run in the meadow.,False,0.0055049750953912735
t2i,The animals run in the meadow.,10158,10158,The animals run in the meadow.,False,0.018595896661281586
t2i,The animals run in the meadow.,7076,7076,The animals run in the meadow.,False,0.0004723422462120652
t2i,The animals run in the meadow.,11718,11718,The animals run in the meadow.,False,0.003480494488030672
t2i,The animals run in the meadow.,309,309,The animals run in the meadow.,False,0.1847241073846817
t2i,The animals run in the meadow.,13909,13909,The animals run in the meadow.,False,0.20388825237751007
t2i,The animals run in the meadow.,12241,12241,The animals run in the meadow.,False,0.009013216011226177
t2i,The animals run in the meadow.,6229,6229,The animals run in the meadow.,False,0.00015537196304649115
t2i,The animals run in the meadow.,6228,6228,The animals run in the meadow.,False,0.32530587911605835
t2i,The animals run in the meadow.,14076,14076,The animals run in the meadow.,False,0.00013273692457005382
t2i,The animals run in the meadow.,11334,11334,The animals run in the meadow.,True,0.00011489939788589254
t2i,The animals run in the meadow.,7891,7891,The animals run in the meadow.,False,6.151717389002442e-05
t2i,The animals run in the meadow.,742,742,The animals run in the meadow.,True,0.0012225909158587456
t2i,Player run with ball,9177,9177,Player run with ball,False,0.6197458505630493
t2i,Player run with ball,9503,9503,Player run with ball,False,0.00060777657199651
t2i,Player run with ball,8724,8724,Player run with ball,False,0.002547440119087696
t2i,Player run with ball,2263,2263,Player run with ball,False,0.006061821710318327
t2i,Player run with ball,9944,9944,Player run with ball,False,0.08209110796451569
t2i,Player run with ball,11401,11401,Player run with ball,False,0.02039681375026703
t2i,Player run with ball,8102,8102,Player run with ball,False,0.03278733789920807
t2i,Player run with ball,94,94,Player run with ball,False,0.01758521795272827
t2i,Player run with ball,3765,3765,Player run with ball,False,0.013751926831901073
t2i,Player run with ball,12832,12832,Player run with ball,False,0.0016330672660842538
t2i,Player run with ball,8377,8377,Player run with ball,True,0.9506341814994812
t2i,Player run with ball,3148,3148,Player run with ball,True,0.8654960989952087
t2i,Player run with ball,6129,6129,Player run with ball,True,0.6160748600959778
t2i,Player run with ball,8573,8573,Player run with ball,True,0.7787187099456787
t2i,Player run with ball,4353,4353,Player run with ball,False,0.8473632335662842
t2i,Player run with ball,9573,9573,Player run with ball,True,0.6376089453697205
t2i,Player run with ball,4698,4698,Player run with ball,False,0.4937388300895691
t2i,Player run with ball,8739,8739,Player run with ball,True,0.6033956408500671
t2i,Player run with ball,13793,13793,Player run with ball,False,0.31594544649124146
t2i,Player run with ball,1556,1556,Player run with ball,False,0.06518666446208954
t2i,Player run with ball,5397,5397,Player run with ball,False,0.0998738557100296
t2i,Player run with ball,9798,9798,Player run with ball,False,0.1610993891954422
t2i,Player run with ball,9085,9085,Player run with ball,False,0.05718870460987091
t2i,Player run with ball,13407,13407,Player run with ball,False,0.05912552401423454
t2i,Player run with ball,5550,5550,Player run with ball,False,0.5382579565048218
t2i,Player run with ball,3330,3330,Player run with ball,False,0.24940790235996246
t2i,Player run with ball,4417,4417,Player run with ball,False,0.2569577097892761
t2i,Player run with ball,2662,2662,Player run with ball,False,0.21662494540214539
t2i,Player run with ball,3147,3147,Player run with ball,False,0.46046382188796997
t2i,Player run with ball,1631,1631,Player run with ball,True,0.5083037614822388
t2i,Player run with ball,5525,5525,Player run with ball,False,0.018149031326174736
t2i,Player run with ball,3824,3824,Player run with ball,True,0.024871675297617912
t2i,Player run with ball,5480,5480,Player run with ball,True,0.39256900548934937
t2i,Player run with ball,9843,9843,Player run with ball,False,0.0036414482165127993
t2i,Player run with ball,794,794,Player run with ball,False,0.016118254512548447
t2i,Player run with ball,5521,5521,Player run with ball,False,0.00016878500173334032
t2i,Player run with ball,11377,11377,Player run with ball,False,0.3726094961166382
t2i,Player run with ball,7148,7148,Player run with ball,False,0.5615777373313904
t2i,Player run with ball,9598,9598,Player run with ball,True,0.513182520866394
t2i,Player run with ball,3909,3909,Player run with ball,True,0.07120564579963684
t2i,Player run with ball,2380,2380,Player run with ball,True,0.010628636926412582
t2i,Player run with ball,1678,1678,Player run with ball,False,0.22386455535888672
t2i,Player run with ball,613,613,Player run with ball,False,0.32689231634140015
t2i,Player run with ball,7313,7313,Player run with ball,True,0.5141301155090332
t2i,Player run with ball,4947,4947,Player run with ball,True,0.5077378153800964
t2i,Player run with ball,12090,12090,Player run with ball,True,0.32977816462516785
t2i,Player run with ball,2416,2416,Player run with ball,True,0.08350979536771774
t2i,Player run with ball,514,514,Player run with ball,False,0.6974766850471497
t2i,Player run with ball,5402,5402,Player run with ball,True,0.04145444929599762
t2i,Player run with ball,13554,13554,Player run with ball,True,0.21075968444347382
t2i,Player run with ball,9846,9846,Player run with ball,False,0.12012413889169693
t2i,Player run with ball,4052,4052,Player run with ball,True,0.08842254430055618
t2i,Player run with ball,4048,4048,Player run with ball,True,0.024697156623005867
t2i,Player run with ball,10375,10375,Player run with ball,True,0.17663592100143433
t2i,Player run with ball,8054,8054,Player run with ball,False,0.028902236372232437
t2i,Player run with ball,9978,9978,Player run with ball,True,0.0014365996466949582
t2i,The man jumped across the mountain.,445,445,The man jumped across the mountain.,True,0.017768602818250656
t2i,The man jumped across the mountain.,3800,3800,The man jumped across the mountain.,False,0.011486764065921307
t2i,The man jumped across the mountain.,8196,8196,The man jumped across the mountain.,False,0.45134904980659485
t2i,The man jumped across the mountain.,682,682,The man jumped across the mountain.,True,0.6080530285835266
t2i,The man jumped across the mountain.,7741,7741,The man jumped across the mountain.,True,0.702163815498352
t2i,The man jumped across the mountain.,12124,12124,The man jumped across the mountain.,False,0.028687575832009315
t2i,The man jumped across the mountain.,11748,11748,The man jumped across the mountain.,True,0.705062210559845
t2i,The man jumped across the mountain.,9100,9100,The man jumped across the mountain.,False,0.08621320128440857
t2i,The man jumped across the mountain.,9582,9582,The man jumped across the mountain.,False,0.9498353600502014
t2i,The man jumped across the mountain.,7886,7886,The man jumped across the mountain.,False,0.012730736285448074
t2i,The man jumped across the mountain.,705,705,The man jumped across the mountain.,True,0.7641327977180481
t2i,The man jumped across the mountain.,4964,4964,The man jumped across the mountain.,True,0.9001896381378174
t2i,The man jumped across the mountain.,4824,4824,The man jumped across the mountain.,False,0.10487662255764008
t2i,The man jumped across the mountain.,9386,9386,The man jumped across the mountain.,True,0.4765152931213379
t2i,The man jumped across the mountain.,2641,2641,The man jumped across the mountain.,False,0.8098995089530945
t2i,The man jumped across the mountain.,3699,3699,The man jumped across the mountain.,False,0.019746512174606323
t2i,The man jumped across the mountain.,7821,7821,The man jumped across the mountain.,False,0.22107665240764618
t2i,The man jumped across the mountain.,10713,10713,The man jumped across the mountain.,True,0.0108576575294137
t2i,The man jumped across the mountain.,11762,11762,The man jumped across the mountain.,False,0.07891067117452621
t2i,The man jumped across the mountain.,289,289,The man jumped across the mountain.,False,0.0011646110797300935
t2i,The man jumped across the mountain.,1544,1544,The man jumped across the mountain.,False,0.08538567274808884
t2i,The man jumped across the mountain.,7822,7822,The man jumped across the mountain.,True,0.3821914792060852
t2i,The man jumped across the mountain.,6217,6217,The man jumped across the mountain.,True,0.36176586151123047
t2i,The man jumped across the mountain.,364,364,The man jumped across the mountain.,False,0.08672811836004257
t2i,The man jumped across the mountain.,11015,11015,The man jumped across the mountain.,True,0.10525268316268921
t2i,The man jumped across the mountain.,6605,6605,The man jumped across the mountain.,False,0.0019915143493562937
t2i,The man jumped across the mountain.,5168,5168,The man jumped across the mountain.,True,0.3907841444015503
t2i,The man jumped across the mountain.,3195,3195,The man jumped across the mountain.,False,0.8991052508354187
t2i,The man jumped across the mountain.,11771,11771,The man jumped across the mountain.,False,0.0029696966521441936
t2i,The man jumped across the mountain.,8730,8730,The man jumped across the mountain.,True,0.2190721035003662
t2i,A woman is jumping in the sunset.,12373,12373,A woman is jumping in the sunset.,True,0.8504866361618042
t2i,A woman is jumping in the sunset.,1890,1890,A woman is jumping in the sunset.,True,0.9276156425476074
t2i,A woman is jumping in the sunset.,12656,12656,A woman is jumping in the sunset.,True,0.017586272209882736
t2i,A woman is jumping in the sunset.,7866,7866,A woman is jumping in the sunset.,False,0.013464855030179024
t2i,A woman is jumping in the sunset.,6169,6169,A woman is jumping in the sunset.,True,0.9571115374565125
t2i,A woman is jumping in the sunset.,3875,3875,A woman is jumping in the sunset.,False,0.00022236121003516018
t2i,A woman is jumping in the sunset.,7741,7741,A woman is jumping in the sunset.,True,0.6370685696601868
t2i,A woman is jumping in the sunset.,7822,7822,A woman is jumping in the sunset.,True,0.9842618703842163
t2i,A woman is jumping in the sunset.,2283,2283,A woman is jumping in the sunset.,False,9.199906344292685e-05
t2i,A woman is jumping in the sunset.,6387,6387,A woman is jumping in the sunset.,True,0.7383925914764404
t2i,A woman is jumping in the sunset.,6706,6706,A woman is jumping in the sunset.,True,0.9846293926239014
t2i,A woman is jumping in the sunset.,6633,6633,A woman is jumping in the sunset.,True,0.9878437519073486
t2i,A woman is jumping in the sunset.,4498,4498,A woman is jumping in the sunset.,False,0.8396528363227844
t2i,A woman is jumping in the sunset.,7964,7964,A woman is jumping in the sunset.,True,0.7616128325462341
t2i,A woman is jumping in the sunset.,10579,10579,A woman is jumping in the sunset.,False,0.6955224275588989
t2i,A woman is jumping in the sunset.,9139,9139,A woman is jumping in the sunset.,False,0.777250349521637
t2i,A woman is jumping in the sunset.,8914,8914,A woman is jumping in the sunset.,False,0.5871840715408325
t2i,A woman is jumping in the sunset.,6187,6187,A woman is jumping in the sunset.,True,0.7967302799224854
t2i,A woman is jumping in the sunset.,6547,6547,A woman is jumping in the sunset.,True,0.9142721891403198
t2i,A woman is jumping in the sunset.,9386,9386,A woman is jumping in the sunset.,True,0.5615286231040955
t2i,A woman is jumping in the sunset.,12083,12083,A woman is jumping in the sunset.,False,0.30355894565582275
t2i,A woman is jumping in the sunset.,4768,4768,A woman is jumping in the sunset.,True,0.652195930480957
t2i,A woman is jumping in the sunset.,13381,13381,A woman is jumping in the sunset.,False,0.7055561542510986
t2i,A woman is jumping in the sunset.,7764,7764,A woman is jumping in the sunset.,False,0.000475980166811496
t2i,A woman is jumping in the sunset.,7809,7809,A woman is jumping in the sunset.,False,0.00017541409761179239
t2i,A person looks ready for a show.,9871,9871,A person looks ready for a show.,False,0.002111690351739526
t2i,A person looks ready for a show.,5432,5432,A person looks ready for a show.,False,1.6270053038169863e-06
t2i,A person looks ready for a show.,5693,5693,A person looks ready for a show.,False,0.004332900978624821
t2i,A person looks ready for a show.,7380,7380,A person looks ready for a show.,False,0.006867136340588331
t2i,A person looks ready for a show.,4122,4122,A person looks ready for a show.,False,2.2821707261755364e-06
t2i,A person looks ready for a show.,5602,5602,A person looks ready for a show.,False,8.316792809637263e-05
t2i,A person looks ready for a show.,13732,13732,A person looks ready for a show.,False,8.843487194098998e-06
t2i,A person looks ready for a show.,4521,4521,A person looks ready for a show.,False,0.0003385886375326663
t2i,A person looks ready for a show.,10219,10219,A person looks ready for a show.,False,0.00019020809850189835
t2i,A person looks ready for a show.,11280,11280,A person looks ready for a show.,False,2.7665902962326072e-05
t2i,A person looks ready for a show.,3290,3290,A person looks ready for a show.,False,0.00010647526505636051
t2i,A person looks ready for a show.,13318,13318,A person looks ready for a show.,True,0.03153137117624283
t2i,A person looks ready for a show.,10950,10950,A person looks ready for a show.,False,0.3967939019203186
t2i,A person looks ready for a show.,3683,3683,A person looks ready for a show.,True,0.4536534249782562
t2i,A person looks ready for a show.,15,15,A person looks ready for a show.,False,2.36019059229875e-05
t2i,A person looks ready for a show.,9720,9720,A person looks ready for a show.,False,0.00019309623166918755
t2i,A person looks ready for a show.,11443,11443,A person looks ready for a show.,True,0.47727811336517334
t2i,A person looks ready for a show.,7131,7131,A person looks ready for a show.,True,0.005744368769228458
t2i,A person looks ready for a show.,7487,7487,A person looks ready for a show.,False,0.3268941044807434
t2i,A person looks ready for a show.,4223,4223,A person looks ready for a show.,True,0.3633052408695221
t2i,A person looks ready for a show.,6592,6592,A person looks ready for a show.,False,8.008158329175785e-05
t2i,A person looks ready for a show.,102,102,A person looks ready for a show.,False,0.0008809901773929596
t2i,A person looks ready for a show.,7849,7849,A person looks ready for a show.,False,0.00714458804577589
t2i,A person looks ready for a show.,4839,4839,A person looks ready for a show.,False,0.0002113847149303183
t2i,A person looks ready for a show.,8895,8895,A person looks ready for a show.,False,0.0049805231392383575
t2i,A person looks ready for a show.,10738,10738,A person looks ready for a show.,False,0.23884864151477814
t2i,A person looks ready for a show.,9329,9329,A person looks ready for a show.,False,0.49697840213775635
t2i,A person looks ready for a show.,9482,9482,A person looks ready for a show.,False,0.0029702966567128897
t2i,A person looks ready for a show.,4249,4249,A person looks ready for a show.,False,0.08776213228702545
t2i,A person looks ready for a show.,4248,4248,A person looks ready for a show.,False,0.08776213228702545
t2i,A person looks ready for a show.,1422,1422,A person looks ready for a show.,True,0.36259031295776367
t2i,A person looks ready for a show.,1906,1906,A person looks ready for a show.,True,0.0009263058309443295
t2i,A person looks ready for a show.,3238,3238,A person looks ready for a show.,True,0.344674676656723
t2i,A person looks ready for a show.,8828,8828,A person looks ready for a show.,False,0.32967349886894226
t2i,A person looks ready for a show.,98,98,A person looks ready for a show.,False,0.45046892762184143
t2i,A person looks ready for a show.,6497,6497,A person looks ready for a show.,False,0.01282103918492794
t2i,A person looks ready for a show.,7349,7349,A person looks ready for a show.,False,0.0847974494099617
t2i,A person looks ready for a show.,1686,1686,A person looks ready for a show.,True,0.5242510437965393
t2i,A person looks ready for a show.,3247,3247,A person looks ready for a show.,True,3.55938718712423e-05
t2i,A person looks ready for a show.,4112,4112,A person looks ready for a show.,True,0.002295464277267456
t2i,A person looks ready for a show.,3779,3779,A person looks ready for a show.,False,0.031981538981199265
t2i,A person looks ready for a show.,8899,8899,A person looks ready for a show.,True,0.1206296756863594
t2i,A person looks ready for a show.,3933,3933,A person looks ready for a show.,False,0.009749433025717735
t2i,A person looks ready for a show.,8442,8442,A person looks ready for a show.,True,0.0796022042632103
t2i,A person looks ready for a show.,10079,10079,A person looks ready for a show.,True,0.00060291588306427
t2i,A person looks ready for a show.,9827,9827,A person looks ready for a show.,True,0.00011191380326636136
t2i,A person looks ready for a show.,1021,1021,A person looks ready for a show.,True,0.012960538268089294
t2i,A person looks ready for a show.,10777,10777,A person looks ready for a show.,False,0.004690780770033598
t2i,A person looks ready for a show.,6539,6539,A person looks ready for a show.,True,0.33577775955200195
t2i,A person looks ready for a show.,12611,12611,A person looks ready for a show.,True,0.004528051242232323
t2i,A person looks ready for a show.,9082,9082,A person looks ready for a show.,True,0.03687450662255287
t2i,A person looks ready for a show.,9321,9321,A person looks ready for a show.,True,0.007276349700987339
t2i,A person looks ready for a show.,2013,2013,A person looks ready for a show.,False,0.00024757799110375345
t2i,A person looks ready for a show.,7691,7691,A person looks ready for a show.,False,0.14052270352840424
t2i,A person looks ready for a show.,11081,11081,A person looks ready for a show.,True,0.0010158540681004524
t2i,A person looks ready for a show.,7610,7610,A person looks ready for a show.,True,0.200691819190979
t2i,The person will sing into the microphone.,12835,12835,The person will sing into the microphone.,True,0.001063666888512671
t2i,The person will sing into the microphone.,3515,3515,The person will sing into the microphone.,True,0.07525182515382767
t2i,The person will sing into the microphone.,10770,10770,The person will sing into the microphone.,False,0.06392262130975723
t2i,The person will sing into the microphone.,241,241,The person will sing into the microphone.,True,0.0004761292948387563
t2i,The person will sing into the microphone.,12834,12834,The person will sing into the microphone.,True,0.005294376518577337
t2i,The person will sing into the microphone.,4203,4203,The person will sing into the microphone.,True,0.03488949313759804
t2i,The person will sing into the microphone.,8789,8789,The person will sing into the microphone.,False,0.0002614195109345019
t2i,The person will sing into the microphone.,2595,2595,The person will sing into the microphone.,True,0.05671480670571327
t2i,The person will sing into the microphone.,3115,3115,The person will sing into the microphone.,True,0.07372607290744781
t2i,The person will sing into the microphone.,4837,4837,The person will sing into the microphone.,True,0.014952556230127811
t2i,The person will sing into the microphone.,7583,7583,The person will sing into the microphone.,True,0.6702675223350525
t2i,The person will sing into the microphone.,13318,13318,The person will sing into the microphone.,True,0.22411631047725677
t2i,The person will sing into the microphone.,3413,3413,The person will sing into the microphone.,True,0.05802256241440773
t2i,The person will sing into the microphone.,8226,8226,The person will sing into the microphone.,True,0.02564670890569687
t2i,The person will sing into the microphone.,3610,3610,The person will sing into the microphone.,True,0.08371561020612717
t2i,The person will sing into the microphone.,3238,3238,The person will sing into the microphone.,True,0.8160339593887329
t2i,The person will sing into the microphone.,13961,13961,The person will sing into the microphone.,True,0.023096615448594093
t2i,The person will sing into the microphone.,3227,3227,The person will sing into the microphone.,True,0.840580403804779
t2i,The person will sing into the microphone.,4411,4411,The person will sing into the microphone.,True,0.004513313993811607
t2i,The person will sing into the microphone.,3468,3468,The person will sing into the microphone.,True,0.011383915320038795
t2i,The person will sing into the microphone.,1818,1818,The person will sing into the microphone.,True,0.0629454031586647
t2i,The person will sing into the microphone.,6934,6934,The person will sing into the microphone.,False,0.039036791771650314
t2i,The person will sing into the microphone.,4321,4321,The person will sing into the microphone.,True,0.01632038876414299
t2i,The person will sing into the microphone.,3246,3246,The person will sing into the microphone.,True,0.04513845965266228
t2i,The person will sing into the microphone.,3256,3256,The person will sing into the microphone.,True,0.035343997180461884
t2i,The person will sing into the microphone.,3677,3677,The person will sing into the microphone.,True,0.2132100760936737
t2i,The person will sing into the microphone.,1685,1685,The person will sing into the microphone.,True,0.40237918496131897
t2i,The person will sing into the microphone.,1512,1512,The person will sing into the microphone.,True,0.008175961673259735
t2i,The person will sing into the microphone.,3882,3882,The person will sing into the microphone.,True,0.30136290192604065
t2i,The person will sing into the microphone.,1102,1102,The person will sing into the microphone.,True,0.05427286773920059
t2i,The person will sing into the microphone.,4009,4009,The person will sing into the microphone.,True,0.05596742406487465
t2i,The person will sing into the microphone.,3088,3088,The person will sing into the microphone.,True,0.012678736820816994
t2i,The person will sing into the microphone.,7774,7774,The person will sing into the microphone.,True,0.033393897116184235
t2i,The man is taking a walk in the park.,1948,1948,The man is taking a walk in the park.,True,0.006037547718733549
t2i,The man is taking a walk in the park.,961,961,The man is taking a walk in the park.,False,0.0386187843978405
t2i,The man is taking a walk in the park.,542,542,The man is taking a walk in the park.,True,0.045976221561431885
t2i,The man is taking a walk in the park.,7390,7390,The man is taking a walk in the park.,True,0.6612710356712341
t2i,The man is taking a walk in the park.,3253,3253,The man is taking a walk in the park.,True,0.011101234704256058
t2i,The man is taking a walk in the park.,3365,3365,The man is taking a walk in the park.,True,0.005885056219995022
t2i,The man is taking a walk in the park.,2857,2857,The man is taking a walk in the park.,True,0.2545303702354431
t2i,The man is taking a walk in the park.,1535,1535,The man is taking a walk in the park.,False,0.0030592428520321846
t2i,The man is taking a walk in the park.,7293,7293,The man is taking a walk in the park.,True,0.44919562339782715
t2i,The man is taking a walk in the park.,1303,1303,The man is taking a walk in the park.,False,0.020461708307266235
t2i,The man is taking a walk in the park.,5755,5755,The man is taking a walk in the park.,True,0.8679934144020081
t2i,The man is taking a walk in the park.,5663,5663,The man is taking a walk in the park.,False,0.42517390847206116
t2i,The man is taking a walk in the park.,2861,2861,The man is taking a walk in the park.,True,0.3168960213661194
t2i,The man is taking a walk in the park.,4143,4143,The man is taking a walk in the park.,True,0.8875457048416138
t2i,The man is taking a walk in the park.,10845,10845,The man is taking a walk in the park.,True,0.8242962956428528
t2i,The man is taking a walk in the park.,9383,9383,The man is taking a walk in the park.,True,0.6150660514831543
t2i,The man is taking a walk in the park.,8898,8898,The man is taking a walk in the park.,True,0.6501952409744263
t2i,The man is taking a walk in the park.,1724,1724,The man is taking a walk in the park.,True,0.6821870803833008
t2i,The man is taking a walk in the park.,1018,1018,The man is taking a walk in the park.,True,0.6190931797027588
t2i,The man is taking a walk in the park.,13595,13595,The man is taking a walk in the park.,True,0.628120481967926
t2i,The man is taking a walk in the park.,11723,11723,The man is taking a walk in the park.,True,0.8078833818435669
t2i,The man is taking a walk in the park.,11784,11784,The man is taking a walk in the park.,False,0.42219385504722595
t2i,The man is taking a walk in the park.,8596,8596,The man is taking a walk in the park.,False,0.02277754247188568
t2i,The man is taking a walk in the park.,1292,1292,The man is taking a walk in the park.,True,0.6759687066078186
t2i,The man is taking a walk in the park.,2299,2299,The man is taking a walk in the park.,True,0.6438488364219666
t2i,The man is taking a walk in the park.,5427,5427,The man is taking a walk in the park.,True,0.30908817052841187
t2i,The man is taking a walk in the park.,624,624,The man is taking a walk in the park.,False,0.16039341688156128
t2i,The man is taking a walk in the park.,1740,1740,The man is taking a walk in the park.,False,0.01738470047712326
t2i,The man is taking a walk in the park.,2997,2997,The man is taking a walk in the park.,True,0.02996150404214859
t2i,The man is taking a walk in the park.,1660,1660,The man is taking a walk in the park.,False,0.5739507675170898
t2i,The man is taking a walk in the park.,2756,2756,The man is taking a walk in the park.,False,0.011942685581743717
t2i,The man is taking a walk in the park.,8314,8314,The man is taking a walk in the park.,True,0.40638870000839233
t2i,The man is taking a walk in the park.,3727,3727,The man is taking a walk in the park.,False,0.08958163112401962
t2i,The man is taking a walk in the park.,9645,9645,The man is taking a walk in the park.,True,0.0015568459639325738
t2i,The man is taking a walk in the park.,811,811,The man is taking a walk in the park.,True,0.010400567203760147
t2i,The man is taking a walk in the park.,7654,7654,The man is taking a walk in the park.,False,0.42928797006607056
t2i,A player celebrates with his teammates.,12317,12317,A player celebrates with his teammates.,False,0.012941031716763973
t2i,A player celebrates with his teammates.,4541,4541,A player celebrates with his teammates.,False,0.007081835065037012
t2i,A player celebrates with his teammates.,1006,1006,A player celebrates with his teammates.,True,0.0024970900267362595
t2i,A player celebrates with his teammates.,10896,10896,A player celebrates with his teammates.,True,0.0007637827075086534
t2i,A player celebrates with his teammates.,2508,2508,A player celebrates with his teammates.,True,0.24342939257621765
t2i,A player celebrates with his teammates.,4883,4883,A player celebrates with his teammates.,True,0.00814046710729599
t2i,A player celebrates with his teammates.,353,353,A player celebrates with his teammates.,False,1.2432381481630728e-05
t2i,A player celebrates with his teammates.,13345,13345,A player celebrates with his teammates.,True,0.03258368745446205
t2i,A player celebrates with his teammates.,1207,1207,A player celebrates with his teammates.,False,0.0011930729961022735
t2i,A player celebrates with his teammates.,3777,3777,A player celebrates with his teammates.,True,0.0013098452473059297
t2i,A player celebrates with his teammates.,10018,10018,A player celebrates with his teammates.,True,0.318751722574234
t2i,A player celebrates with his teammates.,9837,9837,A player celebrates with his teammates.,True,0.21992002427577972
t2i,A player celebrates with his teammates.,9464,9464,A player celebrates with his teammates.,True,0.16945780813694
t2i,A player celebrates with his teammates.,3217,3217,A player celebrates with his teammates.,True,0.05124048888683319
t2i,A player celebrates with his teammates.,5701,5701,A player celebrates with his teammates.,True,0.06338225305080414
t2i,A player celebrates with his teammates.,2271,2271,A player celebrates with his teammates.,True,0.20082247257232666
t2i,A player celebrates with his teammates.,10736,10736,A player celebrates with his teammates.,True,0.21011675894260406
t2i,A player celebrates with his teammates.,3968,3968,A player celebrates with his teammates.,False,0.1326853483915329
t2i,A player celebrates with his teammates.,344,344,A player celebrates with his teammates.,True,0.13604450225830078
t2i,A player celebrates with his teammates.,3544,3544,A player celebrates with his teammates.,True,0.18550308048725128
t2i,A player celebrates with his teammates.,12010,12010,A player celebrates with his teammates.,True,0.007406421005725861
t2i,A player celebrates with his teammates.,4459,4459,A player celebrates with his teammates.,False,0.002588680712506175
t2i,A player celebrates with his teammates.,11282,11282,A player celebrates with his teammates.,True,0.04170188307762146
t2i,A player celebrates with his teammates.,14009,14009,A player celebrates with his teammates.,False,0.08984829485416412
t2i,A player celebrates with his teammates.,10533,10533,A player celebrates with his teammates.,True,0.0030997630674391985
t2i,A player celebrates with his teammates.,12961,12961,A player celebrates with his teammates.,True,0.019954683259129524
t2i,A player celebrates with his teammates.,6589,6589,A player celebrates with his teammates.,True,0.017392057925462723
t2i,A player celebrates with his teammates.,5272,5272,A player celebrates with his teammates.,False,0.009336592629551888
t2i,A player celebrates with his teammates.,8773,8773,A player celebrates with his teammates.,True,0.08480006456375122
t2i,A player celebrates with his teammates.,10509,10509,A player celebrates with his teammates.,True,0.0965471863746643
t2i,A player celebrates with his teammates.,3411,3411,A player celebrates with his teammates.,True,0.007764594163745642
t2i,A player celebrates with his teammates.,5765,5765,A player celebrates with his teammates.,True,0.044732026755809784
t2i,A player celebrates with his teammates.,7945,7945,A player celebrates with his teammates.,False,0.026130659505724907
t2i,A player celebrates with his teammates.,1125,1125,A player celebrates with his teammates.,False,0.09565000236034393
t2i,A player celebrates with his teammates.,2899,2899,A player celebrates with his teammates.,False,0.0009744588169269264
t2i,A player celebrates with his teammates.,4116,4116,A player celebrates with his teammates.,False,0.01279317494481802
t2i,A player celebrates with his teammates.,11367,11367,A player celebrates with his teammates.,True,0.14636164903640747
t2i,A player celebrates with his teammates.,8005,8005,A player celebrates with his teammates.,True,0.00390674127265811
t2i,A player celebrates with his teammates.,714,714,A player celebrates with his teammates.,True,0.0161274541169405
t2i,A player celebrates with his teammates.,12783,12783,A player celebrates with his teammates.,True,0.017422523349523544
t2i,A player celebrates with his teammates.,4138,4138,A player celebrates with his teammates.,True,0.14231382310390472
t2i,A player celebrates with his teammates.,2832,2832,A player celebrates with his teammates.,True,0.07405237853527069
t2i,A player celebrates with his teammates.,5199,5199,A player celebrates with his teammates.,True,0.33371368050575256
t2i,A player celebrates with his teammates.,9709,9709,A player celebrates with his teammates.,True,0.10243631899356842
t2i,A player celebrates with his teammates.,4345,4345,A player celebrates with his teammates.,True,0.1189374327659607
t2i,A player celebrates with his teammates.,10074,10074,A player celebrates with his teammates.,True,6.652275624219328e-05
t2i,A player celebrates with his teammates.,7876,7876,A player celebrates with his teammates.,True,0.04689626768231392
t2i,A player celebrates with his teammates.,9249,9249,A player celebrates with his teammates.,True,0.2868012487888336
t2i,A WORKER STANDS IN FRONT,11073,11073,A WORKER STANDS IN FRONT,True,0.00034456056891940534
t2i,A WORKER STANDS IN FRONT,8410,8410,A WORKER STANDS IN FRONT,True,0.00046816427493467927
t2i,A WORKER STANDS IN FRONT,13828,13828,A WORKER STANDS IN FRONT,True,3.4218526707263663e-05
t2i,A WORKER STANDS IN FRONT,10499,10499,A WORKER STANDS IN FRONT,False,3.4490545658627525e-05
t2i,A WORKER STANDS IN FRONT,6389,6389,A WORKER STANDS IN FRONT,False,2.926045908679953e-06
t2i,A WORKER STANDS IN FRONT,5136,5136,A WORKER STANDS IN FRONT,False,6.647895133937709e-06
t2i,A WORKER STANDS IN FRONT,13620,13620,A WORKER STANDS IN FRONT,False,2.1686557829525555e-06
t2i,A WORKER STANDS IN FRONT,10104,10104,A WORKER STANDS IN FRONT,True,0.00011823682871181518
t2i,A WORKER STANDS IN FRONT,11280,11280,A WORKER STANDS IN FRONT,False,1.6825706552481279e-06
t2i,A WORKER STANDS IN FRONT,13969,13969,A WORKER STANDS IN FRONT,False,4.447177616384579e-06
t2i,A WORKER STANDS IN FRONT,13840,13840,A WORKER STANDS IN FRONT,True,0.05835110694169998
t2i,A WORKER STANDS IN FRONT,12424,12424,A WORKER STANDS IN FRONT,True,0.021100260317325592
t2i,A WORKER STANDS IN FRONT,4164,4164,A WORKER STANDS IN FRONT,True,0.11546961963176727
t2i,A WORKER STANDS IN FRONT,8593,8593,A WORKER STANDS IN FRONT,False,0.01598527655005455
t2i,A WORKER STANDS IN FRONT,3112,3112,A WORKER STANDS IN FRONT,True,0.00033642209018580616
t2i,A WORKER STANDS IN FRONT,13918,13918,A WORKER STANDS IN FRONT,False,0.42282506823539734
t2i,A WORKER STANDS IN FRONT,12632,12632,A WORKER STANDS IN FRONT,False,0.009951342828571796
t2i,A WORKER STANDS IN FRONT,10835,10835,A WORKER STANDS IN FRONT,True,0.3316086232662201
t2i,A WORKER STANDS IN FRONT,8174,8174,A WORKER STANDS IN FRONT,True,0.002406510291621089
t2i,A WORKER STANDS IN FRONT,11075,11075,A WORKER STANDS IN FRONT,False,0.001613915548659861
t2i,A WORKER STANDS IN FRONT,3675,3675,A WORKER STANDS IN FRONT,False,0.0016750330105423927
t2i,A WORKER STANDS IN FRONT,8486,8486,A WORKER STANDS IN FRONT,False,0.000804118113592267
t2i,A WORKER STANDS IN FRONT,11417,11417,A WORKER STANDS IN FRONT,False,0.020821956917643547
t2i,A WORKER STANDS IN FRONT,3978,3978,A WORKER STANDS IN FRONT,False,1.8370097677689046e-05
t2i,A WORKER STANDS IN FRONT,5175,5175,A WORKER STANDS IN FRONT,False,0.0012381656561046839
t2i,A WORKER STANDS IN FRONT,4494,4494,A WORKER STANDS IN FRONT,False,0.00021280371583998203
t2i,A WORKER STANDS IN FRONT,3437,3437,A WORKER STANDS IN FRONT,False,0.0002667364024091512
t2i,A WORKER STANDS IN FRONT,3333,3333,A WORKER STANDS IN FRONT,False,0.25190579891204834
t2i,A WORKER STANDS IN FRONT,7719,7719,A WORKER STANDS IN FRONT,False,4.250899110047612e-06
t2i,A WORKER STANDS IN FRONT,9634,9634,A WORKER STANDS IN FRONT,False,4.5197597842161485e-07
t2i,A WORKER STANDS IN FRONT,8960,8960,A WORKER STANDS IN FRONT,False,3.933728294214234e-06
t2i,A WORKER STANDS IN FRONT,7691,7691,A WORKER STANDS IN FRONT,False,0.03892603516578674
t2i,A WORKER STANDS IN FRONT,6181,6181,A WORKER STANDS IN FRONT,False,8.07035974048631e-07
t2i,A WORKER STANDS IN FRONT,7254,7254,A WORKER STANDS IN FRONT,False,7.169847435761767e-07
t2i,A WORKER STANDS IN FRONT,5372,5372,A WORKER STANDS IN FRONT,False,0.003748455550521612
t2i,A WORKER STANDS IN FRONT,11294,11294,A WORKER STANDS IN FRONT,False,0.0006500589661300182
t2i,A WORKER STANDS IN FRONT,4273,4273,A WORKER STANDS IN FRONT,True,0.00025404084590263665
t2i,A WORKER STANDS IN FRONT,3385,3385,A WORKER STANDS IN FRONT,True,0.1779310554265976
t2i,A WORKER STANDS IN FRONT,4255,4255,A WORKER STANDS IN FRONT,True,8.55548569234088e-05
t2i,A WORKER STANDS IN FRONT,6824,6824,A WORKER STANDS IN FRONT,False,1.9057939425692894e-05
t2i,A WORKER STANDS IN FRONT,5626,5626,A WORKER STANDS IN FRONT,False,0.0034428953658789396
t2i,A WORKER STANDS IN FRONT,3608,3608,A WORKER STANDS IN FRONT,False,0.0009631536668166518
t2i,A WORKER STANDS IN FRONT,10721,10721,A WORKER STANDS IN FRONT,False,1.4532552995660808e-05
t2i,A WORKER STANDS IN FRONT,7402,7402,A WORKER STANDS IN FRONT,True,0.00030135552515275776
t2i,A WORKER STANDS IN FRONT,12108,12108,A WORKER STANDS IN FRONT,True,8.345187779923435e-06
t2i,A WORKER STANDS IN FRONT,9418,9418,A WORKER STANDS IN FRONT,True,0.01135747879743576
t2i,A WORKER STANDS IN FRONT,9681,9681,A WORKER STANDS IN FRONT,False,0.00047432116116397083
t2i,A person jumping into water.,8421,8421,A person jumping into water.,False,0.01100339088588953
t2i,A person jumping into water.,8247,8247,A person jumping into water.,False,0.009830152615904808
t2i,A person jumping into water.,3190,3190,A person jumping into water.,False,0.03268226608633995
t2i,A person jumping into water.,2283,2283,A person jumping into water.,True,0.001695093815214932
t2i,A person jumping into water.,8103,8103,A person jumping into water.,True,0.10808588564395905
t2i,A person jumping into water.,4784,4784,A person jumping into water.,True,0.24012239277362823
t2i,A person jumping into water.,7969,7969,A person jumping into water.,False,6.330551696009934e-05
t2i,A person jumping into water.,12597,12597,A person jumping into water.,True,0.20064720511436462
t2i,A person jumping into water.,866,866,A person jumping into water.,True,0.6477348208427429
t2i,A person jumping into water.,13351,13351,A person jumping into water.,True,0.15458959341049194
t2i,A person jumping into water.,9532,9532,A person jumping into water.,True,0.9408636689186096
t2i,A person jumping into water.,6387,6387,A person jumping into water.,True,0.6629870533943176
t2i,A person jumping into water.,4656,4656,A person jumping into water.,True,0.5901529788970947
t2i,A person jumping into water.,2777,2777,A person jumping into water.,True,0.8209843635559082
t2i,A person jumping into water.,6954,6954,A person jumping into water.,False,0.24355539679527283
t2i,A person jumping into water.,1095,1095,A person jumping into water.,True,0.3624088168144226
t2i,A person jumping into water.,272,272,A person jumping into water.,False,0.13535991311073303
t2i,A person jumping into water.,13847,13847,A person jumping into water.,True,0.7200813889503479
t2i,A person jumping into water.,6474,6474,A person jumping into water.,False,0.1653861254453659
t2i,A person jumping into water.,5927,5927,A person jumping into water.,False,0.5318049788475037
t2i,A person jumping into water.,9149,9149,A person jumping into water.,True,0.6165072917938232
t2i,A person jumping into water.,6330,6330,A person jumping into water.,True,0.9641028642654419
t2i,A person jumping into water.,4907,4907,A person jumping into water.,True,0.32170721888542175
t2i,A person jumping into water.,1028,1028,A person jumping into water.,False,0.02631998434662819
t2i,A person jumping into water.,10366,10366,A person jumping into water.,True,0.8021314144134521
t2i,A person jumping into water.,3854,3854,A person jumping into water.,True,0.6988709568977356
t2i,A person jumping into water.,1409,1409,A person jumping into water.,True,0.9346688389778137
t2i,A person jumping into water.,446,446,A person jumping into water.,True,0.7433403134346008
t2i,A person jumping into water.,681,681,A person jumping into water.,True,0.6450924277305603
t2i,A person jumping into water.,1447,1447,A person jumping into water.,True,0.8729609251022339
t2i,A person jumping into water.,7584,7584,A person jumping into water.,False,0.45864319801330566
t2i,A person jumping into water.,10689,10689,A person jumping into water.,False,0.16627317667007446
t2i,A person jumping into water.,8647,8647,A person jumping into water.,True,0.567389965057373
t2i,A person jumping into water.,5266,5266,A person jumping into water.,True,0.9383976459503174
t2i,A person jumping into water.,687,687,A person jumping into water.,True,0.13503170013427734
t2i,A person jumping into water.,2784,2784,A person jumping into water.,True,0.5519611835479736
t2i,A person jumping into water.,13313,13313,A person jumping into water.,True,0.17217861115932465
t2i,A person jumping into water.,106,106,A person jumping into water.,False,0.0005380391958169639
t2i,A person jumping into water.,3436,3436,A person jumping into water.,True,0.005244630388915539
t2i,A girl is sitting on the field.,8204,8204,A girl is sitting on the field.,True,0.005557630676776171
t2i,A girl is sitting on the field.,3018,3018,A girl is sitting on the field.,True,0.49066299200057983
t2i,A girl is sitting on the field.,675,675,A girl is sitting on the field.,True,0.3711821734905243
t2i,A girl is sitting on the field.,789,789,A girl is sitting on the field.,True,0.850632905960083
t2i,A girl is sitting on the field.,2315,2315,A girl is sitting on the field.,True,0.5167539119720459
t2i,A girl is sitting on the field.,260,260,A girl is sitting on the field.,True,0.22448593378067017
t2i,A girl is sitting on the field.,9948,9948,A girl is sitting on the field.,False,0.0007002952042967081
t2i,A girl is sitting on the field.,2938,2938,A girl is sitting on the field.,True,0.00026406458346173167
t2i,A girl is sitting on the field.,7007,7007,A girl is sitting on the field.,True,0.816634476184845
t2i,A girl is sitting on the field.,9280,9280,A girl is sitting on the field.,True,0.9076162576675415
t2i,A girl is sitting on the field.,7560,7560,A girl is sitting on the field.,True,0.8341483473777771
t2i,A girl is sitting on the field.,1009,1009,A girl is sitting on the field.,True,0.3182940185070038
t2i,A girl is sitting on the field.,931,931,A girl is sitting on the field.,True,0.9203217029571533
t2i,A girl is sitting on the field.,6477,6477,A girl is sitting on the field.,True,0.5670828223228455
t2i,A girl is sitting on the field.,6580,6580,A girl is sitting on the field.,True,0.5803694128990173
t2i,A girl is sitting on the field.,11871,11871,A girl is sitting on the field.,True,0.7103208899497986
t2i,A girl is sitting on the field.,2207,2207,A girl is sitting on the field.,True,0.8103715181350708
t2i,A girl is sitting on the field.,13600,13600,A girl is sitting on the field.,False,0.03624390438199043
t2i,A girl is sitting on the field.,1479,1479,A girl is sitting on the field.,False,0.043738700449466705
t2i,A girl is sitting on the field.,4440,4440,A girl is sitting on the field.,False,0.011885377578437328
t2i,A girl is sitting on the field.,652,652,A girl is sitting on the field.,False,0.006606730632483959
t2i,A girl is sitting on the field.,1690,1690,A girl is sitting on the field.,True,0.7635379433631897
t2i,A girl is sitting on the field.,5314,5314,A girl is sitting on the field.,True,0.6302253603935242
t2i,A girl is sitting on the field.,9851,9851,A girl is sitting on the field.,True,0.891928493976593
t2i,A girl is sitting on the field.,2393,2393,A girl is sitting on the field.,True,0.9435623288154602
t2i,A girl is sitting on the field.,1869,1869,A girl is sitting on the field.,True,0.8466330766677856
t2i,A girl is sitting on the field.,5525,5525,A girl is sitting on the field.,False,0.007442403119057417
t2i,A girl is sitting on the field.,6072,6072,A girl is sitting on the field.,False,0.04082036018371582
t2i,A girl is sitting on the field.,2054,2054,A girl is sitting on the field.,False,0.003179521532729268
t2i,A girl is sitting on the field.,735,735,A girl is sitting on the field.,False,0.002770558465272188
t2i,A girl is sitting on the field.,2980,2980,A girl is sitting on the field.,False,0.007551135495305061
t2i,A girl is sitting on the field.,4957,4957,A girl is sitting on the field.,False,0.03328698128461838
t2i,A girl is sitting on the field.,12908,12908,A girl is sitting on the field.,False,0.0008106994209811091
t2i,A girl is sitting on the field.,4251,4251,A girl is sitting on the field.,True,0.582752525806427
t2i,man walking in the alley,11427,11427,man walking in the alley,True,0.48026496171951294
t2i,man walking in the alley,13335,13335,man walking in the alley,True,0.6083977818489075
t2i,man walking in the alley,8323,8323,man walking in the alley,True,0.8318626880645752
t2i,man walking in the alley,3184,3184,man walking in the alley,True,0.9606444835662842
t2i,man walking in the alley,3581,3581,man walking in the alley,True,0.019461169838905334
t2i,man walking in the alley,2154,2154,man walking in the alley,False,0.010931077413260937
t2i,man walking in the alley,10086,10086,man walking in the alley,True,0.7238703370094299
t2i,man walking in the alley,12108,12108,man walking in the alley,False,0.00032435855246149004
t2i,man walking in the alley,10696,10696,man walking in the alley,False,0.0007383254705928266
t2i,man walking in the alley,10726,10726,man walking in the alley,False,0.07695984840393066
t2i,man walking in the alley,149,149,man walking in the alley,True,0.9948773980140686
t2i,man walking in the alley,7831,7831,man walking in the alley,True,0.9838676452636719
t2i,man walking in the alley,2998,2998,man walking in the alley,True,0.9042226076126099
t2i,man walking in the alley,3183,3183,man walking in the alley,True,0.9252914190292358
t2i,man walking in the alley,13787,13787,man walking in the alley,True,0.9410935640335083
t2i,man walking in the alley,1018,1018,man walking in the alley,False,0.437406986951828
t2i,man walking in the alley,3188,3188,man walking in the alley,True,0.7059639096260071
t2i,man walking in the alley,9932,9932,man walking in the alley,False,0.20209211111068726
t2i,man walking in the alley,9269,9269,man walking in the alley,True,0.27662667632102966
t2i,man walking in the alley,1056,1056,man walking in the alley,True,0.13696803152561188
t2i,man walking in the alley,3766,3766,man walking in the alley,False,0.04752742126584053
t2i,man walking in the alley,7299,7299,man walking in the alley,False,0.2622840106487274
t2i,man walking in the alley,366,366,man walking in the alley,False,0.00477478327229619
t2i,man walking in the alley,1292,1292,man walking in the alley,False,0.02418823353946209
t2i,man walking in the alley,8734,8734,man walking in the alley,True,0.15171796083450317
t2i,man walking in the alley,11547,11547,man walking in the alley,True,0.06227295473217964
t2i,man walking in the alley,4546,4546,man walking in the alley,False,0.0070839980617165565
t2i,man walking in the alley,9092,9092,man walking in the alley,True,0.023123804479837418
t2i,man walking in the alley,359,359,man walking in the alley,False,0.1164698451757431
t2i,A woman kayaking in a lake.,9174,9174,A woman kayaking in a lake.,True,0.13281908631324768
t2i,A woman kayaking in a lake.,10523,10523,A woman kayaking in a lake.,True,0.830610454082489
t2i,A woman kayaking in a lake.,4752,4752,A woman kayaking in a lake.,False,0.5041825175285339
t2i,A woman kayaking in a lake.,6138,6138,A woman kayaking in a lake.,True,0.697854220867157
t2i,A woman kayaking in a lake.,5527,5527,A woman kayaking in a lake.,False,0.0031690476462244987
t2i,A woman kayaking in a lake.,10731,10731,A woman kayaking in a lake.,False,8.144675666699186e-05
t2i,A woman kayaking in a lake.,1862,1862,A woman kayaking in a lake.,False,0.6712260246276855
t2i,A woman kayaking in a lake.,5890,5890,A woman kayaking in a lake.,True,0.76419597864151
t2i,A woman kayaking in a lake.,2327,2327,A woman kayaking in a lake.,False,0.04661145806312561
t2i,A woman kayaking in a lake.,1553,1553,A woman kayaking in a lake.,False,0.05851045250892639
t2i,A woman kayaking in a lake.,7837,7837,A woman kayaking in a lake.,True,0.9541716575622559
t2i,A woman kayaking in a lake.,6024,6024,A woman kayaking in a lake.,False,0.7986931800842285
t2i,A woman kayaking in a lake.,10131,10131,A woman kayaking in a lake.,True,0.2972352206707001
t2i,A woman kayaking in a lake.,10446,10446,A woman kayaking in a lake.,True,0.03546207398176193
t2i,A woman kayaking in a lake.,12471,12471,A woman kayaking in a lake.,True,0.1827717274427414
t2i,A woman kayaking in a lake.,9119,9119,A woman kayaking in a lake.,True,0.17935022711753845
t2i,A woman kayaking in a lake.,5904,5904,A woman kayaking in a lake.,False,0.005221785977482796
t2i,A woman kayaking in a lake.,4678,4678,A woman kayaking in a lake.,True,0.08286689966917038
t2i,A woman kayaking in a lake.,2672,2672,A woman kayaking in a lake.,False,0.0002787943813018501
t2i,A woman kayaking in a lake.,6996,6996,A woman kayaking in a lake.,False,0.03078942932188511
t2i,A woman kayaking in a lake.,5295,5295,A woman kayaking in a lake.,False,0.12426397949457169
t2i,A girl is running on the street.,4654,4654,A girl is running on the street.,True,0.7814351320266724
t2i,A girl is running on the street.,3831,3831,A girl is running on the street.,True,0.1617901474237442
t2i,A girl is running on the street.,12832,12832,A girl is running on the street.,True,0.001701708068139851
t2i,A girl is running on the street.,10519,10519,A girl is running on the street.,True,0.9545009732246399
t2i,A girl is running on the street.,1977,1977,A girl is running on the street.,True,0.07956678420305252
t2i,A girl is running on the street.,7605,7605,A girl is running on the street.,True,0.9722619652748108
t2i,A girl is running on the street.,1903,1903,A girl is running on the street.,False,0.0018064238829538226
t2i,A girl is running on the street.,9146,9146,A girl is running on the street.,True,0.1660914421081543
t2i,A girl is running on the street.,3121,3121,A girl is running on the street.,True,0.1106046736240387
t2i,A girl is running on the street.,2785,2785,A girl is running on the street.,True,0.0024389822501689196
t2i,A girl is running on the street.,10383,10383,A girl is running on the street.,True,0.2972606420516968
t2i,A girl is running on the street.,1295,1295,A girl is running on the street.,False,0.890341579914093
t2i,A girl is running on the street.,2422,2422,A girl is running on the street.,True,0.6327409148216248
t2i,A girl is running on the street.,10548,10548,A girl is running on the street.,False,0.8755371570587158
t2i,A girl is running on the street.,825,825,A girl is running on the street.,True,0.6594995856285095
t2i,A girl is running on the street.,4738,4738,A girl is running on the street.,True,0.6675843000411987
t2i,A girl is running on the street.,2622,2622,A girl is running on the street.,True,0.4453449845314026
t2i,A girl is running on the street.,4819,4819,A girl is running on the street.,False,0.09640748053789139
t2i,A girl is running on the street.,4643,4643,A girl is running on the street.,True,0.09038393199443817
t2i,A girl is running on the street.,1743,1743,A girl is running on the street.,False,0.05917917191982269
t2i,A girl is running on the street.,13230,13230,A girl is running on the street.,True,0.007168203126639128
t2i,A girl is running on the street.,79,79,A girl is running on the street.,True,0.31436383724212646
t2i,A girl is running on the street.,13481,13481,A girl is running on the street.,False,0.0260508731007576
t2i,A girl is running on the street.,569,569,A girl is running on the street.,False,0.06692011654376984
t2i,A girl is running on the street.,10339,10339,A girl is running on the street.,False,6.585101800737903e-05
t2i,A girl is running on the street.,9777,9777,A girl is running on the street.,True,0.6479239463806152
t2i,A girl is running on the street.,7725,7725,A girl is running on the street.,True,0.6393436193466187
t2i,A girl is running on the street.,397,397,A girl is running on the street.,False,0.2414209395647049
t2i,A girl is running on the street.,10840,10840,A girl is running on the street.,True,0.2771775424480438
t2i,A girl is running on the street.,4649,4649,A girl is running on the street.,True,0.3398224115371704
t2i,A girl is running on the street.,2169,2169,A girl is running on the street.,True,0.3644655644893646
t2i,A girl is running on the street.,9856,9856,A girl is running on the street.,True,0.07367397099733353
t2i,A girl is running on the street.,5579,5579,A girl is running on the street.,True,0.007722069509327412
t2i,A girl is running on the street.,7001,7001,A girl is running on the street.,True,0.18574322760105133
t2i,A girl is running on the street.,8098,8098,A girl is running on the street.,False,0.00024376428336836398
t2i,A girl is running on the street.,12381,12381,A girl is running on the street.,True,0.17348510026931763
t2i,A girl is running on the street.,2188,2188,A girl is running on the street.,False,0.00016185724234674126
t2i,A couple kiss in a meadow.,5666,5666,A couple kiss in a meadow.,True,0.016670629382133484
t2i,A couple kiss in a meadow.,9535,9535,A couple kiss in a meadow.,True,0.052767764776945114
t2i,A couple kiss in a meadow.,4740,4740,A couple kiss in a meadow.,True,0.01859843172132969
t2i,A couple kiss in a meadow.,4754,4754,A couple kiss in a meadow.,True,0.024295898154377937
t2i,A couple kiss in a meadow.,12495,12495,A couple kiss in a meadow.,False,0.14839382469654083
t2i,A couple kiss in a meadow.,8746,8746,A couple kiss in a meadow.,False,0.11286312341690063
t2i,A couple kiss in a meadow.,10591,10591,A couple kiss in a meadow.,True,0.043120935559272766
t2i,A couple kiss in a meadow.,3045,3045,A couple kiss in a meadow.,True,0.47733792662620544
t2i,A couple kiss in a meadow.,5082,5082,A couple kiss in a meadow.,True,0.03166186809539795
t2i,A couple kiss in a meadow.,11870,11870,A couple kiss in a meadow.,False,9.372096246806905e-05
t2i,A couple kiss in a meadow.,7214,7214,A couple kiss in a meadow.,False,0.2535031735897064
t2i,A couple kiss in a meadow.,11055,11055,A couple kiss in a meadow.,True,0.901517927646637
t2i,A couple kiss in a meadow.,13815,13815,A couple kiss in a meadow.,False,0.06534312665462494
t2i,A couple kiss in a meadow.,10208,10208,A couple kiss in a meadow.,False,0.31910890340805054
t2i,A couple kiss in a meadow.,1432,1432,A couple kiss in a meadow.,False,0.023490089923143387
t2i,A couple kiss in a meadow.,5343,5343,A couple kiss in a meadow.,False,0.23030197620391846
t2i,A couple kiss in a meadow.,5665,5665,A couple kiss in a meadow.,False,0.004710444714874029
t2i,A couple kiss in a meadow.,6845,6845,A couple kiss in a meadow.,True,0.7977197766304016
t2i,A couple kiss in a meadow.,4080,4080,A couple kiss in a meadow.,False,0.3069688081741333
t2i,A couple kiss in a meadow.,8122,8122,A couple kiss in a meadow.,False,0.001063905656337738
t2i,A couple kiss in a meadow.,13266,13266,A couple kiss in a meadow.,False,0.014764723367989063
t2i,A couple kiss in a meadow.,10087,10087,A couple kiss in a meadow.,False,0.0015835780650377274
t2i,A couple kiss in a meadow.,12330,12330,A couple kiss in a meadow.,True,0.7886555194854736
t2i,A couple kiss in a meadow.,5567,5567,A couple kiss in a meadow.,True,0.1867183893918991
t2i,A couple kiss in a meadow.,13138,13138,A couple kiss in a meadow.,True,0.006784751079976559
t2i,A couple kiss in a meadow.,12927,12927,A couple kiss in a meadow.,True,0.003568258136510849
t2i,man cook in kitchen,11875,11875,man cook in kitchen,True,0.9221518635749817
t2i,man cook in kitchen,5238,5238,man cook in kitchen,True,0.9050706028938293
t2i,man cook in kitchen,10177,10177,man cook in kitchen,True,0.7748079895973206
t2i,man cook in kitchen,3962,3962,man cook in kitchen,True,0.12703299522399902
t2i,man cook in kitchen,12670,12670,man cook in kitchen,True,0.9649320840835571
t2i,man cook in kitchen,9778,9778,man cook in kitchen,True,0.9381146430969238
t2i,man cook in kitchen,12081,12081,man cook in kitchen,True,0.6938639879226685
t2i,man cook in kitchen,5102,5102,man cook in kitchen,True,0.953464686870575
t2i,man cook in kitchen,12484,12484,man cook in kitchen,True,0.5800812840461731
t2i,man cook in kitchen,7436,7436,man cook in kitchen,True,0.9261385202407837
t2i,man cook in kitchen,12842,12842,man cook in kitchen,True,0.8343568444252014
t2i,man cook in kitchen,4483,4483,man cook in kitchen,True,0.9214204549789429
t2i,man cook in kitchen,1179,1179,man cook in kitchen,True,0.8906444907188416
t2i,man cook in kitchen,11535,11535,man cook in kitchen,True,0.6388499140739441
t2i,man cook in kitchen,5905,5905,man cook in kitchen,False,0.0015882335137575865
t2i,man cook in kitchen,5367,5367,man cook in kitchen,True,0.6617671251296997
t2i,man cook in kitchen,1722,1722,man cook in kitchen,True,0.38136133551597595
t2i,man cook in kitchen,475,475,man cook in kitchen,True,0.5257647633552551
t2i,man cook in kitchen,14029,14029,man cook in kitchen,True,0.2365170121192932
t2i,man cook in kitchen,11129,11129,man cook in kitchen,True,0.005102872382849455
t2i,man cook in kitchen,1879,1879,man cook in kitchen,True,0.47955724596977234
t2i,man cook in kitchen,12602,12602,man cook in kitchen,True,0.7450576424598694
t2i,man cook in kitchen,11880,11880,man cook in kitchen,True,0.3795698285102844
t2i,man cook in kitchen,7956,7956,man cook in kitchen,True,0.7081171274185181
t2i,man cook in kitchen,7776,7776,man cook in kitchen,True,0.048846613615751266
t2i,man cook in kitchen,10453,10453,man cook in kitchen,True,0.041765619069337845
t2i,man cook in kitchen,6476,6476,man cook in kitchen,True,0.878600537776947
t2i,A puppy stands in the grass.,3003,3003,A puppy stands in the grass.,False,0.33158764243125916
t2i,A puppy stands in the grass.,5400,5400,A puppy stands in the grass.,False,0.00038126393337734044
t2i,A puppy stands in the grass.,1970,1970,A puppy stands in the grass.,False,0.000950462359469384
t2i,A puppy stands in the grass.,1620,1620,A puppy stands in the grass.,False,0.3488468527793884
t2i,A puppy stands in the grass.,7581,7581,A puppy stands in the grass.,False,0.43142274022102356
t2i,A puppy stands in the grass.,1988,1988,A puppy stands in the grass.,False,0.036008983850479126
t2i,A puppy stands in the grass.,2794,2794,A puppy stands in the grass.,False,0.007198175881057978
t2i,A puppy stands in the grass.,4439,4439,A puppy stands in the grass.,False,0.0006115355645306408
t2i,A puppy stands in the grass.,1704,1704,A puppy stands in the grass.,True,0.020052559673786163
t2i,A puppy stands in the grass.,1658,1658,A puppy stands in the grass.,False,0.023188434541225433
t2i,A puppy stands in the grass.,1637,1637,A puppy stands in the grass.,True,0.7734429240226746
t2i,A puppy stands in the grass.,5048,5048,A puppy stands in the grass.,True,0.07979535311460495
t2i,A puppy stands in the grass.,9361,9361,A puppy stands in the grass.,False,0.3693997859954834
t2i,A puppy stands in the grass.,5401,5401,A puppy stands in the grass.,True,0.16490252315998077
t2i,A puppy stands in the grass.,5621,5621,A puppy stands in the grass.,True,0.41043445467948914
t2i,A puppy stands in the grass.,83,83,A puppy stands in the grass.,True,0.07620466500520706
t2i,A puppy stands in the grass.,4639,4639,A puppy stands in the grass.,False,0.001857772353105247
t2i,A puppy stands in the grass.,11899,11899,A puppy stands in the grass.,False,0.009972707368433475
t2i,A puppy stands in the grass.,7580,7580,A puppy stands in the grass.,False,0.07801800966262817
t2i,A puppy stands in the grass.,4638,4638,A puppy stands in the grass.,False,0.06243908777832985
t2i,A puppy stands in the grass.,12178,12178,A puppy stands in the grass.,True,0.08869670331478119
t2i,A puppy stands in the grass.,3606,3606,A puppy stands in the grass.,True,0.013838402926921844
t2i,A puppy stands in the grass.,1674,1674,A puppy stands in the grass.,False,0.0004874415753874928
t2i,A puppy stands in the grass.,1116,1116,A puppy stands in the grass.,False,0.07124447077512741
t2i,A man walking in a forest.,1948,1948,A man walking in a forest.,True,0.7676237225532532
t2i,A man walking in a forest.,1327,1327,A man walking in a forest.,True,0.03198999539017677
t2i,A man walking in a forest.,2333,2333,A man walking in a forest.,True,0.7288202047348022
t2i,A man walking in a forest.,8413,8413,A man walking in a forest.,False,0.21997256577014923
t2i,A man walking in a forest.,961,961,A man walking in a forest.,False,0.0015391545603051782
t2i,A man walking in a forest.,3390,3390,A man walking in a forest.,True,0.8618775606155396
t2i,A man walking in a forest.,667,667,A man walking in a forest.,True,0.4227335453033447
t2i,A man walking in a forest.,1645,1645,A man walking in a forest.,True,0.26318350434303284
t2i,A man walking in a forest.,2060,2060,A man walking in a forest.,False,0.45200130343437195
t2i,A man walking in a forest.,1061,1061,A man walking in a forest.,False,0.10521677881479263
t2i,A man walking in a forest.,366,366,A man walking in a forest.,True,0.6543402671813965
t2i,A man walking in a forest.,10933,10933,A man walking in a forest.,True,0.3815838396549225
t2i,A man walking in a forest.,8314,8314,A man walking in a forest.,True,0.7801254391670227
t2i,A man walking in a forest.,7120,7120,A man walking in a forest.,True,0.4058490991592407
t2i,A man walking in a forest.,3345,3345,A man walking in a forest.,True,0.2301776111125946
t2i,A man walking in a forest.,7544,7544,A man walking in a forest.,False,0.2881554067134857
t2i,A man walking in a forest.,1150,1150,A man walking in a forest.,False,0.438029408454895
t2i,A man walking in a forest.,11473,11473,A man walking in a forest.,False,0.6711792945861816
t2i,A man walking in a forest.,749,749,A man walking in a forest.,True,0.3564046323299408
t2i,A man walking in a forest.,3722,3722,A man walking in a forest.,True,0.4871918857097626
t2i,A man walking in a forest.,2826,2826,A man walking in a forest.,True,0.5874736309051514
t2i,A man walking in a forest.,7676,7676,A man walking in a forest.,False,0.37650343775749207
t2i,A man walking in a forest.,13456,13456,A man walking in a forest.,True,0.1952206939458847
t2i,A man walking in a forest.,1724,1724,A man walking in a forest.,True,0.8655625581741333
t2i,A man walking in a forest.,3674,3674,A man walking in a forest.,True,0.3315660059452057
t2i,A man walking in a forest.,743,743,A man walking in a forest.,True,0.44995033740997314
t2i,A man walking in a forest.,855,855,A man walking in a forest.,True,0.12223603576421738
t2i,A man walking in a forest.,8333,8333,A man walking in a forest.,True,0.09466084837913513
t2i,The dressed up actors take a pose.,3312,3312,The dressed up actors take a pose.,True,0.00024637821479700506
t2i,The dressed up actors take a pose.,1957,1957,The dressed up actors take a pose.,False,0.00013625287101604044
t2i,The dressed up actors take a pose.,3957,3957,The dressed up actors take a pose.,False,1.2405685993144289e-05
t2i,The dressed up actors take a pose.,4178,4178,The dressed up actors take a pose.,False,0.00017319648759439588
t2i,The dressed up actors take a pose.,7358,7358,The dressed up actors take a pose.,False,3.866128736262908e-06
t2i,The dressed up actors take a pose.,10894,10894,The dressed up actors take a pose.,True,0.8723396062850952
t2i,The dressed up actors take a pose.,4136,4136,The dressed up actors take a pose.,True,0.01334467250853777
t2i,The dressed up actors take a pose.,13760,13760,The dressed up actors take a pose.,True,0.0005168570205569267
t2i,The dressed up actors take a pose.,9773,9773,The dressed up actors take a pose.,True,4.019316747871926e-06
t2i,The dressed up actors take a pose.,5356,5356,The dressed up actors take a pose.,True,6.583707727259025e-05
t2i,The dressed up actors take a pose.,5369,5369,The dressed up actors take a pose.,True,0.45172443985939026
t2i,The dressed up actors take a pose.,5807,5807,The dressed up actors take a pose.,True,0.10496857762336731
t2i,The dressed up actors take a pose.,10802,10802,The dressed up actors take a pose.,True,0.45682522654533386
t2i,The dressed up actors take a pose.,7833,7833,The dressed up actors take a pose.,True,0.034566331654787064
t2i,The dressed up actors take a pose.,10148,10148,The dressed up actors take a pose.,True,0.180128812789917
t2i,The dressed up actors take a pose.,13770,13770,The dressed up actors take a pose.,True,0.3791034519672394
t2i,The dressed up actors take a pose.,2862,2862,The dressed up actors take a pose.,False,0.04200376197695732
t2i,The dressed up actors take a pose.,12565,12565,The dressed up actors take a pose.,True,0.29708734154701233
t2i,The dressed up actors take a pose.,11895,11895,The dressed up actors take a pose.,True,0.0004134120827075094
t2i,The dressed up actors take a pose.,11835,11835,The dressed up actors take a pose.,True,0.00012622337089851499
t2i,The dressed up actors take a pose.,10862,10862,The dressed up actors take a pose.,True,0.014967348426580429
t2i,The dressed up actors take a pose.,12247,12247,The dressed up actors take a pose.,False,0.00041476244223304093
t2i,The dressed up actors take a pose.,9542,9542,The dressed up actors take a pose.,True,0.0015185768716037273
t2i,The dressed up actors take a pose.,13391,13391,The dressed up actors take a pose.,True,0.002400357974693179
t2i,The dressed up actors take a pose.,12775,12775,The dressed up actors take a pose.,True,0.33704888820648193
t2i,The dressed up actors take a pose.,2490,2490,The dressed up actors take a pose.,True,0.0015131343388929963
t2i,The dressed up actors take a pose.,4433,4433,The dressed up actors take a pose.,True,0.058293215930461884
t2i,The dressed up actors take a pose.,8921,8921,The dressed up actors take a pose.,True,0.00012168394459877163
t2i,The dressed up actors take a pose.,12866,12866,The dressed up actors take a pose.,True,0.0015670424327254295
t2i,The dressed up actors take a pose.,4434,4434,The dressed up actors take a pose.,False,0.013391721993684769
t2i,The dressed up actors take a pose.,3930,3930,The dressed up actors take a pose.,True,0.015309847891330719
t2i,The dressed up actors take a pose.,3335,3335,The dressed up actors take a pose.,True,0.004651011433452368
t2i,The dressed up actors take a pose.,8993,8993,The dressed up actors take a pose.,True,0.03598533198237419
t2i,The dressed up actors take a pose.,13269,13269,The dressed up actors take a pose.,True,0.0003837186377495527
t2i,The dressed up actors take a pose.,10145,10145,The dressed up actors take a pose.,False,0.012120586819946766
t2i,The dressed up actors take a pose.,13195,13195,The dressed up actors take a pose.,True,0.002399891149252653
t2i,The dressed up actors take a pose.,9827,9827,The dressed up actors take a pose.,True,0.007653276901692152
t2i,The dressed up actors take a pose.,4112,4112,The dressed up actors take a pose.,True,0.013057627715170383
t2i,The dressed up actors take a pose.,4348,4348,The dressed up actors take a pose.,True,7.359001028817147e-05
t2i,The dressed up actors take a pose.,13873,13873,The dressed up actors take a pose.,False,0.005884266924113035
t2i,The dressed up actors take a pose.,435,435,The dressed up actors take a pose.,False,0.002132150111719966
t2i,The dressed up actors take a pose.,414,414,The dressed up actors take a pose.,True,0.005287549924105406
t2i,The dressed up actors take a pose.,1322,1322,The dressed up actors take a pose.,False,0.0010434769792482257
t2i,The dressed up actors take a pose.,9419,9419,The dressed up actors take a pose.,True,0.0019859031308442354
t2i,The dressed up actors take a pose.,7429,7429,The dressed up actors take a pose.,True,0.00010575933993095532
t2i,The dressed up actors take a pose.,2987,2987,The dressed up actors take a pose.,True,6.604987720493227e-05
t2i,The dressed up actors take a pose.,4154,4154,The dressed up actors take a pose.,True,0.0004796187859028578
t2i,The dressed up actors take a pose.,13738,13738,The dressed up actors take a pose.,True,0.0008304833900183439
t2i,The dressed up actors take a pose.,13113,13113,The dressed up actors take a pose.,False,0.006437794771045446
t2i,The dressed up actors take a pose.,9511,9511,The dressed up actors take a pose.,True,0.02123473398387432
t2i,The dressed up actors take a pose.,4290,4290,The dressed up actors take a pose.,True,0.007822413928806782
t2i,A person jumps in front of a background.,10110,10110,A person jumps in front of a background.,True,0.5356014966964722
t2i,A person jumps in front of a background.,3265,3265,A person jumps in front of a background.,True,8.489292667945847e-05
t2i,A person jumps in front of a background.,3370,3370,A person jumps in front of a background.,True,0.05911491438746452
t2i,A person jumps in front of a background.,8247,8247,A person jumps in front of a background.,False,0.0026905315462499857
t2i,A person jumps in front of a background.,7981,7981,A person jumps in front of a background.,True,0.03795411437749863
t2i,A person jumps in front of a background.,3190,3190,A person jumps in front of a background.,True,0.014109442010521889
t2i,A person jumps in front of a background.,2283,2283,A person jumps in front of a background.,False,1.1359978998370934e-05
t2i,A person jumps in front of a background.,4819,4819,A person jumps in front of a background.,False,0.011958871968090534
t2i,A person jumps in front of a background.,12373,12373,A person jumps in front of a background.,True,0.027529146522283554
t2i,A person jumps in front of a background.,7741,7741,A person jumps in front of a background.,True,0.06993798166513443
t2i,A person jumps in front of a background.,6706,6706,A person jumps in front of a background.,True,0.7427322268486023
t2i,A person jumps in front of a background.,9139,9139,A person jumps in front of a background.,True,0.2154710739850998
t2i,A person jumps in front of a background.,8748,8748,A person jumps in front of a background.,True,0.7032415270805359
t2i,A person jumps in front of a background.,6217,6217,A person jumps in front of a background.,True,0.17937903106212616
t2i,A person jumps in front of a background.,9906,9906,A person jumps in front of a background.,True,0.015568709000945091
t2i,A person jumps in front of a background.,7822,7822,A person jumps in front of a background.,False,0.17983634769916534
t2i,A person jumps in front of a background.,6633,6633,A person jumps in front of a background.,True,0.3669973909854889
t2i,A person jumps in front of a background.,4964,4964,A person jumps in front of a background.,False,0.22163546085357666
t2i,A person jumps in front of a background.,7764,7764,A person jumps in front of a background.,True,0.02945239469408989
t2i,A person jumps in front of a background.,6187,6187,A person jumps in front of a background.,True,0.31258055567741394
t2i,A person jumps in front of a background.,6245,6245,A person jumps in front of a background.,True,0.9841752648353577
t2i,A person jumps in front of a background.,13270,13270,A person jumps in front of a background.,True,0.4783400595188141
t2i,A person jumps in front of a background.,5531,5531,A person jumps in front of a background.,True,0.7785084843635559
t2i,A person jumps in front of a background.,10713,10713,A person jumps in front of a background.,True,0.0009946234058588743
t2i,A person jumps in front of a background.,2462,2462,A person jumps in front of a background.,True,0.004685099236667156
t2i,A person jumps in front of a background.,12124,12124,A person jumps in front of a background.,True,0.5511162281036377
t2i,A person jumps in front of a background.,12380,12380,A person jumps in front of a background.,True,0.7167437076568604
t2i,A person jumps in front of a background.,14005,14005,A person jumps in front of a background.,False,0.28478437662124634
t2i,A person jumps in front of a background.,31,31,A person jumps in front of a background.,False,0.21322931349277496
t2i,A person jumps in front of a background.,2619,2619,A person jumps in front of a background.,True,0.001488154986873269
t2i,A person jumps in front of a background.,10660,10660,A person jumps in front of a background.,True,0.07450354844331741
t2i,A person jumps in front of a background.,8332,8332,A person jumps in front of a background.,False,0.11816667020320892
t2i,A person jumps in front of a background.,5830,5830,A person jumps in front of a background.,False,0.007037399802356958
t2i,A person jumps in front of a background.,6878,6878,A person jumps in front of a background.,False,0.007321728393435478
t2i,A person jumps in front of a background.,11748,11748,A person jumps in front of a background.,True,0.008645926602184772
t2i,A person jumps in front of a background.,3950,3950,A person jumps in front of a background.,False,0.024381427094340324
t2i,Players walking onto the pitch.,10508,10508,Players walking onto the pitch.,True,0.9328911900520325
t2i,Players walking onto the pitch.,2775,2775,Players walking onto the pitch.,True,0.0003144140064250678
t2i,Players walking onto the pitch.,3380,3380,Players walking onto the pitch.,True,0.0019127166597172618
t2i,Players walking onto the pitch.,2827,2827,Players walking onto the pitch.,True,0.10204578936100006
t2i,Players walking onto the pitch.,12298,12298,Players walking onto the pitch.,True,0.0010926749091595411
t2i,Players walking onto the pitch.,2609,2609,Players walking onto the pitch.,True,0.007633362431079149
t2i,Players walking onto the pitch.,12994,12994,Players walking onto the pitch.,True,0.48099395632743835
t2i,Players walking onto the pitch.,12698,12698,Players walking onto the pitch.,True,0.00013696306268684566
t2i,Players walking onto the pitch.,5198,5198,Players walking onto the pitch.,True,0.0008778119808994234
t2i,Players walking onto the pitch.,6395,6395,Players walking onto the pitch.,True,0.25024473667144775
t2i,Players walking onto the pitch.,1380,1380,Players walking onto the pitch.,True,0.775269091129303
t2i,Players walking onto the pitch.,3997,3997,Players walking onto the pitch.,True,0.6510069370269775
t2i,Players walking onto the pitch.,13490,13490,Players walking onto the pitch.,True,0.5316855311393738
t2i,Players walking onto the pitch.,10621,10621,Players walking onto the pitch.,True,0.48196861147880554
t2i,Players walking onto the pitch.,7009,7009,Players walking onto the pitch.,True,0.9580854177474976
t2i,Players walking onto the pitch.,11117,11117,Players walking onto the pitch.,True,0.027803851291537285
t2i,Players walking onto the pitch.,5256,5256,Players walking onto the pitch.,True,0.35157907009124756
t2i,Players walking onto the pitch.,6533,6533,Players walking onto the pitch.,True,0.8025039434432983
t2i,Players walking onto the pitch.,5705,5705,Players walking onto the pitch.,True,0.5121065974235535
t2i,Players walking onto the pitch.,3932,3932,Players walking onto the pitch.,True,0.8946726322174072
t2i,Players walking onto the pitch.,5235,5235,Players walking onto the pitch.,True,0.10809165984392166
t2i,Players walking onto the pitch.,1124,1124,Players walking onto the pitch.,True,0.00021949141228105873
t2i,Players walking onto the pitch.,8265,8265,Players walking onto the pitch.,False,0.00014060395187698305
t2i,Players walking onto the pitch.,1973,1973,Players walking onto the pitch.,False,0.004685583524405956
t2i,Players walking onto the pitch.,13407,13407,Players walking onto the pitch.,False,0.0029996889643371105
t2i,Players walking onto the pitch.,346,346,Players walking onto the pitch.,False,8.452939255221281e-07
t2i,Players walking onto the pitch.,3237,3237,Players walking onto the pitch.,False,1.065152218870935e-06
t2i,Players walking onto the pitch.,10839,10839,Players walking onto the pitch.,False,0.0002640766615513712
t2i,Players walking onto the pitch.,11765,11765,Players walking onto the pitch.,False,0.004257901106029749
t2i,Players walking onto the pitch.,10510,10510,Players walking onto the pitch.,False,0.00024014481459744275
t2i,Players walking onto the pitch.,8586,8586,Players walking onto the pitch.,True,0.036069367080926895
t2i,Players walking onto the pitch.,4010,4010,Players walking onto the pitch.,False,0.00010466217645443976
t2i,Players walking onto the pitch.,4587,4587,Players walking onto the pitch.,True,0.9621992707252502
t2i,Players walking onto the pitch.,12873,12873,Players walking onto the pitch.,False,0.016284335404634476
t2i,Players walking onto the pitch.,6614,6614,Players walking onto the pitch.,True,0.00015039493155200034
t2i,Players walking onto the pitch.,1499,1499,Players walking onto the pitch.,True,0.011847274377942085
t2i,Players walking onto the pitch.,12699,12699,Players walking onto the pitch.,True,0.002958206459879875
t2i,Players walking onto the pitch.,3845,3845,Players walking onto the pitch.,True,0.02951996587216854
t2i,Players walking onto the pitch.,3841,3841,Players walking onto the pitch.,True,0.6001033186912537
t2i,Players walking onto the pitch.,5802,5802,Players walking onto the pitch.,True,0.0964217558503151
t2i,Players walking onto the pitch.,3554,3554,Players walking onto the pitch.,False,0.001877072500064969
t2i,Players walking onto the pitch.,9250,9250,Players walking onto the pitch.,True,0.0042281970381736755
t2i,Players walking onto the pitch.,12650,12650,Players walking onto the pitch.,True,0.290409654378891
t2i,A man sits at a desk.,532,532,A man sits at a desk.,True,0.002625193679705262
t2i,A man sits at a desk.,1171,1171,A man sits at a desk.,True,0.0046225422993302345
t2i,A man sits at a desk.,13863,13863,A man sits at a desk.,False,1.2730588423437439e-05
t2i,A man sits at a desk.,14025,14025,A man sits at a desk.,False,0.0003873250971082598
t2i,A man sits at a desk.,298,298,A man sits at a desk.,False,0.0002773574087768793
t2i,A man sits at a desk.,701,701,A man sits at a desk.,False,0.005838330369442701
t2i,A man sits at a desk.,3493,3493,A man sits at a desk.,False,0.0002348987472942099
t2i,A man sits at a desk.,11976,11976,A man sits at a desk.,False,0.0002035249344771728
t2i,A man sits at a desk.,2719,2719,A man sits at a desk.,False,7.925003592390567e-05
t2i,A man sits at a desk.,3538,3538,A man sits at a desk.,True,0.007340459153056145
t2i,A man sits at a desk.,826,826,A man sits at a desk.,False,0.10416480898857117
t2i,A man sits at a desk.,9295,9295,A man sits at a desk.,True,0.7133605480194092
t2i,A man sits at a desk.,10226,10226,A man sits at a desk.,True,0.36700761318206787
t2i,A man sits at a desk.,583,583,A man sits at a desk.,True,0.09869609773159027
t2i,A man sits at a desk.,7870,7870,A man sits at a desk.,False,0.019193151965737343
t2i,A man sits at a desk.,8209,8209,A man sits at a desk.,True,0.5591726899147034
t2i,A man sits at a desk.,6797,6797,A man sits at a desk.,True,0.22011448442935944
t2i,A man sits at a desk.,8501,8501,A man sits at a desk.,False,0.10115314275026321
t2i,A man sits at a desk.,9080,9080,A man sits at a desk.,False,0.2642344832420349
t2i,A man sits at a desk.,7182,7182,A man sits at a desk.,False,0.015730634331703186
t2i,A man sits at a desk.,3435,3435,A man sits at a desk.,True,0.07169699668884277
t2i,A man sits at a desk.,8763,8763,A man sits at a desk.,True,0.047987088561058044
t2i,A man sits at a desk.,8114,8114,A man sits at a desk.,True,0.01628418266773224
t2i,A man sits at a desk.,10374,10374,A man sits at a desk.,False,0.0047003841027617455
t2i,A man sits at a desk.,9884,9884,A man sits at a desk.,False,0.003988764248788357
t2i,A man sits at a desk.,13695,13695,A man sits at a desk.,True,0.020340874791145325
t2i,A man sits at a desk.,3356,3356,A man sits at a desk.,False,0.0005809557624161243
t2i,A man sits at a desk.,3191,3191,A man sits at a desk.,True,0.0039839535020291805
t2i,A man sits at a desk.,831,831,A man sits at a desk.,True,0.029640255495905876
t2i,A man sits at a desk.,11681,11681,A man sits at a desk.,False,0.0895191878080368
t2i,A man sits at a desk.,174,174,A man sits at a desk.,False,0.006204742938280106
t2i,A man sits at a desk.,3673,3673,A man sits at a desk.,False,0.00011789559357566759
t2i,A man sits at a desk.,1541,1541,A man sits at a desk.,True,0.007125930394977331
t2i,A man sits at a desk.,8483,8483,A man sits at a desk.,False,0.018894916400313377
t2i,A man sits at a desk.,5740,5740,A man sits at a desk.,False,0.0009922860190272331
t2i,A man sits at a desk.,3428,3428,A man sits at a desk.,False,0.0016708998009562492
t2i,A man sits at a desk.,1289,1289,A man sits at a desk.,False,0.0038050110451877117
t2i,The person sit in the window opposite side,4855,4855,The person sit in the window opposite side,False,0.00017585823661647737
t2i,The person sit in the window opposite side,7944,7944,The person sit in the window opposite side,True,0.0010702991858124733
t2i,The person sit in the window opposite side,3729,3729,The person sit in the window opposite side,True,0.13147448003292084
t2i,The person sit in the window opposite side,144,144,The person sit in the window opposite side,True,5.3611642215400934e-05
t2i,The person sit in the window opposite side,9825,9825,The person sit in the window opposite side,False,0.00018460792489349842
t2i,The person sit in the window opposite side,10053,10053,The person sit in the window opposite side,True,0.3481461703777313
t2i,The person sit in the window opposite side,9874,9874,The person sit in the window opposite side,False,0.00046808665501885116
t2i,The person sit in the window opposite side,3393,3393,The person sit in the window opposite side,True,0.0005889810854569077
t2i,The person sit in the window opposite side,11848,11848,The person sit in the window opposite side,True,0.04583955928683281
t2i,The person sit in the window opposite side,6152,6152,The person sit in the window opposite side,False,0.008540946058928967
t2i,The person sit in the window opposite side,3749,3749,The person sit in the window opposite side,True,0.8351339101791382
t2i,The person sit in the window opposite side,4914,4914,The person sit in the window opposite side,False,0.2842472791671753
t2i,The person sit in the window opposite side,9035,9035,The person sit in the window opposite side,False,0.016757041215896606
t2i,The person sit in the window opposite side,7717,7717,The person sit in the window opposite side,False,0.0019799491856247187
t2i,The person sit in the window opposite side,14087,14087,The person sit in the window opposite side,False,0.059011947363615036
t2i,The person sit in the window opposite side,11303,11303,The person sit in the window opposite side,False,0.03641758859157562
t2i,The person sit in the window opposite side,2081,2081,The person sit in the window opposite side,False,0.007977772504091263
t2i,The person sit in the window opposite side,7492,7492,The person sit in the window opposite side,False,0.35007697343826294
t2i,The person sit in the window opposite side,6121,6121,The person sit in the window opposite side,False,0.03598451986908913
t2i,The person sit in the window opposite side,4548,4548,The person sit in the window opposite side,False,0.010551095940172672
t2i,The person sit in the window opposite side,3394,3394,The person sit in the window opposite side,True,0.0002178898430429399
t2i,The person sit in the window opposite side,7882,7882,The person sit in the window opposite side,False,7.951165025588125e-05
t2i,The person sit in the window opposite side,11954,11954,The person sit in the window opposite side,False,0.02284170128405094
t2i,The person sit in the window opposite side,2706,2706,The person sit in the window opposite side,False,0.3592657744884491
t2i,The person sit in the window opposite side,6497,6497,The person sit in the window opposite side,False,0.014698798768222332
t2i,The person sit in the window opposite side,12767,12767,The person sit in the window opposite side,False,0.0036729173734784126
t2i,The person sit in the window opposite side,9471,9471,The person sit in the window opposite side,True,0.008898565545678139
t2i,The person sit in the window opposite side,1610,1610,The person sit in the window opposite side,True,0.024073706939816475
t2i,The person sit in the window opposite side,3344,3344,The person sit in the window opposite side,False,0.00360805238597095
t2i,The person sit in the window opposite side,13210,13210,The person sit in the window opposite side,False,0.016942689195275307
t2i,The person sit in the window opposite side,2869,2869,The person sit in the window opposite side,True,0.003512003691866994
t2i,The person sit in the window opposite side,11302,11302,The person sit in the window opposite side,True,0.05012921616435051
t2i,The person sit in the window opposite side,5574,5574,The person sit in the window opposite side,False,0.00011683676711982116
t2i,The person sit in the window opposite side,12970,12970,The person sit in the window opposite side,False,0.0530938059091568
t2i,The person sit in the window opposite side,6177,6177,The person sit in the window opposite side,False,0.004041300620883703
t2i,The person sit in the window opposite side,7491,7491,The person sit in the window opposite side,False,0.0031195501796901226
t2i,The person sit in the window opposite side,753,753,The person sit in the window opposite side,False,0.0020697452127933502
t2i,The person sit in the window opposite side,5860,5860,The person sit in the window opposite side,True,0.00012433071970008314
t2i,A person working with a team,11965,11965,A person working with a team,True,0.028355373069643974
t2i,A person working with a team,12204,12204,A person working with a team,True,0.011928047053515911
t2i,A person working with a team,8251,8251,A person working with a team,True,0.4814424216747284
t2i,A person working with a team,7347,7347,A person working with a team,False,0.0011713637504726648
t2i,A person working with a team,1957,1957,A person working with a team,False,0.004430247936397791
t2i,A person working with a team,9170,9170,A person working with a team,False,0.0024587372317910194
t2i,A person working with a team,12708,12708,A person working with a team,False,6.141536141512915e-05
t2i,A person working with a team,1171,1171,A person working with a team,False,0.0001190319744637236
t2i,A person working with a team,1046,1046,A person working with a team,False,0.0002554495877120644
t2i,A person working with a team,2654,2654,A person working with a team,False,0.0005355768371373415
t2i,A person working with a team,11765,11765,A person working with a team,True,0.609413743019104
t2i,A person working with a team,2666,2666,A person working with a team,True,0.025247201323509216
t2i,A person working with a team,9769,9769,A person working with a team,True,0.45030534267425537
t2i,A person working with a team,10995,10995,A person working with a team,False,0.04052252322435379
t2i,A person working with a team,11363,11363,A person working with a team,False,0.23715391755104065
t2i,A person working with a team,9501,9501,A person working with a team,True,0.1266166716814041
t2i,A person working with a team,6227,6227,A person working with a team,True,0.35556653141975403
t2i,A person working with a team,8656,8656,A person working with a team,False,0.7404599189758301
t2i,A person working with a team,5610,5610,A person working with a team,True,0.4768945872783661
t2i,A person working with a team,6246,6246,A person working with a team,False,0.004779371432960033
t2i,A person working with a team,6557,6557,A person working with a team,True,0.06745254248380661
t2i,A person working with a team,10813,10813,A person working with a team,True,0.019995931535959244
t2i,A person working with a team,8583,8583,A person working with a team,True,0.2580973207950592
t2i,A person working with a team,10299,10299,A person working with a team,True,0.5054566860198975
t2i,A person working with a team,1185,1185,A person working with a team,True,0.20773889124393463
t2i,A person working with a team,7585,7585,A person working with a team,True,0.038810644298791885
t2i,A person working with a team,10537,10537,A person working with a team,False,0.001904025673866272
t2i,A person working with a team,13443,13443,A person working with a team,False,0.007790474686771631
t2i,A person working with a team,9080,9080,A person working with a team,True,0.11503573507070541
t2i,A person working with a team,8960,8960,A person working with a team,False,0.003319001058116555
t2i,A person working with a team,6062,6062,A person working with a team,False,0.0037742925342172384
t2i,A person working with a team,3525,3525,A person working with a team,False,0.0037240220699459314
t2i,A person working with a team,9000,9000,A person working with a team,False,0.024754472076892853
t2i,A person working with a team,8341,8341,A person working with a team,False,0.018889371305704117
t2i,A person working with a team,7691,7691,A person working with a team,False,0.10357353091239929
t2i,A person working with a team,13575,13575,A person working with a team,True,0.39706262946128845
t2i,A person working with a team,9934,9934,A person working with a team,False,0.08765818178653717
t2i,A person working with a team,3487,3487,A person working with a team,False,0.0017327425302937627
t2i,A person working with a team,12761,12761,A person working with a team,False,
t2i,A person working with a team,185,185,A person working with a team,False,
t2i,A woman lies on a sofa.,12588,12588,A woman lies on a sofa.,True,0.488991916179657
t2i,A woman lies on a sofa.,7118,7118,A woman lies on a sofa.,False,0.0089578153565526
t2i,A woman lies on a sofa.,6965,6965,A woman lies on a sofa.,True,0.3144417405128479
t2i,A woman lies on a sofa.,13898,13898,A woman lies on a sofa.,True,0.38681286573410034
t2i,A woman lies on a sofa.,11045,11045,A woman lies on a sofa.,True,0.02577466517686844
t2i,A woman lies on a sofa.,752,752,A woman lies on a sofa.,False,0.012516847811639309
t2i,A woman lies on a sofa.,10492,10492,A woman lies on a sofa.,True,0.43353337049484253
t2i,A woman lies on a sofa.,3389,3389,A woman lies on a sofa.,True,0.048053838312625885
t2i,A woman lies on a sofa.,1555,1555,A woman lies on a sofa.,True,0.012341644614934921
t2i,A woman lies on a sofa.,13463,13463,A woman lies on a sofa.,True,0.7054354548454285
t2i,A woman lies on a sofa.,13588,13588,A woman lies on a sofa.,True,0.8806853294372559
t2i,A woman lies on a sofa.,13652,13652,A woman lies on a sofa.,True,0.8883653283119202
t2i,A woman lies on a sofa.,3619,3619,A woman lies on a sofa.,True,0.9405702352523804
t2i,A woman lies on a sofa.,3466,3466,A woman lies on a sofa.,True,0.45800161361694336
t2i,A woman lies on a sofa.,5714,5714,A woman lies on a sofa.,True,0.4022706151008606
t2i,A woman lies on a sofa.,10506,10506,A woman lies on a sofa.,False,0.1678318977355957
t2i,A woman lies on a sofa.,2841,2841,A woman lies on a sofa.,True,0.3176059424877167
t2i,A woman lies on a sofa.,2451,2451,A woman lies on a sofa.,False,0.005000506993383169
t2i,A woman lies on a sofa.,14074,14074,A woman lies on a sofa.,False,0.18855322897434235
t2i,A woman lies on a sofa.,11812,11812,A woman lies on a sofa.,False,0.1190117672085762
t2i,A woman lies on a sofa.,13604,13604,A woman lies on a sofa.,True,0.686845064163208
t2i,A woman lies on a sofa.,2523,2523,A woman lies on a sofa.,False,0.006026094779372215
t2i,A woman lies on a sofa.,9399,9399,A woman lies on a sofa.,False,0.006818643771111965
t2i,A woman lies on a sofa.,11244,11244,A woman lies on a sofa.,True,0.017278674989938736
t2i,A woman lies on a sofa.,1992,1992,A woman lies on a sofa.,True,0.06951051950454712
t2i,A woman lies on a sofa.,1301,1301,A woman lies on a sofa.,True,0.07145956158638
t2i,A woman lies on a sofa.,1801,1801,A woman lies on a sofa.,True,0.1285991221666336
t2i,A woman lies on a sofa.,1733,1733,A woman lies on a sofa.,True,0.039356328547000885
t2i,A woman lies on a sofa.,11592,11592,A woman lies on a sofa.,True,0.03542012721300125
t2i,player score a goal,4503,4503,player score a goal,False,0.5778807401657104
t2i,player score a goal,4882,4882,player score a goal,False,0.021909207105636597
t2i,player score a goal,4541,4541,player score a goal,False,0.1898767054080963
t2i,player score a goal,11121,11121,player score a goal,False,0.0019295645179226995
t2i,player score a goal,11186,11186,player score a goal,False,0.027342958375811577
t2i,player score a goal,13296,13296,player score a goal,True,0.8270165920257568
t2i,player score a goal,10968,10968,player score a goal,False,0.6193133592605591
t2i,player score a goal,1556,1556,player score a goal,False,0.2816404700279236
t2i,player score a goal,13045,13045,player score a goal,False,0.09354862570762634
t2i,player score a goal,2266,2266,player score a goal,False,0.051817744970321655
t2i,player score a goal,13793,13793,player score a goal,False,0.9354885220527649
t2i,player score a goal,5703,5703,player score a goal,False,0.9469033479690552
t2i,player score a goal,11558,11558,player score a goal,True,0.687428891658783
t2i,player score a goal,7582,7582,player score a goal,True,0.7547398209571838
t2i,player score a goal,9661,9661,player score a goal,True,0.7997100949287415
t2i,player score a goal,3427,3427,player score a goal,False,0.9244685173034668
t2i,player score a goal,1348,1348,player score a goal,True,0.6727316975593567
t2i,player score a goal,262,262,player score a goal,True,0.6935368180274963
t2i,player score a goal,9979,9979,player score a goal,False,0.8762185573577881
t2i,player score a goal,9247,9247,player score a goal,True,0.5064494609832764
t2i,player score a goal,12845,12845,player score a goal,True,0.7269330024719238
t2i,player score a goal,3626,3626,player score a goal,True,0.798555850982666
t2i,player score a goal,4948,4948,player score a goal,True,0.027343450114130974
t2i,player score a goal,4417,4417,player score a goal,False,0.17067188024520874
t2i,player score a goal,4306,4306,player score a goal,True,0.23268865048885345
t2i,player score a goal,11523,11523,player score a goal,False,0.30945485830307007
t2i,player score a goal,5874,5874,player score a goal,False,0.008975625969469547
t2i,player score a goal,1631,1631,player score a goal,False,0.6119822263717651
t2i,player score a goal,6557,6557,player score a goal,False,0.019391845911741257
t2i,player score a goal,7524,7524,player score a goal,True,0.47834092378616333
t2i,player score a goal,3153,3153,player score a goal,False,0.48694610595703125
t2i,player score a goal,509,509,player score a goal,True,0.6207802295684814
t2i,player score a goal,9267,9267,player score a goal,True,0.4139094650745392
t2i,player score a goal,6882,6882,player score a goal,True,0.5947148203849792
t2i,player score a goal,1629,1629,player score a goal,True,0.04513539373874664
t2i,player score a goal,8654,8654,player score a goal,True,0.2740151286125183
t2i,player score a goal,1424,1424,player score a goal,True,0.9235641956329346
t2i,player score a goal,3259,3259,player score a goal,True,0.38833820819854736
t2i,player score a goal,4414,4414,player score a goal,True,0.39113613963127136
t2i,player score a goal,4981,4981,player score a goal,True,0.371491014957428
t2i,player score a goal,3154,3154,player score a goal,True,0.10700599104166031
t2i,player score a goal,2204,2204,player score a goal,True,0.2677093744277954
t2i,player score a goal,4356,4356,player score a goal,True,0.49386751651763916
t2i,player score a goal,6764,6764,player score a goal,False,0.213595911860466
t2i,player score a goal,9970,9970,player score a goal,False,0.7493637204170227
t2i,A person sits on a rock.,7799,7799,A person sits on a rock.,True,0.005386547651141882
t2i,A person sits on a rock.,9099,9099,A person sits on a rock.,True,0.016600314527750015
t2i,A person sits on a rock.,6081,6081,A person sits on a rock.,True,0.004924456588923931
t2i,A person sits on a rock.,12518,12518,A person sits on a rock.,True,0.00010171496251132339
t2i,A person sits on a rock.,8709,8709,A person sits on a rock.,True,0.000673630740493536
t2i,A person sits on a rock.,6553,6553,A person sits on a rock.,True,0.15630702674388885
t2i,A person sits on a rock.,5154,5154,A person sits on a rock.,False,0.008203642442822456
t2i,A person sits on a rock.,8281,8281,A person sits on a rock.,True,0.217889666557312
t2i,A person sits on a rock.,1707,1707,A person sits on a rock.,True,0.00011976747919106856
t2i,A person sits on a rock.,10883,10883,A person sits on a rock.,False,0.0021775681525468826
t2i,A person sits on a rock.,8437,8437,A person sits on a rock.,True,0.9138643145561218
t2i,A person sits on a rock.,3615,3615,A person sits on a rock.,True,0.1252269595861435
t2i,A person sits on a rock.,7417,7417,A person sits on a rock.,True,0.019477080553770065
t2i,A person sits on a rock.,12199,12199,A person sits on a rock.,False,0.22920849919319153
t2i,A person sits on a rock.,9676,9676,A person sits on a rock.,True,0.488230437040329
t2i,A person sits on a rock.,9962,9962,A person sits on a rock.,True,0.3225686848163605
t2i,A person sits on a rock.,7635,7635,A person sits on a rock.,True,0.03490446135401726
t2i,A person sits on a rock.,4803,4803,A person sits on a rock.,False,0.18623580038547516
t2i,A person sits on a rock.,12663,12663,A person sits on a rock.,False,0.09958981722593307
t2i,A person sits on a rock.,8607,8607,A person sits on a rock.,True,0.6163729429244995
t2i,A person sits on a rock.,8220,8220,A person sits on a rock.,False,0.0014411404263228178
t2i,A person sits on a rock.,13601,13601,A person sits on a rock.,True,0.7509029507637024
t2i,A person sits on a rock.,57,57,A person sits on a rock.,True,0.08304387331008911
t2i,A person sits on a rock.,10821,10821,A person sits on a rock.,True,0.5612058043479919
t2i,A person sits on a rock.,5120,5120,A person sits on a rock.,False,0.003942364826798439
t2i,A person sits on a rock.,10596,10596,A person sits on a rock.,False,0.006065574940294027
t2i,A person sits on a rock.,2151,2151,A person sits on a rock.,True,0.09127194434404373
t2i,A person sits on a rock.,2020,2020,A person sits on a rock.,True,0.010057485662400723
t2i,A person sits on a rock.,9284,9284,A person sits on a rock.,True,0.006493724882602692
t2i,A person sits on a rock.,11240,11240,A person sits on a rock.,True,0.0016990570584312081
t2i,A person sits on a rock.,4437,4437,A person sits on a rock.,True,0.015561621636152267
t2i,A person sits on a rock.,12964,12964,A person sits on a rock.,True,0.0017375403549522161
t2i,A person sits on a rock.,5162,5162,A person sits on a rock.,True,0.06399315595626831
t2i,A person sits on a rock.,235,235,A person sits on a rock.,True,0.0008500107214786112
t2i,A person sits on a rock.,6406,6406,A person sits on a rock.,False,0.0012540173484012485
t2i,A person sits on a rock.,8507,8507,A person sits on a rock.,True,0.00015540204185526818
t2i,A person sits on a rock.,7233,7233,A person sits on a rock.,False,0.03260023146867752
t2i,A person sits on a rock.,5362,5362,A person sits on a rock.,True,0.03025742806494236
t2i,A person sits on a rock.,8951,8951,A person sits on a rock.,True,0.8937205076217651
t2i,A person sits on a rock.,3739,3739,A person sits on a rock.,True,0.0353073887526989
t2i,A person sits on a rock.,11609,11609,A person sits on a rock.,True,0.017971931025385857
t2i,A woman sits on a branch above the sand.,4554,4554,A woman sits on a branch above the sand.,True,0.9107513427734375
t2i,A woman sits on a branch above the sand.,10270,10270,A woman sits on a branch above the sand.,False,0.0018964695045724511
t2i,A woman sits on a branch above the sand.,5154,5154,A woman sits on a branch above the sand.,True,0.0010320009896531701
t2i,A woman sits on a branch above the sand.,7015,7015,A woman sits on a branch above the sand.,False,1.6863210476003587e-05
t2i,A woman sits on a branch above the sand.,11450,11450,A woman sits on a branch above the sand.,False,0.004565847106277943
t2i,A woman sits on a branch above the sand.,137,137,A woman sits on a branch above the sand.,False,4.324111432651989e-05
t2i,A woman sits on a branch above the sand.,12518,12518,A woman sits on a branch above the sand.,False,0.0023108443710952997
t2i,A woman sits on a branch above the sand.,11343,11343,A woman sits on a branch above the sand.,False,0.00016561406664550304
t2i,A woman sits on a branch above the sand.,1707,1707,A woman sits on a branch above the sand.,False,0.0023422676604241133
t2i,A woman sits on a branch above the sand.,6297,6297,A woman sits on a branch above the sand.,False,7.46814621379599e-05
t2i,A woman sits on a branch above the sand.,1632,1632,A woman sits on a branch above the sand.,True,0.9532467126846313
t2i,A woman sits on a branch above the sand.,2840,2840,A woman sits on a branch above the sand.,False,0.08374796062707901
t2i,A woman sits on a branch above the sand.,7742,7742,A woman sits on a branch above the sand.,False,0.5645675659179688
t2i,A woman sits on a branch above the sand.,4803,4803,A woman sits on a branch above the sand.,False,0.1655845195055008
t2i,A woman sits on a branch above the sand.,11591,11591,A woman sits on a branch above the sand.,False,0.12402288615703583
t2i,A woman sits on a branch above the sand.,5849,5849,A woman sits on a branch above the sand.,False,0.07060736417770386
t2i,A woman sits on a branch above the sand.,696,696,A woman sits on a branch above the sand.,False,0.08159708976745605
t2i,A woman sits on a branch above the sand.,10409,10409,A woman sits on a branch above the sand.,False,0.0309284757822752
t2i,A woman sits on a branch above the sand.,5150,5150,A woman sits on a branch above the sand.,True,0.11333726346492767
t2i,A woman sits on a branch above the sand.,8630,8630,A woman sits on a branch above the sand.,False,0.010881844907999039
t2i,A woman sits on a branch above the sand.,3764,3764,A woman sits on a branch above the sand.,False,0.010503879748284817
t2i,A woman sits on a branch above the sand.,8536,8536,A woman sits on a branch above the sand.,False,0.1518906056880951
t2i,A woman sits on a branch above the sand.,3556,3556,A woman sits on a branch above the sand.,False,0.00025444396305829287
t2i,A woman sits on a branch above the sand.,5590,5590,A woman sits on a branch above the sand.,False,0.0039900834672153
t2i,A woman sits on a branch above the sand.,3123,3123,A woman sits on a branch above the sand.,False,0.0005937590613029897
t2i,A woman sits on a branch above the sand.,6310,6310,A woman sits on a branch above the sand.,True,0.00040210309089161456
t2i,A woman sits on a branch above the sand.,7861,7861,A woman sits on a branch above the sand.,False,0.0001796540163923055
t2i,A woman sits on a branch above the sand.,2180,2180,A woman sits on a branch above the sand.,False,0.0003445669717621058
t2i,A woman sits on a branch above the sand.,2882,2882,A woman sits on a branch above the sand.,True,0.0003652686136774719
t2i,A woman sits on a branch above the sand.,11413,11413,A woman sits on a branch above the sand.,False,3.846361778414575e-06
t2i,A woman sits on a branch above the sand.,6951,6951,A woman sits on a branch above the sand.,False,0.0008015315979719162
t2i,A woman sits on a branch above the sand.,10255,10255,A woman sits on a branch above the sand.,False,3.408597331144847e-05
t2i,A woman sits on a branch above the sand.,9437,9437,A woman sits on a branch above the sand.,False,2.85296391666634e-05
t2i,A woman sits on a branch above the sand.,3794,3794,A woman sits on a branch above the sand.,False,0.008071056567132473
t2i,A woman sits on a branch above the sand.,9607,9607,A woman sits on a branch above the sand.,False,1.4202520105754957e-05
t2i,A woman sits on a branch above the sand.,10511,10511,A woman sits on a branch above the sand.,False,7.788856601109728e-05
t2i,A woman sits on a branch above the sand.,10793,10793,A woman sits on a branch above the sand.,False,1.9288781913928688e-05
t2i,A woman sits on a branch above the sand.,1139,1139,A woman sits on a branch above the sand.,False,0.0008756015449762344
t2i,A woman sits on a branch above the sand.,12313,12313,A woman sits on a branch above the sand.,False,0.00039078135159797966
t2i,A woman sits on a branch above the sand.,12454,12454,A woman sits on a branch above the sand.,False,0.0001187074594781734
t2i,A woman sits on a branch above the sand.,10095,10095,A woman sits on a branch above the sand.,False,0.0023040464147925377
t2i,The girl sat on the stair.,4325,4325,The girl sat on the stair.,True,0.053833719342947006
t2i,The girl sat on the stair.,9966,9966,The girl sat on the stair.,True,0.6821202039718628
t2i,The girl sat on the stair.,1320,1320,The girl sat on the stair.,True,0.07016792893409729
t2i,The girl sat on the stair.,5707,5707,The girl sat on the stair.,True,0.08165563642978668
t2i,The girl sat on the stair.,13460,13460,The girl sat on the stair.,False,0.07758548110723495
t2i,The girl sat on the stair.,8188,8188,The girl sat on the stair.,True,0.07299695163965225
t2i,The girl sat on the stair.,9649,9649,The girl sat on the stair.,True,0.44793665409088135
t2i,The girl sat on the stair.,8105,8105,The girl sat on the stair.,True,0.01310137938708067
t2i,The girl sat on the stair.,3113,3113,The girl sat on the stair.,False,0.005369060672819614
t2i,The girl sat on the stair.,13883,13883,The girl sat on the stair.,False,0.08867067843675613
t2i,The girl sat on the stair.,1585,1585,The girl sat on the stair.,True,0.41546136140823364
t2i,The girl sat on the stair.,11534,11534,The girl sat on the stair.,False,0.5801520347595215
t2i,The girl sat on the stair.,3769,3769,The girl sat on the stair.,True,0.4371449649333954
t2i,The girl sat on the stair.,10137,10137,The girl sat on the stair.,True,0.8123158812522888
t2i,The girl sat on the stair.,13803,13803,The girl sat on the stair.,False,0.028477562591433525
t2i,The girl sat on the stair.,3749,3749,The girl sat on the stair.,False,0.08377683162689209
t2i,The girl sat on the stair.,11303,11303,The girl sat on the stair.,False,0.014056151732802391
t2i,The girl sat on the stair.,6419,6419,The girl sat on the stair.,True,0.10222039371728897
t2i,The girl sat on the stair.,12138,12138,The girl sat on the stair.,True,0.14947837591171265
t2i,The girl sat on the stair.,143,143,The girl sat on the stair.,False,0.6499001383781433
t2i,The girl sat on the stair.,1354,1354,The girl sat on the stair.,True,0.7758980393409729
t2i,The girl sat on the stair.,6551,6551,The girl sat on the stair.,False,0.018400967121124268
t2i,The girl sat on the stair.,4572,4572,The girl sat on the stair.,False,0.004759823903441429
t2i,The girl sat on the stair.,12483,12483,The girl sat on the stair.,False,0.04460020735859871
t2i,The girl sat on the stair.,3337,3337,The girl sat on the stair.,False,0.007052216678857803
t2i,The girl sat on the stair.,8189,8189,The girl sat on the stair.,True,0.006176937371492386
t2i,The girl sat on the stair.,9965,9965,The girl sat on the stair.,False,0.06948789209127426
t2i,The girl sat on the stair.,1710,1710,The girl sat on the stair.,True,0.9856921434402466
t2i,The girl sat on the stair.,10996,10996,The girl sat on the stair.,False,0.30119672417640686
t2i,The girl sat on the stair.,4793,4793,The girl sat on the stair.,False,0.038961175829172134
t2i,A woman walks past a window in an airport.,5751,5751,A woman walks past a window in an airport.,True,0.0001840442855609581
t2i,A woman walks past a window in an airport.,861,861,A woman walks past a window in an airport.,False,0.06714337319135666
t2i,A woman walks past a window in an airport.,6046,6046,A woman walks past a window in an airport.,True,0.0027325856499373913
t2i,A woman walks past a window in an airport.,7882,7882,A woman walks past a window in an airport.,False,9.325876817456447e-06
t2i,A woman walks past a window in an airport.,5541,5541,A woman walks past a window in an airport.,False,0.005388831719756126
t2i,A woman walks past a window in an airport.,6099,6099,A woman walks past a window in an airport.,False,0.02541404217481613
t2i,A woman walks past a window in an airport.,6412,6412,A woman walks past a window in an airport.,False,0.0012720683589577675
t2i,A woman walks past a window in an airport.,8642,8642,A woman walks past a window in an airport.,False,1.6558688002987765e-05
t2i,A woman walks past a window in an airport.,8452,8452,A woman walks past a window in an airport.,False,2.8561949875438586e-05
t2i,A woman walks past a window in an airport.,4694,4694,A woman walks past a window in an airport.,False,6.715079052810324e-07
t2i,A woman walks past a window in an airport.,8486,8486,A woman walks past a window in an airport.,True,0.9938229322433472
t2i,A woman walks past a window in an airport.,13911,13911,A woman walks past a window in an airport.,False,0.7865706086158752
t2i,A woman walks past a window in an airport.,98,98,A woman walks past a window in an airport.,False,0.08054199069738388
t2i,A woman walks past a window in an airport.,3097,3097,A woman walks past a window in an airport.,False,0.007423810660839081
t2i,A woman walks past a window in an airport.,8593,8593,A woman walks past a window in an airport.,False,0.030917992815375328
t2i,A woman walks past a window in an airport.,271,271,A woman walks past a window in an airport.,False,0.0017424685647711158
t2i,A woman walks past a window in an airport.,3404,3404,A woman walks past a window in an airport.,False,0.0039594522677361965
t2i,A woman walks past a window in an airport.,12154,12154,A woman walks past a window in an airport.,False,0.0027068431954830885
t2i,A woman walks past a window in an airport.,9269,9269,A woman walks past a window in an airport.,False,0.07521476596593857
t2i,A woman walks past a window in an airport.,5943,5943,A woman walks past a window in an airport.,False,0.007664720993489027
t2i,A woman walks past a window in an airport.,5116,5116,A woman walks past a window in an airport.,False,0.001802006270736456
t2i,A woman walks past a window in an airport.,4869,4869,A woman walks past a window in an airport.,False,0.10882160812616348
t2i,A woman walks past a window in an airport.,12483,12483,A woman walks past a window in an airport.,False,0.0006804210133850574
t2i,A woman walks past a window in an airport.,1015,1015,A woman walks past a window in an airport.,False,0.040536101907491684
t2i,A woman walks past a window in an airport.,5286,5286,A woman walks past a window in an airport.,False,0.0002992084191646427
t2i,A woman walks past a window in an airport.,2132,2132,A woman walks past a window in an airport.,True,0.00014029190060682595
t2i,A woman walks past a window in an airport.,13795,13795,A woman walks past a window in an airport.,False,0.00017846297123469412
t2i,A woman walks past a window in an airport.,13794,13794,A woman walks past a window in an airport.,False,0.0010521860094740987
t2i,A woman walks past a window in an airport.,11068,11068,A woman walks past a window in an airport.,False,8.565240568714216e-05
t2i,A woman walks past a window in an airport.,12826,12826,A woman walks past a window in an airport.,False,1.308014543610625e-05
t2i,A woman walks past a window in an airport.,8904,8904,A woman walks past a window in an airport.,False,0.0003604721568990499
t2i,A woman sitting in a terrace.,2133,2133,A woman sitting in a terrace.,True,0.0891774371266365
t2i,A woman sitting in a terrace.,3768,3768,A woman sitting in a terrace.,False,0.00017307614325545728
t2i,A woman sitting in a terrace.,3254,3254,A woman sitting in a terrace.,False,0.01655082404613495
t2i,A woman sitting in a terrace.,3328,3328,A woman sitting in a terrace.,True,0.016488894820213318
t2i,A woman sitting in a terrace.,219,219,A woman sitting in a terrace.,True,0.2722986042499542
t2i,A woman sitting in a terrace.,7879,7879,A woman sitting in a terrace.,True,0.0006425749743357301
t2i,A woman sitting in a terrace.,2068,2068,A woman sitting in a terrace.,False,0.0004512106243055314
t2i,A woman sitting in a terrace.,1627,1627,A woman sitting in a terrace.,False,0.08697205781936646
t2i,A woman sitting in a terrace.,5607,5607,A woman sitting in a terrace.,True,0.0018790987087413669
t2i,A woman sitting in a terrace.,2492,2492,A woman sitting in a terrace.,False,0.0012589782709255815
t2i,A woman sitting in a terrace.,2136,2136,A woman sitting in a terrace.,True,0.1588578075170517
t2i,A woman sitting in a terrace.,3749,3749,A woman sitting in a terrace.,True,0.15899738669395447
t2i,A woman sitting in a terrace.,303,303,A woman sitting in a terrace.,True,0.15821722149848938
t2i,A woman sitting in a terrace.,2455,2455,A woman sitting in a terrace.,True,0.09345856308937073
t2i,A woman sitting in a terrace.,6612,6612,A woman sitting in a terrace.,False,0.31324413418769836
t2i,A woman sitting in a terrace.,3708,3708,A woman sitting in a terrace.,True,0.03191893547773361
t2i,A woman sitting in a terrace.,4601,4601,A woman sitting in a terrace.,True,0.11146950721740723
t2i,A woman sitting in a terrace.,3114,3114,A woman sitting in a terrace.,True,0.04866469278931618
t2i,A woman sitting in a terrace.,4454,4454,A woman sitting in a terrace.,True,0.06237788870930672
t2i,A woman sitting in a terrace.,1441,1441,A woman sitting in a terrace.,True,0.03468060493469238
t2i,A woman sitting in a terrace.,985,985,A woman sitting in a terrace.,False,0.001541088568046689
t2i,A woman sitting in a terrace.,9809,9809,A woman sitting in a terrace.,False,9.660832438385114e-05
t2i,A woman sitting in a terrace.,11518,11518,A woman sitting in a terrace.,False,0.0060737524181604385
t2i,A woman sitting in a terrace.,2706,2706,A woman sitting in a terrace.,True,0.029084695503115654
t2i,A woman sitting in a terrace.,10502,10502,A woman sitting in a terrace.,False,0.16393186151981354
t2i,A woman sitting in a terrace.,9326,9326,A woman sitting in a terrace.,False,0.007034901063889265
t2i,A woman sitting in a terrace.,2650,2650,A woman sitting in a terrace.,True,0.042874425649642944
t2i,A woman sitting in a terrace.,6758,6758,A woman sitting in a terrace.,False,0.010401244275271893
t2i,A woman sitting in a terrace.,891,891,A woman sitting in a terrace.,True,0.09735381603240967
t2i,A woman sitting in a terrace.,3337,3337,A woman sitting in a terrace.,False,0.03286025673151016
t2i,A woman sitting in a terrace.,180,180,A woman sitting in a terrace.,True,0.018353549763560295
t2i,A woman sitting in a terrace.,12354,12354,A woman sitting in a terrace.,True,0.0132186533883214
t2i,A woman sitting in a terrace.,3910,3910,A woman sitting in a terrace.,True,0.00038710376247763634
t2i,A woman sitting in a terrace.,133,133,A woman sitting in a terrace.,False,0.10463236272335052
t2i,A woman sitting in a terrace.,1989,1989,A woman sitting in a terrace.,False,0.3072366714477539
t2i,A woman sitting in a terrace.,12386,12386,A woman sitting in a terrace.,False,0.03180373087525368
t2i,A woman sitting in a terrace.,2433,2433,A woman sitting in a terrace.,True,0.000611234805546701
t2i,A woman sitting in a terrace.,5720,5720,A woman sitting in a terrace.,True,0.0037912160623818636
t2i,A woman sitting in a terrace.,4941,4941,A woman sitting in a terrace.,False,0.00025769960484467447
t2i,Two men are running up a trail.,1667,1667,Two men are running up a trail.,True,0.9932818412780762
t2i,Two men are running up a trail.,1233,1233,Two men are running up a trail.,True,0.9933282136917114
t2i,Two men are running up a trail.,1824,1824,Two men are running up a trail.,True,0.9957550764083862
t2i,Two men are running up a trail.,961,961,Two men are running up a trail.,False,0.08017069101333618
t2i,Two men are running up a trail.,7467,7467,Two men are running up a trail.,False,0.317609965801239
t2i,Two men are running up a trail.,9168,9168,Two men are running up a trail.,True,0.9992665648460388
t2i,Two men are running up a trail.,2060,2060,Two men are running up a trail.,False,0.004715955816209316
t2i,Two men are running up a trail.,2193,2193,Two men are running up a trail.,False,0.0590544193983078
t2i,Two men are running up a trail.,4455,4455,Two men are running up a trail.,False,0.023421481251716614
t2i,Two men are running up a trail.,2540,2540,Two men are running up a trail.,False,0.00019161355157848448
t2i,Two men are running up a trail.,11743,11743,Two men are running up a trail.,True,0.9675650596618652
t2i,Two men are running up a trail.,774,774,Two men are running up a trail.,False,0.9734753966331482
t2i,Two men are running up a trail.,2311,2311,Two men are running up a trail.,False,0.5961016416549683
t2i,Two men are running up a trail.,11382,11382,Two men are running up a trail.,False,0.6874223947525024
t2i,Two men are running up a trail.,10261,10261,Two men are running up a trail.,False,0.383096843957901
t2i,Two men are running up a trail.,3165,3165,Two men are running up a trail.,False,0.05128522589802742
t2i,Two men are running up a trail.,10599,10599,Two men are running up a trail.,False,0.0010043641086667776
t2i,Two men are running up a trail.,6983,6983,Two men are running up a trail.,False,6.381369166774675e-05
t2i,Two men are running up a trail.,2806,2806,Two men are running up a trail.,False,0.8686366081237793
t2i,Two men are running up a trail.,6288,6288,Two men are running up a trail.,False,0.011138204485177994
t2i,Two men are running up a trail.,3784,3784,Two men are running up a trail.,False,0.2743285298347473
t2i,Two men are running up a trail.,2585,2585,Two men are running up a trail.,True,0.28783464431762695
t2i,Two men are running up a trail.,6605,6605,Two men are running up a trail.,False,0.2793697416782379
t2i,Two men are running up a trail.,4209,4209,Two men are running up a trail.,False,0.10986648499965668
t2i,Two men are running up a trail.,575,575,Two men are running up a trail.,False,0.041292011737823486
t2i,Two men are running up a trail.,5111,5111,Two men are running up a trail.,False,0.022093074396252632
t2i,Two men are running up a trail.,6944,6944,Two men are running up a trail.,False,0.4984918236732483
t2i,Two men are running up a trail.,11738,11738,Two men are running up a trail.,False,0.0033003322314471006
t2i,A sculpture of a person walking,6746,6746,A sculpture of a person walking,True,0.9839202761650085
t2i,A sculpture of a person walking,11773,11773,A sculpture of a person walking,True,0.08931788802146912
t2i,A sculpture of a person walking,10247,10247,A sculpture of a person walking,True,0.9918102622032166
t2i,A sculpture of a person walking,8847,8847,A sculpture of a person walking,False,0.0002781075600069016
t2i,A sculpture of a person walking,5303,5303,A sculpture of a person walking,False,1.399476605001837e-05
t2i,A sculpture of a person walking,4422,4422,A sculpture of a person walking,False,6.819161626481218e-06
t2i,A sculpture of a person walking,8323,8323,A sculpture of a person walking,False,2.693884016480297e-05
t2i,A sculpture of a person walking,6963,6963,A sculpture of a person walking,False,0.0001217743702000007
t2i,A sculpture of a person walking,4942,4942,A sculpture of a person walking,False,2.3553104711027117e-06
t2i,A sculpture of a person walking,2607,2607,A sculpture of a person walking,False,9.28439840208739e-05
t2i,A sculpture of a person walking,7680,7680,A sculpture of a person walking,False,0.006042018998414278
t2i,A sculpture of a person walking,2835,2835,A sculpture of a person walking,False,0.042193468660116196
t2i,A sculpture of a person walking,101,101,A sculpture of a person walking,False,0.0027222870849072933
t2i,A sculpture of a person walking,6745,6745,A sculpture of a person walking,False,0.10677573829889297
t2i,A sculpture of a person walking,2375,2375,A sculpture of a person walking,False,0.0023062946274876595
t2i,A sculpture of a person walking,10168,10168,A sculpture of a person walking,False,0.016768045723438263
t2i,A sculpture of a person walking,9054,9054,A sculpture of a person walking,False,0.026371361687779427
t2i,A sculpture of a person walking,11028,11028,A sculpture of a person walking,False,0.04774252325296402
t2i,A sculpture of a person walking,13186,13186,A sculpture of a person walking,False,0.002431941218674183
t2i,A sculpture of a person walking,9932,9932,A sculpture of a person walking,False,0.011947435326874256
t2i,A sculpture of a person walking,1737,1737,A sculpture of a person walking,False,3.644330718088895e-06
t2i,A sculpture of a person walking,9910,9910,A sculpture of a person walking,False,0.00019023205095436424
t2i,A sculpture of a person walking,11547,11547,A sculpture of a person walking,False,0.04406951367855072
t2i,A sculpture of a person walking,1408,1408,A sculpture of a person walking,False,0.013302960433065891
t2i,A sculpture of a person walking,8734,8734,A sculpture of a person walking,False,0.034165773540735245
t2i,A sculpture of a person walking,4546,4546,A sculpture of a person walking,False,0.00772540969774127
t2i,A sculpture of a person walking,8928,8928,A sculpture of a person walking,False,0.0016414570854976773
t2i,A sculpture of a person walking,11979,11979,A sculpture of a person walking,False,0.00012089206575183198
t2i,A sculpture of a person walking,5746,5746,A sculpture of a person walking,False,0.0013125214027240872
t2i,A sculpture of a person walking,3301,3301,A sculpture of a person walking,False,0.017685718834400177
t2i,A sculpture of a person walking,10809,10809,A sculpture of a person walking,False,5.42974412383046e-05
t2i,A sculpture of a person walking,2998,2998,A sculpture of a person walking,False,0.0004966576234437525
t2i,A sculpture of a person walking,5202,5202,A sculpture of a person walking,False,2.3219763534143567e-05
t2i,A girl sits against a tree.,4710,4710,A girl sits against a tree.,False,0.8548513650894165
t2i,A girl sits against a tree.,2315,2315,A girl sits against a tree.,False,0.005028746090829372
t2i,A girl sits against a tree.,114,114,A girl sits against a tree.,False,0.0650845617055893
t2i,A girl sits against a tree.,323,323,A girl sits against a tree.,True,0.8560613989830017
t2i,A girl sits against a tree.,4885,4885,A girl sits against a tree.,True,0.00530574144795537
t2i,A girl sits against a tree.,11344,11344,A girl sits against a tree.,False,0.521818995475769
t2i,A girl sits against a tree.,2687,2687,A girl sits against a tree.,False,3.9889848267193884e-05
t2i,A girl sits against a tree.,1687,1687,A girl sits against a tree.,False,0.032016854733228683
t2i,A girl sits against a tree.,137,137,A girl sits against a tree.,False,0.0008133569499477744
t2i,A girl sits against a tree.,5849,5849,A girl sits against a tree.,True,0.246204674243927
t2i,A girl sits against a tree.,696,696,A girl sits against a tree.,True,0.02170516550540924
t2i,A girl sits against a tree.,8535,8535,A girl sits against a tree.,True,0.6418372988700867
t2i,A girl sits against a tree.,4610,4610,A girl sits against a tree.,False,0.05177149921655655
t2i,A girl sits against a tree.,809,809,A girl sits against a tree.,False,0.296406090259552
t2i,A girl sits against a tree.,3749,3749,A girl sits against a tree.,False,0.02929529920220375
t2i,A girl sits against a tree.,8290,8290,A girl sits against a tree.,True,0.7138140797615051
t2i,A girl sits against a tree.,12215,12215,A girl sits against a tree.,True,0.053572386503219604
t2i,A girl sits against a tree.,6522,6522,A girl sits against a tree.,False,0.03490111976861954
t2i,A girl sits against a tree.,1804,1804,A girl sits against a tree.,True,0.03789127990603447
t2i,A girl sits against a tree.,4167,4167,A girl sits against a tree.,False,0.282366007566452
t2i,A girl sits against a tree.,3990,3990,A girl sits against a tree.,False,0.08927101641893387
t2i,A girl sits against a tree.,2643,2643,A girl sits against a tree.,True,0.11119501292705536
t2i,A girl sits against a tree.,11300,11300,A girl sits against a tree.,False,0.01865866407752037
t2i,A girl sits against a tree.,2767,2767,A girl sits against a tree.,True,0.22017641365528107
t2i,A girl sits against a tree.,6310,6310,A girl sits against a tree.,True,0.05050259456038475
t2i,A girl sits against a tree.,8,8,A girl sits against a tree.,True,0.40118110179901123
t2i,A girl sits against a tree.,8536,8536,A girl sits against a tree.,False,0.09721696376800537
t2i,A girl sits against a tree.,11591,11591,A girl sits against a tree.,False,0.0996340736746788
t2i,A girl sits against a tree.,5040,5040,A girl sits against a tree.,False,0.0002215187851106748
t2i,A girl sits against a tree.,11343,11343,A girl sits against a tree.,False,0.002780274488031864
t2i,A girl sits against a tree.,1139,1139,A girl sits against a tree.,False,0.0004581224638968706
t2i,A girl sits against a tree.,1261,1261,A girl sits against a tree.,True,0.0007528293062932789
t2i,A girl sits against a tree.,1741,1741,A girl sits against a tree.,False,0.010451086796820164
t2i,A girl sits against a tree.,3509,3509,A girl sits against a tree.,False,0.011585114523768425
t2i,A woman sleeps on a couch,11045,11045,A woman sleeps on a couch,True,0.03156174346804619
t2i,A woman sleeps on a couch,12588,12588,A woman sleeps on a couch,False,0.008437097072601318
t2i,A woman sleeps on a couch,3389,3389,A woman sleeps on a couch,False,0.042136307805776596
t2i,A woman sleeps on a couch,10492,10492,A woman sleeps on a couch,False,0.4787296652793884
t2i,A woman sleeps on a couch,13463,13463,A woman sleeps on a couch,False,0.11659535020589828
t2i,A woman sleeps on a couch,12255,12255,A woman sleeps on a couch,False,0.22627107799053192
t2i,A woman sleeps on a couch,6965,6965,A woman sleeps on a couch,False,0.0017762561328709126
t2i,A woman sleeps on a couch,1810,1810,A woman sleeps on a couch,False,0.00037177387275733054
t2i,A woman sleeps on a couch,11146,11146,A woman sleeps on a couch,False,0.14730946719646454
t2i,A woman sleeps on a couch,11244,11244,A woman sleeps on a couch,False,0.018531370908021927
t2i,A woman sleeps on a couch,13588,13588,A woman sleeps on a couch,True,0.8016726970672607
t2i,A woman sleeps on a couch,13652,13652,A woman sleeps on a couch,True,0.7608761787414551
t2i,A woman sleeps on a couch,3619,3619,A woman sleeps on a couch,False,0.45360174775123596
t2i,A woman sleeps on a couch,14074,14074,A woman sleeps on a couch,False,0.23352469503879547
t2i,A woman sleeps on a couch,1301,1301,A woman sleeps on a couch,False,0.2880074977874756
t2i,A woman sleeps on a couch,4453,4453,A woman sleeps on a couch,True,0.8163678050041199
t2i,A woman sleeps on a couch,6361,6361,A woman sleeps on a couch,True,0.8461626768112183
t2i,A woman sleeps on a couch,3466,3466,A woman sleeps on a couch,False,0.014723951928317547
t2i,A woman sleeps on a couch,2451,2451,A woman sleeps on a couch,False,0.008121930062770844
t2i,A woman sleeps on a couch,11812,11812,A woman sleeps on a couch,False,0.07285527884960175
t2i,A woman sleeps on a couch,2841,2841,A woman sleeps on a couch,False,0.021433910354971886
t2i,A woman sleeps on a couch,9399,9399,A woman sleeps on a couch,False,0.002150214510038495
t2i,A woman sleeps on a couch,11592,11592,A woman sleeps on a couch,False,0.008619209751486778
t2i,A woman sleeps on a couch,5714,5714,A woman sleeps on a couch,False,0.0075533692725002766
t2i,A woman sleeps on a couch,1733,1733,A woman sleeps on a couch,False,0.0031430076342076063
t2i,A woman sleeps on a couch,12727,12727,A woman sleeps on a couch,True,0.001952657476067543
t2i,Girls stand in the park.,89,89,Girls stand in the park.,True,0.14609651267528534
t2i,Girls stand in the park.,8903,8903,Girls stand in the park.,True,0.006218916270881891
t2i,Girls stand in the park.,5898,5898,Girls stand in the park.,False,0.0019558381754904985
t2i,Girls stand in the park.,5232,5232,Girls stand in the park.,False,0.054558224976062775
t2i,Girls stand in the park.,9088,9088,Girls stand in the park.,False,0.00028478604508563876
t2i,Girls stand in the park.,4605,4605,Girls stand in the park.,False,0.0016657764790579677
t2i,Girls stand in the park.,1740,1740,Girls stand in the park.,False,0.12406400591135025
t2i,Girls stand in the park.,13482,13482,Girls stand in the park.,True,0.017809627577662468
t2i,Girls stand in the park.,12196,12196,Girls stand in the park.,True,0.03661109507083893
t2i,Girls stand in the park.,154,154,Girls stand in the park.,False,0.06443749368190765
t2i,Girls stand in the park.,3761,3761,Girls stand in the park.,False,0.06857318431138992
t2i,Girls stand in the park.,9883,9883,Girls stand in the park.,False,0.00953488890081644
t2i,Girls stand in the park.,8542,8542,Girls stand in the park.,False,0.03403113782405853
t2i,Girls stand in the park.,138,138,Girls stand in the park.,False,0.17010878026485443
t2i,Girls stand in the park.,6739,6739,Girls stand in the park.,False,0.004090219270437956
t2i,Girls stand in the park.,3666,3666,Girls stand in the park.,False,0.020995432510972023
t2i,Girls stand in the park.,12413,12413,Girls stand in the park.,False,0.005531399045139551
t2i,Girls stand in the park.,1869,1869,Girls stand in the park.,False,0.015896517783403397
t2i,Girls stand in the park.,7671,7671,Girls stand in the park.,False,0.005117093212902546
t2i,Girls stand in the park.,3880,3880,Girls stand in the park.,False,0.013172346167266369
t2i,Girls stand in the park.,7508,7508,Girls stand in the park.,True,0.001099446089938283
t2i,Girls stand in the park.,1621,1621,Girls stand in the park.,False,0.04806829243898392
t2i,Girls stand in the park.,2298,2298,Girls stand in the park.,False,0.0003057022695429623
t2i,Girls stand in the park.,12514,12514,Girls stand in the park.,False,0.011656433343887329
t2i,Girls stand in the park.,11259,11259,Girls stand in the park.,False,0.007842316292226315
t2i,Girls stand in the park.,12402,12402,Girls stand in the park.,False,0.00014242193719837815
t2i,Girls stand in the park.,14055,14055,Girls stand in the park.,False,0.0002358030469622463
t2i,Girls stand in the park.,6862,6862,Girls stand in the park.,False,0.0010595476487651467
t2i,Girls stand in the park.,11723,11723,Girls stand in the park.,False,0.004030741285532713
t2i,Girls stand in the park.,11294,11294,Girls stand in the park.,False,0.0008249855600297451
t2i,Girls stand in the park.,13558,13558,Girls stand in the park.,False,0.0012412227224558592
t2i,Girls stand in the park.,899,899,Girls stand in the park.,False,0.05303400009870529
t2i,Girls stand in the park.,2355,2355,Girls stand in the park.,False,0.00014148377522360533
t2i,Girls stand in the park.,9272,9272,Girls stand in the park.,False,0.005313717294484377
t2i,Girls stand in the park.,3879,3879,Girls stand in the park.,False,0.0001740187144605443
t2i,Girls stand in the park.,887,887,Girls stand in the park.,True,0.3410603404045105
t2i,Girls stand in the park.,12367,12367,Girls stand in the park.,False,0.00031357581610791385
t2i,Girls stand in the park.,10320,10320,Girls stand in the park.,False,0.0002325118548469618
t2i,Girls stand in the park.,4545,4545,Girls stand in the park.,True,0.014315133914351463
t2i,Girls stand in the park.,3101,3101,Girls stand in the park.,False,0.0002913020143751055
t2i,Girls stand in the park.,9621,9621,Girls stand in the park.,False,0.0010306255426257849
t2i,Girls stand in the park.,6679,6679,Girls stand in the park.,False,0.00012406329915393144
t2i,Girls stand in the park.,940,940,Girls stand in the park.,False,9.816115925787017e-05
t2i,Girls stand in the park.,10302,10302,Girls stand in the park.,False,0.010213523171842098
t2i,Girls stand in the park.,914,914,Girls stand in the park.,False,0.0026379695627838373
t2i,Girls stand in the park.,1210,1210,Girls stand in the park.,False,0.008055031299591064
t2i,Girls stand in the park.,9931,9931,Girls stand in the park.,False,0.0030596530996263027
t2i,Girls stand in the park.,11096,11096,Girls stand in the park.,True,0.047221697866916656
t2i,Girls stand in the park.,5352,5352,Girls stand in the park.,False,0.005778501275926828
t2i,An animal lying in the grass.,4431,4431,An animal lying in the grass.,True,0.09963314980268478
t2i,An animal lying in the grass.,3003,3003,An animal lying in the grass.,False,0.004858026280999184
t2i,An animal lying in the grass.,9319,9319,An animal lying in the grass.,False,0.0005418142536655068
t2i,An animal lying in the grass.,6913,6913,An animal lying in the grass.,True,0.012237430550158024
t2i,An animal lying in the grass.,3111,3111,An animal lying in the grass.,True,0.019110186025500298
t2i,An animal lying in the grass.,11475,11475,An animal lying in the grass.,True,0.08326208591461182
t2i,An animal lying in the grass.,11008,11008,An animal lying in the grass.,False,0.0002807961427606642
t2i,An animal lying in the grass.,6331,6331,An animal lying in the grass.,False,0.000239606000832282
t2i,An animal lying in the grass.,8716,8716,An animal lying in the grass.,True,0.003312368644401431
t2i,An animal lying in the grass.,9402,9402,An animal lying in the grass.,False,0.015170827507972717
t2i,An animal lying in the grass.,13185,13185,An animal lying in the grass.,True,0.23754723370075226
t2i,An animal lying in the grass.,1105,1105,An animal lying in the grass.,True,0.36926358938217163
t2i,An animal lying in the grass.,7542,7542,An animal lying in the grass.,True,0.15869198739528656
t2i,An animal lying in the grass.,202,202,An animal lying in the grass.,True,0.7036645412445068
t2i,An animal lying in the grass.,6290,6290,An animal lying in the grass.,True,0.3135509192943573
t2i,An animal lying in the grass.,22,22,An animal lying in the grass.,True,0.1612374633550644
t2i,An animal lying in the grass.,8569,8569,An animal lying in the grass.,True,0.7206097841262817
t2i,An animal lying in the grass.,4670,4670,An animal lying in the grass.,True,0.14420920610427856
t2i,An animal lying in the grass.,2935,2935,An animal lying in the grass.,True,0.01533833984285593
t2i,An animal lying in the grass.,11335,11335,An animal lying in the grass.,True,0.025544945150613785
t2i,An animal lying in the grass.,7561,7561,An animal lying in the grass.,True,0.07324791699647903
t2i,An animal lying in the grass.,4267,4267,An animal lying in the grass.,True,0.003583410056307912
t2i,An animal lying in the grass.,1620,1620,An animal lying in the grass.,True,0.09038787335157394
t2i,An animal lying in the grass.,2645,2645,An animal lying in the grass.,True,0.0587170235812664
t2i,An animal lying in the grass.,5462,5462,An animal lying in the grass.,True,0.0007210475741885602
t2i,An animal lying in the grass.,7086,7086,An animal lying in the grass.,False,0.0007266755565069616
t2i,An animal lying in the grass.,7869,7869,An animal lying in the grass.,True,0.26834407448768616
t2i,An animal lying in the grass.,13247,13247,An animal lying in the grass.,True,0.017685117200016975
t2i,An animal lying in the grass.,3308,3308,An animal lying in the grass.,True,0.03672121465206146
t2i,An animal lying in the grass.,2534,2534,An animal lying in the grass.,True,0.570589005947113
t2i,An animal lying in the grass.,1721,1721,An animal lying in the grass.,True,0.026739124208688736
t2i,An animal lying in the grass.,13662,13662,An animal lying in the grass.,True,0.018345380201935768
t2i,An animal lying in the grass.,12210,12210,An animal lying in the grass.,True,0.019794732332229614
t2i,An animal lying in the grass.,4505,4505,An animal lying in the grass.,False,0.0011813583550974727
t2i,An animal lying in the grass.,8462,8462,An animal lying in the grass.,True,0.0019496200839057565
t2i,An animal lying in the grass.,8237,8237,An animal lying in the grass.,True,0.0024250156711786985
t2i,An animal lying in the grass.,13450,13450,An animal lying in the grass.,True,0.7305633425712585
t2i,A lion sits in the grass.,4671,4671,A lion sits in the grass.,False,0.8128392100334167
t2i,A lion sits in the grass.,7920,7920,A lion sits in the grass.,False,0.002417845418676734
t2i,A lion sits in the grass.,13662,13662,A lion sits in the grass.,False,0.8965892195701599
t2i,A lion sits in the grass.,11474,11474,A lion sits in the grass.,False,0.8524568676948547
t2i,A lion sits in the grass.,11475,11475,A lion sits in the grass.,False,0.05492446944117546
t2i,A lion sits in the grass.,7291,7291,A lion sits in the grass.,False,0.09342402219772339
t2i,A lion sits in the grass.,8457,8457,A lion sits in the grass.,False,0.0019805298652499914
t2i,A lion sits in the grass.,3111,3111,A lion sits in the grass.,False,0.02165093831717968
t2i,A lion sits in the grass.,3003,3003,A lion sits in the grass.,False,0.0007680642302148044
t2i,A lion sits in the grass.,8682,8682,A lion sits in the grass.,True,0.020885542035102844
t2i,A lion sits in the grass.,9455,9455,A lion sits in the grass.,False,0.012408806011080742
t2i,A lion sits in the grass.,9456,9456,A lion sits in the grass.,False,0.0011974473018199205
t2i,A lion sits in the grass.,12310,12310,A lion sits in the grass.,False,0.0004173296911176294
t2i,A lion sits in the grass.,1105,1105,A lion sits in the grass.,False,0.0020057372748851776
t2i,A lion sits in the grass.,464,464,A lion sits in the grass.,False,0.0010501256911084056
t2i,A lion sits in the grass.,4670,4670,A lion sits in the grass.,False,0.04885169863700867
t2i,A lion sits in the grass.,7086,7086,A lion sits in the grass.,False,0.0004484248347580433
t2i,A lion sits in the grass.,4431,4431,A lion sits in the grass.,False,0.01582537218928337
t2i,A lion sits in the grass.,13247,13247,A lion sits in the grass.,False,0.000859007821418345
t2i,A lion sits in the grass.,9549,9549,A lion sits in the grass.,False,6.421260331990197e-05
t2i,A lion sits in the grass.,3013,3013,A lion sits in the grass.,False,0.01636170968413353
t2i,The person plays a song.,385,385,The person plays a song.,True,0.01571243815124035
t2i,The person plays a song.,1934,1934,The person plays a song.,True,0.00013859807222615927
t2i,The person plays a song.,2606,2606,The person plays a song.,True,7.758935680612922e-05
t2i,The person plays a song.,10078,10078,The person plays a song.,True,0.14069993793964386
t2i,The person plays a song.,2045,2045,The person plays a song.,True,0.00015667268598917872
t2i,The person plays a song.,2210,2210,The person plays a song.,True,0.3960496187210083
t2i,The person plays a song.,4681,4681,The person plays a song.,True,7.861416088417172e-05
t2i,The person plays a song.,3788,3788,The person plays a song.,True,0.00015290372539311647
t2i,The person plays a song.,615,615,The person plays a song.,True,3.862756784656085e-05
t2i,The person plays a song.,4011,4011,The person plays a song.,True,0.023191865533590317
t2i,The person plays a song.,1509,1509,The person plays a song.,False,0.7590423226356506
t2i,The person plays a song.,13318,13318,The person plays a song.,False,0.13531433045864105
t2i,The person plays a song.,3882,3882,The person plays a song.,False,0.39168891310691833
t2i,The person plays a song.,11934,11934,The person plays a song.,True,0.5370609760284424
t2i,The person plays a song.,12799,12799,The person plays a song.,True,0.6388323903083801
t2i,The person plays a song.,3227,3227,The person plays a song.,False,0.5275992751121521
t2i,The person plays a song.,7583,7583,The person plays a song.,True,0.45428502559661865
t2i,The person plays a song.,1894,1894,The person plays a song.,True,0.6840291023254395
t2i,The person plays a song.,7534,7534,The person plays a song.,True,0.7361194491386414
t2i,The person plays a song.,3027,3027,The person plays a song.,True,0.25764375925064087
t2i,The person plays a song.,2568,2568,The person plays a song.,True,0.10076134651899338
t2i,The person plays a song.,5511,5511,The person plays a song.,True,0.010693433694541454
t2i,The person plays a song.,1648,1648,The person plays a song.,True,0.05759793892502785
t2i,The person plays a song.,2680,2680,The person plays a song.,True,0.043733179569244385
t2i,The person plays a song.,2376,2376,The person plays a song.,True,0.40705224871635437
t2i,The person plays a song.,2851,2851,The person plays a song.,True,0.5118197798728943
t2i,The person plays a song.,8226,8226,The person plays a song.,False,0.001217732671648264
t2i,The person plays a song.,1412,1412,The person plays a song.,True,0.43796664476394653
t2i,The person plays a song.,3419,3419,The person plays a song.,True,0.11976496130228043
t2i,The person plays a song.,282,282,The person plays a song.,True,0.09367634356021881
t2i,The person plays a song.,1332,1332,The person plays a song.,True,0.43077337741851807
t2i,The person plays a song.,3173,3173,The person plays a song.,True,0.041003357619047165
t2i,The person plays a song.,2012,2012,The person plays a song.,True,0.00030122685711830854
t2i,The person plays a song.,9760,9760,The person plays a song.,True,0.0002921778941527009
t2i,The person plays a song.,13861,13861,The person plays a song.,True,0.4321965277194977
t2i,The person plays a song.,4357,4357,The person plays a song.,True,0.028045373037457466
t2i,The person plays a song.,2692,2692,The person plays a song.,True,0.1882965862751007
t2i,The person plays a song.,4270,4270,The person plays a song.,True,0.008166488260030746
t2i,The person plays a song.,2495,2495,The person plays a song.,True,0.004353169351816177
t2i,The person plays a song.,10827,10827,The person plays a song.,True,9.96333546936512e-05
t2i,The person plays a song.,4204,4204,The person plays a song.,True,0.0005261186161078513
t2i,The person plays a song.,3242,3242,The person plays a song.,True,0.00032463387469761074
t2i,The person plays a song.,2541,2541,The person plays a song.,True,0.0002911301562562585
t2i,The person plays a song.,5510,5510,The person plays a song.,True,0.016110431402921677
t2i,The person plays a song.,3321,3321,The person plays a song.,True,0.03979549929499626
t2i,The person plays a song.,3292,3292,The person plays a song.,True,0.4456775188446045
t2i,The person plays a song.,2633,2633,The person plays a song.,True,0.26189056038856506
t2i,A pianist performs on stage.,5510,5510,A pianist performs on stage.,False,0.0006880303844809532
t2i,A pianist performs on stage.,1934,1934,A pianist performs on stage.,True,0.0012326621217653155
t2i,A pianist performs on stage.,1412,1412,A pianist performs on stage.,True,0.5304689407348633
t2i,A pianist performs on stage.,2438,2438,A pianist performs on stage.,True,0.0006885637994855642
t2i,A pianist performs on stage.,3173,3173,A pianist performs on stage.,True,0.018410293385386467
t2i,A pianist performs on stage.,3655,3655,A pianist performs on stage.,True,0.7254300713539124
t2i,A pianist performs on stage.,1870,1870,A pianist performs on stage.,True,0.4437999129295349
t2i,A pianist performs on stage.,3788,3788,A pianist performs on stage.,True,0.000346052780514583
t2i,A pianist performs on stage.,922,922,A pianist performs on stage.,True,0.2889100909233093
t2i,A pianist performs on stage.,2541,2541,A pianist performs on stage.,True,6.0160957218613476e-05
t2i,A pianist performs on stage.,4799,4799,A pianist performs on stage.,True,0.35845139622688293
t2i,A pianist performs on stage.,362,362,A pianist performs on stage.,True,0.29804036021232605
t2i,A pianist performs on stage.,2148,2148,A pianist performs on stage.,True,0.20730561017990112
t2i,A pianist performs on stage.,11934,11934,A pianist performs on stage.,False,0.013436835259199142
t2i,A pianist performs on stage.,4075,4075,A pianist performs on stage.,True,0.08244064450263977
t2i,A pianist performs on stage.,3419,3419,A pianist performs on stage.,True,0.13972815871238708
t2i,A pianist performs on stage.,5511,5511,A pianist performs on stage.,True,0.0035333987325429916
t2i,A pianist performs on stage.,7947,7947,A pianist performs on stage.,True,0.0008081194828264415
t2i,A pianist performs on stage.,2568,2568,A pianist performs on stage.,True,0.009658495895564556
t2i,A pianist performs on stage.,282,282,A pianist performs on stage.,False,0.0164978988468647
t2i,A pianist performs on stage.,12088,12088,A pianist performs on stage.,False,0.006971849128603935
t2i,A woman lies on a bed.,1991,1991,A woman lies on a bed.,False,1.5057208656799048e-05
t2i,A woman lies on a bed.,7134,7134,A woman lies on a bed.,False,0.004726397339254618
t2i,A woman lies on a bed.,6517,6517,A woman lies on a bed.,False,0.0011642527533695102
t2i,A woman lies on a bed.,3139,3139,A woman lies on a bed.,True,0.4183267056941986
t2i,A woman lies on a bed.,12588,12588,A woman lies on a bed.,False,0.004432881250977516
t2i,A woman lies on a bed.,6518,6518,A woman lies on a bed.,False,9.148745448328555e-05
t2i,A woman lies on a bed.,401,401,A woman lies on a bed.,False,4.656102828448638e-05
t2i,A woman lies on a bed.,557,557,A woman lies on a bed.,False,6.903013854753226e-05
t2i,A woman lies on a bed.,3225,3225,A woman lies on a bed.,True,0.12320386618375778
t2i,A woman lies on a bed.,11146,11146,A woman lies on a bed.,True,0.008017521351575851
t2i,A woman lies on a bed.,5018,5018,A woman lies on a bed.,True,0.3164602816104889
t2i,A woman lies on a bed.,10792,10792,A woman lies on a bed.,True,0.1930234581232071
t2i,A woman lies on a bed.,6244,6244,A woman lies on a bed.,True,0.899005115032196
t2i,A woman lies on a bed.,13788,13788,A woman lies on a bed.,False,0.043895892798900604
t2i,A woman lies on a bed.,13588,13588,A woman lies on a bed.,False,0.08126064389944077
t2i,A woman lies on a bed.,11201,11201,A woman lies on a bed.,True,0.20325905084609985
t2i,A woman lies on a bed.,13652,13652,A woman lies on a bed.,False,0.03058142028748989
t2i,A woman lies on a bed.,1758,1758,A woman lies on a bed.,False,0.005689083132892847
t2i,A woman lies on a bed.,111,111,A woman lies on a bed.,True,0.002530819969251752
t2i,A woman lies on a bed.,7216,7216,A woman lies on a bed.,True,0.005717876832932234
t2i,A woman lies on a bed.,13604,13604,A woman lies on a bed.,False,0.12489206343889236
t2i,A woman lies on a bed.,7056,7056,A woman lies on a bed.,True,0.01092167291790247
t2i,A woman lies on a bed.,2451,2451,A woman lies on a bed.,False,0.0034540616907179356
t2i,A woman lies on a bed.,12058,12058,A woman lies on a bed.,True,0.17454159259796143
t2i,A woman lies on a bed.,7377,7377,A woman lies on a bed.,False,0.09007536619901657
t2i,A woman lies on a bed.,52,52,A woman lies on a bed.,False,0.035005949437618256
t2i,A woman lies on a bed.,1757,1757,A woman lies on a bed.,True,0.012403693050146103
t2i,A woman lies on a bed.,392,392,A woman lies on a bed.,False,0.005256826989352703
t2i,A woman lies on a bed.,1203,1203,A woman lies on a bed.,True,0.018329130485653877
t2i,A woman lies on a bed.,215,215,A woman lies on a bed.,True,0.002511322498321533
t2i,A woman lies on a bed.,6048,6048,A woman lies on a bed.,False,0.0012202784419059753
t2i,A woman lies on a bed.,10089,10089,A woman lies on a bed.,True,0.0014133434742689133
t2i,A woman lies on a bed.,3388,3388,A woman lies on a bed.,False,0.0009366183076053858
t2i,A woman lies on a bed.,5558,5558,A woman lies on a bed.,True,0.024775108322501183
t2i,A woman lies on a bed.,275,275,A woman lies on a bed.,False,0.00036339875077828765
t2i,The person appeared on the show,7380,7380,The person appeared on the show,False,8.387954949284904e-06
t2i,The person appeared on the show,5888,5888,The person appeared on the show,False,1.940325773830409e-06
t2i,The person appeared on the show,8922,8922,The person appeared on the show,False,1.8052845689453534e-06
t2i,The person appeared on the show,12426,12426,The person appeared on the show,False,1.959475639523589e-06
t2i,The person appeared on the show,4945,4945,The person appeared on the show,False,1.98072666535154e-06
t2i,The person appeared on the show,7010,7010,The person appeared on the show,False,2.051312549156137e-06
t2i,The person appeared on the show,10238,10238,The person appeared on the show,False,0.005752986762672663
t2i,The person appeared on the show,12074,12074,The person appeared on the show,False,0.5284453630447388
t2i,The person appeared on the show,13394,13394,The person appeared on the show,False,1.6963674625003478e-06
t2i,The person appeared on the show,13939,13939,The person appeared on the show,False,1.5003294038251624e-06
t2i,The person appeared on the show,4199,4199,The person appeared on the show,False,1.0130504506378202e-06
t2i,The person appeared on the show,8149,8149,The person appeared on the show,False,0.4277791678905487
t2i,The person appeared on the show,9548,9548,The person appeared on the show,True,0.0011983169242739677
t2i,The person appeared on the show,13331,13331,The person appeared on the show,False,0.14509962499141693
t2i,The person appeared on the show,8496,8496,The person appeared on the show,True,0.00022702950809616596
t2i,The person appeared on the show,4650,4650,The person appeared on the show,False,0.0007462991634383798
t2i,The person appeared on the show,4534,4534,The person appeared on the show,False,0.006363212130963802
t2i,The person appeared on the show,863,863,The person appeared on the show,False,0.19485439360141754
t2i,The person appeared on the show,10440,10440,The person appeared on the show,False,0.2908751368522644
t2i,The person appeared on the show,2779,2779,The person appeared on the show,False,0.20786581933498383
t2i,The person appeared on the show,3799,3799,The person appeared on the show,True,0.00011117266694782302
t2i,The person appeared on the show,9916,9916,The person appeared on the show,False,5.145378963788971e-05
t2i,The person appeared on the show,13522,13522,The person appeared on the show,True,0.03871586546301842
t2i,The person appeared on the show,12345,12345,The person appeared on the show,True,2.935949305538088e-05
t2i,The person appeared on the show,3242,3242,The person appeared on the show,False,2.024267269007396e-05
t2i,The person appeared on the show,7632,7632,The person appeared on the show,True,0.0007317055715247989
t2i,The person appeared on the show,7145,7145,The person appeared on the show,True,3.0163932024152018e-05
t2i,The person appeared on the show,12616,12616,The person appeared on the show,False,1.4779349839955103e-05
t2i,The person appeared on the show,13770,13770,The person appeared on the show,True,0.18119089305400848
t2i,The person appeared on the show,5121,5121,The person appeared on the show,False,0.047463253140449524
t2i,The person appeared on the show,12746,12746,The person appeared on the show,True,0.03867607191205025
t2i,The person appeared on the show,13194,13194,The person appeared on the show,True,0.000323356973240152
t2i,The person appeared on the show,1015,1015,The person appeared on the show,False,0.09463013708591461
t2i,The person appeared on the show,7369,7369,The person appeared on the show,False,0.03404539078474045
t2i,The person appeared on the show,10477,10477,The person appeared on the show,False,0.12180301547050476
t2i,The person appeared on the show,9943,9943,The person appeared on the show,False,0.005626296624541283
t2i,The person appeared on the show,7833,7833,The person appeared on the show,False,1.2852368854510132e-05
t2i,The person appeared on the show,12361,12361,The person appeared on the show,True,3.778778045671061e-05
t2i,The person appeared on the show,10321,10321,The person appeared on the show,False,0.014915818348526955
t2i,The person appeared on the show,13502,13502,The person appeared on the show,False,0.027264384552836418
t2i,The person appeared on the show,9321,9321,The person appeared on the show,True,0.0004263374721631408
t2i,The person appeared on the show,5053,5053,The person appeared on the show,True,0.0002906157460529357
t2i,The person appeared on the show,6233,6233,The person appeared on the show,True,9.403903095517308e-05
t2i,The person appeared on the show,13988,13988,The person appeared on the show,True,0.0003746144939213991
t2i,The person appeared on the show,12882,12882,The person appeared on the show,True,0.2543908357620239
t2i,The person appeared on the show,9961,9961,The person appeared on the show,False,0.00012659125786740333
t2i,The person appeared on the show,13191,13191,The person appeared on the show,True,0.00031533255241811275
t2i,The person appeared on the show,10970,10970,The person appeared on the show,True,2.652982948347926e-05
t2i,The person appeared on the show,7478,7478,The person appeared on the show,False,4.689402885560412e-06
t2i,The person appeared on the show,12611,12611,The person appeared on the show,True,0.007390309125185013
t2i,The person appeared on the show,13747,13747,The person appeared on the show,True,0.00015513153630308807
t2i,The person appeared on the show,4193,4193,The person appeared on the show,False,0.000348193891113624
t2i,The person appeared on the show,13505,13505,The person appeared on the show,True,3.777676283789333e-06
t2i,The person appeared on the show,7091,7091,The person appeared on the show,True,2.3593593141413294e-06
t2i,The person appeared on the show,12776,12776,The person appeared on the show,True,1.8008722690865397e-06
t2i,The person appeared on the show,4175,4175,The person appeared on the show,True,0.022241605445742607
t2i,The person appeared on the show,4166,4166,The person appeared on the show,True,0.019422952085733414
t2i,The woman is walking on the garden.,1740,1740,The woman is walking on the garden.,True,0.8771036863327026
t2i,The woman is walking on the garden.,12196,12196,The woman is walking on the garden.,True,0.26468828320503235
t2i,The woman is walking on the garden.,4605,4605,The woman is walking on the garden.,True,0.1666528433561325
t2i,The woman is walking on the garden.,13698,13698,The woman is walking on the garden.,False,0.010480206459760666
t2i,The woman is walking on the garden.,890,890,The woman is walking on the garden.,True,0.21190565824508667
t2i,The woman is walking on the garden.,12011,12011,The woman is walking on the garden.,False,0.005051534157246351
t2i,The woman is walking on the garden.,4942,4942,The woman is walking on the garden.,False,6.206813122844324e-05
t2i,The woman is walking on the garden.,11198,11198,The woman is walking on the garden.,True,0.04353461414575577
t2i,The woman is walking on the garden.,674,674,The woman is walking on the garden.,True,0.00028680538525804877
t2i,The woman is walking on the garden.,7200,7200,The woman is walking on the garden.,True,0.00039897876558825374
t2i,The woman is walking on the garden.,6606,6606,The woman is walking on the garden.,True,0.9528027772903442
t2i,The woman is walking on the garden.,624,624,The woman is walking on the garden.,True,0.7395565509796143
t2i,The woman is walking on the garden.,3439,3439,The woman is walking on the garden.,True,0.595276415348053
t2i,The woman is walking on the garden.,2858,2858,The woman is walking on the garden.,True,0.34019720554351807
t2i,The woman is walking on the garden.,3782,3782,The woman is walking on the garden.,True,0.7883169651031494
t2i,The woman is walking on the garden.,5507,5507,The woman is walking on the garden.,True,0.09245412051677704
t2i,The woman is walking on the garden.,11005,11005,The woman is walking on the garden.,False,0.2237834930419922
t2i,The woman is walking on the garden.,7279,7279,The woman is walking on the garden.,False,0.1304558962583542
t2i,The woman is walking on the garden.,6428,6428,The woman is walking on the garden.,False,0.02436121553182602
t2i,The woman is walking on the garden.,4934,4934,The woman is walking on the garden.,False,0.03206806257367134
t2i,The woman is walking on the garden.,2312,2312,The woman is walking on the garden.,False,0.029613370075821877
t2i,The woman is walking on the garden.,11259,11259,The woman is walking on the garden.,False,0.022833194583654404
t2i,The woman is walking on the garden.,933,933,The woman is walking on the garden.,True,0.0010405960492789745
t2i,The woman is walking on the garden.,2087,2087,The woman is walking on the garden.,True,0.0016536948969587684
t2i,The woman is walking on the garden.,11729,11729,The woman is walking on the garden.,True,0.2987271547317505
t2i,The woman is walking on the garden.,9990,9990,The woman is walking on the garden.,True,0.5520187616348267
t2i,The woman is walking on the garden.,3037,3037,The woman is walking on the garden.,False,0.062270790338516235
t2i,The woman is walking on the garden.,813,813,The woman is walking on the garden.,False,0.035176534205675125
t2i,The woman is walking on the garden.,4092,4092,The woman is walking on the garden.,False,0.007708916440606117
t2i,The woman is walking on the garden.,5233,5233,The woman is walking on the garden.,True,0.1683398187160492
t2i,The woman is walking on the garden.,12,12,The woman is walking on the garden.,False,0.026121854782104492
t2i,The woman is walking on the garden.,3955,3955,The woman is walking on the garden.,False,0.001397401443682611
t2i,The woman is walking on the garden.,6641,6641,The woman is walking on the garden.,False,0.03630146384239197
t2i,The woman is walking on the garden.,8991,8991,The woman is walking on the garden.,False,0.004297732375562191
t2i,The woman is walking on the garden.,810,810,The woman is walking on the garden.,True,0.10978415608406067
t2i,The woman is walking on the garden.,2756,2756,The woman is walking on the garden.,True,0.0008040100801736116
t2i,The woman is walking on the garden.,920,920,The woman is walking on the garden.,False,0.005347713362425566
t2i,boat floating on river,4298,4298,boat floating on river,True,0.6639353036880493
t2i,boat floating on river,4403,4403,boat floating on river,True,0.2641323506832123
t2i,boat floating on river,8368,8368,boat floating on river,True,0.005927050020545721
t2i,boat floating on river,386,386,boat floating on river,True,0.2586748003959656
t2i,boat floating on river,13072,13072,boat floating on river,True,0.1801927238702774
t2i,boat floating on river,12612,12612,boat floating on river,True,0.0008300975896418095
t2i,boat floating on river,14051,14051,boat floating on river,True,0.7713069319725037
t2i,boat floating on river,1946,1946,boat floating on river,True,0.7631511688232422
t2i,boat floating on river,582,582,boat floating on river,True,0.19384729862213135
t2i,boat floating on river,3300,3300,boat floating on river,True,0.03140830993652344
t2i,boat floating on river,2989,2989,boat floating on river,True,0.8287323713302612
t2i,boat floating on river,3033,3033,boat floating on river,True,0.6482769846916199
t2i,boat floating on river,13545,13545,boat floating on river,True,0.4450366497039795
t2i,boat floating on river,5639,5639,boat floating on river,True,0.3625364303588867
t2i,boat floating on river,3771,3771,boat floating on river,True,0.8364014625549316
t2i,boat floating on river,13070,13070,boat floating on river,False,0.5095086097717285
t2i,boat floating on river,4188,4188,boat floating on river,True,0.49407270550727844
t2i,boat floating on river,9105,9105,boat floating on river,False,0.17936956882476807
t2i,boat floating on river,13071,13071,boat floating on river,True,0.5776854753494263
t2i,boat floating on river,13277,13277,boat floating on river,True,0.6097803711891174
t2i,boat floating on river,6103,6103,boat floating on river,True,0.7895695567131042
t2i,boat floating on river,4101,4101,boat floating on river,True,0.6772651076316833
t2i,boat floating on river,4170,4170,boat floating on river,True,0.45816364884376526
t2i,boat floating on river,757,757,boat floating on river,True,0.2291327565908432
t2i,boat floating on river,4096,4096,boat floating on river,True,0.7970601916313171
t2i,boat floating on river,9755,9755,boat floating on river,True,0.3555048108100891
t2i,boat floating on river,3514,3514,boat floating on river,True,0.10309654474258423
t2i,boat floating on river,7463,7463,boat floating on river,True,0.34700876474380493
t2i,boat floating on river,7036,7036,boat floating on river,False,0.30606237053871155
t2i,boat floating on river,11333,11333,boat floating on river,True,0.2805499732494354
t2i,boat floating on river,4121,4121,boat floating on river,True,0.21693143248558044
t2i,boat floating on river,4276,4276,boat floating on river,True,0.25536832213401794
t2i,boat floating on river,13655,13655,boat floating on river,True,0.24977894127368927
t2i,boat floating on river,13888,13888,boat floating on river,True,0.01718141697347164
t2i,boat floating on river,9408,9408,boat floating on river,True,0.6106354594230652
t2i,boat floating on river,5786,5786,boat floating on river,True,0.2516549229621887
t2i,boat floating on river,13997,13997,boat floating on river,True,0.5544622540473938
t2i,A woman lies in a chair.,6850,6850,A woman lies in a chair.,False,0.17730680108070374
t2i,A woman lies in a chair.,12588,12588,A woman lies in a chair.,True,0.0794273167848587
t2i,A woman lies in a chair.,886,886,A woman lies in a chair.,False,0.0034180129878222942
t2i,A woman lies in a chair.,4622,4622,A woman lies in a chair.,True,0.07459945976734161
t2i,A woman lies in a chair.,6518,6518,A woman lies in a chair.,False,0.0002524048904888332
t2i,A woman lies in a chair.,702,702,A woman lies in a chair.,False,0.0017841638764366508
t2i,A woman lies in a chair.,401,401,A woman lies in a chair.,False,0.00020649429643526673
t2i,A woman lies in a chair.,11805,11805,A woman lies in a chair.,False,0.004700740799307823
t2i,A woman lies in a chair.,8222,8222,A woman lies in a chair.,False,0.001045958255417645
t2i,A woman lies in a chair.,5894,5894,A woman lies in a chair.,False,0.0028432058170437813
t2i,A woman lies in a chair.,3358,3358,A woman lies in a chair.,False,0.496847003698349
t2i,A woman lies in a chair.,13588,13588,A woman lies in a chair.,False,0.29507023096084595
t2i,A woman lies in a chair.,13652,13652,A woman lies in a chair.,False,0.06973079591989517
t2i,A woman lies in a chair.,8820,8820,A woman lies in a chair.,False,0.1253882795572281
t2i,A woman lies in a chair.,8350,8350,A woman lies in a chair.,False,0.006023247726261616
t2i,A woman lies in a chair.,5929,5929,A woman lies in a chair.,False,0.080272376537323
t2i,A woman lies in a chair.,1628,1628,A woman lies in a chair.,False,0.0975126177072525
t2i,A woman lies in a chair.,2594,2594,A woman lies in a chair.,True,0.015984956175088882
t2i,A woman lies in a chair.,7173,7173,A woman lies in a chair.,False,0.028540337458252907
t2i,A woman lies in a chair.,3200,3200,A woman lies in a chair.,True,0.6167872548103333
t2i,A woman lies in a chair.,1347,1347,A woman lies in a chair.,False,0.0008492181077599525
t2i,A woman lies in a chair.,10565,10565,A woman lies in a chair.,True,0.2241629809141159
t2i,A woman lies in a chair.,5886,5886,A woman lies in a chair.,False,0.005071204621344805
t2i,A woman lies in a chair.,2976,2976,A woman lies in a chair.,True,0.0712321549654007
t2i,A woman lies in a chair.,5596,5596,A woman lies in a chair.,False,0.001359734102152288
t2i,A woman lies in a chair.,13386,13386,A woman lies in a chair.,False,0.0004240544803906232
t2i,A woman lies in a chair.,4926,4926,A woman lies in a chair.,False,0.015108802355825901
t2i,A woman lies in a chair.,3931,3931,A woman lies in a chair.,False,0.013563527725636959
t2i,A woman lies in a chair.,8591,8591,A woman lies in a chair.,False,0.0026144387666136026
t2i,A woman lies in a chair.,10887,10887,A woman lies in a chair.,False,0.0005262846825644374
t2i,A woman lies in a chair.,1426,1426,A woman lies in a chair.,False,0.01176872756332159
t2i,A woman lies in a chair.,10618,10618,A woman lies in a chair.,False,0.009448448196053505
t2i,A woman lies in a chair.,719,719,A woman lies in a chair.,False,0.006146705709397793
t2i,A woman lies in a chair.,1733,1733,A woman lies in a chair.,False,0.00020775072334799916
t2i,A woman lies in a chair.,11878,11878,A woman lies in a chair.,False,0.004655530210584402
t2i,A woman lies in a chair.,11592,11592,A woman lies in a chair.,True,0.002473500557243824
t2i,A woman lies in a chair.,5714,5714,A woman lies in a chair.,True,0.001235220697708428
t2i,A woman lies in a chair.,13463,13463,A woman lies in a chair.,True,0.002646740758791566
t2i,A woman lies in a chair.,1680,1680,A woman lies in a chair.,False,0.005838169250637293
t2i,A woman lies in a chair.,10492,10492,A woman lies in a chair.,False,0.022992972284555435
t2i,A woman lies in a chair.,11045,11045,A woman lies in a chair.,False,0.00018144042405765504
t2i,A woman lies in a chair.,2276,2276,A woman lies in a chair.,False,0.012914235703647137
t2i,A woman lies in a chair.,557,557,A woman lies in a chair.,False,0.0001684494491200894
t2i,A woman lies in a chair.,275,275,A woman lies in a chair.,False,0.0025681916158646345
t2i,A woman lies in a chair.,3619,3619,A woman lies in a chair.,False,0.28334489464759827
t2i,A woman lies in a chair.,3389,3389,A woman lies in a chair.,False,0.0014535589143633842
t2i,A woman sits on a windowsill.,144,144,A woman sits on a windowsill.,True,0.041154708713293076
t2i,A woman sits on a windowsill.,1788,1788,A woman sits on a windowsill.,True,0.9306449890136719
t2i,A woman sits on a windowsill.,2081,2081,A woman sits on a windowsill.,True,0.9633351564407349
t2i,A woman sits on a windowsill.,7944,7944,A woman sits on a windowsill.,True,0.16503936052322388
t2i,A woman sits on a windowsill.,10053,10053,A woman sits on a windowsill.,True,0.54840487241745
t2i,A woman sits on a windowsill.,6455,6455,A woman sits on a windowsill.,True,0.08968579024076462
t2i,A woman sits on a windowsill.,9825,9825,A woman sits on a windowsill.,False,0.1302088052034378
t2i,A woman sits on a windowsill.,6152,6152,A woman sits on a windowsill.,False,0.013869413174688816
t2i,A woman sits on a windowsill.,11848,11848,A woman sits on a windowsill.,True,0.5639361143112183
t2i,A woman sits on a windowsill.,3768,3768,A woman sits on a windowsill.,False,2.7256768589722924e-05
t2i,A woman sits on a windowsill.,3749,3749,A woman sits on a windowsill.,False,0.8134640455245972
t2i,A woman sits on a windowsill.,2136,2136,A woman sits on a windowsill.,True,0.13445015251636505
t2i,A woman sits on a windowsill.,9035,9035,A woman sits on a windowsill.,True,0.7671114802360535
t2i,A woman sits on a windowsill.,14087,14087,A woman sits on a windowsill.,False,0.6040905714035034
t2i,A woman sits on a windowsill.,2231,2231,A woman sits on a windowsill.,True,0.25105929374694824
t2i,A woman sits on a windowsill.,12504,12504,A woman sits on a windowsill.,False,0.21550722420215607
t2i,A woman sits on a windowsill.,3394,3394,A woman sits on a windowsill.,False,0.006381480488926172
t2i,A woman sits on a windowsill.,6121,6121,A woman sits on a windowsill.,False,0.3800088167190552
t2i,A woman sits on a windowsill.,7492,7492,A woman sits on a windowsill.,False,0.014972183853387833
t2i,A woman sits on a windowsill.,9788,9788,A woman sits on a windowsill.,False,0.013968066312372684
t2i,A woman sits on a windowsill.,4548,4548,A woman sits on a windowsill.,False,0.003997176885604858
t2i,A woman sits on a windowsill.,7501,7501,A woman sits on a windowsill.,False,0.001384273055009544
t2i,A woman sits on a windowsill.,5274,5274,A woman sits on a windowsill.,True,0.1295161247253418
t2i,A woman sits on a windowsill.,11302,11302,A woman sits on a windowsill.,True,0.0796954408288002
t2i,A woman sits on a windowsill.,753,753,A woman sits on a windowsill.,False,0.11349473148584366
t2i,A woman sits on a windowsill.,5860,5860,A woman sits on a windowsill.,True,0.09287510067224503
t2i,A woman sits on a windowsill.,9874,9874,A woman sits on a windowsill.,False,0.04810931533575058
t2i,A woman sits on a windowsill.,12207,12207,A woman sits on a windowsill.,False,0.0028255400247871876
t2i,A cat sits on the bed.,7880,7880,A cat sits on the bed.,True,0.24701891839504242
t2i,A cat sits on the bed.,9317,9317,A cat sits on the bed.,True,0.9666396379470825
t2i,A cat sits on the bed.,13114,13114,A cat sits on the bed.,True,0.15837214887142181
t2i,A cat sits on the bed.,7847,7847,A cat sits on the bed.,False,0.04566120728850365
t2i,A cat sits on the bed.,13509,13509,A cat sits on the bed.,False,0.12296593934297562
t2i,A cat sits on the bed.,13689,13689,A cat sits on the bed.,False,0.008277972228825092
t2i,A cat sits on the bed.,4717,4717,A cat sits on the bed.,False,0.002054389799013734
t2i,A cat sits on the bed.,12474,12474,A cat sits on the bed.,False,0.003656464396044612
t2i,A cat sits on the bed.,13763,13763,A cat sits on the bed.,False,4.500470822677016e-05
t2i,A cat sits on the bed.,9,9,A cat sits on the bed.,False,8.490994218846026e-07
t2i,A cat sits on the bed.,12860,12860,A cat sits on the bed.,False,0.8020048141479492
t2i,A cat sits on the bed.,7056,7056,A cat sits on the bed.,False,0.3852642774581909
t2i,A cat sits on the bed.,3975,3975,A cat sits on the bed.,False,0.18805408477783203
t2i,A cat sits on the bed.,12475,12475,A cat sits on the bed.,True,0.8685755729675293
t2i,A cat sits on the bed.,6429,6429,A cat sits on the bed.,False,0.11684349924325943
t2i,A cat sits on the bed.,7881,7881,A cat sits on the bed.,False,0.7192617654800415
t2i,A cat sits on the bed.,7846,7846,A cat sits on the bed.,False,0.019204813987016678
t2i,A cat sits on the bed.,1967,1967,A cat sits on the bed.,False,0.001555337687022984
t2i,A cat sits on the bed.,7243,7243,A cat sits on the bed.,False,0.013718081638216972
t2i,A cat sits on the bed.,5914,5914,A cat sits on the bed.,False,0.05053919553756714
t2i,A cat sits on the bed.,11995,11995,A cat sits on the bed.,False,0.0009277300559915602
t2i,A cat sits on the bed.,70,70,A cat sits on the bed.,False,0.0011314976727589965
t2i,A cat sits on the bed.,11996,11996,A cat sits on the bed.,True,0.18957296013832092
t2i,A cat sits on the bed.,8943,8943,A cat sits on the bed.,False,0.01446403469890356
t2i,A cat sits on the bed.,4718,4718,A cat sits on the bed.,False,0.02074158750474453
t2i,A cat sits on the bed.,9157,9157,A cat sits on the bed.,False,0.0023315970320254564
t2i,A cat sits on the bed.,13331,13331,A cat sits on the bed.,False,0.1506301462650299
t2i,A cat sits on the bed.,13353,13353,A cat sits on the bed.,False,0.0006627106922678649
t2i,A cat sits on the bed.,8942,8942,A cat sits on the bed.,False,0.004378755111247301
t2i,A couple rides bicycles.,12715,12715,A couple rides bicycles.,False,0.4158982038497925
t2i,A couple rides bicycles.,6962,6962,A couple rides bicycles.,False,0.030661724507808685
t2i,A couple rides bicycles.,5064,5064,A couple rides bicycles.,False,0.5895349383354187
t2i,A couple rides bicycles.,11703,11703,A couple rides bicycles.,False,0.08132421225309372
t2i,A couple rides bicycles.,5212,5212,A couple rides bicycles.,False,0.10449028015136719
t2i,A couple rides bicycles.,9088,9088,A couple rides bicycles.,False,0.0336533822119236
t2i,A couple rides bicycles.,11704,11704,A couple rides bicycles.,True,0.9049332141876221
t2i,A couple rides bicycles.,8348,8348,A couple rides bicycles.,False,0.0007028492982499301
t2i,A couple rides bicycles.,5466,5466,A couple rides bicycles.,False,0.005053355358541012
t2i,A couple rides bicycles.,12904,12904,A couple rides bicycles.,True,0.011575103737413883
t2i,A couple rides bicycles.,6526,6526,A couple rides bicycles.,False,0.12374541163444519
t2i,A couple rides bicycles.,81,81,A couple rides bicycles.,False,0.7058417201042175
t2i,A couple rides bicycles.,4559,4559,A couple rides bicycles.,False,0.1696111410856247
t2i,A couple rides bicycles.,6303,6303,A couple rides bicycles.,False,0.05135825648903847
t2i,A couple rides bicycles.,711,711,A couple rides bicycles.,False,0.5534150004386902
t2i,A couple rides bicycles.,8389,8389,A couple rides bicycles.,False,0.09116476774215698
t2i,A couple rides bicycles.,1633,1633,A couple rides bicycles.,False,0.022244686260819435
t2i,A couple rides bicycles.,2300,2300,A couple rides bicycles.,False,0.010813694447278976
t2i,A couple rides bicycles.,774,774,A couple rides bicycles.,False,0.26430389285087585
t2i,A couple rides bicycles.,4902,4902,A couple rides bicycles.,False,0.00022262913989834487
t2i,A couple rides bicycles.,1434,1434,A couple rides bicycles.,False,0.0004294458485674113
t2i,A couple rides bicycles.,9230,9230,A couple rides bicycles.,False,0.010444416664540768
t2i,A couple rides bicycles.,420,420,A couple rides bicycles.,False,0.00762441661208868
t2i,A couple rides bicycles.,12353,12353,A couple rides bicycles.,False,0.004201750736683607
t2i,A couple rides bicycles.,13810,13810,A couple rides bicycles.,False,0.001547381398268044
t2i,A couple rides bicycles.,12968,12968,A couple rides bicycles.,True,0.21376200020313263
t2i,A couple rides bicycles.,11356,11356,A couple rides bicycles.,True,0.22600598633289337
t2i,A couple rides bicycles.,2931,2931,A couple rides bicycles.,False,0.024962935596704483
t2i,A couple rides bicycles.,5213,5213,A couple rides bicycles.,False,0.0935257226228714
t2i,A couple rides bicycles.,13780,13780,A couple rides bicycles.,False,0.015307597815990448
t2i,A couple rides bicycles.,8255,8255,A couple rides bicycles.,False,0.0036927058827131987
t2i,A mother plays with a daughter.,7758,7758,A mother plays with a daughter.,True,0.2055651843547821
t2i,A mother plays with a daughter.,6648,6648,A mother plays with a daughter.,True,0.0037293864879757166
t2i,A mother plays with a daughter.,1321,1321,A mother plays with a daughter.,True,0.001284560072235763
t2i,A mother plays with a daughter.,4913,4913,A mother plays with a daughter.,True,0.002242929069325328
t2i,A mother plays with a daughter.,1066,1066,A mother plays with a daughter.,True,0.040917396545410156
t2i,A mother plays with a daughter.,9883,9883,A mother plays with a daughter.,True,0.2460697442293167
t2i,A mother plays with a daughter.,12121,12121,A mother plays with a daughter.,True,0.2044363170862198
t2i,A mother plays with a daughter.,2725,2725,A mother plays with a daughter.,True,0.018431467935442924
t2i,A mother plays with a daughter.,201,201,A mother plays with a daughter.,True,0.004079790320247412
t2i,A mother plays with a daughter.,10971,10971,A mother plays with a daughter.,True,0.020441897213459015
t2i,A mother plays with a daughter.,10020,10020,A mother plays with a daughter.,True,0.7253875732421875
t2i,A mother plays with a daughter.,1543,1543,A mother plays with a daughter.,True,0.5180251598358154
t2i,A mother plays with a daughter.,13346,13346,A mother plays with a daughter.,True,0.1878431737422943
t2i,A mother plays with a daughter.,9049,9049,A mother plays with a daughter.,True,0.34426748752593994
t2i,A mother plays with a daughter.,9768,9768,A mother plays with a daughter.,True,0.3646147847175598
t2i,A mother plays with a daughter.,7875,7875,A mother plays with a daughter.,False,0.15705566108226776
t2i,A mother plays with a daughter.,8466,8466,A mother plays with a daughter.,True,0.13640788197517395
t2i,A mother plays with a daughter.,8004,8004,A mother plays with a daughter.,True,0.24527163803577423
t2i,A mother plays with a daughter.,4202,4202,A mother plays with a daughter.,True,0.21230369806289673
t2i,A mother plays with a daughter.,14024,14024,A mother plays with a daughter.,False,0.004176790360361338
t2i,A mother plays with a daughter.,11246,11246,A mother plays with a daughter.,True,0.019385917112231255
t2i,A mother plays with a daughter.,3707,3707,A mother plays with a daughter.,True,0.10390327125787735
t2i,A mother plays with a daughter.,4689,4689,A mother plays with a daughter.,True,0.01763245090842247
t2i,A mother plays with a daughter.,8770,8770,A mother plays with a daughter.,True,0.0025622842367738485
t2i,A mother plays with a daughter.,7316,7316,A mother plays with a daughter.,True,0.1891161948442459
t2i,A mother plays with a daughter.,304,304,A mother plays with a daughter.,True,0.0125173544511199
t2i,A mother plays with a daughter.,7216,7216,A mother plays with a daughter.,True,0.00832865759730339
t2i,A mother plays with a daughter.,2057,2057,A mother plays with a daughter.,True,0.1988503336906433
t2i,A mother plays with a daughter.,13971,13971,A mother plays with a daughter.,True,0.07300301641225815
t2i,A mother plays with a daughter.,1489,1489,A mother plays with a daughter.,False,0.018107108771800995
t2i,A mother plays with a daughter.,11752,11752,A mother plays with a daughter.,True,0.1797698438167572
t2i,A mother plays with a daughter.,8202,8202,A mother plays with a daughter.,True,0.013331725262105465
t2i,A mother plays with a daughter.,7317,7317,A mother plays with a daughter.,False,0.03101273439824581
t2i,A mother plays with a daughter.,8771,8771,A mother plays with a daughter.,True,0.1249680146574974
t2i,A mother plays with a daughter.,7122,7122,A mother plays with a daughter.,True,0.24551153182983398
t2i,A mother plays with a daughter.,10028,10028,A mother plays with a daughter.,True,0.0007146581192500889
t2i,A mother plays with a daughter.,3602,3602,A mother plays with a daughter.,True,0.012224452570080757
t2i,A mother plays with a daughter.,5935,5935,A mother plays with a daughter.,True,0.006146965082734823
t2i,A mother plays with a daughter.,11112,11112,A mother plays with a daughter.,True,0.014986790716648102
t2i,A mother plays with a daughter.,12895,12895,A mother plays with a daughter.,True,0.02782842144370079
t2i,A mother plays with a daughter.,4510,4510,A mother plays with a daughter.,True,0.004031503107398748
t2i,A mother plays with a daughter.,11728,11728,A mother plays with a daughter.,True,0.03679191693663597
t2i,The birds fly over the beach along the sunset,10574,10574,The birds fly over the beach along the sunset,True,0.517521858215332
t2i,The birds fly over the beach along the sunset,10801,10801,The birds fly over the beach along the sunset,True,0.007440212648361921
t2i,The birds fly over the beach along the sunset,6296,6296,The birds fly over the beach along the sunset,True,0.0006401725695468485
t2i,The birds fly over the beach along the sunset,4652,4652,The birds fly over the beach along the sunset,True,0.7357540726661682
t2i,The birds fly over the beach along the sunset,1890,1890,The birds fly over the beach along the sunset,True,0.0002413215843262151
t2i,The birds fly over the beach along the sunset,12656,12656,The birds fly over the beach along the sunset,False,9.121419134316966e-05
t2i,The birds fly over the beach along the sunset,8177,8177,The birds fly over the beach along the sunset,False,0.00033853104105219245
t2i,The birds fly over the beach along the sunset,6105,6105,The birds fly over the beach along the sunset,True,0.18202653527259827
t2i,The birds fly over the beach along the sunset,9836,9836,The birds fly over the beach along the sunset,False,0.15731225907802582
t2i,The birds fly over the beach along the sunset,7859,7859,The birds fly over the beach along the sunset,False,0.703136682510376
t2i,The birds fly over the beach along the sunset,4328,4328,The birds fly over the beach along the sunset,True,0.03447771817445755
t2i,The birds fly over the beach along the sunset,6198,6198,The birds fly over the beach along the sunset,False,0.1273597776889801
t2i,The birds fly over the beach along the sunset,4310,4310,The birds fly over the beach along the sunset,False,0.00015899828576948494
t2i,The birds fly over the beach along the sunset,1530,1530,The birds fly over the beach along the sunset,False,0.0005578405107371509
t2i,The birds fly over the beach along the sunset,11330,11330,The birds fly over the beach along the sunset,False,0.22902169823646545
t2i,The birds fly over the beach along the sunset,9929,9929,The birds fly over the beach along the sunset,False,0.0014463451225310564
t2i,The birds fly over the beach along the sunset,2893,2893,The birds fly over the beach along the sunset,False,0.03401175141334534
t2i,The birds fly over the beach along the sunset,2746,2746,The birds fly over the beach along the sunset,False,0.06960266828536987
t2i,The birds fly over the beach along the sunset,10404,10404,The birds fly over the beach along the sunset,False,0.0006161233759485185
t2i,The birds fly over the beach along the sunset,8851,8851,The birds fly over the beach along the sunset,False,0.001075122389011085
t2i,The birds fly over the beach along the sunset,13122,13122,The birds fly over the beach along the sunset,False,5.182331369724125e-05
t2i,The birds fly over the beach along the sunset,8143,8143,The birds fly over the beach along the sunset,False,0.012941408902406693
t2i,The birds fly over the beach along the sunset,9928,9928,The birds fly over the beach along the sunset,False,8.234484266722575e-05
t2i,The birds fly over the beach along the sunset,13019,13019,The birds fly over the beach along the sunset,False,6.426081381505355e-05
t2i,The birds fly over the beach along the sunset,8142,8142,The birds fly over the beach along the sunset,False,0.00018797657685354352
t2i,The birds fly over the beach along the sunset,6596,6596,The birds fly over the beach along the sunset,True,0.013732965104281902
t2i,The birds fly over the beach along the sunset,6383,6383,The birds fly over the beach along the sunset,False,0.004212731029838324
t2i,A person is one of many singing with the crowd.,3613,3613,A person is one of many singing with the crowd.,True,0.4353675842285156
t2i,A person is one of many singing with the crowd.,7579,7579,A person is one of many singing with the crowd.,True,0.1616245061159134
t2i,A person is one of many singing with the crowd.,13993,13993,A person is one of many singing with the crowd.,True,0.008122849278151989
t2i,A person is one of many singing with the crowd.,241,241,A person is one of many singing with the crowd.,False,0.0010713725350797176
t2i,A person is one of many singing with the crowd.,6247,6247,A person is one of many singing with the crowd.,True,0.10912176221609116
t2i,A person is one of many singing with the crowd.,12617,12617,A person is one of many singing with the crowd.,True,0.05914337933063507
t2i,A person is one of many singing with the crowd.,2182,2182,A person is one of many singing with the crowd.,True,0.02089136280119419
t2i,A person is one of many singing with the crowd.,3516,3516,A person is one of many singing with the crowd.,True,0.05485778674483299
t2i,A person is one of many singing with the crowd.,4837,4837,A person is one of many singing with the crowd.,False,0.018345028162002563
t2i,A person is one of many singing with the crowd.,2366,2366,A person is one of many singing with the crowd.,False,0.29241079092025757
t2i,A person is one of many singing with the crowd.,12038,12038,A person is one of many singing with the crowd.,True,0.6656643748283386
t2i,A person is one of many singing with the crowd.,13700,13700,A person is one of many singing with the crowd.,True,0.7280693650245667
t2i,A person is one of many singing with the crowd.,5482,5482,A person is one of many singing with the crowd.,True,0.3962532579898834
t2i,A person is one of many singing with the crowd.,3970,3970,A person is one of many singing with the crowd.,False,0.8033332824707031
t2i,A person is one of many singing with the crowd.,690,690,A person is one of many singing with the crowd.,True,0.3653109669685364
t2i,A person is one of many singing with the crowd.,1513,1513,A person is one of many singing with the crowd.,False,0.6012550592422485
t2i,A person is one of many singing with the crowd.,13561,13561,A person is one of many singing with the crowd.,True,0.7704699039459229
t2i,A person is one of many singing with the crowd.,1679,1679,A person is one of many singing with the crowd.,True,0.2332630753517151
t2i,A person is one of many singing with the crowd.,4361,4361,A person is one of many singing with the crowd.,False,0.5497152805328369
t2i,A person is one of many singing with the crowd.,1906,1906,A person is one of many singing with the crowd.,False,0.5002985596656799
t2i,A person is one of many singing with the crowd.,6180,6180,A person is one of many singing with the crowd.,True,0.00933657493442297
t2i,A person is one of many singing with the crowd.,13520,13520,A person is one of many singing with the crowd.,True,0.17908897995948792
t2i,A person is one of many singing with the crowd.,3925,3925,A person is one of many singing with the crowd.,False,0.7658219933509827
t2i,A person is one of many singing with the crowd.,4411,4411,A person is one of many singing with the crowd.,False,0.043623391538858414
t2i,A person is one of many singing with the crowd.,3692,3692,A person is one of many singing with the crowd.,True,0.4512372314929962
t2i,A person is one of many singing with the crowd.,3246,3246,A person is one of many singing with the crowd.,False,0.5548884272575378
t2i,A person is one of many singing with the crowd.,7578,7578,A person is one of many singing with the crowd.,False,0.5318585634231567
t2i,A person is one of many singing with the crowd.,10515,10515,A person is one of many singing with the crowd.,True,0.1669684797525406
t2i,A person is one of many singing with the crowd.,1893,1893,A person is one of many singing with the crowd.,True,0.030045779421925545
t2i,A person is one of many singing with the crowd.,4221,4221,A person is one of many singing with the crowd.,True,0.048836223781108856
t2i,A person is one of many singing with the crowd.,3971,3971,A person is one of many singing with the crowd.,False,0.040100689977407455
t2i,A person is one of many singing with the crowd.,2633,2633,A person is one of many singing with the crowd.,False,0.2858067452907562
t2i,A person is one of many singing with the crowd.,11676,11676,A person is one of many singing with the crowd.,True,0.6526414752006531
t2i,A person is one of many singing with the crowd.,3882,3882,A person is one of many singing with the crowd.,False,0.2504202127456665
t2i,A person is one of many singing with the crowd.,10658,10658,A person is one of many singing with the crowd.,False,0.2208845466375351
t2i,A person is one of many singing with the crowd.,689,689,A person is one of many singing with the crowd.,True,0.028586359694600105
t2i,A person is one of many singing with the crowd.,10828,10828,A person is one of many singing with the crowd.,True,0.024155786260962486
t2i,A person is one of many singing with the crowd.,4363,4363,A person is one of many singing with the crowd.,False,0.057274166494607925
t2i,boy sit on the couch,2992,2992,boy sit on the couch,True,0.497252881526947
t2i,boy sit on the couch,1779,1779,boy sit on the couch,False,0.054064031690359116
t2i,boy sit on the couch,3096,3096,boy sit on the couch,True,0.9617588520050049
t2i,boy sit on the couch,13498,13498,boy sit on the couch,True,0.9615023732185364
t2i,boy sit on the couch,6362,6362,boy sit on the couch,False,0.0028787748888134956
t2i,boy sit on the couch,6683,6683,boy sit on the couch,True,0.3301621973514557
t2i,boy sit on the couch,1156,1156,boy sit on the couch,False,0.1769682914018631
t2i,boy sit on the couch,8366,8366,boy sit on the couch,False,0.013763749040663242
t2i,boy sit on the couch,6341,6341,boy sit on the couch,True,0.7550541162490845
t2i,boy sit on the couch,497,497,boy sit on the couch,False,0.0004897889448329806
t2i,boy sit on the couch,5599,5599,boy sit on the couch,True,0.9651003479957581
t2i,boy sit on the couch,633,633,boy sit on the couch,True,0.3984771966934204
t2i,boy sit on the couch,5598,5598,boy sit on the couch,False,0.13141265511512756
t2i,boy sit on the couch,11303,11303,boy sit on the couch,False,0.14735163748264313
t2i,boy sit on the couch,5078,5078,boy sit on the couch,True,0.17727285623550415
t2i,boy sit on the couch,1248,1248,boy sit on the couch,False,0.1352570503950119
t2i,boy sit on the couch,11575,11575,boy sit on the couch,False,0.20504549145698547
t2i,boy sit on the couch,1330,1330,boy sit on the couch,True,0.1735273152589798
t2i,boy sit on the couch,8471,8471,boy sit on the couch,False,0.015504325740039349
t2i,boy sit on the couch,1419,1419,boy sit on the couch,True,0.20925329625606537
t2i,boy sit on the couch,12017,12017,boy sit on the couch,False,0.023097509518265724
t2i,boy sit on the couch,2241,2241,boy sit on the couch,True,0.03709123283624649
t2i,boy sit on the couch,3056,3056,boy sit on the couch,False,0.16323798894882202
t2i,boy sit on the couch,2851,2851,boy sit on the couch,False,0.026069503277540207
t2i,boy sit on the couch,2494,2494,boy sit on the couch,True,0.14122895896434784
t2i,boy sit on the couch,4863,4863,boy sit on the couch,False,0.06413117051124573
t2i,boy sit on the couch,12255,12255,boy sit on the couch,False,0.00015125064237508923
t2i,boy sit on the couch,4864,4864,boy sit on the couch,False,0.012709137983620167
t2i,A man stands in front of a whiteboard.,620,620,A man stands in front of a whiteboard.,False,0.005440178327262402
t2i,A man stands in front of a whiteboard.,12219,12219,A man stands in front of a whiteboard.,False,0.0025940497871488333
t2i,A man stands in front of a whiteboard.,5771,5771,A man stands in front of a whiteboard.,True,0.2349444180727005
t2i,A man stands in front of a whiteboard.,3146,3146,A man stands in front of a whiteboard.,False,0.16380879282951355
t2i,A man stands in front of a whiteboard.,12136,12136,A man stands in front of a whiteboard.,False,0.0881895124912262
t2i,A man stands in front of a whiteboard.,12220,12220,A man stands in front of a whiteboard.,False,0.004273214843124151
t2i,A man stands in front of a whiteboard.,9684,9684,A man stands in front of a whiteboard.,False,0.03817403316497803
t2i,A man stands in front of a whiteboard.,9685,9685,A man stands in front of a whiteboard.,False,0.0015099304728209972
t2i,A man stands in front of a whiteboard.,7100,7100,A man stands in front of a whiteboard.,False,0.0028867190703749657
t2i,A man stands in front of a whiteboard.,209,209,A man stands in front of a whiteboard.,False,0.09575725346803665
t2i,A man stands in front of a whiteboard.,8749,8749,A man stands in front of a whiteboard.,True,0.19013938307762146
t2i,A man stands in front of a whiteboard.,10252,10252,A man stands in front of a whiteboard.,True,0.2828695774078369
t2i,A man stands in front of a whiteboard.,9927,9927,A man stands in front of a whiteboard.,False,0.012351646088063717
t2i,A man stands in front of a whiteboard.,8977,8977,A man stands in front of a whiteboard.,False,0.062348317354917526
t2i,A man stands in front of a whiteboard.,13199,13199,A man stands in front of a whiteboard.,False,0.0008004072587937117
t2i,A man stands in front of a whiteboard.,12629,12629,A man stands in front of a whiteboard.,False,0.07263721525669098
t2i,A man stands in front of a whiteboard.,6875,6875,A man stands in front of a whiteboard.,False,0.0017761429771780968
t2i,A man stands in front of a whiteboard.,1613,1613,A man stands in front of a whiteboard.,False,3.6527551856124774e-05
t2i,A man stands in front of a whiteboard.,7607,7607,A man stands in front of a whiteboard.,False,0.01203827653080225
t2i,A man stands in front of a whiteboard.,8114,8114,A man stands in front of a whiteboard.,False,0.0028969128616154194
t2i,A man stands in front of a whiteboard.,11956,11956,A man stands in front of a whiteboard.,False,0.11223272234201431
t2i,A man stands in front of a whiteboard.,10393,10393,A man stands in front of a whiteboard.,False,0.007495922967791557
t2i,A man stands in front of a whiteboard.,9884,9884,A man stands in front of a whiteboard.,False,0.0034254344645887613
t2i,A man stands in front of a whiteboard.,8233,8233,A man stands in front of a whiteboard.,False,0.0004735213005915284
t2i,A man stands in front of a whiteboard.,5059,5059,A man stands in front of a whiteboard.,True,0.5803975462913513
t2i,A man stands in front of a whiteboard.,8858,8858,A man stands in front of a whiteboard.,True,0.4803224205970764
t2i,A man stands in front of a whiteboard.,9769,9769,A man stands in front of a whiteboard.,False,0.006619075313210487
t2i,A man stands in front of a whiteboard.,6246,6246,A man stands in front of a whiteboard.,False,0.010961671359837055
t2i,A man stands in front of a whiteboard.,7639,7639,A man stands in front of a whiteboard.,False,0.0002244951028842479
t2i,A man stands in front of a whiteboard.,11092,11092,A man stands in front of a whiteboard.,True,4.58575232187286e-05
t2i,A man stands in front of a whiteboard.,10151,10151,A man stands in front of a whiteboard.,False,0.00012711138697341084
t2i,A man stands in front of a whiteboard.,6357,6357,A man stands in front of a whiteboard.,False,0.00163907534442842
t2i,The train will go to crystal city.,4391,4391,The train will go to crystal city.,False,0.09627111256122589
t2i,The train will go to crystal city.,1863,1863,The train will go to crystal city.,False,0.014775235205888748
t2i,The train will go to crystal city.,11816,11816,The train will go to crystal city.,False,0.12787708640098572
t2i,The train will go to crystal city.,12996,12996,The train will go to crystal city.,False,0.0009059690055437386
t2i,The train will go to crystal city.,3249,3249,The train will go to crystal city.,False,0.00021724282123614103
t2i,The train will go to crystal city.,1847,1847,The train will go to crystal city.,False,3.566288432921283e-05
t2i,The train will go to crystal city.,11564,11564,The train will go to crystal city.,False,0.00022293205256573856
t2i,The train will go to crystal city.,9154,9154,The train will go to crystal city.,False,0.000382444093702361
t2i,The train will go to crystal city.,2856,2856,The train will go to crystal city.,True,0.9996567964553833
t2i,The train will go to crystal city.,3958,3958,The train will go to crystal city.,False,0.0004697192052844912
t2i,The train will go to crystal city.,3404,3404,The train will go to crystal city.,False,0.6167623400688171
t2i,The train will go to crystal city.,11216,11216,The train will go to crystal city.,False,0.045480646193027496
t2i,The train will go to crystal city.,4881,4881,The train will go to crystal city.,False,0.2372460812330246
t2i,The train will go to crystal city.,8491,8491,The train will go to crystal city.,False,0.4448918104171753
t2i,The train will go to crystal city.,13280,13280,The train will go to crystal city.,False,0.2710014581680298
t2i,The train will go to crystal city.,13571,13571,The train will go to crystal city.,False,0.18901926279067993
t2i,The train will go to crystal city.,1376,1376,The train will go to crystal city.,False,0.07702221721410751
t2i,The train will go to crystal city.,12070,12070,The train will go to crystal city.,False,0.15941883623600006
t2i,The train will go to crystal city.,2350,2350,The train will go to crystal city.,False,0.03468776494264603
t2i,The train will go to crystal city.,12826,12826,The train will go to crystal city.,False,0.0006434733513742685
t2i,The train will go to crystal city.,4880,4880,The train will go to crystal city.,False,0.05218521133065224
t2i,The train will go to crystal city.,11242,11242,The train will go to crystal city.,False,0.08870819956064224
t2i,The train will go to crystal city.,6472,6472,The train will go to crystal city.,False,0.0330316387116909
t2i,The train will go to crystal city.,7691,7691,The train will go to crystal city.,False,0.12484336644411087
t2i,The train will go to crystal city.,7334,7334,The train will go to crystal city.,False,0.04399031028151512
t2i,The train will go to crystal city.,2404,2404,The train will go to crystal city.,False,0.0022817966528236866
t2i,The train will go to crystal city.,4373,4373,The train will go to crystal city.,False,0.32685351371765137
t2i,The train will go to crystal city.,4701,4701,The train will go to crystal city.,False,0.0011148655321449041
t2i,The train will go to crystal city.,13544,13544,The train will go to crystal city.,False,0.0003716062637977302
t2i,The train will go to crystal city.,4389,4389,The train will go to crystal city.,False,0.0014385201502591372
t2i,The train will go to crystal city.,4236,4236,The train will go to crystal city.,False,0.37627410888671875
t2i,The train will go to crystal city.,7335,7335,The train will go to crystal city.,False,0.0007530718576163054
t2i,The train will go to crystal city.,11241,11241,The train will go to crystal city.,False,0.002015728736296296
t2i,The train will go to crystal city.,12020,12020,The train will go to crystal city.,False,0.48836421966552734
t2i,The train will go to crystal city.,13799,13799,The train will go to crystal city.,False,0.0024161466863006353
t2i,The train will go to crystal city.,587,587,The train will go to crystal city.,False,0.09391404688358307
t2i,The train will go to crystal city.,7509,7509,The train will go to crystal city.,False,0.0005167089402675629
t2i,The train will go to crystal city.,8916,8916,The train will go to crystal city.,False,0.0015452522784471512
t2i,The train will go to crystal city.,3524,3524,The train will go to crystal city.,False,0.004512994550168514
t2i,The artist will play the guitar on stage.,10078,10078,The artist will play the guitar on stage.,False,0.20147638022899628
t2i,The artist will play the guitar on stage.,2045,2045,The artist will play the guitar on stage.,False,0.023521551862359047
t2i,The artist will play the guitar on stage.,3151,3151,The artist will play the guitar on stage.,True,0.07374730706214905
t2i,The artist will play the guitar on stage.,4681,4681,The artist will play the guitar on stage.,True,0.012189344502985477
t2i,The artist will play the guitar on stage.,2376,2376,The artist will play the guitar on stage.,True,0.2680549621582031
t2i,The artist will play the guitar on stage.,3506,3506,The artist will play the guitar on stage.,False,0.0053315251134335995
t2i,The artist will play the guitar on stage.,363,363,The artist will play the guitar on stage.,True,0.1893925666809082
t2i,The artist will play the guitar on stage.,2157,2157,The artist will play the guitar on stage.,True,0.4335549771785736
t2i,The artist will play the guitar on stage.,2679,2679,The artist will play the guitar on stage.,False,0.004107295069843531
t2i,The artist will play the guitar on stage.,2210,2210,The artist will play the guitar on stage.,False,0.47267982363700867
t2i,The artist will play the guitar on stage.,8012,8012,The artist will play the guitar on stage.,True,0.10312553495168686
t2i,The artist will play the guitar on stage.,13862,13862,The artist will play the guitar on stage.,True,0.04900596663355827
t2i,The artist will play the guitar on stage.,489,489,The artist will play the guitar on stage.,True,0.2806495428085327
t2i,The artist will play the guitar on stage.,3241,3241,The artist will play the guitar on stage.,True,0.0992562547326088
t2i,The artist will play the guitar on stage.,921,921,The artist will play the guitar on stage.,True,0.2945954501628876
t2i,The artist will play the guitar on stage.,1868,1868,The artist will play the guitar on stage.,True,0.10914156585931778
t2i,The artist will play the guitar on stage.,2495,2495,The artist will play the guitar on stage.,True,0.28340473771095276
t2i,The artist will play the guitar on stage.,11571,11571,The artist will play the guitar on stage.,True,0.25930482149124146
t2i,The artist will play the guitar on stage.,1766,1766,The artist will play the guitar on stage.,False,0.24923700094223022
t2i,The artist will play the guitar on stage.,12616,12616,The artist will play the guitar on stage.,False,0.0064337668009102345
t2i,The artist will play the guitar on stage.,13099,13099,The artist will play the guitar on stage.,True,0.054709989577531815
t2i,The artist will play the guitar on stage.,3288,3288,The artist will play the guitar on stage.,True,0.11012595891952515
t2i,The artist will play the guitar on stage.,11788,11788,The artist will play the guitar on stage.,False,0.11826427280902863
t2i,The artist will play the guitar on stage.,2802,2802,The artist will play the guitar on stage.,True,0.6425634622573853
t2i,The artist will play the guitar on stage.,2680,2680,The artist will play the guitar on stage.,False,0.14389130473136902
t2i,The artist will play the guitar on stage.,7583,7583,The artist will play the guitar on stage.,True,0.2675091028213501
t2i,The artist will play the guitar on stage.,12799,12799,The artist will play the guitar on stage.,True,0.15191584825515747
t2i,The artist will play the guitar on stage.,13861,13861,The artist will play the guitar on stage.,True,0.25035205483436584
t2i,The artist will play the guitar on stage.,9760,9760,The artist will play the guitar on stage.,True,0.05668453872203827
t2i,The artist will play the guitar on stage.,4204,4204,The artist will play the guitar on stage.,True,0.00590110756456852
t2i,The artist will play the guitar on stage.,3447,3447,The artist will play the guitar on stage.,True,0.001074843225069344
t2i,The artist will play the guitar on stage.,11392,11392,The artist will play the guitar on stage.,True,0.03925613313913345
t2i,The artist will play the guitar on stage.,3193,3193,The artist will play the guitar on stage.,True,0.1287413090467453
t2i,Mother sits at the beach.,889,889,Mother sits at the beach.,True,0.3148084878921509
t2i,Mother sits at the beach.,11732,11732,Mother sits at the beach.,True,0.7058112025260925
t2i,Mother sits at the beach.,6800,6800,Mother sits at the beach.,False,0.1414327323436737
t2i,Mother sits at the beach.,6297,6297,Mother sits at the beach.,True,0.01370127871632576
t2i,Mother sits at the beach.,7015,7015,Mother sits at the beach.,True,0.006566948723047972
t2i,Mother sits at the beach.,11450,11450,Mother sits at the beach.,True,0.018987368792295456
t2i,Mother sits at the beach.,10501,10501,Mother sits at the beach.,False,0.05978040769696236
t2i,Mother sits at the beach.,880,880,Mother sits at the beach.,True,0.010332872159779072
t2i,Mother sits at the beach.,6721,6721,Mother sits at the beach.,False,0.0021334243938326836
t2i,Mother sits at the beach.,2658,2658,Mother sits at the beach.,False,0.0002393493487033993
t2i,Mother sits at the beach.,5150,5150,Mother sits at the beach.,True,0.6673217415809631
t2i,Mother sits at the beach.,975,975,Mother sits at the beach.,True,0.07823155075311661
t2i,Mother sits at the beach.,10160,10160,Mother sits at the beach.,True,0.10518400371074677
t2i,Mother sits at the beach.,10330,10330,Mother sits at the beach.,True,0.032018888741731644
t2i,Mother sits at the beach.,2141,2141,Mother sits at the beach.,True,0.46907493472099304
t2i,Mother sits at the beach.,2180,2180,Mother sits at the beach.,True,0.09381437301635742
t2i,Mother sits at the beach.,3020,3020,Mother sits at the beach.,True,0.0096340486779809
t2i,Mother sits at the beach.,10661,10661,Mother sits at the beach.,True,0.49599090218544006
t2i,Mother sits at the beach.,10907,10907,Mother sits at the beach.,True,0.33692502975463867
t2i,Mother sits at the beach.,1363,1363,Mother sits at the beach.,False,0.0002519971167203039
t2i,Mother sits at the beach.,6722,6722,Mother sits at the beach.,True,0.03620213270187378
t2i,Mother sits at the beach.,1392,1392,Mother sits at the beach.,True,0.004760812968015671
t2i,Mother sits at the beach.,2651,2651,Mother sits at the beach.,True,0.10173594206571579
t2i,Mother sits at the beach.,1227,1227,Mother sits at the beach.,True,0.01286659948527813
t2i,Mother sits at the beach.,2150,2150,Mother sits at the beach.,True,0.6652205586433411
t2i,Mother sits at the beach.,13011,13011,Mother sits at the beach.,True,0.35577186942100525
t2i,Mother sits at the beach.,6981,6981,Mother sits at the beach.,False,0.019451569765806198
t2i,Mother sits at the beach.,150,150,Mother sits at the beach.,False,0.0007288216729648411
t2i,Mother sits at the beach.,3556,3556,Mother sits at the beach.,False,0.004136187024414539
t2i,Mother sits at the beach.,7209,7209,Mother sits at the beach.,False,0.0040558744221925735
t2i,Mother sits at the beach.,3123,3123,Mother sits at the beach.,False,0.2852257192134857
t2i,Mother sits at the beach.,3200,3200,Mother sits at the beach.,False,0.16525578498840332
t2i,Mother sits at the beach.,8192,8192,Mother sits at the beach.,False,0.024855710566043854
t2i,Mother sits at the beach.,3844,3844,Mother sits at the beach.,False,0.021158728748559952
t2i,Mother sits at the beach.,11767,11767,Mother sits at the beach.,True,0.029656827449798584
t2i,Mother sits at the beach.,450,450,Mother sits at the beach.,False,0.002221513306722045
t2i,Mother sits at the beach.,276,276,Mother sits at the beach.,False,0.004554853308945894
t2i,Mother sits at the beach.,439,439,Mother sits at the beach.,False,0.007372738793492317
t2i,Mother sits at the beach.,539,539,Mother sits at the beach.,False,0.0008130104979500175
t2i,Mother sits at the beach.,1526,1526,Mother sits at the beach.,False,0.003628814360126853
t2i,Mother sits at the beach.,34,34,Mother sits at the beach.,True,0.14052936434745789
t2i,Mother sits at the beach.,2356,2356,Mother sits at the beach.,True,0.07202766835689545
t2i,Mother sits at the beach.,12313,12313,Mother sits at the beach.,True,0.027353685349225998
t2i,Mother sits at the beach.,6017,6017,Mother sits at the beach.,True,0.1263161301612854
t2i,A player returns a ball.,10803,10803,A player returns a ball.,False,5.5308337323367596e-06
t2i,A player returns a ball.,11555,11555,A player returns a ball.,False,5.0271132749912795e-06
t2i,A player returns a ball.,1366,1366,A player returns a ball.,False,0.00043370091589167714
t2i,A player returns a ball.,1043,1043,A player returns a ball.,False,0.01789632998406887
t2i,A player returns a ball.,8102,8102,A player returns a ball.,False,6.74230614094995e-05
t2i,A player returns a ball.,7804,7804,A player returns a ball.,False,0.0002722262288443744
t2i,A player returns a ball.,6852,6852,A player returns a ball.,True,1.451742627978092e-05
t2i,A player returns a ball.,2332,2332,A player returns a ball.,True,0.0028259754180908203
t2i,A player returns a ball.,1310,1310,A player returns a ball.,False,0.006086526904255152
t2i,A player returns a ball.,2286,2286,A player returns a ball.,False,0.029063448309898376
t2i,A player returns a ball.,6884,6884,A player returns a ball.,True,0.20406800508499146
t2i,A player returns a ball.,3620,3620,A player returns a ball.,True,0.11440518498420715
t2i,A player returns a ball.,4611,4611,A player returns a ball.,True,0.005228732712566853
t2i,A player returns a ball.,11669,11669,A player returns a ball.,False,0.00947942491620779
t2i,A player returns a ball.,1800,1800,A player returns a ball.,True,0.010735050775110722
t2i,A player returns a ball.,4091,4091,A player returns a ball.,True,0.0027783133555203676
t2i,A player returns a ball.,3589,3589,A player returns a ball.,True,0.08681637048721313
t2i,A player returns a ball.,2737,2737,A player returns a ball.,True,0.04720579460263252
t2i,A player returns a ball.,1341,1341,A player returns a ball.,False,0.3860611915588379
t2i,A player returns a ball.,1469,1469,A player returns a ball.,True,0.0012579892063513398
t2i,A player returns a ball.,13022,13022,A player returns a ball.,True,0.1780027598142624
t2i,A player returns a ball.,4245,4245,A player returns a ball.,False,0.0026396773755550385
t2i,A player returns a ball.,6020,6020,A player returns a ball.,True,0.00470006512477994
t2i,A player returns a ball.,1300,1300,A player returns a ball.,True,0.008081910200417042
t2i,A player returns a ball.,5536,5536,A player returns a ball.,True,0.03349141404032707
t2i,A player returns a ball.,7245,7245,A player returns a ball.,True,0.09240636974573135
t2i,A player returns a ball.,11650,11650,A player returns a ball.,True,0.013955960050225258
t2i,A player returns a ball.,631,631,A player returns a ball.,False,0.033644191920757294
t2i,A player returns a ball.,1986,1986,A player returns a ball.,True,0.0057864016853272915
t2i,A player returns a ball.,1820,1820,A player returns a ball.,True,0.4419321119785309
t2i,A player returns a ball.,421,421,A player returns a ball.,True,0.3443642854690552
t2i,A player returns a ball.,4381,4381,A player returns a ball.,False,0.03633498400449753
t2i,A player returns a ball.,3883,3883,A player returns a ball.,False,0.24028277397155762
t2i,A player returns a ball.,1308,1308,A player returns a ball.,True,0.6150456070899963
t2i,A player returns a ball.,13373,13373,A player returns a ball.,True,0.0034188954159617424
t2i,A player returns a ball.,3074,3074,A player returns a ball.,True,0.4035762846469879
t2i,A player returns a ball.,2190,2190,A player returns a ball.,True,0.08610086143016815
t2i,A player returns a ball.,11595,11595,A player returns a ball.,True,0.004440112039446831
t2i,A player returns a ball.,13462,13462,A player returns a ball.,True,0.002523883944377303
t2i,A player returns a ball.,11567,11567,A player returns a ball.,True,0.013083968311548233
t2i,A player returns a ball.,3642,3642,A player returns a ball.,True,0.006634054239839315
t2i,A player returns a ball.,2817,2817,A player returns a ball.,True,0.015170315280556679
t2i,A player returns a ball.,2660,2660,A player returns a ball.,True,0.1644575148820877
t2i,A player returns a ball.,3022,3022,A player returns a ball.,True,0.11574549227952957
t2i,A player returns a ball.,3386,3386,A player returns a ball.,True,0.07334914058446884
t2i,A player returns a ball.,536,536,A player returns a ball.,True,0.01958806999027729
t2i,A player returns a ball.,11621,11621,A player returns a ball.,True,0.0004660730483010411
t2i,A player returns a ball.,3981,3981,A player returns a ball.,True,0.008492687717080116
t2i,A player returns a ball.,3443,3443,A player returns a ball.,True,0.0006277709035202861
t2i,A girl is leaning on a tree.,4710,4710,A girl is leaning on a tree.,True,0.9794959425926208
t2i,A girl is leaning on a tree.,3509,3509,A girl is leaning on a tree.,True,0.8161342144012451
t2i,A girl is leaning on a tree.,114,114,A girl is leaning on a tree.,False,0.4285123348236084
t2i,A girl is leaning on a tree.,4555,4555,A girl is leaning on a tree.,True,0.031621355563402176
t2i,A girl is leaning on a tree.,4885,4885,A girl is leaning on a tree.,True,0.001969293225556612
t2i,A girl is leaning on a tree.,11344,11344,A girl is leaning on a tree.,True,0.9383732080459595
t2i,A girl is leaning on a tree.,2315,2315,A girl is leaning on a tree.,False,0.005522063933312893
t2i,A girl is leaning on a tree.,8204,8204,A girl is leaning on a tree.,False,0.0003039338917005807
t2i,A girl is leaning on a tree.,323,323,A girl is leaning on a tree.,True,0.7721408605575562
t2i,A girl is leaning on a tree.,9864,9864,A girl is leaning on a tree.,True,0.014457069337368011
t2i,A girl is leaning on a tree.,5849,5849,A girl is leaning on a tree.,True,0.589297890663147
t2i,A girl is leaning on a tree.,696,696,A girl is leaning on a tree.,True,0.14651161432266235
t2i,A girl is leaning on a tree.,10653,10653,A girl is leaning on a tree.,False,0.4575660824775696
t2i,A girl is leaning on a tree.,11591,11591,A girl is leaning on a tree.,True,0.31384965777397156
t2i,A girl is leaning on a tree.,8848,8848,A girl is leaning on a tree.,True,0.7899091243743896
t2i,A girl is leaning on a tree.,8290,8290,A girl is leaning on a tree.,True,0.6632469296455383
t2i,A girl is leaning on a tree.,8535,8535,A girl is leaning on a tree.,True,0.14301389455795288
t2i,A girl is leaning on a tree.,10906,10906,A girl is leaning on a tree.,True,0.9451271891593933
t2i,A girl is leaning on a tree.,5039,5039,A girl is leaning on a tree.,True,0.8489842414855957
t2i,A girl is leaning on a tree.,12119,12119,A girl is leaning on a tree.,False,0.8106042742729187
t2i,A girl is leaning on a tree.,8630,8630,A girl is leaning on a tree.,True,0.5791502594947815
t2i,A girl is leaning on a tree.,4167,4167,A girl is leaning on a tree.,True,0.9230710864067078
t2i,A girl is leaning on a tree.,6522,6522,A girl is leaning on a tree.,False,0.6897324919700623
t2i,A girl is leaning on a tree.,9384,9384,A girl is leaning on a tree.,True,0.9218676090240479
t2i,A girl is leaning on a tree.,6310,6310,A girl is leaning on a tree.,True,0.10864429175853729
t2i,A girl is leaning on a tree.,12712,12712,A girl is leaning on a tree.,False,0.02398781105875969
t2i,A girl is leaning on a tree.,8536,8536,A girl is leaning on a tree.,False,0.5640543103218079
t2i,A girl is leaning on a tree.,1687,1687,A girl is leaning on a tree.,False,0.0480395071208477
t2i,A girl is leaning on a tree.,5040,5040,A girl is leaning on a tree.,False,0.008092310279607773
t2i,A girl is leaning on a tree.,1139,1139,A girl is leaning on a tree.,False,0.004796534776687622
t2i,A girl is leaning on a tree.,11343,11343,A girl is leaning on a tree.,False,0.009339499287307262
t2i,A girl is leaning on a tree.,2314,2314,A girl is leaning on a tree.,False,0.2413540631532669
t2i,A girl is leaning on a tree.,1653,1653,A girl is leaning on a tree.,True,0.7046160697937012
t2i,A girl is leaning on a tree.,1741,1741,A girl is leaning on a tree.,False,0.029499661177396774
t2i,The man sits on the sofa.,6362,6362,The man sits on the sofa.,True,0.09414462745189667
t2i,The man sits on the sofa.,2992,2992,The man sits on the sofa.,True,0.17874296009540558
t2i,The man sits on the sofa.,6683,6683,The man sits on the sofa.,True,0.06474019587039948
t2i,The man sits on the sofa.,3096,3096,The man sits on the sofa.,True,0.3557557761669159
t2i,The man sits on the sofa.,13863,13863,The man sits on the sofa.,False,6.672192830592394e-05
t2i,The man sits on the sofa.,8600,8600,The man sits on the sofa.,True,0.5261819362640381
t2i,The man sits on the sofa.,1156,1156,The man sits on the sofa.,True,0.14467881619930267
t2i,The man sits on the sofa.,13498,13498,The man sits on the sofa.,True,0.5316700339317322
t2i,The man sits on the sofa.,3772,3772,The man sits on the sofa.,True,0.00028969175764359534
t2i,The man sits on the sofa.,7231,7231,The man sits on the sofa.,True,0.015915200114250183
t2i,The man sits on the sofa.,13148,13148,The man sits on the sofa.,True,0.3242012560367584
t2i,The man sits on the sofa.,1776,1776,The man sits on the sofa.,True,0.532794713973999
t2i,The man sits on the sofa.,1278,1278,The man sits on the sofa.,True,0.07931723445653915
t2i,The man sits on the sofa.,11812,11812,The man sits on the sofa.,True,0.07821766287088394
t2i,The man sits on the sofa.,2023,2023,The man sits on the sofa.,True,0.028316475450992584
t2i,The man sits on the sofa.,7287,7287,The man sits on the sofa.,True,0.028510011732578278
t2i,The man sits on the sofa.,723,723,The man sits on the sofa.,False,0.1604720950126648
t2i,The man sits on the sofa.,959,959,The man sits on the sofa.,True,0.08727198094129562
t2i,The man sits on the sofa.,339,339,The man sits on the sofa.,False,0.0008642664179205894
t2i,The man sits on the sofa.,11064,11064,The man sits on the sofa.,True,0.0063070510514080524
t2i,The man sits on the sofa.,7724,7724,The man sits on the sofa.,True,0.011514122597873211
t2i,The man sits on the sofa.,2241,2241,The man sits on the sofa.,True,0.042349349707365036
t2i,The man sits on the sofa.,1330,1330,The man sits on the sofa.,True,0.020242515951395035
t2i,The man sits on the sofa.,1288,1288,The man sits on the sofa.,True,0.019342686980962753
t2i,The man sits on the sofa.,1886,1886,The man sits on the sofa.,False,0.005233136471360922
t2i,The man sits on the sofa.,497,497,The man sits on the sofa.,True,0.013889160007238388
t2i,The man sits on the sofa.,846,846,The man sits on the sofa.,False,0.0021981617901474237
t2i,The man sits on the sofa.,2468,2468,The man sits on the sofa.,True,0.26806819438934326
t2i,The man sits on the sofa.,2757,2757,The man sits on the sofa.,False,0.0005623471806757152
t2i,The man sits on the sofa.,617,617,The man sits on the sofa.,True,0.002701314864680171
t2i,The man sits on the sofa.,3376,3376,The man sits on the sofa.,True,0.0024737524800002575
t2i,The man sits on the sofa.,2709,2709,The man sits on the sofa.,False,0.0024913873057812452
t2i,A person sitting on a tree.,1951,1951,A person sitting on a tree.,True,0.13365666568279266
t2i,A person sitting on a tree.,6951,6951,A person sitting on a tree.,True,0.5607744455337524
t2i,A person sitting on a tree.,4710,4710,A person sitting on a tree.,False,0.008960115723311901
t2i,A person sitting on a tree.,10612,10612,A person sitting on a tree.,False,0.0001806223881430924
t2i,A person sitting on a tree.,137,137,A person sitting on a tree.,True,0.00117099832277745
t2i,A person sitting on a tree.,4554,4554,A person sitting on a tree.,True,0.03227207064628601
t2i,A person sitting on a tree.,473,473,A person sitting on a tree.,False,0.008571534417569637
t2i,A person sitting on a tree.,11343,11343,A person sitting on a tree.,True,0.0054673198610544205
t2i,A person sitting on a tree.,114,114,A person sitting on a tree.,True,0.007469044998288155
t2i,A person sitting on a tree.,5849,5849,A person sitting on a tree.,True,0.1910017877817154
t2i,A person sitting on a tree.,696,696,A person sitting on a tree.,True,0.7148550152778625
t2i,A person sitting on a tree.,4862,4862,A person sitting on a tree.,False,0.24880801141262054
t2i,A person sitting on a tree.,2357,2357,A person sitting on a tree.,True,0.16137245297431946
t2i,A person sitting on a tree.,7034,7034,A person sitting on a tree.,False,0.058797627687454224
t2i,A person sitting on a tree.,10511,10511,A person sitting on a tree.,False,0.5446526408195496
t2i,A person sitting on a tree.,1632,1632,A person sitting on a tree.,True,0.046186406165361404
t2i,A person sitting on a tree.,12985,12985,A person sitting on a tree.,False,0.002334913704544306
t2i,A person sitting on a tree.,3067,3067,A person sitting on a tree.,True,0.8414421677589417
t2i,A person sitting on a tree.,2579,2579,A person sitting on a tree.,True,0.26927468180656433
t2i,A person sitting on a tree.,13278,13278,A person sitting on a tree.,True,0.3053959906101227
t2i,A person sitting on a tree.,8630,8630,A person sitting on a tree.,False,0.0356086902320385
t2i,A person sitting on a tree.,8536,8536,A person sitting on a tree.,True,0.41884279251098633
t2i,A person sitting on a tree.,11591,11591,A person sitting on a tree.,True,0.185174360871315
t2i,A person sitting on a tree.,9045,9045,A person sitting on a tree.,False,0.0136171979829669
t2i,A person sitting on a tree.,10613,10613,A person sitting on a tree.,False,0.0014451079769060016
t2i,A person sitting on a tree.,10629,10629,A person sitting on a tree.,False,0.010284049436450005
t2i,A person sitting on a tree.,11300,11300,A person sitting on a tree.,False,0.009309752844274044
t2i,A person sitting on a tree.,12712,12712,A person sitting on a tree.,True,0.06983662396669388
t2i,A person sitting on a tree.,13558,13558,A person sitting on a tree.,False,0.05143612250685692
t2i,A person sitting on a tree.,6310,6310,A person sitting on a tree.,True,0.08910488337278366
t2i,A person sitting on a tree.,5086,5086,A person sitting on a tree.,True,0.003916112706065178
t2i,A person sitting on a tree.,10255,10255,A person sitting on a tree.,True,0.006974946241825819
t2i,A person sitting on a tree.,1687,1687,A person sitting on a tree.,True,0.5956496000289917
t2i,A person sitting on a tree.,1139,1139,A person sitting on a tree.,True,0.0015507590724155307
t2i,A person sitting on a tree.,2433,2433,A person sitting on a tree.,False,0.014971045777201653
t2i,A person sitting on a tree.,10095,10095,A person sitting on a tree.,True,0.5026710629463196
t2i,Players play ball.,8102,8102,Players play ball.,False,0.007608435582369566
t2i,Players play ball.,5126,5126,Players play ball.,False,0.011638949625194073
t2i,Players play ball.,6603,6603,Players play ball.,False,0.00011638076102826744
t2i,Players play ball.,13771,13771,Players play ball.,True,0.07761169970035553
t2i,Players play ball.,10081,10081,Players play ball.,False,0.0008647885988466442
t2i,Players play ball.,3553,3553,Players play ball.,False,0.0008831181330606341
t2i,Players play ball.,6437,6437,Players play ball.,False,9.282954124500975e-05
t2i,Players play ball.,4730,4730,Players play ball.,False,0.0005593477981165051
t2i,Players play ball.,9579,9579,Players play ball.,False,0.00013383539044298232
t2i,Players play ball.,1439,1439,Players play ball.,False,0.0004779290175065398
t2i,Players play ball.,13793,13793,Players play ball.,False,0.8146650791168213
t2i,Players play ball.,41,41,Players play ball.,True,0.6143226027488708
t2i,Players play ball.,9798,9798,Players play ball.,True,0.6466836333274841
t2i,Players play ball.,1556,1556,Players play ball.,True,0.508483350276947
t2i,Players play ball.,5550,5550,Players play ball.,True,0.6256522536277771
t2i,Players play ball.,12873,12873,Players play ball.,True,0.7396095991134644
t2i,Players play ball.,8573,8573,Players play ball.,True,0.3431253135204315
t2i,Players play ball.,8572,8572,Players play ball.,True,0.6148986220359802
t2i,Players play ball.,11523,11523,Players play ball.,True,0.3220306932926178
t2i,Players play ball.,9063,9063,Players play ball.,False,0.349285751581192
t2i,Players play ball.,6511,6511,Players play ball.,True,0.34855127334594727
t2i,Players play ball.,7529,7529,Players play ball.,True,0.37053582072257996
t2i,Players play ball.,6557,6557,Players play ball.,False,0.002304073655977845
t2i,Players play ball.,3330,3330,Players play ball.,True,0.0005782722146250308
t2i,Players play ball.,9598,9598,Players play ball.,True,0.017231235280632973
t2i,Players play ball.,6840,6840,Players play ball.,False,0.06299804896116257
t2i,Players play ball.,13407,13407,Players play ball.,False,0.03829397261142731
t2i,Players play ball.,3176,3176,Players play ball.,True,0.007493284065276384
t2i,Players play ball.,2367,2367,Players play ball.,False,0.0002562574518378824
t2i,Players play ball.,3824,3824,Players play ball.,False,3.9140057197073475e-05
t2i,Players play ball.,6226,6226,Players play ball.,False,0.004546662326902151
t2i,Players play ball.,3725,3725,Players play ball.,False,0.0006458756979554892
t2i,Players play ball.,3148,3148,Players play ball.,False,0.11246814578771591
t2i,Players play ball.,794,794,Players play ball.,False,0.009091810323297977
t2i,Players play ball.,3765,3765,Players play ball.,False,0.004932957701385021
t2i,Players play ball.,5525,5525,Players play ball.,False,0.0007410714169964194
t2i,Players play ball.,1939,1939,Players play ball.,False,0.0005845340201631188
t2i,Players play ball.,2263,2263,Players play ball.,False,0.008581451140344143
t2i,Players play ball.,2623,2623,Players play ball.,True,0.0016683446010574698
t2i,Players play ball.,12024,12024,Players play ball.,True,0.031070291996002197
t2i,Players play ball.,8739,8739,Players play ball.,True,0.38017967343330383
t2i,Players play ball.,6227,6227,Players play ball.,True,0.07540017366409302
t2i,Players play ball.,3133,3133,Players play ball.,True,0.025520291179418564
t2i,Players play ball.,792,792,Players play ball.,True,0.017767712473869324
t2i,Players play ball.,6075,6075,Players play ball.,True,0.0029842371586710215
t2i,Players play ball.,2571,2571,Players play ball.,False,0.006391499191522598
t2i,Players play ball.,1630,1630,Players play ball.,True,0.058921124786138535
t2i,Players play ball.,12317,12317,Players play ball.,False,0.2492574155330658
t2i,Players play ball.,11282,11282,Players play ball.,False,0.0001707950868876651
t2i,Players play ball.,4412,4412,Players play ball.,True,0.1649627685546875
t2i,Players play ball.,11522,11522,Players play ball.,False,0.00022458762396126986
t2i,Players play ball.,914,914,Players play ball.,False,0.0301657784730196
t2i,Players play ball.,3554,3554,Players play ball.,True,0.00960861798375845
t2i,A girl runs on a bridge.,7841,7841,A girl runs on a bridge.,False,0.09716787934303284
t2i,A girl runs on a bridge.,2043,2043,A girl runs on a bridge.,True,0.8442681431770325
t2i,A girl runs on a bridge.,3831,3831,A girl runs on a bridge.,True,0.10729165375232697
t2i,A girl runs on a bridge.,1822,1822,A girl runs on a bridge.,False,0.7143787145614624
t2i,A girl runs on a bridge.,12734,12734,A girl runs on a bridge.,True,0.3434546887874603
t2i,A girl runs on a bridge.,2537,2537,A girl runs on a bridge.,False,0.05457473173737526
t2i,A girl runs on a bridge.,1663,1663,A girl runs on a bridge.,False,0.2825586497783661
t2i,A girl runs on a bridge.,6701,6701,A girl runs on a bridge.,True,0.05080185458064079
t2i,A girl runs on a bridge.,4927,4927,A girl runs on a bridge.,False,0.015977516770362854
t2i,A girl runs on a bridge.,3637,3637,A girl runs on a bridge.,True,0.9458641409873962
t2i,A girl runs on a bridge.,7677,7677,A girl runs on a bridge.,False,0.2798834443092346
t2i,A girl runs on a bridge.,8846,8846,A girl runs on a bridge.,False,0.8898401856422424
t2i,A girl runs on a bridge.,12573,12573,A girl runs on a bridge.,True,0.3546823561191559
t2i,A girl runs on a bridge.,1285,1285,A girl runs on a bridge.,True,0.29993775486946106
t2i,A girl runs on a bridge.,3782,3782,A girl runs on a bridge.,False,0.9767099022865295
t2i,A girl runs on a bridge.,3338,3338,A girl runs on a bridge.,True,0.92303067445755
t2i,A girl runs on a bridge.,9901,9901,A girl runs on a bridge.,False,0.7744039297103882
t2i,A girl runs on a bridge.,1833,1833,A girl runs on a bridge.,True,0.3457440137863159
t2i,A girl runs on a bridge.,11405,11405,A girl runs on a bridge.,False,0.09076539427042007
t2i,A girl runs on a bridge.,1071,1071,A girl runs on a bridge.,False,0.2837851345539093
t2i,A girl runs on a bridge.,1193,1193,A girl runs on a bridge.,True,0.7992555499076843
t2i,A girl runs on a bridge.,104,104,A girl runs on a bridge.,True,0.9338622093200684
t2i,A girl runs on a bridge.,13134,13134,A girl runs on a bridge.,True,0.8554016947746277
t2i,A girl runs on a bridge.,11565,11565,A girl runs on a bridge.,True,0.7247509956359863
t2i,A girl runs on a bridge.,748,748,A girl runs on a bridge.,True,0.18746203184127808
t2i,A girl runs on a bridge.,9802,9802,A girl runs on a bridge.,False,0.04846474155783653
t2i,A girl runs on a bridge.,6034,6034,A girl runs on a bridge.,False,0.03735543042421341
t2i,A girl runs on a bridge.,6304,6304,A girl runs on a bridge.,False,0.025786252692341805
t2i,A girl runs on a bridge.,12907,12907,A girl runs on a bridge.,True,0.347175657749176
t2i,A girl runs on a bridge.,8337,8337,A girl runs on a bridge.,True,0.017147431150078773
t2i,A girl runs on a bridge.,3252,3252,A girl runs on a bridge.,False,0.05117268115282059
t2i,A girl runs on a bridge.,9786,9786,A girl runs on a bridge.,False,0.021094754338264465
t2i,A girl runs on a bridge.,5585,5585,A girl runs on a bridge.,False,0.22445674240589142
t2i,A girl runs on a bridge.,10519,10519,A girl runs on a bridge.,False,0.3312903642654419
t2i,A girl runs on a bridge.,2465,2465,A girl runs on a bridge.,False,0.0012566287769004703
t2i,A girl runs on a bridge.,13230,13230,A girl runs on a bridge.,False,0.00010630745236994699
t2i,A girl runs on a bridge.,8098,8098,A girl runs on a bridge.,False,0.0003211562871001661
t2i,A girl runs on a bridge.,7605,7605,A girl runs on a bridge.,False,0.03219163417816162
t2i,A girl runs on a bridge.,1295,1295,A girl runs on a bridge.,False,0.05980589985847473
t2i,The boy is standing on the field,12750,12750,The boy is standing on the field,True,0.6279617547988892
t2i,The boy is standing on the field,735,735,The boy is standing on the field,True,0.6201248168945312
t2i,The boy is standing on the field,9473,9473,The boy is standing on the field,True,0.20541490614414215
t2i,The boy is standing on the field,5397,5397,The boy is standing on the field,False,0.08416236191987991
t2i,The boy is standing on the field,11806,11806,The boy is standing on the field,False,0.431179940700531
t2i,The boy is standing on the field,12714,12714,The boy is standing on the field,False,0.008782666176557541
t2i,The boy is standing on the field,5183,5183,The boy is standing on the field,False,0.006282702554017305
t2i,The boy is standing on the field,9474,9474,The boy is standing on the field,True,0.12467477470636368
t2i,The boy is standing on the field,3553,3553,The boy is standing on the field,False,0.0008511478081345558
t2i,The boy is standing on the field,3835,3835,The boy is standing on the field,True,0.2943178415298462
t2i,The boy is standing on the field,2727,2727,The boy is standing on the field,True,0.4383774697780609
t2i,The boy is standing on the field,3201,3201,The boy is standing on the field,False,0.22375749051570892
t2i,The boy is standing on the field,2392,2392,The boy is standing on the field,True,0.31382444500923157
t2i,The boy is standing on the field,6001,6001,The boy is standing on the field,True,0.1703951358795166
t2i,The boy is standing on the field,11523,11523,The boy is standing on the field,True,0.46441152691841125
t2i,The boy is standing on the field,12936,12936,The boy is standing on the field,False,0.22442708909511566
t2i,The boy is standing on the field,8380,8380,The boy is standing on the field,False,0.17522986233234406
t2i,The boy is standing on the field,2428,2428,The boy is standing on the field,True,0.18944749236106873
t2i,The boy is standing on the field,1479,1479,The boy is standing on the field,False,0.03405309468507767
t2i,The boy is standing on the field,3175,3175,The boy is standing on the field,True,0.04964352026581764
t2i,The boy is standing on the field,650,650,The boy is standing on the field,False,0.10337221622467041
t2i,The boy is standing on the field,384,384,The boy is standing on the field,True,0.05422111600637436
t2i,The boy is standing on the field,7972,7972,The boy is standing on the field,False,0.1082916110754013
t2i,The boy is standing on the field,5789,5789,The boy is standing on the field,False,0.007657949347048998
t2i,The boy is standing on the field,635,635,The boy is standing on the field,True,0.762226402759552
t2i,The boy is standing on the field,2576,2576,The boy is standing on the field,True,0.23630213737487793
t2i,The boy is standing on the field,460,460,The boy is standing on the field,True,0.2098226100206375
t2i,The boy is standing on the field,13036,13036,The boy is standing on the field,False,0.17724603414535522
t2i,The boy is standing on the field,6792,6792,The boy is standing on the field,False,0.025376878678798676
t2i,The boy is standing on the field,8576,8576,The boy is standing on the field,True,0.017109613865613937
t2i,The boy is standing on the field,10510,10510,The boy is standing on the field,True,0.038356609642505646
t2i,The boy is standing on the field,1324,1324,The boy is standing on the field,True,0.04419510066509247
t2i,The boy is standing on the field,11264,11264,The boy is standing on the field,False,0.0016938775079324841
t2i,The boy is standing on the field,9561,9561,The boy is standing on the field,True,0.6568090915679932
t2i,The boy is standing on the field,1631,1631,The boy is standing on the field,False,0.08247396349906921
t2i,The boy is standing on the field,9558,9558,The boy is standing on the field,True,0.6608457565307617
t2i,The boy is standing on the field,2662,2662,The boy is standing on the field,False,0.033105622977018356
t2i,The boy is standing on the field,6068,6068,The boy is standing on the field,True,0.014046705327928066
t2i,The boy is standing on the field,7153,7153,The boy is standing on the field,True,0.00014638325956184417
t2i,The boy is standing on the field,3352,3352,The boy is standing on the field,False,0.03474728390574455
t2i,The boy is standing on the field,2441,2441,The boy is standing on the field,False,0.22753877937793732
t2i,person stands in room,2516,2516,person stands in room,True,0.14627604186534882
t2i,person stands in room,8934,8934,person stands in room,False,0.00013248465256765485
t2i,person stands in room,1689,1689,person stands in room,False,0.002964581595733762
t2i,person stands in room,5411,5411,person stands in room,True,0.00036157798604108393
t2i,person stands in room,12108,12108,person stands in room,False,0.0018257241463288665
t2i,person stands in room,7380,7380,person stands in room,False,0.00011628124775597826
t2i,person stands in room,209,209,person stands in room,False,0.00417335657402873
t2i,person stands in room,6693,6693,person stands in room,False,1.4544670193572529e-05
t2i,person stands in room,11793,11793,person stands in room,False,6.552865670528263e-05
t2i,person stands in room,6293,6293,person stands in room,False,6.941684114281088e-05
t2i,person stands in room,5372,5372,person stands in room,True,0.4244503080844879
t2i,person stands in room,7870,7870,person stands in room,True,0.2761388421058655
t2i,person stands in room,9080,9080,person stands in room,True,0.4560924172401428
t2i,person stands in room,8015,8015,person stands in room,True,0.3794706463813782
t2i,person stands in room,3896,3896,person stands in room,True,0.21682259440422058
t2i,person stands in room,6243,6243,person stands in room,True,0.3057182729244232
t2i,person stands in room,13318,13318,person stands in room,True,0.010072403587400913
t2i,person stands in room,5059,5059,person stands in room,True,0.545566737651825
t2i,person stands in room,11818,11818,person stands in room,False,0.2969847023487091
t2i,person stands in room,8749,8749,person stands in room,True,0.5229920744895935
t2i,person stands in room,1214,1214,person stands in room,False,0.003174391807988286
t2i,person stands in room,7299,7299,person stands in room,True,0.033190034329891205
t2i,person stands in room,98,98,person stands in room,True,0.556797444820404
t2i,person stands in room,5076,5076,person stands in room,True,0.027767857536673546
t2i,person stands in room,5433,5433,person stands in room,True,0.0733780786395073
t2i,person stands in room,704,704,person stands in room,True,0.0048031131736934185
t2i,person stands in room,4463,4463,person stands in room,True,0.0030883203726261854
t2i,person stands in room,196,196,person stands in room,True,0.024773910641670227
t2i,person stands in room,11956,11956,person stands in room,True,0.1001373752951622
t2i,person stands in room,6497,6497,person stands in room,True,0.028759030625224113
t2i,person stands in room,13210,13210,person stands in room,True,0.4527408182621002
t2i,person stands in room,8828,8828,person stands in room,True,0.16790276765823364
t2i,person stands in room,3097,3097,person stands in room,False,0.02881108596920967
t2i,person stands in room,13932,13932,person stands in room,True,2.1566236682701856e-05
t2i,person stands in room,8904,8904,person stands in room,True,0.003244034480303526
t2i,person stands in room,1843,1843,person stands in room,True,0.049590032547712326
t2i,person stands in room,2599,2599,person stands in room,True,0.00032952852779999375
t2i,person stands in room,13018,13018,person stands in room,False,0.053493600338697433
t2i,person stands in room,2449,2449,person stands in room,True,0.00024955140543170273
t2i,person stands in room,1601,1601,person stands in room,True,0.0003847879124805331
t2i,person stands in room,8841,8841,person stands in room,True,0.002436360577121377
t2i,person stands in room,10721,10721,person stands in room,False,0.000924279447644949
t2i,person stands in room,8519,8519,person stands in room,True,0.0311043169349432
t2i,person stands in room,3738,3738,person stands in room,True,7.445370283676311e-05
t2i,person stands in room,3146,3146,person stands in room,True,0.012404300272464752
t2i,A man stands in front.,12108,12108,A man stands in front.,False,0.002939509926363826
t2i,A man stands in front.,13620,13620,A man stands in front.,True,0.003160593332722783
t2i,A man stands in front.,10219,10219,A man stands in front.,True,0.0007657533860765398
t2i,A man stands in front.,13969,13969,A man stands in front.,False,4.7072808229131624e-05
t2i,A man stands in front.,5464,5464,A man stands in front.,False,0.0017316145822405815
t2i,A man stands in front.,209,209,A man stands in front.,False,0.02172286994755268
t2i,A man stands in front.,7380,7380,A man stands in front.,False,7.43419659556821e-05
t2i,A man stands in front.,10499,10499,A man stands in front.,True,0.0002350067370571196
t2i,A man stands in front.,5952,5952,A man stands in front.,False,0.0012454137904569507
t2i,A man stands in front.,11280,11280,A man stands in front.,True,4.5011871407041326e-05
t2i,A man stands in front.,210,210,A man stands in front.,True,0.01681567169725895
t2i,A man stands in front.,6188,6188,A man stands in front.,True,0.14645805954933167
t2i,A man stands in front.,12269,12269,A man stands in front.,True,0.13662190735340118
t2i,A man stands in front.,11908,11908,A man stands in front.,True,0.07575585693120956
t2i,A man stands in front.,13946,13946,A man stands in front.,True,0.004808545578271151
t2i,A man stands in front.,5202,5202,A man stands in front.,True,0.0014875995693728328
t2i,A man stands in front.,6497,6497,A man stands in front.,True,0.011856998316943645
t2i,A man stands in front.,6657,6657,A man stands in front.,False,0.2389778196811676
t2i,A man stands in front.,5260,5260,A man stands in front.,False,0.02923489175736904
t2i,A man stands in front.,2762,2762,A man stands in front.,True,0.03967084735631943
t2i,A man stands in front.,12541,12541,A man stands in front.,True,0.06974288821220398
t2i,A man stands in front.,11888,11888,A man stands in front.,True,0.023321425542235374
t2i,A man stands in front.,4546,4546,A man stands in front.,False,0.0008666628855280578
t2i,A man stands in front.,8486,8486,A man stands in front.,False,0.0005579007556661963
t2i,A man stands in front.,9916,9916,A man stands in front.,True,0.04430032894015312
t2i,A man stands in front.,9373,9373,A man stands in front.,True,0.03057929500937462
t2i,A man stands in front.,11879,11879,A man stands in front.,True,0.036680907011032104
t2i,A man stands in front.,11425,11425,A man stands in front.,True,0.014223034493625164
t2i,A man stands in front.,10821,10821,A man stands in front.,False,0.003164959140121937
t2i,A man stands in front.,13567,13567,A man stands in front.,True,0.008763528428971767
t2i,A man stands in front.,98,98,A man stands in front.,True,0.1313752979040146
t2i,A man stands in front.,12966,12966,A man stands in front.,True,0.07701414078474045
t2i,A man stands in front.,776,776,A man stands in front.,True,0.016610171645879745
t2i,A man stands in front.,268,268,A man stands in front.,True,0.0023968107998371124
t2i,A man stands in front.,2930,2930,A man stands in front.,True,0.013535396195948124
t2i,A man stands in front.,5771,5771,A man stands in front.,True,0.007667020428925753
t2i,A man stands in front.,3149,3149,A man stands in front.,True,0.01630179025232792
t2i,A man stands in front.,1737,1737,A man stands in front.,False,0.0005100227426737547
t2i,A man stands in front.,12704,12704,A man stands in front.,True,0.0015754910418763757
t2i,A man stands in front.,6867,6867,A man stands in front.,True,0.07952690124511719
t2i,A man stands in front.,443,443,A man stands in front.,False,0.0010930727003142238
t2i,A man stands in front.,1232,1232,A man stands in front.,False,0.011772861704230309
t2i,A man stands in front.,5823,5823,A man stands in front.,False,0.0011857987847179174
t2i,A man stands in front.,7497,7497,A man stands in front.,False,0.0008186689228750765
t2i,A man stands in front.,3766,3766,A man stands in front.,False,0.0008616186678409576
t2i,A man stands in front.,3889,3889,A man stands in front.,True,0.0074225980788469315
t2i,A man stands in front.,9824,9824,A man stands in front.,False,0.0029891077429056168
t2i,A man stands in front.,10721,10721,A man stands in front.,True,0.01782044768333435
t2i,A man stands in front.,5739,5739,A man stands in front.,True,0.01028180681169033
t2i,A man stands in front.,7691,7691,A man stands in front.,False,0.11950882524251938
t2i,A man stands in front.,1186,1186,A man stands in front.,True,0.022876497358083725
t2i,A man stands in front.,7872,7872,A man stands in front.,False,0.00016677106032148004
t2i,The woman is going to wash her hair.,7312,7312,The woman is going to wash her hair.,True,0.0008948803297244012
t2i,The woman is going to wash her hair.,5277,5277,The woman is going to wash her hair.,True,0.03678467124700546
t2i,The woman is going to wash her hair.,10938,10938,The woman is going to wash her hair.,False,0.0001460383355151862
t2i,The woman is going to wash her hair.,9003,9003,The woman is going to wash her hair.,False,0.03163579851388931
t2i,The woman is going to wash her hair.,11722,11722,The woman is going to wash her hair.,False,0.00011099006223957986
t2i,The woman is going to wash her hair.,11355,11355,The woman is going to wash her hair.,False,0.012935880571603775
t2i,The woman is going to wash her hair.,12254,12254,The woman is going to wash her hair.,False,0.002825717441737652
t2i,The woman is going to wash her hair.,10124,10124,The woman is going to wash her hair.,False,9.046436389326118e-06
t2i,The woman is going to wash her hair.,6163,6163,The woman is going to wash her hair.,False,0.03410929813981056
t2i,The woman is going to wash her hair.,6725,6725,The woman is going to wash her hair.,True,0.43998241424560547
t2i,The woman is going to wash her hair.,8950,8950,The woman is going to wash her hair.,True,0.596419095993042
t2i,The woman is going to wash her hair.,12099,12099,The woman is going to wash her hair.,False,0.7717128992080688
t2i,The woman is going to wash her hair.,4096,4096,The woman is going to wash her hair.,False,0.30631908774375916
t2i,The woman is going to wash her hair.,10134,10134,The woman is going to wash her hair.,False,0.11901825666427612
t2i,The woman is going to wash her hair.,9329,9329,The woman is going to wash her hair.,False,0.17133547365665436
t2i,The woman is going to wash her hair.,9801,9801,The woman is going to wash her hair.,False,0.09779711812734604
t2i,The woman is going to wash her hair.,13049,13049,The woman is going to wash her hair.,False,0.4046294093132019
t2i,The woman is going to wash her hair.,9646,9646,The woman is going to wash her hair.,False,0.010165482759475708
t2i,The woman is going to wash her hair.,9809,9809,The woman is going to wash her hair.,False,0.0007533316384069622
t2i,The woman is going to wash her hair.,6162,6162,The woman is going to wash her hair.,False,0.001060703070834279
t2i,The woman is going to wash her hair.,10287,10287,The woman is going to wash her hair.,False,0.0759364515542984
t2i,The woman is going to wash her hair.,11724,11724,The woman is going to wash her hair.,False,0.041146885603666306
t2i,The woman is going to wash her hair.,4473,4473,The woman is going to wash her hair.,False,0.035850755870342255
t2i,The woman is going to wash her hair.,5404,5404,The woman is going to wash her hair.,False,0.00042819007649086416
t2i,The woman is going to wash her hair.,4599,4599,The woman is going to wash her hair.,False,0.02928568236529827
t2i,The woman is going to wash her hair.,10861,10861,The woman is going to wash her hair.,False,0.005890856496989727
t2i,A woman is swimming in a pool.,4843,4843,A woman is swimming in a pool.,True,0.007035233546048403
t2i,A woman is swimming in a pool.,6753,6753,A woman is swimming in a pool.,True,0.06676992774009705
t2i,A woman is swimming in a pool.,11942,11942,A woman is swimming in a pool.,True,0.7803070545196533
t2i,A woman is swimming in a pool.,5715,5715,A woman is swimming in a pool.,True,0.9421521425247192
t2i,A woman is swimming in a pool.,10920,10920,A woman is swimming in a pool.,False,0.0012037588749080896
t2i,A woman is swimming in a pool.,7476,7476,A woman is swimming in a pool.,False,0.011828561313450336
t2i,A woman is swimming in a pool.,3221,3221,A woman is swimming in a pool.,False,0.11178112775087357
t2i,A woman is swimming in a pool.,10547,10547,A woman is swimming in a pool.,True,0.01446989644318819
t2i,A woman is swimming in a pool.,7835,7835,A woman is swimming in a pool.,True,0.9663798213005066
t2i,A woman is swimming in a pool.,8935,8935,A woman is swimming in a pool.,False,0.0005020112730562687
t2i,A woman is swimming in a pool.,3805,3805,A woman is swimming in a pool.,True,0.9699786305427551
t2i,A woman is swimming in a pool.,1727,1727,A woman is swimming in a pool.,True,0.5452109575271606
t2i,A woman is swimming in a pool.,1531,1531,A woman is swimming in a pool.,True,0.9626167416572571
t2i,A woman is swimming in a pool.,7634,7634,A woman is swimming in a pool.,False,0.02138245478272438
t2i,A woman is swimming in a pool.,1640,1640,A woman is swimming in a pool.,True,0.7167704105377197
t2i,A woman is swimming in a pool.,7406,7406,A woman is swimming in a pool.,False,0.9498730301856995
t2i,A woman is swimming in a pool.,12446,12446,A woman is swimming in a pool.,False,0.8122608065605164
t2i,A woman is swimming in a pool.,6661,6661,A woman is swimming in a pool.,False,0.133845254778862
t2i,A woman is swimming in a pool.,5596,5596,A woman is swimming in a pool.,False,0.00635928800329566
t2i,A woman is swimming in a pool.,4723,4723,A woman is swimming in a pool.,False,0.4390513300895691
t2i,A woman is swimming in a pool.,2227,2227,A woman is swimming in a pool.,False,0.04507596045732498
t2i,A woman is swimming in a pool.,8611,8611,A woman is swimming in a pool.,False,0.18595284223556519
t2i,A woman is swimming in a pool.,4576,4576,A woman is swimming in a pool.,True,0.9260022640228271
t2i,A woman is swimming in a pool.,2672,2672,A woman is swimming in a pool.,False,0.014954338781535625
t2i,A woman is swimming in a pool.,2147,2147,A woman is swimming in a pool.,True,0.903559148311615
t2i,A woman is swimming in a pool.,4444,4444,A woman is swimming in a pool.,False,0.01048825029283762
t2i,A woman is swimming in a pool.,7625,7625,A woman is swimming in a pool.,False,0.011479983106255531
t2i,A woman is swimming in a pool.,6084,6084,A woman is swimming in a pool.,True,0.1413896679878235
t2i,A woman is swimming in a pool.,291,291,A woman is swimming in a pool.,False,0.026048647239804268
t2i,A woman is swimming in a pool.,4835,4835,A woman is swimming in a pool.,False,0.059363096952438354
t2i,A woman is swimming in a pool.,2588,2588,A woman is swimming in a pool.,True,0.8152452707290649
t2i,A woman is swimming in a pool.,6954,6954,A woman is swimming in a pool.,False,0.021469546481966972
t2i,A woman is swimming in a pool.,1493,1493,A woman is swimming in a pool.,False,0.5291516780853271
t2i,A woman is swimming in a pool.,884,884,A woman is swimming in a pool.,False,0.0025889689568430185
t2i,A woman is swimming in a pool.,10598,10598,A woman is swimming in a pool.,False,0.2970624268054962
t2i,A person walking on a hill.,6289,6289,A person walking on a hill.,False,0.11901358515024185
t2i,A person walking on a hill.,674,674,A person walking on a hill.,True,0.004731460008770227
t2i,A person walking on a hill.,5937,5937,A person walking on a hill.,False,0.4985896944999695
t2i,A person walking on a hill.,2277,2277,A person walking on a hill.,False,0.0013719676062464714
t2i,A person walking on a hill.,6619,6619,A person walking on a hill.,True,0.13102330267429352
t2i,A person walking on a hill.,2440,2440,A person walking on a hill.,True,0.36348962783813477
t2i,A person walking on a hill.,5413,5413,A person walking on a hill.,True,0.014363199472427368
t2i,A person walking on a hill.,10310,10310,A person walking on a hill.,True,0.06269521266222
t2i,A person walking on a hill.,6986,6986,A person walking on a hill.,False,0.004247655160725117
t2i,A person walking on a hill.,10312,10312,A person walking on a hill.,True,0.04072699323296547
t2i,A person walking on a hill.,8676,8676,A person walking on a hill.,True,0.8668931126594543
t2i,A person walking on a hill.,11005,11005,A person walking on a hill.,True,0.5538382530212402
t2i,A person walking on a hill.,6585,6585,A person walking on a hill.,True,0.38791778683662415
t2i,A person walking on a hill.,919,919,A person walking on a hill.,True,0.08893999457359314
t2i,A person walking on a hill.,12163,12163,A person walking on a hill.,True,0.6987436413764954
t2i,A person walking on a hill.,3714,3714,A person walking on a hill.,True,0.13845688104629517
t2i,A person walking on a hill.,6556,6556,A person walking on a hill.,True,0.2197667807340622
t2i,A person walking on a hill.,2026,2026,A person walking on a hill.,True,0.2158525139093399
t2i,A person walking on a hill.,3784,3784,A person walking on a hill.,True,0.5061293244361877
t2i,A person walking on a hill.,8220,8220,A person walking on a hill.,False,0.048643503338098526
t2i,A person walking on a hill.,9147,9147,A person walking on a hill.,False,0.04018983244895935
t2i,A person walking on a hill.,7821,7821,A person walking on a hill.,False,0.22068241238594055
t2i,A person walking on a hill.,2867,2867,A person walking on a hill.,False,0.007566026411950588
t2i,A person walking on a hill.,3195,3195,A person walking on a hill.,True,0.4253651201725006
t2i,A person walking on a hill.,1737,1737,A person walking on a hill.,True,0.09802831709384918
t2i,A person walking on a hill.,8411,8411,A person walking on a hill.,True,0.15229429304599762
t2i,A person walking on a hill.,7747,7747,A person walking on a hill.,True,0.2576295733451843
t2i,A person walking on a hill.,2311,2311,A person walking on a hill.,True,0.21993522346019745
t2i,A person walking on a hill.,424,424,A person walking on a hill.,True,0.28572434186935425
t2i,A person walking on a hill.,1668,1668,A person walking on a hill.,True,0.045747168362140656
t2i,A person walking on a hill.,11122,11122,A person walking on a hill.,True,0.06596371531486511
t2i,A person walking on a hill.,3504,3504,A person walking on a hill.,True,0.20875783264636993
t2i,A person walking on a hill.,2349,2349,A person walking on a hill.,True,0.0007284986786544323
t2i,A person walking on a hill.,2499,2499,A person walking on a hill.,False,0.001075914828106761
t2i,A person walking on a hill.,860,860,A person walking on a hill.,True,0.0011051459005102515
t2i,A person walking on a hill.,3237,3237,A person walking on a hill.,False,0.525926947593689
t2i,The animal sat in the meadow.,8047,8047,The animal sat in the meadow.,False,0.013450655154883862
t2i,The animal sat in the meadow.,4431,4431,The animal sat in the meadow.,False,0.13845400512218475
t2i,The animal sat in the meadow.,2207,2207,The animal sat in the meadow.,False,0.0005376350018195808
t2i,The animal sat in the meadow.,1045,1045,The animal sat in the meadow.,False,0.0011773266596719623
t2i,The animal sat in the meadow.,9319,9319,The animal sat in the meadow.,False,8.875600906321779e-05
t2i,The animal sat in the meadow.,37,37,The animal sat in the meadow.,False,0.0025445432402193546
t2i,The animal sat in the meadow.,13038,13038,The animal sat in the meadow.,False,1.1418804206186906e-05
t2i,The animal sat in the meadow.,11008,11008,The animal sat in the meadow.,False,3.7618072383338585e-05
t2i,The animal sat in the meadow.,9402,9402,The animal sat in the meadow.,False,0.002408878644928336
t2i,The animal sat in the meadow.,1271,1271,The animal sat in the meadow.,True,0.0018833141075447202
t2i,The animal sat in the meadow.,11900,11900,The animal sat in the meadow.,False,0.6855446100234985
t2i,The animal sat in the meadow.,13185,13185,The animal sat in the meadow.,False,0.33181124925613403
t2i,The animal sat in the meadow.,3887,3887,The animal sat in the meadow.,False,0.20853504538536072
t2i,The animal sat in the meadow.,7542,7542,The animal sat in the meadow.,False,0.1783251166343689
t2i,The animal sat in the meadow.,5621,5621,The animal sat in the meadow.,False,0.12672698497772217
t2i,The animal sat in the meadow.,3308,3308,The animal sat in the meadow.,False,0.31405943632125854
t2i,The animal sat in the meadow.,8257,8257,The animal sat in the meadow.,False,0.135044127702713
t2i,The animal sat in the meadow.,12210,12210,The animal sat in the meadow.,False,0.11616859585046768
t2i,The animal sat in the meadow.,3695,3695,The animal sat in the meadow.,False,0.1842321902513504
t2i,The animal sat in the meadow.,3306,3306,The animal sat in the meadow.,False,0.0028987524565309286
t2i,The animal sat in the meadow.,6278,6278,The animal sat in the meadow.,True,0.004482163581997156
t2i,The animal sat in the meadow.,2173,2173,The animal sat in the meadow.,True,0.0178578682243824
t2i,The animal sat in the meadow.,8986,8986,The animal sat in the meadow.,True,0.008021761663258076
t2i,The animal sat in the meadow.,299,299,The animal sat in the meadow.,True,0.00012113589036744088
t2i,The animal sat in the meadow.,1258,1258,The animal sat in the meadow.,True,0.0005788016133010387
t2i,The animal sat in the meadow.,6858,6858,The animal sat in the meadow.,True,0.28490376472473145
t2i,The animal sat in the meadow.,3110,3110,The animal sat in the meadow.,True,0.0013099350035190582
t2i,The animal sat in the meadow.,1325,1325,The animal sat in the meadow.,False,0.010289140976965427
t2i,The animal sat in the meadow.,1620,1620,The animal sat in the meadow.,False,0.1605568528175354
t2i,The animal sat in the meadow.,4432,4432,The animal sat in the meadow.,True,0.09557555615901947
t2i,The animal sat in the meadow.,8741,8741,The animal sat in the meadow.,False,0.20846380293369293
t2i,The animal sat in the meadow.,2534,2534,The animal sat in the meadow.,False,0.03817767649888992
t2i,The animal sat in the meadow.,8462,8462,The animal sat in the meadow.,False,0.0023827156983315945
t2i,The animal sat in the meadow.,1721,1721,The animal sat in the meadow.,False,0.08033911138772964
t2i,The animal sat in the meadow.,9870,9870,The animal sat in the meadow.,True,0.20405183732509613
t2i,The animal sat in the meadow.,11718,11718,The animal sat in the meadow.,False,0.003419979242607951
t2i,The animal sat in the meadow.,7561,7561,The animal sat in the meadow.,False,0.07614269107580185
t2i,The animal sat in the meadow.,13909,13909,The animal sat in the meadow.,False,0.0028678157832473516
t2i,The animal sat in the meadow.,4708,4708,The animal sat in the meadow.,False,0.028264377266168594
t2i,The animal sat in the meadow.,6229,6229,The animal sat in the meadow.,False,0.00010341227607568726
t2i,The animal sat in the meadow.,2305,2305,The animal sat in the meadow.,False,0.0036894020158797503
t2i,The animal sat in the meadow.,7869,7869,The animal sat in the meadow.,False,0.0027152749244123697
t2i,The animal sat in the meadow.,2688,2688,The animal sat in the meadow.,True,0.009121542796492577
t2i,The animal sat in the meadow.,8237,8237,The animal sat in the meadow.,False,0.003465349553152919
t2i,The animal sat in the meadow.,13450,13450,The animal sat in the meadow.,False,0.37783360481262207
t2i,animal sitting on lawn,3003,3003,animal sitting on lawn,True,0.5302983522415161
t2i,animal sitting on lawn,8716,8716,animal sitting on lawn,False,0.7117581367492676
t2i,animal sitting on lawn,1970,1970,animal sitting on lawn,False,0.133632630109787
t2i,animal sitting on lawn,2938,2938,animal sitting on lawn,False,0.00044154890929348767
t2i,animal sitting on lawn,3695,3695,animal sitting on lawn,False,0.7040781378746033
t2i,animal sitting on lawn,2034,2034,animal sitting on lawn,True,0.31639575958251953
t2i,animal sitting on lawn,3110,3110,animal sitting on lawn,True,0.06544957309961319
t2i,animal sitting on lawn,2554,2554,animal sitting on lawn,False,0.0019802094902843237
t2i,animal sitting on lawn,1178,1178,animal sitting on lawn,False,0.0007904258673079312
t2i,animal sitting on lawn,8295,8295,animal sitting on lawn,True,0.12065959721803665
t2i,animal sitting on lawn,377,377,animal sitting on lawn,True,0.8238876461982727
t2i,animal sitting on lawn,6278,6278,animal sitting on lawn,True,0.5480123162269592
t2i,animal sitting on lawn,22,22,animal sitting on lawn,False,0.4908791482448578
t2i,animal sitting on lawn,1105,1105,animal sitting on lawn,False,0.3407604396343231
t2i,animal sitting on lawn,10638,10638,animal sitting on lawn,True,0.5149446725845337
t2i,animal sitting on lawn,202,202,animal sitting on lawn,False,0.40421831607818604
t2i,animal sitting on lawn,2688,2688,animal sitting on lawn,True,0.6473866105079651
t2i,animal sitting on lawn,228,228,animal sitting on lawn,True,0.5905084013938904
t2i,animal sitting on lawn,1096,1096,animal sitting on lawn,False,0.13072694838047028
t2i,animal sitting on lawn,3013,3013,animal sitting on lawn,False,0.18055161833763123
t2i,animal sitting on lawn,3021,3021,animal sitting on lawn,True,0.3070244789123535
t2i,animal sitting on lawn,7561,7561,animal sitting on lawn,False,0.4591459333896637
t2i,animal sitting on lawn,4267,4267,animal sitting on lawn,False,0.32640811800956726
t2i,animal sitting on lawn,5462,5462,animal sitting on lawn,False,0.03781862184405327
t2i,animal sitting on lawn,11335,11335,animal sitting on lawn,False,0.08157861232757568
t2i,animal sitting on lawn,13185,13185,animal sitting on lawn,False,0.4373188316822052
t2i,animal sitting on lawn,7869,7869,animal sitting on lawn,False,0.015072586014866829
t2i,animal sitting on lawn,7542,7542,animal sitting on lawn,False,0.2484617382287979
t2i,animal sitting on lawn,8237,8237,animal sitting on lawn,False,0.0604785680770874
t2i,animal sitting on lawn,3308,3308,animal sitting on lawn,False,0.3692052662372589
t2i,animal sitting on lawn,13712,13712,animal sitting on lawn,False,0.04324309900403023
t2i,animal sitting on lawn,9870,9870,animal sitting on lawn,True,0.8668560981750488
t2i,animal sitting on lawn,2461,2461,animal sitting on lawn,True,0.24055735766887665
t2i,animal sitting on lawn,3236,3236,animal sitting on lawn,False,0.2658821940422058
t2i,animal sitting on lawn,8462,8462,animal sitting on lawn,False,0.047241728752851486
t2i,animal sitting on lawn,1821,1821,animal sitting on lawn,False,0.038806479424238205
t2i,animal sitting on lawn,10250,10250,animal sitting on lawn,False,0.7526784539222717
t2i,animal sitting on lawn,4505,4505,animal sitting on lawn,False,0.0918038859963417
t2i,animal sitting on lawn,7224,7224,animal sitting on lawn,True,0.11268455535173416
t2i,animal sitting on lawn,8569,8569,animal sitting on lawn,False,0.41462206840515137
t2i,animal sitting on lawn,1184,1184,animal sitting on lawn,True,0.0257654320448637
t2i,animal sitting on lawn,2173,2173,animal sitting on lawn,True,0.2514779269695282
t2i,animal sitting on lawn,6913,6913,animal sitting on lawn,False,0.012196637690067291
t2i,animal sitting on lawn,1271,1271,animal sitting on lawn,True,0.2653026282787323
t2i,animal sitting on lawn,13688,13688,animal sitting on lawn,True,0.08257635682821274
t2i,A man sits in front of a white background,6683,6683,A man sits in front of a white background,False,0.00022466450172942132
t2i,A man sits in front of a white background,6069,6069,A man sits in front of a white background,True,0.07971346378326416
t2i,A man sits in front of a white background,6293,6293,A man sits in front of a white background,True,0.13160721957683563
t2i,A man sits in front of a white background,8712,8712,A man sits in front of a white background,True,0.019777094945311546
t2i,A man sits in front of a white background,13863,13863,A man sits in front of a white background,True,0.0031083361245691776
t2i,A man sits in front of a white background,2719,2719,A man sits in front of a white background,True,0.08580483496189117
t2i,A man sits in front of a white background,8822,8822,A man sits in front of a white background,True,0.006095001939684153
t2i,A man sits in front of a white background,831,831,A man sits in front of a white background,True,0.015681568533182144
t2i,A man sits in front of a white background,1171,1171,A man sits in front of a white background,True,0.000969335378613323
t2i,A man sits in front of a white background,1593,1593,A man sits in front of a white background,False,0.04622475802898407
t2i,A man sits in front of a white background,3199,3199,A man sits in front of a white background,False,0.1013236716389656
t2i,A man sits in front of a white background,4922,4922,A man sits in front of a white background,False,0.10872536152601242
t2i,A man sits in front of a white background,8375,8375,A man sits in front of a white background,True,0.9208772778511047
t2i,A man sits in front of a white background,1805,1805,A man sits in front of a white background,True,0.25229936838150024
t2i,A man sits in front of a white background,583,583,A man sits in front of a white background,True,0.2591039836406708
t2i,A man sits in front of a white background,3953,3953,A man sits in front of a white background,True,0.34832507371902466
t2i,A man sits in front of a white background,1289,1289,A man sits in front of a white background,True,0.2111891508102417
t2i,A man sits in front of a white background,9347,9347,A man sits in front of a white background,False,0.019774295389652252
t2i,A man sits in front of a white background,976,976,A man sits in front of a white background,True,0.23946663737297058
t2i,A man sits in front of a white background,9823,9823,A man sits in front of a white background,False,0.03063836880028248
t2i,A man sits in front of a white background,4013,4013,A man sits in front of a white background,False,0.01937403716146946
t2i,A man sits in front of a white background,9585,9585,A man sits in front of a white background,True,0.004775566514581442
t2i,A man sits in front of a white background,311,311,A man sits in front of a white background,True,0.012498024851083755
t2i,A man sits in front of a white background,3096,3096,A man sits in front of a white background,True,0.018186865374445915
t2i,A man sits in front of a white background,9721,9721,A man sits in front of a white background,True,0.0028153529856354
t2i,A man sits in front of a white background,2763,2763,A man sits in front of a white background,True,0.5291851758956909
t2i,A man sits in front of a white background,3064,3064,A man sits in front of a white background,True,0.004373536445200443
t2i,A man sits in front of a white background,5740,5740,A man sits in front of a white background,True,0.012773310765624046
t2i,A man sits in front of a white background,5770,5770,A man sits in front of a white background,True,0.05397454649209976
t2i,A man sits in front of a white background,175,175,A man sits in front of a white background,True,0.0031124937813729048
t2i,A man sits in front of a white background,1837,1837,A man sits in front of a white background,True,0.0017786488169804215
t2i,A man sits in front of a white background,701,701,A man sits in front of a white background,True,0.005952011328190565
t2i,A man sits in front of a white background,7182,7182,A man sits in front of a white background,False,9.472962119616568e-05
t2i,A man sits in front of a white background,998,998,A man sits in front of a white background,True,0.04625755548477173
t2i,A man sits in front of a white background,10760,10760,A man sits in front of a white background,False,0.000108141299278941
t2i,A man sits in front of a white background,9884,9884,A man sits in front of a white background,False,8.947407332016155e-05
t2i,A man sits in front of a white background,192,192,A man sits in front of a white background,True,0.14189757406711578
t2i,A man sits in front of a white background,2275,2275,A man sits in front of a white background,True,0.007707883603870869
t2i,The person poses for one minute.,7380,7380,The person poses for one minute.,False,3.1817296985536814e-05
t2i,The person poses for one minute.,13863,13863,The person poses for one minute.,False,4.371730483399006e-06
t2i,The person poses for one minute.,8934,8934,The person poses for one minute.,False,4.9097576265921816e-05
t2i,The person poses for one minute.,4422,4422,The person poses for one minute.,True,0.00021513619867619127
t2i,The person poses for one minute.,12294,12294,The person poses for one minute.,False,5.743570454797009e-06
t2i,The person poses for one minute.,9871,9871,The person poses for one minute.,True,5.2995266742073e-05
t2i,The person poses for one minute.,1038,1038,The person poses for one minute.,True,3.724649559444515e-06
t2i,The person poses for one minute.,5770,5770,The person poses for one minute.,True,0.0006102144834585488
t2i,The person poses for one minute.,1171,1171,The person poses for one minute.,False,1.3520211723516695e-05
t2i,The person poses for one minute.,13960,13960,The person poses for one minute.,True,0.00023138488177210093
t2i,The person poses for one minute.,1604,1604,The person poses for one minute.,True,0.291399747133255
t2i,The person poses for one minute.,11973,11973,The person poses for one minute.,False,0.3807866871356964
t2i,The person poses for one minute.,3411,3411,The person poses for one minute.,False,0.1327451467514038
t2i,The person poses for one minute.,10107,10107,The person poses for one minute.,False,0.19562296569347382
t2i,The person poses for one minute.,5369,5369,The person poses for one minute.,True,0.1608244776725769
t2i,The person poses for one minute.,12837,12837,The person poses for one minute.,True,0.6478175520896912
t2i,The person poses for one minute.,13770,13770,The person poses for one minute.,False,0.37304699420928955
t2i,The person poses for one minute.,2862,2862,The person poses for one minute.,False,0.024060256779193878
t2i,The person poses for one minute.,2835,2835,The person poses for one minute.,False,0.049114830791950226
t2i,The person poses for one minute.,3661,3661,The person poses for one minute.,False,0.00011399817594792694
t2i,The person poses for one minute.,12199,12199,The person poses for one minute.,False,0.2046007663011551
t2i,The person poses for one minute.,3149,3149,The person poses for one minute.,False,0.000565093127079308
t2i,The person poses for one minute.,6657,6657,The person poses for one minute.,False,0.03259811922907829
t2i,The person poses for one minute.,6616,6616,The person poses for one minute.,False,0.22387585043907166
t2i,The person poses for one minute.,4897,4897,The person poses for one minute.,True,6.434605165850371e-05
t2i,The person poses for one minute.,98,98,The person poses for one minute.,False,0.45233356952667236
t2i,The person poses for one minute.,2930,2930,The person poses for one minute.,False,0.00021855044178664684
t2i,The person poses for one minute.,7898,7898,The person poses for one minute.,False,0.4156319499015808
t2i,The person poses for one minute.,5709,5709,The person poses for one minute.,False,0.2867615222930908
t2i,The person poses for one minute.,5872,5872,The person poses for one minute.,False,0.5468627214431763
t2i,The person poses for one minute.,6964,6964,The person poses for one minute.,True,0.3840666115283966
t2i,The person poses for one minute.,8304,8304,The person poses for one minute.,True,0.004830810707062483
t2i,The person poses for one minute.,13519,13519,The person poses for one minute.,True,0.008065108209848404
t2i,The person poses for one minute.,6746,6746,The person poses for one minute.,True,0.23402266204357147
t2i,The person poses for one minute.,9139,9139,The person poses for one minute.,True,1.4864639524603263e-05
t2i,The person poses for one minute.,4463,4463,The person poses for one minute.,True,0.3690730929374695
t2i,The person poses for one minute.,10660,10660,The person poses for one minute.,True,1.877375689218752e-05
t2i,The person poses for one minute.,6187,6187,The person poses for one minute.,True,2.778721864160616e-05
t2i,The person poses for one minute.,9272,9272,The person poses for one minute.,True,0.00015827646711841226
t2i,The person poses for one minute.,11766,11766,The person poses for one minute.,True,0.00033524975879117846
t2i,The person poses for one minute.,9909,9909,The person poses for one minute.,True,0.006550401449203491
t2i,The person poses for one minute.,9926,9926,The person poses for one minute.,True,0.00019736785907298326
t2i,The person poses for one minute.,1052,1052,The person poses for one minute.,False,6.024220056133345e-05
t2i,The person poses for one minute.,2302,2302,The person poses for one minute.,False,4.373870979179628e-05
t2i,The person poses for one minute.,10777,10777,The person poses for one minute.,False,0.00013521526125259697
t2i,The person poses for one minute.,11348,11348,The person poses for one minute.,False,0.15055613219738007
t2i,The person poses for one minute.,1990,1990,The person poses for one minute.,False,0.11353246122598648
t2i,The person poses for one minute.,5563,5563,The person poses for one minute.,True,2.3632603188161738e-05
t2i,The person poses for one minute.,10721,10721,The person poses for one minute.,True,0.11779537796974182
t2i,The person poses for one minute.,7691,7691,The person poses for one minute.,False,0.4866291880607605
t2i,The person poses for one minute.,7719,7719,The person poses for one minute.,False,0.09572412073612213
t2i,The person poses for one minute.,5464,5464,The person poses for one minute.,False,0.002520878566429019
t2i,The person poses for one minute.,9659,9659,The person poses for one minute.,False,7.287233893293887e-05
t2i,The person poses for one minute.,9172,9172,The person poses for one minute.,False,2.676683106983546e-05
t2i,A man walking with a camera,10542,10542,A man walking with a camera,False,0.0009768076706677675
t2i,A man walking with a camera,10482,10482,A man walking with a camera,False,0.026921819895505905
t2i,A man walking with a camera,3963,3963,A man walking with a camera,True,0.9727871417999268
t2i,A man walking with a camera,10696,10696,A man walking with a camera,False,0.00029503164114430547
t2i,A man walking with a camera,8323,8323,A man walking with a camera,False,0.012149094603955746
t2i,A man walking with a camera,1399,1399,A man walking with a camera,False,0.0006653296877630055
t2i,A man walking with a camera,8847,8847,A man walking with a camera,False,0.008951925672590733
t2i,A man walking with a camera,13335,13335,A man walking with a camera,False,0.03001909703016281
t2i,A man walking with a camera,3460,3460,A man walking with a camera,False,0.007206283509731293
t2i,A man walking with a camera,6890,6890,A man walking with a camera,False,0.017941482365131378
t2i,A man walking with a camera,4241,4241,A man walking with a camera,True,0.3676276206970215
t2i,A man walking with a camera,1051,1051,A man walking with a camera,True,0.41444283723831177
t2i,A man walking with a camera,2504,2504,A man walking with a camera,False,0.017361583188176155
t2i,A man walking with a camera,2183,2183,A man walking with a camera,False,0.11418614536523819
t2i,A man walking with a camera,1815,1815,A man walking with a camera,False,0.04759060963988304
t2i,A man walking with a camera,3568,3568,A man walking with a camera,False,0.08035503327846527
t2i,A man walking with a camera,2835,2835,A man walking with a camera,False,0.04282280057668686
t2i,A man walking with a camera,24,24,A man walking with a camera,False,0.1433735340833664
t2i,A man walking with a camera,145,145,A man walking with a camera,False,0.18818607926368713
t2i,A man walking with a camera,9092,9092,A man walking with a camera,False,0.00019111686560790986
t2i,A man walking with a camera,1835,1835,A man walking with a camera,False,0.028239471837878227
t2i,A man walking with a camera,3766,3766,A man walking with a camera,False,0.07827110588550568
t2i,A man walking with a camera,2348,2348,A man walking with a camera,False,0.0013062048237770796
t2i,A man walking with a camera,1056,1056,A man walking with a camera,False,0.10622172057628632
t2i,A man walking with a camera,9932,9932,A man walking with a camera,False,0.009563419036567211
t2i,A man walking with a camera,9824,9824,A man walking with a camera,False,0.02361912466585636
t2i,A man walking with a camera,1071,1071,A man walking with a camera,False,0.009501810185611248
t2i,A man walking with a camera,3263,3263,A man walking with a camera,False,0.006436449475586414
t2i,A man walking with a camera,3260,3260,A man walking with a camera,False,0.006436449475586414
t2i,A man walking with a camera,5092,5092,A man walking with a camera,True,0.09037885069847107
t2i,A man walking with a camera,2718,2718,A man walking with a camera,True,0.3806561827659607
t2i,A man walking with a camera,2626,2626,A man walking with a camera,False,0.00016195420175790787
t2i,A man walking with a camera,80,80,A man walking with a camera,False,0.05917248874902725
t2i,A man walking with a camera,1737,1737,A man walking with a camera,False,0.007850605063140392
t2i,A man walking with a camera,12209,12209,A man walking with a camera,False,0.0017223170725628734
t2i,A man walking with a camera,8745,8745,A man walking with a camera,False,0.002372048795223236
t2i,A man walking with a camera,8842,8842,A man walking with a camera,False,0.027775157243013382
t2i,A man walking with a camera,408,408,A man walking with a camera,False,0.00040472872206009924
t2i,A man walking with a camera,9336,9336,A man walking with a camera,True,0.07253864407539368
t2i,A man walking with a camera,11741,11741,A man walking with a camera,False,0.02900947816669941
t2i,A man sits on a boat.,11641,11641,A man sits on a boat.,True,0.25483939051628113
t2i,A man sits on a boat.,5173,5173,A man sits on a boat.,True,0.13892756402492523
t2i,A man sits on a boat.,5091,5091,A man sits on a boat.,True,0.0030480565037578344
t2i,A man sits on a boat.,11079,11079,A man sits on a boat.,True,0.003969178535044193
t2i,A man sits on a boat.,9314,9314,A man sits on a boat.,False,0.0004563622351270169
t2i,A man sits on a boat.,11943,11943,A man sits on a boat.,True,0.047677360475063324
t2i,A man sits on a boat.,8000,8000,A man sits on a boat.,False,0.04226008430123329
t2i,A man sits on a boat.,515,515,A man sits on a boat.,False,0.0026144401635974646
t2i,A man sits on a boat.,472,472,A man sits on a boat.,False,0.00018717013881541789
t2i,A man sits on a boat.,13863,13863,A man sits on a boat.,False,2.025039793807082e-05
t2i,A man sits on a boat.,5925,5925,A man sits on a boat.,False,0.12068183720111847
t2i,A man sits on a boat.,13130,13130,A man sits on a boat.,False,0.10021473467350006
t2i,A man sits on a boat.,12516,12516,A man sits on a boat.,True,0.014460228383541107
t2i,A man sits on a boat.,3771,3771,A man sits on a boat.,False,0.25221189856529236
t2i,A man sits on a boat.,13277,13277,A man sits on a boat.,True,0.17703986167907715
t2i,A man sits on a boat.,5341,5341,A man sits on a boat.,False,0.07145863771438599
t2i,A man sits on a boat.,4188,4188,A man sits on a boat.,False,0.7271991968154907
t2i,A man sits on a boat.,8474,8474,A man sits on a boat.,False,0.049470361322164536
t2i,A man sits on a boat.,10740,10740,A man sits on a boat.,False,0.021718814969062805
t2i,A man sits on a boat.,2988,2988,A man sits on a boat.,True,0.028636710718274117
t2i,A man sits on a boat.,8094,8094,A man sits on a boat.,False,0.016989879310131073
t2i,A man sits on a boat.,11680,11680,A man sits on a boat.,False,0.35036394000053406
t2i,A man sits on a boat.,6183,6183,A man sits on a boat.,False,0.00017780395864974707
t2i,A man sits on a boat.,7569,7569,A man sits on a boat.,False,0.015945790335536003
t2i,A man sits on a boat.,8002,8002,A man sits on a boat.,True,0.01257125660777092
t2i,A man sits on a boat.,12411,12411,A man sits on a boat.,True,0.030726393684744835
t2i,A man sits on a boat.,7538,7538,A man sits on a boat.,False,0.23809726536273956
t2i,A man sits on a boat.,6103,6103,A man sits on a boat.,False,0.06130347400903702
t2i,A man sits on a boat.,10477,10477,A man sits on a boat.,False,0.35573524236679077
t2i,A man sits on a boat.,14051,14051,A man sits on a boat.,False,0.006476473528891802
t2i,A man sits on a boat.,12744,12744,A man sits on a boat.,True,0.0025146573316305876
t2i,A man sits on a boat.,9755,9755,A man sits on a boat.,True,0.002275733044371009
t2i,A couple hugs against a tree.,4754,4754,A couple hugs against a tree.,False,0.03246179223060608
t2i,A couple hugs against a tree.,11796,11796,A couple hugs against a tree.,False,0.0029265040066093206
t2i,A couple hugs against a tree.,5083,5083,A couple hugs against a tree.,True,0.29488611221313477
t2i,A couple hugs against a tree.,6311,6311,A couple hugs against a tree.,False,0.004967055283486843
t2i,A couple hugs against a tree.,5082,5082,A couple hugs against a tree.,True,0.036872319877147675
t2i,A couple hugs against a tree.,9047,9047,A couple hugs against a tree.,False,0.15391670167446136
t2i,A couple hugs against a tree.,9921,9921,A couple hugs against a tree.,True,0.3249760568141937
t2i,A couple hugs against a tree.,10436,10436,A couple hugs against a tree.,False,0.034286998212337494
t2i,A couple hugs against a tree.,3858,3858,A couple hugs against a tree.,False,8.001289097592235e-05
t2i,A couple hugs against a tree.,10906,10906,A couple hugs against a tree.,False,0.01122027263045311
t2i,A couple hugs against a tree.,12330,12330,A couple hugs against a tree.,True,0.8185669183731079
t2i,A couple hugs against a tree.,9384,9384,A couple hugs against a tree.,False,0.34557515382766724
t2i,A couple hugs against a tree.,6845,6845,A couple hugs against a tree.,False,0.29875779151916504
t2i,A couple hugs against a tree.,895,895,A couple hugs against a tree.,False,0.7561678290367126
t2i,A couple hugs against a tree.,12901,12901,A couple hugs against a tree.,False,0.10714308172464371
t2i,A couple hugs against a tree.,2238,2238,A couple hugs against a tree.,False,0.07337357103824615
t2i,A couple hugs against a tree.,12420,12420,A couple hugs against a tree.,False,0.3184092342853546
t2i,A couple hugs against a tree.,9340,9340,A couple hugs against a tree.,True,0.028514668345451355
t2i,A couple hugs against a tree.,12253,12253,A couple hugs against a tree.,False,0.011135667562484741
t2i,A couple hugs against a tree.,5087,5087,A couple hugs against a tree.,False,0.11922363191843033
t2i,A couple hugs against a tree.,6214,6214,A couple hugs against a tree.,False,0.01044737920165062
t2i,A couple hugs against a tree.,10730,10730,A couple hugs against a tree.,False,0.03974715247750282
t2i,A couple hugs against a tree.,7105,7105,A couple hugs against a tree.,False,0.04794282466173172
t2i,A couple hugs against a tree.,6844,6844,A couple hugs against a tree.,False,0.002880198648199439
t2i,A couple hugs against a tree.,11055,11055,A couple hugs against a tree.,False,0.005088857840746641
t2i,A couple hugs against a tree.,12105,12105,A couple hugs against a tree.,False,0.012590727768838406
t2i,A couple hugs against a tree.,13579,13579,A couple hugs against a tree.,False,0.021824108436703682
t2i,A couple hugs against a tree.,4755,4755,A couple hugs against a tree.,False,0.001898665213957429
t2i,A person wants to sit on a couch.,2992,2992,A person wants to sit on a couch.,True,0.06095883250236511
t2i,A person wants to sit on a couch.,13498,13498,A person wants to sit on a couch.,True,0.03912334889173508
t2i,A person wants to sit on a couch.,3096,3096,A person wants to sit on a couch.,True,0.048594485968351364
t2i,A person wants to sit on a couch.,1156,1156,A person wants to sit on a couch.,True,0.018021129071712494
t2i,A person wants to sit on a couch.,6362,6362,A person wants to sit on a couch.,True,0.0006147502572275698
t2i,A person wants to sit on a couch.,2241,2241,A person wants to sit on a couch.,True,0.23896023631095886
t2i,A person wants to sit on a couch.,12588,12588,A person wants to sit on a couch.,False,0.0031986499670892954
t2i,A person wants to sit on a couch.,13863,13863,A person wants to sit on a couch.,False,7.635236215719488e-06
t2i,A person wants to sit on a couch.,7118,7118,A person wants to sit on a couch.,True,0.0002012342883972451
t2i,A person wants to sit on a couch.,6965,6965,A person wants to sit on a couch.,False,0.0007681630086153746
t2i,A person wants to sit on a couch.,8680,8680,A person wants to sit on a couch.,True,0.0838841125369072
t2i,A person wants to sit on a couch.,13331,13331,A person wants to sit on a couch.,False,0.4469296932220459
t2i,A person wants to sit on a couch.,1777,1777,A person wants to sit on a couch.,True,0.7147623896598816
t2i,A person wants to sit on a couch.,13148,13148,A person wants to sit on a couch.,True,0.04259989783167839
t2i,A person wants to sit on a couch.,3053,3053,A person wants to sit on a couch.,True,0.08654280006885529
t2i,A person wants to sit on a couch.,11303,11303,A person wants to sit on a couch.,False,0.06573699414730072
t2i,A person wants to sit on a couch.,1776,1776,A person wants to sit on a couch.,True,0.29271209239959717
t2i,A person wants to sit on a couch.,3906,3906,A person wants to sit on a couch.,True,0.04305647313594818
t2i,A person wants to sit on a couch.,11812,11812,A person wants to sit on a couch.,True,0.3712743818759918
t2i,A person wants to sit on a couch.,7638,7638,A person wants to sit on a couch.,False,0.6924008727073669
t2i,A person wants to sit on a couch.,2023,2023,A person wants to sit on a couch.,True,0.1833810955286026
t2i,A person wants to sit on a couch.,723,723,A person wants to sit on a couch.,False,0.0009905163897201419
t2i,A person wants to sit on a couch.,8471,8471,A person wants to sit on a couch.,False,0.0002079675323329866
t2i,A person wants to sit on a couch.,2523,2523,A person wants to sit on a couch.,True,0.03358171880245209
t2i,A person wants to sit on a couch.,6582,6582,A person wants to sit on a couch.,True,0.004331584088504314
t2i,A person wants to sit on a couch.,1278,1278,A person wants to sit on a couch.,True,0.1414370983839035
t2i,A person wants to sit on a couch.,7287,7287,A person wants to sit on a couch.,True,0.0007171875331550837
t2i,A person wants to sit on a couch.,1330,1330,A person wants to sit on a couch.,True,0.0006432554218918085
t2i,A person wants to sit on a couch.,959,959,A person wants to sit on a couch.,True,0.06605025380849838
t2i,A person wants to sit on a couch.,1288,1288,A person wants to sit on a couch.,True,0.011074542067945004
t2i,A person wants to sit on a couch.,3619,3619,A person wants to sit on a couch.,False,0.00025803374592214823
t2i,A person wants to sit on a couch.,3466,3466,A person wants to sit on a couch.,False,0.00010358785948483273
t2i,A person wants to sit on a couch.,846,846,A person wants to sit on a couch.,False,0.000636435579508543
t2i,A person wants to sit on a couch.,13588,13588,A person wants to sit on a couch.,False,0.07338333129882812
t2i,A person wants to sit on a couch.,2757,2757,A person wants to sit on a couch.,False,0.0004345422494225204
t2i,A person wants to sit on a couch.,10492,10492,A person wants to sit on a couch.,False,0.00033146279747597873
t2i,A person wants to sit on a couch.,639,639,A person wants to sit on a couch.,True,0.005251283757388592
t2i,A person wants to sit on a couch.,3736,3736,A person wants to sit on a couch.,True,0.0007389364764094353
t2i,A person wants to sit on a couch.,5389,5389,A person wants to sit on a couch.,True,0.005372051615267992
t2i,A person wants to sit on a couch.,6361,6361,A person wants to sit on a couch.,False,0.034117624163627625
t2i,A person wants to sit on a couch.,1733,1733,A person wants to sit on a couch.,False,0.00012131065886933357
t2i,The players look at each other on the pitch.,11121,11121,The players look at each other on the pitch.,False,0.00010371823736932129
t2i,The players look at each other on the pitch.,6614,6614,The players look at each other on the pitch.,False,0.0005786006222479045
t2i,The players look at each other on the pitch.,484,484,The players look at each other on the pitch.,True,0.6775961518287659
t2i,The players look at each other on the pitch.,684,684,The players look at each other on the pitch.,True,0.24968001246452332
t2i,The players look at each other on the pitch.,14045,14045,The players look at each other on the pitch.,True,0.0009143435745500028
t2i,The players look at each other on the pitch.,5256,5256,The players look at each other on the pitch.,True,0.2074907422065735
t2i,The players look at each other on the pitch.,1556,1556,The players look at each other on the pitch.,True,0.002753989538177848
t2i,The players look at each other on the pitch.,4930,4930,The players look at each other on the pitch.,False,7.676889799768105e-05
t2i,The players look at each other on the pitch.,3380,3380,The players look at each other on the pitch.,True,0.011928322724997997
t2i,The players look at each other on the pitch.,8415,8415,The players look at each other on the pitch.,False,0.00027692143339663744
t2i,The players look at each other on the pitch.,1104,1104,The players look at each other on the pitch.,False,0.5273593664169312
t2i,The players look at each other on the pitch.,13515,13515,The players look at each other on the pitch.,True,0.6113375425338745
t2i,The players look at each other on the pitch.,980,980,The players look at each other on the pitch.,True,0.21879281103610992
t2i,The players look at each other on the pitch.,10707,10707,The players look at each other on the pitch.,False,0.22258266806602478
t2i,The players look at each other on the pitch.,5056,5056,The players look at each other on the pitch.,False,0.14917849004268646
t2i,The players look at each other on the pitch.,3869,3869,The players look at each other on the pitch.,False,0.29651281237602234
t2i,The players look at each other on the pitch.,6533,6533,The players look at each other on the pitch.,False,0.8164927959442139
t2i,The players look at each other on the pitch.,2546,2546,The players look at each other on the pitch.,True,0.5374802350997925
t2i,The players look at each other on the pitch.,6613,6613,The players look at each other on the pitch.,True,0.39658084511756897
t2i,The players look at each other on the pitch.,5172,5172,The players look at each other on the pitch.,True,0.0435810387134552
t2i,The players look at each other on the pitch.,1429,1429,The players look at each other on the pitch.,True,0.05238480493426323
t2i,The players look at each other on the pitch.,8021,8021,The players look at each other on the pitch.,True,0.014486606232821941
t2i,The players look at each other on the pitch.,12465,12465,The players look at each other on the pitch.,True,0.0032764796633273363
t2i,The players look at each other on the pitch.,11016,11016,The players look at each other on the pitch.,False,0.1964612603187561
t2i,The players look at each other on the pitch.,5032,5032,The players look at each other on the pitch.,True,0.013037211261689663
t2i,The players look at each other on the pitch.,11765,11765,The players look at each other on the pitch.,True,0.026786649599671364
t2i,The players look at each other on the pitch.,1125,1125,The players look at each other on the pitch.,True,0.49773141741752625
t2i,The players look at each other on the pitch.,10621,10621,The players look at each other on the pitch.,True,0.15133140981197357
t2i,The players look at each other on the pitch.,12066,12066,The players look at each other on the pitch.,False,0.0007959945360198617
t2i,The players look at each other on the pitch.,3746,3746,The players look at each other on the pitch.,True,0.0057616205886006355
t2i,The players look at each other on the pitch.,10161,10161,The players look at each other on the pitch.,False,0.201651930809021
t2i,The players look at each other on the pitch.,2145,2145,The players look at each other on the pitch.,False,0.0034688622690737247
t2i,The players look at each other on the pitch.,8360,8360,The players look at each other on the pitch.,True,0.1066407635807991
t2i,The players look at each other on the pitch.,10977,10977,The players look at each other on the pitch.,False,0.2086346298456192
t2i,The players look at each other on the pitch.,7814,7814,The players look at each other on the pitch.,False,0.0002862593100871891
t2i,The players look at each other on the pitch.,7017,7017,The players look at each other on the pitch.,True,0.02267349325120449
t2i,The players look at each other on the pitch.,7009,7009,The players look at each other on the pitch.,False,0.46395358443260193
t2i,The players look at each other on the pitch.,6908,6908,The players look at each other on the pitch.,True,0.262122243642807
t2i,The players look at each other on the pitch.,9187,9187,The players look at each other on the pitch.,False,0.0009246542467735708
t2i,The players look at each other on the pitch.,457,457,The players look at each other on the pitch.,False,0.01153953280299902
t2i,The players look at each other on the pitch.,6074,6074,The players look at each other on the pitch.,True,0.28448066115379333
t2i,The players look at each other on the pitch.,6757,6757,The players look at each other on the pitch.,False,0.02320471964776516
t2i,The players look at each other on the pitch.,9159,9159,The players look at each other on the pitch.,False,0.0007654501823708415
t2i,The players look at each other on the pitch.,5041,5041,The players look at each other on the pitch.,False,0.0018336192006245255
t2i,The players look at each other on the pitch.,10826,10826,The players look at each other on the pitch.,False,0.01099494006484747
t2i,The players look at each other on the pitch.,6811,6811,The players look at each other on the pitch.,False,0.16820839047431946
t2i,The players look at each other on the pitch.,914,914,The players look at each other on the pitch.,False,4.957662531523965e-05
t2i,The players look at each other on the pitch.,11133,11133,The players look at each other on the pitch.,False,0.003940833266824484
t2i,The players look at each other on the pitch.,3826,3826,The players look at each other on the pitch.,False,0.013843140564858913
t2i,The players look at each other on the pitch.,6492,6492,The players look at each other on the pitch.,True,0.00963655486702919
t2i,The players look at each other on the pitch.,2392,2392,The players look at each other on the pitch.,False,0.0207460206001997
t2i,The players look at each other on the pitch.,6933,6933,The players look at each other on the pitch.,True,0.6211395859718323
t2i,A person completes against other soccer players.,2266,2266,A person completes against other soccer players.,True,0.0010159125085920095
t2i,A person completes against other soccer players.,4882,4882,A person completes against other soccer players.,True,0.02293904684484005
t2i,A person completes against other soccer players.,4228,4228,A person completes against other soccer players.,True,0.09857509285211563
t2i,A person completes against other soccer players.,1043,1043,A person completes against other soccer players.,False,0.25073257088661194
t2i,A person completes against other soccer players.,13045,13045,A person completes against other soccer players.,False,0.0019308289047330618
t2i,A person completes against other soccer players.,8380,8380,A person completes against other soccer players.,True,0.15101082623004913
t2i,A person completes against other soccer players.,6516,6516,A person completes against other soccer players.,True,0.35723719000816345
t2i,A person completes against other soccer players.,6893,6893,A person completes against other soccer players.,True,0.2520206570625305
t2i,A person completes against other soccer players.,4189,4189,A person completes against other soccer players.,False,0.004675867035984993
t2i,A person completes against other soccer players.,1925,1925,A person completes against other soccer players.,False,0.005498165730386972
t2i,A person completes against other soccer players.,2623,2623,A person completes against other soccer players.,True,0.6181584000587463
t2i,A person completes against other soccer players.,12873,12873,A person completes against other soccer players.,True,0.6887999176979065
t2i,A person completes against other soccer players.,5550,5550,A person completes against other soccer players.,True,0.5515958070755005
t2i,A person completes against other soccer players.,1556,1556,A person completes against other soccer players.,True,0.7553064823150635
t2i,A person completes against other soccer players.,433,433,A person completes against other soccer players.,True,0.2147008180618286
t2i,A person completes against other soccer players.,1476,1476,A person completes against other soccer players.,True,0.2993868887424469
t2i,A person completes against other soccer players.,6757,6757,A person completes against other soccer players.,True,0.054124895483255386
t2i,A person completes against other soccer players.,12648,12648,A person completes against other soccer players.,True,0.31424644589424133
t2i,A person completes against other soccer players.,8739,8739,A person completes against other soccer players.,True,0.6575365662574768
t2i,A person completes against other soccer players.,8813,8813,A person completes against other soccer players.,True,0.15054000914096832
t2i,A person completes against other soccer players.,864,864,A person completes against other soccer players.,False,0.22530005872249603
t2i,A person completes against other soccer players.,9598,9598,A person completes against other soccer players.,True,0.77162766456604
t2i,A person completes against other soccer players.,41,41,A person completes against other soccer players.,True,0.7455824017524719
t2i,A person completes against other soccer players.,3255,3255,A person completes against other soccer players.,True,0.03203628584742546
t2i,A person completes against other soccer players.,12936,12936,A person completes against other soccer players.,True,0.7644924521446228
t2i,A person completes against other soccer players.,7560,7560,A person completes against other soccer players.,False,0.022154133766889572
t2i,A person completes against other soccer players.,6269,6269,A person completes against other soccer players.,True,0.6282439827919006
t2i,A person completes against other soccer players.,4711,4711,A person completes against other soccer players.,False,0.5253522396087646
t2i,A person completes against other soccer players.,3330,3330,A person completes against other soccer players.,False,0.020643319934606552
t2i,A person completes against other soccer players.,11765,11765,A person completes against other soccer players.,False,0.28754886984825134
t2i,A person completes against other soccer players.,509,509,A person completes against other soccer players.,True,0.13801296055316925
t2i,A person completes against other soccer players.,9798,9798,A person completes against other soccer players.,True,0.47069647908210754
t2i,A person completes against other soccer players.,113,113,A person completes against other soccer players.,False,0.29531389474868774
t2i,A person completes against other soccer players.,13793,13793,A person completes against other soccer players.,True,0.6869898438453674
t2i,A person completes against other soccer players.,3822,3822,A person completes against other soccer players.,True,0.11181971430778503
t2i,A person completes against other soccer players.,4353,4353,A person completes against other soccer players.,True,0.7642276287078857
t2i,A person completes against other soccer players.,4396,4396,A person completes against other soccer players.,True,0.2996939718723297
t2i,A person completes against other soccer players.,8855,8855,A person completes against other soccer players.,True,0.07389383763074875
t2i,A person completes against other soccer players.,4581,4581,A person completes against other soccer players.,True,0.00012541354226414114
t2i,A person completes against other soccer players.,9572,9572,A person completes against other soccer players.,True,0.10076332092285156
t2i,A person completes against other soccer players.,530,530,A person completes against other soccer players.,False,0.04731067270040512
t2i,A person completes against other soccer players.,12452,12452,A person completes against other soccer players.,True,0.05173414200544357
t2i,A person completes against other soccer players.,8518,8518,A person completes against other soccer players.,True,0.01251943502575159
t2i,A person completes against other soccer players.,1678,1678,A person completes against other soccer players.,False,0.08598904311656952
t2i,A person completes against other soccer players.,12437,12437,A person completes against other soccer players.,True,0.03440696746110916
t2i,A person completes against other soccer players.,2518,2518,A person completes against other soccer players.,True,0.33907338976860046
t2i,A person completes against other soccer players.,4356,4356,A person completes against other soccer players.,True,0.16668353974819183
t2i,A person completes against other soccer players.,3162,3162,A person completes against other soccer players.,True,0.196315199136734
t2i,A person completes against other soccer players.,2204,2204,A person completes against other soccer players.,True,0.07845714688301086
t2i,A person completes against other soccer players.,11253,11253,A person completes against other soccer players.,True,0.0054450612515211105
t2i,A person completes against other soccer players.,9982,9982,A person completes against other soccer players.,True,0.04419218376278877
t2i,An athlete performs at the festival.,3950,3950,An athlete performs at the festival.,True,0.009446305222809315
t2i,An athlete performs at the festival.,3994,3994,An athlete performs at the festival.,True,0.00028402413590811193
t2i,An athlete performs at the festival.,13433,13433,An athlete performs at the festival.,False,0.005041525233536959
t2i,An athlete performs at the festival.,3511,3511,An athlete performs at the festival.,True,0.01858004927635193
t2i,An athlete performs at the festival.,2771,2771,An athlete performs at the festival.,True,0.0015555300051346421
t2i,An athlete performs at the festival.,2958,2958,An athlete performs at the festival.,True,0.003624484408646822
t2i,An athlete performs at the festival.,6332,6332,An athlete performs at the festival.,False,1.943148163263686e-05
t2i,An athlete performs at the festival.,4845,4845,An athlete performs at the festival.,False,0.0002496206434443593
t2i,An athlete performs at the festival.,6989,6989,An athlete performs at the festival.,True,0.0047748819924890995
t2i,An athlete performs at the festival.,6988,6988,An athlete performs at the festival.,False,0.00022842934413347393
t2i,An athlete performs at the festival.,2758,2758,An athlete performs at the festival.,True,0.2233910858631134
t2i,An athlete performs at the festival.,8764,8764,An athlete performs at the festival.,True,0.1286841630935669
t2i,An athlete performs at the festival.,5482,5482,An athlete performs at the festival.,False,0.25109514594078064
t2i,An athlete performs at the festival.,4169,4169,An athlete performs at the festival.,False,0.4244946539402008
t2i,An athlete performs at the festival.,9432,9432,An athlete performs at the festival.,True,0.00014467698929365724
t2i,An athlete performs at the festival.,11683,11683,An athlete performs at the festival.,True,0.014919484965503216
t2i,An athlete performs at the festival.,5966,5966,An athlete performs at the festival.,True,0.025273319333791733
t2i,An athlete performs at the festival.,2995,2995,An athlete performs at the festival.,True,0.02631331793963909
t2i,An athlete performs at the festival.,4351,4351,An athlete performs at the festival.,False,0.002858985448256135
t2i,An athlete performs at the festival.,751,751,An athlete performs at the festival.,True,0.007709839381277561
t2i,An athlete performs at the festival.,3086,3086,An athlete performs at the festival.,False,0.0002823585527949035
t2i,An athlete performs at the festival.,1230,1230,An athlete performs at the festival.,True,0.006314645987004042
t2i,An athlete performs at the festival.,8408,8408,An athlete performs at the festival.,True,0.017931781709194183
t2i,An athlete performs at the festival.,2769,2769,An athlete performs at the festival.,True,0.000686858722474426
t2i,An athlete performs at the festival.,11934,11934,An athlete performs at the festival.,False,0.04260481894016266
t2i,An athlete performs at the festival.,1906,1906,An athlete performs at the festival.,False,0.03383816406130791
t2i,An athlete performs at the festival.,1101,1101,An athlete performs at the festival.,False,0.033009693026542664
t2i,An athlete performs at the festival.,9173,9173,An athlete performs at the festival.,True,0.001141272485256195
t2i,An athlete performs at the festival.,2633,2633,An athlete performs at the festival.,False,0.0009554869611747563
t2i,An athlete performs at the festival.,5344,5344,An athlete performs at the festival.,True,3.2302243198500946e-05
t2i,An athlete performs at the festival.,2569,2569,An athlete performs at the festival.,True,0.013884016312658787
t2i,An athlete performs at the festival.,2753,2753,An athlete performs at the festival.,False,9.718332876218483e-06
t2i,An athlete performs at the festival.,2977,2977,An athlete performs at the festival.,True,3.0789866286795586e-05
t2i,An athlete performs at the festival.,5498,5498,An athlete performs at the festival.,False,0.0002092428767355159
t2i,An athlete performs at the festival.,264,264,An athlete performs at the festival.,True,0.00015414143854286522
t2i,An athlete performs at the festival.,478,478,An athlete performs at the festival.,True,0.00034068338572978973
t2i,An athlete performs at the festival.,707,707,An athlete performs at the festival.,True,0.004622871521860361
t2i,An athlete performs at the festival.,1516,1516,An athlete performs at the festival.,True,0.005482500419020653
t2i,An athlete performs at the festival.,6729,6729,An athlete performs at the festival.,True,0.0018161743646487594
t2i,An athlete performs at the festival.,263,263,An athlete performs at the festival.,True,0.008460193872451782
t2i,An athlete performs at the festival.,7515,7515,An athlete performs at the festival.,True,0.011635905131697655
t2i,An athlete performs at the festival.,3862,3862,An athlete performs at the festival.,True,0.02055385522544384
t2i,the person enters the room,2014,2014,the person enters the room,True,5.403994146035984e-05
t2i,the person enters the room,4422,4422,the person enters the room,False,6.116685199231142e-06
t2i,the person enters the room,7412,7412,the person enters the room,True,5.7353459851583466e-05
t2i,the person enters the room,12220,12220,the person enters the room,False,0.0001957045606104657
t2i,the person enters the room,5464,5464,the person enters the room,False,4.3297688534948975e-05
t2i,the person enters the room,9871,9871,the person enters the room,False,4.911733776680194e-05
t2i,the person enters the room,5432,5432,the person enters the room,False,1.048020635607827e-06
t2i,the person enters the room,7380,7380,the person enters the room,False,1.4647579519078135e-05
t2i,the person enters the room,9170,9170,the person enters the room,True,0.041476424783468246
t2i,the person enters the room,6693,6693,the person enters the room,False,3.64269430974673e-06
t2i,the person enters the room,5076,5076,the person enters the room,True,0.9089886546134949
t2i,the person enters the room,13667,13667,the person enters the room,False,0.5427914261817932
t2i,the person enters the room,5433,5433,the person enters the room,False,0.26163148880004883
t2i,the person enters the room,210,210,the person enters the room,True,0.8519352078437805
t2i,the person enters the room,7299,7299,the person enters the room,False,0.11908132582902908
t2i,the person enters the room,13018,13018,the person enters the room,True,0.11354508250951767
t2i,the person enters the room,8519,8519,the person enters the room,True,0.019680414348840714
t2i,the person enters the room,861,861,the person enters the room,False,0.33577895164489746
t2i,the person enters the room,11956,11956,the person enters the room,False,0.5099561810493469
t2i,the person enters the room,98,98,the person enters the room,False,0.4047372043132782
t2i,the person enters the room,1214,1214,the person enters the room,False,0.0005209158407524228
t2i,the person enters the room,6425,6425,the person enters the room,True,0.13479122519493103
t2i,the person enters the room,9269,9269,the person enters the room,False,0.08089315891265869
t2i,the person enters the room,704,704,the person enters the room,True,0.008809035643935204
t2i,the person enters the room,8218,8218,the person enters the room,False,0.0005857317009940743
t2i,the person enters the room,9932,9932,the person enters the room,False,0.00011862791143357754
t2i,the person enters the room,2516,2516,the person enters the room,True,0.027530208230018616
t2i,the person enters the room,8045,8045,the person enters the room,False,0.002372927498072386
t2i,the person enters the room,929,929,the person enters the room,False,0.013363325037062168
t2i,the person enters the room,13685,13685,the person enters the room,True,0.004602379631251097
t2i,the person enters the room,6480,6480,the person enters the room,True,0.0002805004478432238
t2i,the person enters the room,8904,8904,the person enters the room,True,0.0006661837105639279
t2i,the person enters the room,6256,6256,the person enters the room,True,0.0051221689209342
t2i,the person enters the room,6426,6426,the person enters the room,True,0.002031404059380293
t2i,the person enters the room,5411,5411,the person enters the room,True,7.713602826697752e-05
t2i,the person enters the room,3060,3060,the person enters the room,False,0.00018824580183718354
t2i,the person enters the room,3097,3097,the person enters the room,True,0.11727885156869888
t2i,the person enters the room,196,196,the person enters the room,False,0.034596752375364304
t2i,the person enters the room,7413,7413,the person enters the room,True,3.16935584123712e-05
t2i,A group of dancers perform a show,2496,2496,A group of dancers perform a show,True,0.15163417160511017
t2i,A group of dancers perform a show,4700,4700,A group of dancers perform a show,True,0.5544832944869995
t2i,A group of dancers perform a show,13269,13269,A group of dancers perform a show,True,0.3302364647388458
t2i,A group of dancers perform a show,2149,2149,A group of dancers perform a show,True,0.8534443974494934
t2i,A group of dancers perform a show,1106,1106,A group of dancers perform a show,True,0.11532929539680481
t2i,A group of dancers perform a show,12815,12815,A group of dancers perform a show,True,9.383345604874194e-05
t2i,A group of dancers perform a show,12745,12745,A group of dancers perform a show,True,0.10705507546663284
t2i,A group of dancers perform a show,1582,1582,A group of dancers perform a show,True,0.7956943511962891
t2i,A group of dancers perform a show,12594,12594,A group of dancers perform a show,True,0.7716395854949951
t2i,A group of dancers perform a show,4838,4838,A group of dancers perform a show,True,0.16526877880096436
t2i,A group of dancers perform a show,2287,2287,A group of dancers perform a show,True,0.8438261151313782
t2i,A group of dancers perform a show,4280,4280,A group of dancers perform a show,True,0.7896655201911926
t2i,A group of dancers perform a show,1322,1322,A group of dancers perform a show,True,0.44252052903175354
t2i,A group of dancers perform a show,3650,3650,A group of dancers perform a show,True,0.4047293961048126
t2i,A group of dancers perform a show,4409,4409,A group of dancers perform a show,True,0.651844322681427
t2i,A group of dancers perform a show,4112,4112,A group of dancers perform a show,True,0.49017903208732605
t2i,A group of dancers perform a show,11119,11119,A group of dancers perform a show,True,0.3775522708892822
t2i,A group of dancers perform a show,1871,1871,A group of dancers perform a show,True,0.396991491317749
t2i,A group of dancers perform a show,10258,10258,A group of dancers perform a show,True,0.037351273000240326
t2i,A group of dancers perform a show,9694,9694,A group of dancers perform a show,True,0.0010829505044966936
t2i,A group of dancers perform a show,5866,5866,A group of dancers perform a show,True,0.04486892744898796
t2i,A group of dancers perform a show,11406,11406,A group of dancers perform a show,True,0.22278743982315063
t2i,A group of dancers perform a show,3930,3930,A group of dancers perform a show,True,0.3338156044483185
t2i,A group of dancers perform a show,11581,11581,A group of dancers perform a show,True,0.4032239615917206
t2i,A group of dancers perform a show,9229,9229,A group of dancers perform a show,False,0.33999237418174744
t2i,A group of dancers perform a show,1510,1510,A group of dancers perform a show,False,0.006226979196071625
t2i,A group of dancers perform a show,6808,6808,A group of dancers perform a show,True,0.16826854646205902
t2i,A group of dancers perform a show,13568,13568,A group of dancers perform a show,True,0.0003696942876558751
t2i,The girl eats chocolate.,4734,4734,The girl eats chocolate.,True,0.9674714207649231
t2i,The girl eats chocolate.,8872,8872,The girl eats chocolate.,True,0.9633625745773315
t2i,The girl eats chocolate.,7428,7428,The girl eats chocolate.,True,0.965225100517273
t2i,The girl eats chocolate.,10624,10624,The girl eats chocolate.,False,0.38352909684181213
t2i,The girl eats chocolate.,4735,4735,The girl eats chocolate.,False,0.340652734041214
t2i,The girl eats chocolate.,11868,11868,The girl eats chocolate.,False,0.0002463657583575696
t2i,The girl eats chocolate.,8922,8922,The girl eats chocolate.,False,0.0005722175701521337
t2i,The girl eats chocolate.,9206,9206,The girl eats chocolate.,False,0.004725320730358362
t2i,The girl eats chocolate.,7082,7082,The girl eats chocolate.,False,0.0001940550864674151
t2i,The girl eats chocolate.,1088,1088,The girl eats chocolate.,False,0.0007002995116636157
t2i,The girl eats chocolate.,7454,7454,The girl eats chocolate.,False,0.3880785405635834
t2i,The girl eats chocolate.,7817,7817,The girl eats chocolate.,False,0.16158746182918549
t2i,The girl eats chocolate.,10007,10007,The girl eats chocolate.,False,0.049364812672138214
t2i,The girl eats chocolate.,7067,7067,The girl eats chocolate.,False,0.027490902692079544
t2i,The girl eats chocolate.,6244,6244,The girl eats chocolate.,False,0.010222968645393848
t2i,The girl eats chocolate.,6739,6739,The girl eats chocolate.,False,0.14631883800029755
t2i,The girl eats chocolate.,8680,8680,The girl eats chocolate.,False,0.016577070578932762
t2i,The girl eats chocolate.,4159,4159,The girl eats chocolate.,False,0.009384296834468842
t2i,The girl eats chocolate.,1586,1586,The girl eats chocolate.,False,8.863717084750533e-05
t2i,The girl eats chocolate.,6981,6981,The girl eats chocolate.,False,0.018877094611525536
t2i,The girl eats chocolate.,9300,9300,The girl eats chocolate.,False,0.00030432938365265727
t2i,The girl eats chocolate.,6611,6611,The girl eats chocolate.,False,0.00012121861800551414
t2i,The girl eats chocolate.,8394,8394,The girl eats chocolate.,False,0.03316659480333328
t2i,The girl eats chocolate.,1251,1251,The girl eats chocolate.,False,0.0009422608418390155
t2i,The girl eats chocolate.,6385,6385,The girl eats chocolate.,False,0.008587969467043877
t2i,The girl eats chocolate.,11066,11066,The girl eats chocolate.,False,0.001286276034079492
t2i,The girl eats chocolate.,11638,11638,The girl eats chocolate.,False,0.00723803136497736
t2i,The girl eats chocolate.,13030,13030,The girl eats chocolate.,False,0.0016534927999600768
t2i,The girl eats chocolate.,1806,1806,The girl eats chocolate.,False,0.0013406517682597041
t2i,The girl eats chocolate.,2676,2676,The girl eats chocolate.,False,0.027387944981455803
t2i,The girl eats chocolate.,4232,4232,The girl eats chocolate.,False,0.00018999258463736624
t2i,The girl eats chocolate.,11482,11482,The girl eats chocolate.,False,0.00423434330150485
t2i,A man walks on the shore.,576,576,A man walks on the shore.,True,0.021377744153141975
t2i,A man walks on the shore.,8738,8738,A man walks on the shore.,True,0.5318823456764221
t2i,A man walks on the shore.,3399,3399,A man walks on the shore.,True,0.6181873083114624
t2i,A man walks on the shore.,6946,6946,A man walks on the shore.,True,0.26172828674316406
t2i,A man walks on the shore.,4265,4265,A man walks on the shore.,False,0.5453736186027527
t2i,A man walks on the shore.,10609,10609,A man walks on the shore.,True,0.6217716336250305
t2i,A man walks on the shore.,908,908,A man walks on the shore.,False,0.0029914705082774162
t2i,A man walks on the shore.,2295,2295,A man walks on the shore.,True,0.21630017459392548
t2i,A man walks on the shore.,1530,1530,A man walks on the shore.,True,0.19212834537029266
t2i,A man walks on the shore.,1022,1022,A man walks on the shore.,True,0.043595556169748306
t2i,A man walks on the shore.,6657,6657,A man walks on the shore.,True,0.889104425907135
t2i,A man walks on the shore.,2055,2055,A man walks on the shore.,True,0.9090472459793091
t2i,A man walks on the shore.,503,503,A man walks on the shore.,True,0.3316616117954254
t2i,A man walks on the shore.,10706,10706,A man walks on the shore.,True,0.6496995091438293
t2i,A man walks on the shore.,5195,5195,A man walks on the shore.,True,0.32855191826820374
t2i,A man walks on the shore.,3179,3179,A man walks on the shore.,True,0.15496908128261566
t2i,A man walks on the shore.,423,423,A man walks on the shore.,True,0.6108294725418091
t2i,A man walks on the shore.,5260,5260,A man walks on the shore.,True,0.30593615770339966
t2i,A man walks on the shore.,347,347,A man walks on the shore.,True,0.21806582808494568
t2i,A man walks on the shore.,11425,11425,A man walks on the shore.,False,0.17861305177211761
t2i,A man walks on the shore.,1842,1842,A man walks on the shore.,True,0.2710406184196472
t2i,A man walks on the shore.,318,318,A man walks on the shore.,True,0.04878571629524231
t2i,A man walks on the shore.,1588,1588,A man walks on the shore.,True,0.03641556203365326
t2i,A man walks on the shore.,1459,1459,A man walks on the shore.,False,0.31095731258392334
t2i,A man walks on the shore.,9130,9130,A man walks on the shore.,True,0.04379374161362648
t2i,A man walks on the shore.,3665,3665,A man walks on the shore.,False,0.1580524444580078
t2i,A man walks on the shore.,7548,7548,A man walks on the shore.,True,0.09504442662000656
t2i,A man walks on the shore.,2395,2395,A man walks on the shore.,True,0.22445063292980194
t2i,A man walks on the shore.,2166,2166,A man walks on the shore.,True,0.018435567617416382
t2i,A man walks on the shore.,388,388,A man walks on the shore.,True,0.290420800447464
t2i,A man walks on the shore.,1176,1176,A man walks on the shore.,True,0.449750155210495
t2i,A man walks on the shore.,502,502,A man walks on the shore.,False,0.3049544095993042
t2i,A man walks on the shore.,3430,3430,A man walks on the shore.,True,0.004111930262297392
t2i,A man walks on the shore.,4727,4727,A man walks on the shore.,True,0.1118054911494255
t2i,A man walks on the shore.,3764,3764,A man walks on the shore.,False,0.04060405492782593
t2i,A man walks on the shore.,2118,2118,A man walks on the shore.,True,0.09272662550210953
t2i,A man walks on the shore.,1399,1399,A man walks on the shore.,True,0.027693020179867744
t2i,A man walks on the shore.,145,145,A man walks on the shore.,True,0.30131107568740845
t2i,A man walks on the shore.,545,545,A man walks on the shore.,True,0.03247055783867836
t2i,A woman is standing on a lake.,2781,2781,A woman is standing on a lake.,True,0.8890339732170105
t2i,A woman is standing on a lake.,2018,2018,A woman is standing on a lake.,False,0.9003086686134338
t2i,A woman is standing on a lake.,962,962,A woman is standing on a lake.,True,0.055083323270082474
t2i,A woman is standing on a lake.,3274,3274,A woman is standing on a lake.,True,0.9128461480140686
t2i,A woman is standing on a lake.,6490,6490,A woman is standing on a lake.,True,0.09440810978412628
t2i,A woman is standing on a lake.,5490,5490,A woman is standing on a lake.,False,0.2267598807811737
t2i,A woman is standing on a lake.,9787,9787,A woman is standing on a lake.,False,0.029205920174717903
t2i,A woman is standing on a lake.,762,762,A woman is standing on a lake.,True,0.003947524819523096
t2i,A woman is standing on a lake.,7969,7969,A woman is standing on a lake.,False,0.00227896380238235
t2i,A woman is standing on a lake.,4108,4108,A woman is standing on a lake.,False,0.0002822931273840368
t2i,A woman is standing on a lake.,8978,8978,A woman is standing on a lake.,True,0.39670687913894653
t2i,A woman is standing on a lake.,622,622,A woman is standing on a lake.,True,0.5045691728591919
t2i,A woman is standing on a lake.,4474,4474,A woman is standing on a lake.,True,0.9366342425346375
t2i,A woman is standing on a lake.,218,218,A woman is standing on a lake.,True,0.24107958376407623
t2i,A woman is standing on a lake.,2327,2327,A woman is standing on a lake.,False,0.25335872173309326
t2i,A woman is standing on a lake.,527,527,A woman is standing on a lake.,True,0.7896014451980591
t2i,A woman is standing on a lake.,5927,5927,A woman is standing on a lake.,True,0.16381090879440308
t2i,A woman is standing on a lake.,6034,6034,A woman is standing on a lake.,False,0.9479176998138428
t2i,A woman is standing on a lake.,8785,8785,A woman is standing on a lake.,False,0.8608372211456299
t2i,A woman is standing on a lake.,4722,4722,A woman is standing on a lake.,False,0.18340493738651276
t2i,A woman is standing on a lake.,2902,2902,A woman is standing on a lake.,True,0.6028649806976318
t2i,A woman is standing on a lake.,2272,2272,A woman is standing on a lake.,True,0.47104325890541077
t2i,A woman is standing on a lake.,6547,6547,A woman is standing on a lake.,False,0.07933074235916138
t2i,A woman is standing on a lake.,118,118,A woman is standing on a lake.,True,0.9027672410011292
t2i,A woman is standing on a lake.,13120,13120,A woman is standing on a lake.,True,0.38298383355140686
t2i,A woman is standing on a lake.,13034,13034,A woman is standing on a lake.,False,0.0013033620780333877
t2i,A woman is standing on a lake.,13838,13838,A woman is standing on a lake.,True,0.9359725117683411
t2i,A woman is standing on a lake.,11454,11454,A woman is standing on a lake.,True,0.3950498700141907
t2i,A woman is standing on a lake.,9731,9731,A woman is standing on a lake.,False,0.19667087495326996
t2i,A woman is standing on a lake.,2930,2930,A woman is standing on a lake.,False,0.14983871579170227
t2i,A woman is standing on a lake.,1862,1862,A woman is standing on a lake.,False,0.18886084854602814
t2i,A woman is standing on a lake.,10731,10731,A woman is standing on a lake.,True,0.010177484713494778
t2i,A woman is standing on a lake.,2993,2993,A woman is standing on a lake.,False,0.36639603972435
t2i,A woman is standing on a lake.,13551,13551,A woman is standing on a lake.,True,0.7152534127235413
t2i,A woman is standing on a lake.,5449,5449,A woman is standing on a lake.,False,0.029099609702825546
t2i,A woman is standing on a lake.,8467,8467,A woman is standing on a lake.,True,0.0016511485446244478
t2i,A woman is standing on a lake.,10491,10491,A woman is standing on a lake.,False,0.0933673158288002
t2i,A woman is standing on a lake.,6196,6196,A woman is standing on a lake.,True,0.4994719922542572
t2i,A cat rests on the grass,37,37,A cat rests on the grass,True,0.01376146450638771
t2i,A cat rests on the grass,8294,8294,A cat rests on the grass,True,0.2195064127445221
t2i,A cat rests on the grass,3003,3003,A cat rests on the grass,False,0.0018235684838145971
t2i,A cat rests on the grass,2034,2034,A cat rests on the grass,True,0.0043593947775661945
t2i,A cat rests on the grass,3021,3021,A cat rests on the grass,True,0.8585469126701355
t2i,A cat rests on the grass,5697,5697,A cat rests on the grass,True,0.0009482590248808265
t2i,A cat rests on the grass,4431,4431,A cat rests on the grass,True,0.08363569527864456
t2i,A cat rests on the grass,9023,9023,A cat rests on the grass,True,0.2011411488056183
t2i,A cat rests on the grass,4505,4505,A cat rests on the grass,True,0.022601226344704628
t2i,A cat rests on the grass,1942,1942,A cat rests on the grass,True,0.12823577225208282
t2i,A cat rests on the grass,9609,9609,A cat rests on the grass,True,0.04337001219391823
t2i,A cat rests on the grass,5851,5851,A cat rests on the grass,True,0.7739678025245667
t2i,A cat rests on the grass,1044,1044,A cat rests on the grass,True,0.3445354700088501
t2i,A cat rests on the grass,6985,6985,A cat rests on the grass,True,0.07468686252832413
t2i,A cat rests on the grass,1969,1969,A cat rests on the grass,True,0.3178834021091461
t2i,A cat rests on the grass,464,464,A cat rests on the grass,True,0.4092782139778137
t2i,A cat rests on the grass,11288,11288,A cat rests on the grass,True,0.48713794350624084
t2i,A cat rests on the grass,1105,1105,A cat rests on the grass,True,0.3715945780277252
t2i,A cat rests on the grass,7457,7457,A cat rests on the grass,True,0.5000000596046448
t2i,A cat rests on the grass,8295,8295,A cat rests on the grass,True,0.011020767502486706
t2i,A cat rests on the grass,8569,8569,A cat rests on the grass,True,0.9006590843200684
t2i,A cat rests on the grass,202,202,A cat rests on the grass,True,0.8862382769584656
t2i,A cat rests on the grass,1720,1720,A cat rests on the grass,True,0.7461621761322021
t2i,A cat rests on the grass,13688,13688,A cat rests on the grass,True,0.002118375850841403
t2i,A cat rests on the grass,6913,6913,A cat rests on the grass,False,0.010319962166249752
t2i,person stand besides the tree,10612,10612,person stand besides the tree,True,0.0004795632266905159
t2i,person stand besides the tree,3509,3509,person stand besides the tree,True,0.0002203486073995009
t2i,person stand besides the tree,4710,4710,person stand besides the tree,True,0.0007840523612685502
t2i,person stand besides the tree,6037,6037,person stand besides the tree,True,0.03638724237680435
t2i,person stand besides the tree,138,138,person stand besides the tree,True,0.03331800550222397
t2i,person stand besides the tree,11344,11344,person stand besides the tree,True,0.007145605981349945
t2i,person stand besides the tree,10809,10809,person stand besides the tree,True,0.03222518041729927
t2i,person stand besides the tree,1951,1951,person stand besides the tree,False,0.0002007306757150218
t2i,person stand besides the tree,2049,2049,person stand besides the tree,True,0.030432043597102165
t2i,person stand besides the tree,473,473,person stand besides the tree,False,0.0012670911382883787
t2i,person stand besides the tree,9384,9384,person stand besides the tree,True,0.38399598002433777
t2i,person stand besides the tree,9143,9143,person stand besides the tree,True,0.28810030221939087
t2i,person stand besides the tree,11969,11969,person stand besides the tree,False,0.6024659276008606
t2i,person stand besides the tree,7544,7544,person stand besides the tree,True,0.06761165708303452
t2i,person stand besides the tree,12330,12330,person stand besides the tree,True,0.6479001045227051
t2i,person stand besides the tree,11329,11329,person stand besides the tree,True,0.0007300509605556726
t2i,person stand besides the tree,728,728,person stand besides the tree,False,0.00032890646252781153
t2i,person stand besides the tree,12901,12901,person stand besides the tree,True,0.15152104198932648
t2i,person stand besides the tree,7293,7293,person stand besides the tree,True,0.31829914450645447
t2i,person stand besides the tree,2238,2238,person stand besides the tree,False,0.37405282258987427
t2i,person stand besides the tree,375,375,person stand besides the tree,False,0.47712841629981995
t2i,person stand besides the tree,10906,10906,person stand besides the tree,True,0.0011843814281746745
t2i,person stand besides the tree,6522,6522,person stand besides the tree,True,0.000433852692367509
t2i,person stand besides the tree,1218,1218,person stand besides the tree,True,0.010941077955067158
t2i,person stand besides the tree,10242,10242,person stand besides the tree,True,6.703354301862419e-05
t2i,person stand besides the tree,8290,8290,person stand besides the tree,False,0.0005550060304813087
t2i,person stand besides the tree,8980,8980,person stand besides the tree,True,0.000507861899677664
t2i,person stand besides the tree,154,154,person stand besides the tree,False,0.05083314701914787
t2i,person stand besides the tree,6320,6320,person stand besides the tree,True,0.08674224466085434
t2i,person stand besides the tree,10100,10100,person stand besides the tree,True,0.0007816823199391365
t2i,person stand besides the tree,10886,10886,person stand besides the tree,True,0.0031169578433036804
t2i,person stand besides the tree,7676,7676,person stand besides the tree,True,0.003160905558615923
t2i,person stand besides the tree,1948,1948,person stand besides the tree,False,0.003018870484083891
t2i,person stand besides the tree,11300,11300,person stand besides the tree,False,0.01780128851532936
t2i,person stand besides the tree,11914,11914,person stand besides the tree,True,0.05434734374284744
t2i,person stand besides the tree,8779,8779,person stand besides the tree,True,0.010729765519499779
t2i,person stand besides the tree,10982,10982,person stand besides the tree,False,0.009176335297524929
t2i,person stand besides the tree,8495,8495,person stand besides the tree,False,4.807155346497893e-05
t2i,person stand besides the tree,13278,13278,person stand besides the tree,False,0.015265243127942085
t2i,person stand besides the tree,11135,11135,person stand besides the tree,True,0.006634251680225134
t2i,person stand besides the tree,9942,9942,person stand besides the tree,True,0.5066717863082886
t2i,person stand besides the tree,2041,2041,person stand besides the tree,True,0.002977644558995962
t2i,person stand besides the tree,678,678,person stand besides the tree,True,0.005166170187294483
t2i,person stand besides the tree,1590,1590,person stand besides the tree,False,0.000883426342625171
t2i,A woman sits looking at a field.,2135,2135,A woman sits looking at a field.,False,1.5367644664365798e-05
t2i,A woman sits looking at a field.,2316,2316,A woman sits looking at a field.,True,0.0780031606554985
t2i,A woman sits looking at a field.,11871,11871,A woman sits looking at a field.,True,0.14307552576065063
t2i,A woman sits looking at a field.,4551,4551,A woman sits looking at a field.,True,5.0132723117712885e-05
t2i,A woman sits looking at a field.,3166,3166,A woman sits looking at a field.,False,0.0014851063024252653
t2i,A woman sits looking at a field.,1347,1347,A woman sits looking at a field.,True,0.37471652030944824
t2i,A woman sits looking at a field.,1861,1861,A woman sits looking at a field.,False,0.2247525453567505
t2i,A woman sits looking at a field.,5314,5314,A woman sits looking at a field.,True,0.011546388268470764
t2i,A woman sits looking at a field.,1009,1009,A woman sits looking at a field.,True,0.010166903026401997
t2i,A woman sits looking at a field.,2909,2909,A woman sits looking at a field.,False,0.14238405227661133
t2i,A woman sits looking at a field.,984,984,A woman sits looking at a field.,True,0.9916890263557434
t2i,A woman sits looking at a field.,4923,4923,A woman sits looking at a field.,True,0.9860048890113831
t2i,A woman sits looking at a field.,6580,6580,A woman sits looking at a field.,True,0.06882743537425995
t2i,A woman sits looking at a field.,7098,7098,A woman sits looking at a field.,False,0.004039015620946884
t2i,A woman sits looking at a field.,2100,2100,A woman sits looking at a field.,True,0.03140870854258537
t2i,A woman sits looking at a field.,8192,8192,A woman sits looking at a field.,True,0.012639365158975124
t2i,A woman sits looking at a field.,5240,5240,A woman sits looking at a field.,True,0.6707989573478699
t2i,A woman sits looking at a field.,2847,2847,A woman sits looking at a field.,False,0.045190464705228806
t2i,A woman sits looking at a field.,5971,5971,A woman sits looking at a field.,False,0.0045921108685433865
t2i,A woman sits looking at a field.,1479,1479,A woman sits looking at a field.,False,0.002034257398918271
t2i,A woman sits looking at a field.,3429,3429,A woman sits looking at a field.,False,0.5992648601531982
t2i,A woman sits looking at a field.,2748,2748,A woman sits looking at a field.,False,0.002123893704265356
t2i,A woman sits looking at a field.,4415,4415,A woman sits looking at a field.,False,0.002123893704265356
t2i,A woman sits looking at a field.,813,813,A woman sits looking at a field.,False,0.006849837489426136
t2i,A woman sits looking at a field.,12312,12312,A woman sits looking at a field.,False,0.006797154434025288
t2i,A woman sits looking at a field.,1869,1869,A woman sits looking at a field.,True,0.051763396710157394
t2i,A woman sits looking at a field.,1011,1011,A woman sits looking at a field.,False,0.009951489046216011
t2i,A woman sits looking at a field.,8412,8412,A woman sits looking at a field.,False,0.016588415950536728
t2i,A woman sits looking at a field.,10195,10195,A woman sits looking at a field.,True,0.008211665786802769
t2i,A woman sits looking at a field.,8079,8079,A woman sits looking at a field.,False,0.004152489360421896
t2i,A woman sits looking at a field.,3213,3213,A woman sits looking at a field.,False,0.0009715742780826986
t2i,A woman sits looking at a field.,2040,2040,A woman sits looking at a field.,False,0.0009025511681102216
t2i,A woman sits looking at a field.,7233,7233,A woman sits looking at a field.,True,0.7493770718574524
t2i,A woman sits looking at a field.,2361,2361,A woman sits looking at a field.,True,0.0052542188204824924
t2i,A player vies for a ball.,1043,1043,A player vies for a ball.,False,0.03415084630250931
t2i,A player vies for a ball.,2860,2860,A player vies for a ball.,False,0.024807019159197807
t2i,A player vies for a ball.,5280,5280,A player vies for a ball.,False,0.00024257837503682822
t2i,A player vies for a ball.,1310,1310,A player vies for a ball.,False,0.041741423308849335
t2i,A player vies for a ball.,8415,8415,A player vies for a ball.,False,0.010159650817513466
t2i,A player vies for a ball.,6516,6516,A player vies for a ball.,True,0.15506739914417267
t2i,A player vies for a ball.,8380,8380,A player vies for a ball.,True,0.21093808114528656
t2i,A player vies for a ball.,4228,4228,A player vies for a ball.,True,0.04114155471324921
t2i,A player vies for a ball.,411,411,A player vies for a ball.,False,0.013305488973855972
t2i,A player vies for a ball.,13045,13045,A player vies for a ball.,False,0.0018088148208335042
t2i,A player vies for a ball.,6434,6434,A player vies for a ball.,True,0.6461127996444702
t2i,A player vies for a ball.,9572,9572,A player vies for a ball.,True,0.3481046259403229
t2i,A player vies for a ball.,330,330,A player vies for a ball.,True,0.08599631488323212
t2i,A player vies for a ball.,51,51,A player vies for a ball.,True,0.1393766552209854
t2i,A player vies for a ball.,3162,3162,A player vies for a ball.,True,0.23140312731266022
t2i,A player vies for a ball.,112,112,A player vies for a ball.,True,0.2599325478076935
t2i,A player vies for a ball.,13362,13362,A player vies for a ball.,True,0.143781840801239
t2i,A player vies for a ball.,1517,1517,A player vies for a ball.,True,0.17124557495117188
t2i,A player vies for a ball.,13367,13367,A player vies for a ball.,True,0.06768999993801117
t2i,A player vies for a ball.,9770,9770,A player vies for a ball.,False,0.020260483026504517
t2i,A player vies for a ball.,11612,11612,A player vies for a ball.,True,0.14383187890052795
t2i,A player vies for a ball.,5358,5358,A player vies for a ball.,True,0.08263097703456879
t2i,A player vies for a ball.,8606,8606,A player vies for a ball.,True,0.0323578342795372
t2i,A player vies for a ball.,881,881,A player vies for a ball.,True,0.16728711128234863
t2i,A player vies for a ball.,7820,7820,A player vies for a ball.,True,0.03553447872400284
t2i,A player vies for a ball.,5704,5704,A player vies for a ball.,True,0.11856069415807724
t2i,A player vies for a ball.,6259,6259,A player vies for a ball.,True,0.009627175517380238
t2i,A player vies for a ball.,5156,5156,A player vies for a ball.,True,0.013069936074316502
t2i,A player vies for a ball.,7823,7823,A player vies for a ball.,True,0.013774925842881203
t2i,A player vies for a ball.,530,530,A player vies for a ball.,True,0.1319655179977417
t2i,A player vies for a ball.,6893,6893,A player vies for a ball.,True,0.15179061889648438
t2i,A player vies for a ball.,11167,11167,A player vies for a ball.,True,0.26004472374916077
t2i,A player vies for a ball.,4581,4581,A player vies for a ball.,True,0.29879218339920044
t2i,A player vies for a ball.,4396,4396,A player vies for a ball.,True,0.19358456134796143
t2i,A player vies for a ball.,1243,1243,A player vies for a ball.,True,0.23260456323623657
t2i,A player vies for a ball.,2071,2071,A player vies for a ball.,True,0.018608056008815765
t2i,A player vies for a ball.,11484,11484,A player vies for a ball.,True,0.0832139328122139
t2i,A player vies for a ball.,12863,12863,A player vies for a ball.,True,0.06667492538690567
t2i,A player vies for a ball.,4353,4353,A player vies for a ball.,False,0.47428250312805176
t2i,A player vies for a ball.,2702,2702,A player vies for a ball.,True,0.3791814148426056
t2i,A player vies for a ball.,7672,7672,A player vies for a ball.,True,0.0022946607787162066
t2i,A player vies for a ball.,12024,12024,A player vies for a ball.,True,0.005036079790443182
t2i,A player vies for a ball.,13746,13746,A player vies for a ball.,True,0.013460650108754635
t2i,A player vies for a ball.,9305,9305,A player vies for a ball.,True,0.02114262245595455
t2i,A player vies for a ball.,4130,4130,A player vies for a ball.,True,0.03851790726184845
t2i,A player vies for a ball.,8736,8736,A player vies for a ball.,True,0.0011200454318895936
t2i,A player vies for a ball.,5984,5984,A player vies for a ball.,True,0.06724993884563446
t2i,A player vies for a ball.,9982,9982,A player vies for a ball.,False,0.03333469107747078
t2i,A person jumps into the sea.,3370,3370,A person jumps into the sea.,False,0.3196755051612854
t2i,A person jumps into the sea.,3190,3190,A person jumps into the sea.,True,0.06327386200428009
t2i,A person jumps into the sea.,12597,12597,A person jumps into the sea.,True,0.5062342286109924
t2i,A person jumps into the sea.,6474,6474,A person jumps into the sea.,True,0.3062528669834137
t2i,A person jumps into the sea.,2283,2283,A person jumps into the sea.,True,0.003405810333788395
t2i,A person jumps into the sea.,9282,9282,A person jumps into the sea.,False,0.04152846336364746
t2i,A person jumps into the sea.,8247,8247,A person jumps into the sea.,False,0.11148954182863235
t2i,A person jumps into the sea.,8421,8421,A person jumps into the sea.,True,0.012705984525382519
t2i,A person jumps into the sea.,2701,2701,A person jumps into the sea.,True,0.7398011088371277
t2i,A person jumps into the sea.,4784,4784,A person jumps into the sea.,True,0.7523641586303711
t2i,A person jumps into the sea.,13847,13847,A person jumps into the sea.,True,0.9153692126274109
t2i,A person jumps into the sea.,9532,9532,A person jumps into the sea.,True,0.8307373523712158
t2i,A person jumps into the sea.,7584,7584,A person jumps into the sea.,True,0.853091835975647
t2i,A person jumps into the sea.,272,272,A person jumps into the sea.,False,0.41879621148109436
t2i,A person jumps into the sea.,357,357,A person jumps into the sea.,True,0.7092264294624329
t2i,A person jumps into the sea.,4656,4656,A person jumps into the sea.,True,0.8205763697624207
t2i,A person jumps into the sea.,6700,6700,A person jumps into the sea.,False,0.489484965801239
t2i,A person jumps into the sea.,2784,2784,A person jumps into the sea.,True,0.9099237322807312
t2i,A person jumps into the sea.,4907,4907,A person jumps into the sea.,True,0.8731731176376343
t2i,A person jumps into the sea.,6330,6330,A person jumps into the sea.,True,0.7769646048545837
t2i,A person jumps into the sea.,3854,3854,A person jumps into the sea.,True,0.9088689684867859
t2i,A person jumps into the sea.,2777,2777,A person jumps into the sea.,True,0.9168914556503296
t2i,A person jumps into the sea.,6387,6387,A person jumps into the sea.,True,0.45763859152793884
t2i,A person jumps into the sea.,10689,10689,A person jumps into the sea.,True,0.0588127002120018
t2i,A person jumps into the sea.,1409,1409,A person jumps into the sea.,True,0.7642718553543091
t2i,A person jumps into the sea.,866,866,A person jumps into the sea.,True,0.8996056914329529
t2i,A person jumps into the sea.,1447,1447,A person jumps into the sea.,True,0.8902467489242554
t2i,A person jumps into the sea.,681,681,A person jumps into the sea.,True,0.6227964162826538
t2i,A person jumps into the sea.,446,446,A person jumps into the sea.,True,0.8566670417785645
t2i,A person jumps into the sea.,11798,11798,A person jumps into the sea.,True,0.9036306142807007
t2i,A person jumps into the sea.,364,364,A person jumps into the sea.,True,0.5263136625289917
t2i,A person jumps into the sea.,8647,8647,A person jumps into the sea.,True,0.7476958632469177
t2i,A person jumps into the sea.,5266,5266,A person jumps into the sea.,True,0.747442364692688
t2i,A person jumps into the sea.,994,994,A person jumps into the sea.,False,0.00028765734168700874
t2i,A person jumps into the sea.,687,687,A person jumps into the sea.,True,0.6811304688453674
t2i,A person jumps into the sea.,4971,4971,A person jumps into the sea.,True,0.43138670921325684
t2i,A dog lies on the grass.,8716,8716,A dog lies on the grass.,True,0.14128327369689941
t2i,A dog lies on the grass.,11335,11335,A dog lies on the grass.,True,0.26145005226135254
t2i,A dog lies on the grass.,6913,6913,A dog lies on the grass.,True,0.0971452072262764
t2i,A dog lies on the grass.,1970,1970,A dog lies on the grass.,True,0.06984684616327286
t2i,A dog lies on the grass.,3003,3003,A dog lies on the grass.,False,0.18041189014911652
t2i,A dog lies on the grass.,1045,1045,A dog lies on the grass.,True,0.0053715878166258335
t2i,A dog lies on the grass.,7660,7660,A dog lies on the grass.,True,0.01759163662791252
t2i,A dog lies on the grass.,3695,3695,A dog lies on the grass.,True,0.5748694539070129
t2i,A dog lies on the grass.,5452,5452,A dog lies on the grass.,True,0.06643476337194443
t2i,A dog lies on the grass.,1271,1271,A dog lies on the grass.,False,0.0011530789779499173
t2i,A dog lies on the grass.,3887,3887,A dog lies on the grass.,True,0.6533812880516052
t2i,A dog lies on the grass.,22,22,A dog lies on the grass.,True,0.2677249014377594
t2i,A dog lies on the grass.,2935,2935,A dog lies on the grass.,True,0.19964531064033508
t2i,A dog lies on the grass.,1080,1080,A dog lies on the grass.,True,0.19705893099308014
t2i,A dog lies on the grass.,1658,1658,A dog lies on the grass.,True,0.3616933226585388
t2i,A dog lies on the grass.,2529,2529,A dog lies on the grass.,True,0.417221337556839
t2i,A dog lies on the grass.,13334,13334,A dog lies on the grass.,True,0.8624270558357239
t2i,A dog lies on the grass.,10717,10717,A dog lies on the grass.,True,0.20056284964084625
t2i,A dog lies on the grass.,4335,4335,A dog lies on the grass.,False,0.005890716332942247
t2i,A dog lies on the grass.,1620,1620,A dog lies on the grass.,True,0.29167479276657104
t2i,A dog lies on the grass.,7581,7581,A dog lies on the grass.,True,0.7247418165206909
t2i,A dog lies on the grass.,3236,3236,A dog lies on the grass.,True,0.21893765032291412
t2i,A dog lies on the grass.,12675,12675,A dog lies on the grass.,True,0.729499876499176
t2i,A dog lies on the grass.,9812,9812,A dog lies on the grass.,True,0.5488259196281433
t2i,A dog lies on the grass.,10250,10250,A dog lies on the grass.,True,0.4969276487827301
t2i,A dog lies on the grass.,1821,1821,A dog lies on the grass.,False,0.11944352835416794
t2i,A dog lies on the grass.,5142,5142,A dog lies on the grass.,True,0.5951727628707886
t2i,A dog lies on the grass.,2384,2384,A dog lies on the grass.,True,0.0041144541464746
t2i,A dog lies on the grass.,3332,3332,A dog lies on the grass.,True,0.08279108256101608
t2i,A dog lies on the grass.,9946,9946,A dog lies on the grass.,True,0.30141663551330566
t2i,A dog lies on the grass.,1096,1096,A dog lies on the grass.,True,0.13025948405265808
t2i,The woman is sitting on the windowsill.,144,144,The woman is sitting on the windowsill.,True,0.022420518100261688
t2i,The woman is sitting on the windowsill.,7944,7944,The woman is sitting on the windowsill.,True,0.6048704981803894
t2i,The woman is sitting on the windowsill.,10053,10053,The woman is sitting on the windowsill.,True,0.9295912384986877
t2i,The woman is sitting on the windowsill.,6152,6152,The woman is sitting on the windowsill.,False,0.04724583402276039
t2i,The woman is sitting on the windowsill.,1788,1788,The woman is sitting on the windowsill.,True,0.5231227278709412
t2i,The woman is sitting on the windowsill.,6455,6455,The woman is sitting on the windowsill.,True,0.11511224508285522
t2i,The woman is sitting on the windowsill.,9825,9825,The woman is sitting on the windowsill.,False,0.3090319335460663
t2i,The woman is sitting on the windowsill.,11848,11848,The woman is sitting on the windowsill.,True,0.8400342464447021
t2i,The woman is sitting on the windowsill.,4855,4855,The woman is sitting on the windowsill.,False,0.00011111247295048088
t2i,The woman is sitting on the windowsill.,3729,3729,The woman is sitting on the windowsill.,False,0.05616236478090286
t2i,The woman is sitting on the windowsill.,2136,2136,The woman is sitting on the windowsill.,True,0.5018711090087891
t2i,The woman is sitting on the windowsill.,9035,9035,The woman is sitting on the windowsill.,True,0.9567857980728149
t2i,The woman is sitting on the windowsill.,2231,2231,The woman is sitting on the windowsill.,True,0.6464765071868896
t2i,The woman is sitting on the windowsill.,2081,2081,The woman is sitting on the windowsill.,True,0.9083563089370728
t2i,The woman is sitting on the windowsill.,7434,7434,The woman is sitting on the windowsill.,True,0.985260009765625
t2i,The woman is sitting on the windowsill.,5274,5274,The woman is sitting on the windowsill.,True,0.41872498393058777
t2i,The woman is sitting on the windowsill.,7943,7943,The woman is sitting on the windowsill.,False,0.36954763531684875
t2i,The woman is sitting on the windowsill.,3749,3749,The woman is sitting on the windowsill.,False,0.6705306768417358
t2i,The woman is sitting on the windowsill.,11303,11303,The woman is sitting on the windowsill.,False,0.47353053092956543
t2i,The woman is sitting on the windowsill.,6121,6121,The woman is sitting on the windowsill.,False,0.646903932094574
t2i,The woman is sitting on the windowsill.,7492,7492,The woman is sitting on the windowsill.,False,0.07933195680379868
t2i,The woman is sitting on the windowsill.,3394,3394,The woman is sitting on the windowsill.,False,0.013495838269591331
t2i,The woman is sitting on the windowsill.,14087,14087,The woman is sitting on the windowsill.,False,0.40733999013900757
t2i,The woman is sitting on the windowsill.,4548,4548,The woman is sitting on the windowsill.,False,0.031132249161601067
t2i,The woman is sitting on the windowsill.,11302,11302,The woman is sitting on the windowsill.,True,0.09189742803573608
t2i,The woman is sitting on the windowsill.,12504,12504,The woman is sitting on the windowsill.,False,0.11779617518186569
t2i,The woman is sitting on the windowsill.,753,753,The woman is sitting on the windowsill.,False,0.21125248074531555
t2i,The woman is sitting on the windowsill.,5860,5860,The woman is sitting on the windowsill.,True,0.1328699141740799
t2i,The woman is sitting on the windowsill.,9874,9874,The woman is sitting on the windowsill.,False,0.14565014839172363
t2i,The woman is sitting on the windowsill.,6412,6412,The woman is sitting on the windowsill.,False,0.048296112567186356
t2i,A man stands on a sail boat.,7584,7584,A man stands on a sail boat.,False,0.0003071407263632864
t2i,A man stands on a sail boat.,5399,5399,A man stands on a sail boat.,False,0.30003151297569275
t2i,A man stands on a sail boat.,8646,8646,A man stands on a sail boat.,False,0.00228370469994843
t2i,A man stands on a sail boat.,12674,12674,A man stands on a sail boat.,False,0.0004808391386177391
t2i,A man stands on a sail boat.,6104,6104,A man stands on a sail boat.,True,0.04103962704539299
t2i,A man stands on a sail boat.,11017,11017,A man stands on a sail boat.,False,0.014080138877034187
t2i,A man stands on a sail boat.,13817,13817,A man stands on a sail boat.,False,0.06056676432490349
t2i,A man stands on a sail boat.,10959,10959,A man stands on a sail boat.,True,0.889409601688385
t2i,A man stands on a sail boat.,3300,3300,A man stands on a sail boat.,False,0.02988467551767826
t2i,A man stands on a sail boat.,7854,7854,A man stands on a sail boat.,False,0.28244802355766296
t2i,A man stands on a sail boat.,13181,13181,A man stands on a sail boat.,False,0.4453667402267456
t2i,A man stands on a sail boat.,673,673,A man stands on a sail boat.,False,0.18681420385837555
t2i,A man stands on a sail boat.,11943,11943,A man stands on a sail boat.,False,0.07787220180034637
t2i,A man stands on a sail boat.,12419,12419,A man stands on a sail boat.,True,0.2644541561603546
t2i,A man stands on a sail boat.,681,681,A man stands on a sail boat.,False,0.019289327785372734
t2i,A man stands on a sail boat.,2699,2699,A man stands on a sail boat.,False,0.0133082689717412
t2i,A man stands on a sail boat.,4003,4003,A man stands on a sail boat.,False,0.34023988246917725
t2i,A man stands on a sail boat.,4101,4101,A man stands on a sail boat.,True,0.736870288848877
t2i,A man stands on a sail boat.,28,28,A man stands on a sail boat.,False,0.04443526268005371
t2i,A man stands on a sail boat.,1438,1438,A man stands on a sail boat.,False,0.08141223341226578
t2i,A man stands on a sail boat.,7570,7570,A man stands on a sail boat.,False,0.024554889649152756
t2i,A man stands on a sail boat.,4095,4095,A man stands on a sail boat.,False,0.08028078824281693
t2i,A man stands on a sail boat.,7036,7036,A man stands on a sail boat.,True,0.011397313326597214
t2i,A man stands on a sail boat.,6941,6941,A man stands on a sail boat.,True,0.21277615427970886
t2i,A man stands on a sail boat.,8000,8000,A man stands on a sail boat.,True,0.010675210505723953
t2i,A man stands on a sail boat.,5924,5924,A man stands on a sail boat.,True,0.07202760875225067
t2i,A man stands on a sail boat.,12818,12818,A man stands on a sail boat.,False,0.071944959461689
t2i,A man stands on a sail boat.,11902,11902,A man stands on a sail boat.,True,0.11184036731719971
t2i,A man stands on a sail boat.,8969,8969,A man stands on a sail boat.,True,0.003118788357824087
t2i,A man stands on a sail boat.,12744,12744,A man stands on a sail boat.,False,0.006020836532115936
t2i,A man stands on a sail boat.,5091,5091,A man stands on a sail boat.,False,0.00016751243674661964
t2i,Girl is standing in the grass.,7007,7007,Girl is standing in the grass.,False,0.005002403166145086
t2i,Girl is standing in the grass.,8204,8204,Girl is standing in the grass.,False,0.00045495928497985005
t2i,Girl is standing in the grass.,7966,7966,Girl is standing in the grass.,False,0.5116589069366455
t2i,Girl is standing in the grass.,3018,3018,Girl is standing in the grass.,False,0.0011772363213822246
t2i,Girl is standing in the grass.,2938,2938,Girl is standing in the grass.,True,0.000555214995983988
t2i,Girl is standing in the grass.,2353,2353,Girl is standing in the grass.,False,0.006291872821748257
t2i,Girl is standing in the grass.,257,257,Girl is standing in the grass.,False,0.2875923216342926
t2i,Girl is standing in the grass.,8903,8903,Girl is standing in the grass.,True,0.027835428714752197
t2i,Girl is standing in the grass.,13038,13038,Girl is standing in the grass.,False,0.0019036143785342574
t2i,Girl is standing in the grass.,9319,9319,Girl is standing in the grass.,False,0.0017486629076302052
t2i,Girl is standing in the grass.,9304,9304,Girl is standing in the grass.,True,0.15548698604106903
t2i,Girl is standing in the grass.,3470,3470,Girl is standing in the grass.,False,0.3089815378189087
t2i,Girl is standing in the grass.,11377,11377,Girl is standing in the grass.,False,0.18593105673789978
t2i,Girl is standing in the grass.,6072,6072,Girl is standing in the grass.,True,0.5367698669433594
t2i,Girl is standing in the grass.,6428,6428,Girl is standing in the grass.,False,0.15958528220653534
t2i,Girl is standing in the grass.,4957,4957,Girl is standing in the grass.,False,0.6251598596572876
t2i,Girl is standing in the grass.,7586,7586,Girl is standing in the grass.,False,0.5118615627288818
t2i,Girl is standing in the grass.,3579,3579,Girl is standing in the grass.,False,0.2122296690940857
t2i,Girl is standing in the grass.,9631,9631,Girl is standing in the grass.,True,0.00860124733299017
t2i,Girl is standing in the grass.,13144,13144,Girl is standing in the grass.,False,0.12445168942213058
t2i,Girl is standing in the grass.,652,652,Girl is standing in the grass.,True,0.0011449008015915751
t2i,Girl is standing in the grass.,2086,2086,Girl is standing in the grass.,False,0.009473024867475033
t2i,Girl is standing in the grass.,5315,5315,Girl is standing in the grass.,False,0.018842896446585655
t2i,Girl is standing in the grass.,2390,2390,Girl is standing in the grass.,False,0.06476340442895889
t2i,Girl is standing in the grass.,2393,2393,Girl is standing in the grass.,False,0.004104852210730314
t2i,Girl is standing in the grass.,9851,9851,Girl is standing in the grass.,True,0.004120394121855497
t2i,Girl is standing in the grass.,1721,1721,Girl is standing in the grass.,False,0.0005770515999756753
t2i,Girl is standing in the grass.,1480,1480,Girl is standing in the grass.,False,0.01464301347732544
t2i,Girl is standing in the grass.,2461,2461,Girl is standing in the grass.,False,2.7183905331185088e-05
t2i,Girl is standing in the grass.,13908,13908,Girl is standing in the grass.,False,0.0002387840359006077
t2i,Girl is standing in the grass.,11008,11008,Girl is standing in the grass.,False,0.001231602393090725
t2i,Girl is standing in the grass.,3308,3308,Girl is standing in the grass.,False,0.0001641471026232466
t2i,Girl is standing in the grass.,9402,9402,Girl is standing in the grass.,False,0.008817533031105995
t2i,Girl is standing in the grass.,342,342,Girl is standing in the grass.,False,0.00020539274555630982
t2i,Girl is standing in the grass.,10304,10304,Girl is standing in the grass.,False,0.0006411786307580769
t2i,Girl is standing in the grass.,4432,4432,Girl is standing in the grass.,False,0.00022940212511457503
t2i,Girl is standing in the grass.,8775,8775,Girl is standing in the grass.,False,0.1443103551864624
t2i,Girl is standing in the grass.,82,82,Girl is standing in the grass.,False,0.476686954498291
t2i,Girl is standing in the grass.,7807,7807,Girl is standing in the grass.,True,0.06057209521532059
t2i,Girl is standing in the grass.,9968,9968,Girl is standing in the grass.,False,0.02551344223320484
t2i,Girl is standing in the grass.,5962,5962,Girl is standing in the grass.,True,0.019245265051722527
t2i,Girl is standing in the grass.,7991,7991,Girl is standing in the grass.,True,0.2794947624206543
t2i,Girl is standing in the grass.,0,0,Girl is standing in the grass.,True,0.4262251853942871
t2i,Girl is standing in the grass.,3947,3947,Girl is standing in the grass.,True,0.142354354262352
t2i,Girl is standing in the grass.,11198,11198,Girl is standing in the grass.,False,0.0749758780002594
t2i,Girl is standing in the grass.,675,675,Girl is standing in the grass.,False,0.006894905585795641
t2i,Girl is standing in the grass.,8098,8098,Girl is standing in the grass.,False,0.011342833749949932
t2i,Girl is standing in the grass.,789,789,Girl is standing in the grass.,False,0.030204612761735916
t2i,Girl is standing in the grass.,4251,4251,Girl is standing in the grass.,False,0.008893352001905441
t2i,Girl is standing in the grass.,3009,3009,Girl is standing in the grass.,True,0.05185729265213013
t2i,Girl is standing in the grass.,3105,3105,Girl is standing in the grass.,False,0.0015884072054177523
t2i,A person walks down a road towards a motorcycle.,10816,10816,A person walks down a road towards a motorcycle.,False,0.0003150618285872042
t2i,A person walks down a road towards a motorcycle.,7722,7722,A person walks down a road towards a motorcycle.,False,0.0001613396598258987
t2i,A person walks down a road towards a motorcycle.,12655,12655,A person walks down a road towards a motorcycle.,False,2.189950237152516e-06
t2i,A person walks down a road towards a motorcycle.,6118,6118,A person walks down a road towards a motorcycle.,False,8.71037264005281e-05
t2i,A person walks down a road towards a motorcycle.,4470,4470,A person walks down a road towards a motorcycle.,True,0.0018806402804329991
t2i,A person walks down a road towards a motorcycle.,6119,6119,A person walks down a road towards a motorcycle.,False,3.0271335162979085e-06
t2i,A person walks down a road towards a motorcycle.,5303,5303,A person walks down a road towards a motorcycle.,False,1.1179359717061743e-05
t2i,A person walks down a road towards a motorcycle.,8790,8790,A person walks down a road towards a motorcycle.,True,0.00015340434038080275
t2i,A person walks down a road towards a motorcycle.,10276,10276,A person walks down a road towards a motorcycle.,False,8.521963172825053e-05
t2i,A person walks down a road towards a motorcycle.,3581,3581,A person walks down a road towards a motorcycle.,False,7.298571290448308e-06
t2i,A person walks down a road towards a motorcycle.,7747,7747,A person walks down a road towards a motorcycle.,True,0.6072180271148682
t2i,A person walks down a road towards a motorcycle.,3165,3165,A person walks down a road towards a motorcycle.,False,0.7420447468757629
t2i,A person walks down a road towards a motorcycle.,420,420,A person walks down a road towards a motorcycle.,False,0.09227368980646133
t2i,A person walks down a road towards a motorcycle.,569,569,A person walks down a road towards a motorcycle.,False,0.7919874787330627
t2i,A person walks down a road towards a motorcycle.,10540,10540,A person walks down a road towards a motorcycle.,True,0.36024555563926697
t2i,A person walks down a road towards a motorcycle.,8964,8964,A person walks down a road towards a motorcycle.,False,0.11327086389064789
t2i,A person walks down a road towards a motorcycle.,5755,5755,A person walks down a road towards a motorcycle.,False,0.4758950173854828
t2i,A person walks down a road towards a motorcycle.,2773,2773,A person walks down a road towards a motorcycle.,False,0.5896356105804443
t2i,A person walks down a road towards a motorcycle.,1051,1051,A person walks down a road towards a motorcycle.,False,0.46646860241889954
t2i,A person walks down a road towards a motorcycle.,2027,2027,A person walks down a road towards a motorcycle.,False,0.5705257058143616
t2i,A person walks down a road towards a motorcycle.,6697,6697,A person walks down a road towards a motorcycle.,True,2.5517625545035116e-05
t2i,A person walks down a road towards a motorcycle.,11422,11422,A person walks down a road towards a motorcycle.,False,0.12089234590530396
t2i,A person walks down a road towards a motorcycle.,1292,1292,A person walks down a road towards a motorcycle.,False,0.5419080257415771
t2i,A person walks down a road towards a motorcycle.,2104,2104,A person walks down a road towards a motorcycle.,True,0.0029202881269156933
t2i,A person walks down a road towards a motorcycle.,12416,12416,A person walks down a road towards a motorcycle.,False,0.26582562923431396
t2i,A person walks down a road towards a motorcycle.,6014,6014,A person walks down a road towards a motorcycle.,False,0.0773189589381218
t2i,A person walks down a road towards a motorcycle.,10935,10935,A person walks down a road towards a motorcycle.,False,0.0012274038745090365
t2i,A person walks down a road towards a motorcycle.,7832,7832,A person walks down a road towards a motorcycle.,False,0.000856562692206353
t2i,A person walks down a road towards a motorcycle.,12102,12102,A person walks down a road towards a motorcycle.,False,1.3503846275852993e-05
t2i,A person walks down a road towards a motorcycle.,9370,9370,A person walks down a road towards a motorcycle.,False,0.013533116318285465
t2i,A person walks down a road towards a motorcycle.,1452,1452,A person walks down a road towards a motorcycle.,True,0.9881894588470459
t2i,A person walks down a road towards a motorcycle.,2346,2346,A person walks down a road towards a motorcycle.,False,0.05485191568732262
t2i,A person walks down a road towards a motorcycle.,398,398,A person walks down a road towards a motorcycle.,False,0.0037003483157604933
t2i,A person walks down a road towards a motorcycle.,523,523,A person walks down a road towards a motorcycle.,False,0.001217822078615427
t2i,A man climns a wall.,6073,6073,A man climns a wall.,False,0.01910540461540222
t2i,A man climns a wall.,13798,13798,A man climns a wall.,False,0.03300554305315018
t2i,A man climns a wall.,13335,13335,A man climns a wall.,False,0.011015322059392929
t2i,A man climns a wall.,12240,12240,A man climns a wall.,False,0.11797488480806351
t2i,A man climns a wall.,235,235,A man climns a wall.,True,0.021712444722652435
t2i,A man climns a wall.,10110,10110,A man climns a wall.,False,0.0008635518606752157
t2i,A man climns a wall.,603,603,A man climns a wall.,False,0.059106986969709396
t2i,A man climns a wall.,5443,5443,A man climns a wall.,True,0.003846152452751994
t2i,A man climns a wall.,9089,9089,A man climns a wall.,False,2.19811663555447e-05
t2i,A man climns a wall.,5535,5535,A man climns a wall.,False,0.03172631561756134
t2i,A man climns a wall.,198,198,A man climns a wall.,True,0.7261828184127808
t2i,A man climns a wall.,7806,7806,A man climns a wall.,False,0.23012478649616241
t2i,A man climns a wall.,267,267,A man climns a wall.,False,0.7302167415618896
t2i,A man climns a wall.,10714,10714,A man climns a wall.,False,0.4763779640197754
t2i,A man climns a wall.,3608,3608,A man climns a wall.,True,0.33420804142951965
t2i,A man climns a wall.,5978,5978,A man climns a wall.,False,0.13704568147659302
t2i,A man climns a wall.,8977,8977,A man climns a wall.,False,0.03653834015130997
t2i,A man climns a wall.,11818,11818,A man climns a wall.,False,0.316035658121109
t2i,A man climns a wall.,6036,6036,A man climns a wall.,False,0.1181240901350975
t2i,A man climns a wall.,8027,8027,A man climns a wall.,False,0.10977700352668762
t2i,A man climns a wall.,101,101,A man climns a wall.,False,0.0016664577415212989
t2i,A man climns a wall.,9824,9824,A man climns a wall.,True,0.003548082895576954
t2i,A man climns a wall.,9932,9932,A man climns a wall.,False,0.0098238755017519
t2i,A man climns a wall.,1056,1056,A man climns a wall.,False,0.053930263966321945
t2i,A man climns a wall.,8894,8894,A man climns a wall.,False,0.06745212525129318
t2i,A man climns a wall.,9092,9092,A man climns a wall.,True,0.0037855023983865976
t2i,A man climns a wall.,3766,3766,A man climns a wall.,True,0.13619714975357056
t2i,A man climns a wall.,2849,2849,A man climns a wall.,True,0.1503838300704956
t2i,A man climns a wall.,5119,5119,A man climns a wall.,True,0.02888752706348896
t2i,A man climns a wall.,13251,13251,A man climns a wall.,True,0.44669198989868164
t2i,A man climns a wall.,10692,10692,A man climns a wall.,True,0.026754042133688927
t2i,A man climns a wall.,11156,11156,A man climns a wall.,False,0.19584967195987701
t2i,A man climns a wall.,7044,7044,A man climns a wall.,True,0.11374002695083618
t2i,A man climns a wall.,5298,5298,A man climns a wall.,True,0.2109018862247467
t2i,A man climns a wall.,12342,12342,A man climns a wall.,True,0.0005257282173261046
t2i,A man climns a wall.,5169,5169,A man climns a wall.,False,0.0119395786896348
t2i,A man climns a wall.,6329,6329,A man climns a wall.,False,0.001822456018999219
t2i,A man climns a wall.,6342,6342,A man climns a wall.,False,0.0011393249733373523
t2i,A man climns a wall.,7000,7000,A man climns a wall.,True,0.09443553537130356
t2i,A man climns a wall.,10691,10691,A man climns a wall.,True,0.1361742615699768
i2t,221,girl sits on ball,221,girl sits on ball,True,0.9378865957260132
i2t,221,Girl sits on a ball.,221,Girl sits on a ball.,True,0.5092562437057495
i2t,221,A girl sits on a ball.,221,A girl sits on a ball.,True,0.1744890809059143
i2t,221,this person makes the image,221,this person makes the image,False,4.527326746028848e-05
i2t,221,A woman is sitting on a ball.,221,A woman is sitting on a ball.,True,0.40027499198913574
i2t,221,A girl sitting on a ball.,221,A girl sitting on a ball.,True,0.24312447011470795
i2t,221,girl sit on the groung,221,girl sit on the groung,False,0.05727217346429825
i2t,221,A girl sits on a soccer ball.,221,A girl sits on a soccer ball.,False,0.0050931693986058235
i2t,221,The girl played with the ball.,221,The girl played with the ball.,False,0.001939722103998065
i2t,221,A person is playing with the ball.,221,A person is playing with the ball.,False,0.00011985909804934636
i2t,221,the girl sits in the pool,221,the girl sits in the pool,False,0.0056969597935676575
i2t,221,The girl can sit with no background.,221,The girl can sit with no background.,True,0.002737116301432252
i2t,221,"woman, ball, outside",221,"woman, ball, outside",False,0.005620127078145742
i2t,221,One girl enjoy in a beach.,221,One girl enjoy in a beach.,False,0.02259518764913082
i2t,221,The woman sits on the floor.,221,The woman sits on the floor.,False,0.0008284454233944416
i2t,221,The girl sits on the blanket.,221,The girl sits on the blanket.,False,0.0002487000892870128
i2t,221,A woman sit on the mat,221,A woman sit on the mat,False,0.0002535418898332864
i2t,221,A woman sitting on a mat,221,A woman sitting on a mat,False,6.377450336003676e-05
i2t,221,The woman sits on the table.,221,The woman sits on the table.,False,0.00018706131959334016
i2t,221,A girl sitting on the ground.,221,A girl sitting on the ground.,False,0.00045200667227618396
i2t,221,The woman lays on the floor.,221,The woman lays on the floor.,False,0.00013912028225604445
i2t,221,A woman sitting on a mat.,221,A woman sitting on a mat.,False,6.377450336003676e-05
i2t,221,A girl plays with the ball.,221,A girl plays with the ball.,False,0.0006959895836189389
i2t,221,A girl plays with a ball.,221,A girl plays with a ball.,False,0.0010488859843462706
i2t,221,A girl enjoys her time at the beach.,221,A girl enjoys her time at the beach.,False,0.002179435221478343
i2t,221,A girl enjoys the beach.,221,A girl enjoys the beach.,False,0.00207230425439775
i2t,221,girl lie on the beach,221,girl lie on the beach,False,0.00039506153552792966
i2t,221,The girl is enjoying the beach.,221,The girl is enjoying the beach.,False,0.0028395361732691526
i2t,221,A girl is enjoying the beach.,221,A girl is enjoying the beach.,False,0.0024710192810744047
i2t,221,The girl smiles in front of the pool.,221,The girl smiles in front of the pool.,False,0.00011031686881324276
i2t,221,Girls enjoying a beach.,221,Girls enjoying a beach.,False,0.006636005826294422
i2t,221,A girl lying on the beach.,221,A girl lying on the beach.,False,0.00021199566253926605
i2t,221,A girl lies on the beach.,221,A girl lies on the beach.,False,9.830109775066376e-05
i2t,221,A woman enjoys the beach.,221,A woman enjoys the beach.,False,0.0011722808703780174
i2t,221,A woman is enjoying the beach.,221,A woman is enjoying the beach.,False,0.0014878722140565515
i2t,221,A woman enjoys time at the beach.,221,A woman enjoys time at the beach.,False,0.0012727197026833892
i2t,221,The woman enjoys the beach.,221,The woman enjoys the beach.,False,0.007128380239009857
i2t,221,A person plays with a ball on the beach.,221,A person plays with a ball on the beach.,False,6.381916318787262e-05
i2t,103,A PICTURE OF A TEAM PLAYER BRINGS UNITY,103,A PICTURE OF A TEAM PLAYER BRINGS UNITY,False,0.021486876532435417
i2t,103,People assist a person.,103,People assist a person.,True,0.009518803097307682
i2t,103,A group of people run as a team,103,A group of people run as a team,False,0.00024664122611284256
i2t,103,A team player runs in the game.,103,A team player runs in the game.,False,3.1258081435225904e-05
i2t,103,A person takes a team.,103,A person takes a team.,False,0.002307060407474637
i2t,103,A person can bring up an emotion with a photo.,103,A person can bring up an emotion with a photo.,False,0.008119829930365086
i2t,103,people make a team.,103,people make a team.,True,0.0018369456520304084
i2t,103,Picture taken of a soldier,103,Picture taken of a soldier,True,0.009082449600100517
i2t,103,The nurse pushed the patient.,103,The nurse pushed the patient.,False,1.7345251762890257e-05
i2t,103,Nurses assist their patient.,103,Nurses assist their patient.,False,3.0373666959349066e-05
i2t,103,A person meets a soldier.,103,A person meets a soldier.,False,0.02192697487771511
i2t,103,Army team shoot some terrorists.,103,Army team shoot some terrorists.,False,0.14012417197227478
i2t,103,A photographer is taking a picture of soldiers.,103,A photographer is taking a picture of soldiers.,False,0.033866994082927704
i2t,103,person meets soldiers,103,person meets soldiers,False,0.0020412744488567114
i2t,103,A person meets with a soldier.,103,A person meets with a soldier.,False,0.006886642891913652
i2t,103,These soldiers are walking in the road.,103,These soldiers are walking in the road.,False,0.0012901281006634235
i2t,103,Several soldiers walk in a field.,103,Several soldiers walk in a field.,True,0.010938436724245548
i2t,103,A group of soldiers carry a flag outside.,103,A group of soldiers carry a flag outside.,False,0.0027490754146128893
i2t,103,Soldiers are walking down the street.,103,Soldiers are walking down the street.,False,0.0018399084219709039
i2t,103,The person enters the season.,103,The person enters the season.,False,2.918930294981692e-05
i2t,103,the game is very interest.,103,the game is very interest.,False,0.00043253868352621794
i2t,103,A team is participating in a drill.,103,A team is participating in a drill.,False,0.02701110579073429
i2t,103,Men are walking on a trail.,103,Men are walking on a trail.,False,0.0007574961637146771
i2t,103,The person leads the shoot team.,103,The person leads the shoot team.,False,0.00014195701805874705
i2t,103,This team could take the game.,103,This team could take the game.,False,0.00041573066846467555
i2t,103,A person takes a hit.,103,A person takes a hit.,False,0.00015233528392855078
i2t,103,there is a soldier standing in the front.,103,there is a soldier standing in the front.,False,0.02772011049091816
i2t,103,The soldiers stand in front,103,The soldiers stand in front,True,0.0005772391450591385
i2t,103,Players pose as a team.,103,Players pose as a team.,False,6.647290865657851e-05
i2t,103,A person coaches a team.,103,A person coaches a team.,False,0.0003261527162976563
i2t,103,A soldier walks the field.,103,A soldier walks the field.,True,0.00032410997664555907
i2t,103,The soldiers are walking down the road.,103,The soldiers are walking down the road.,True,0.0038071158342063427
i2t,103,Soldiers walk down the street.,103,Soldiers walk down the street.,True,0.0009509442024864256
i2t,4819,Man want to run on the road,4819,Man want to run on the road,False,0.17403125762939453
i2t,4819,this person makes the image,4819,this person makes the image,False,0.03485914692282677
i2t,4819,The man ran on the street.,4819,The man ran on the street.,True,0.26293012499809265
i2t,4819,A person run in the city,4819,A person run in the city,True,0.412393718957901
i2t,4819,The man runs down the street.,4819,The man runs down the street.,True,0.2862296998500824
i2t,4819,man run on the road,4819,man run on the road,False,0.36622121930122375
i2t,4819,a person takes a jump,4819,a person takes a jump,True,0.017051974311470985
i2t,4819,A man runs in the street,4819,A man runs in the street,True,0.447409451007843
i2t,4819,The player leaped in the air,4819,The player leaped in the air,False,0.0015219432534649968
i2t,4819,A person goes up a street.,4819,A person goes up a street.,False,0.025058992207050323
i2t,4819,A man runs through the city.,4819,A man runs through the city.,True,0.6893797516822815
i2t,4819,A man runs on the street.,4819,A man runs on the street.,True,0.42661136388778687
i2t,4819,A man running in the street.,4819,A man running in the street.,True,0.5008479952812195
i2t,4819,A man runs in the city.,4819,A man runs in the city.,True,0.4696296751499176
i2t,4819,A person runs on the street,4819,A person runs on the street,True,0.39179089665412903
i2t,4819,A person runs in the city.,4819,A person runs in the city.,True,0.40723660588264465
i2t,4819,A person takes a run on street,4819,A person takes a run on street,True,0.36645978689193726
i2t,4819,The person runs on the street.,4819,The person runs on the street.,True,0.33027955889701843
i2t,4819,A person traveling the city.,4819,A person traveling the city.,False,0.028394151479005814
i2t,4819,A girl is running on the street.,4819,A girl is running on the street.,False,0.09640748053789139
i2t,4819,A girl running on the street.,4819,A girl running on the street.,False,0.03997145965695381
i2t,4819,A woman running on the street.,4819,A woman running on the street.,False,0.08148562908172607
i2t,4819,A person plays in the street,4819,A person plays in the street,False,0.18591901659965515
i2t,4819,A child running in the street.,4819,A child running in the street.,False,0.05354698374867439
i2t,4819,The kid will run on the street.,4819,The kid will run on the street.,False,0.04363282397389412
i2t,4819,a man jumping in the background,4819,a man jumping in the background,True,0.017721816897392273
i2t,4819,A person wander in the street,4819,A person wander in the street,False,0.05563327670097351
i2t,4819,A person walks in the background.,4819,A person walks in the background.,False,0.002461938885971904
i2t,4819,The person quickly goes across the street.,4819,The person quickly goes across the street.,False,0.07563770562410355
i2t,4819,person see a street,4819,person see a street,False,0.12824788689613342
i2t,4819,A man is jumping in the background.,4819,A man is jumping in the background.,True,0.043778177350759506
i2t,4819,The boy runs on the street.,4819,The boy runs on the street.,True,0.1997530311346054
i2t,4819,The kid runs on the street.,4819,The kid runs on the street.,False,0.13310785591602325
i2t,4819,A child runs toward the street.,4819,A child runs toward the street.,False,0.07878275215625763
i2t,4819,Boy running on the road,4819,Boy running on the road,False,0.121934674680233
i2t,4819,A kid is running in the street.,4819,A kid is running in the street.,False,0.2489032745361328
i2t,4819,A person models how to run down a street.,4819,A person models how to run down a street.,False,0.033210013061761856
i2t,4819,A kid runs down the street.,4819,A kid runs down the street.,False,0.09309174120426178
i2t,4819,A person running in the city.,4819,A person running in the city.,True,0.6943695545196533
i2t,4819,person running in street,4819,person running in street,True,0.3572600483894348
i2t,3076,"The boat is floating on the water,",3076,"The boat is floating on the water,",True,0.0018603109056130052
i2t,3076,A ship is docked at a harbor,3076,A ship is docked at a harbor,True,0.00226415297947824
i2t,3076,the ship will  dock at port,3076,the ship will  dock at port,True,0.0004024698573630303
i2t,3076,boat dock on the port,3076,boat dock on the port,True,0.18622584640979767
i2t,3076,The boat is docked in the harbour.,3076,The boat is docked in the harbour.,True,0.007544548716396093
i2t,3076,The boat sailed in the harbor.,3076,The boat sailed in the harbor.,True,0.007846892811357975
i2t,3076,A person posting a picture.,3076,A person posting a picture.,False,9.85707447398454e-06
i2t,3076,Ship is docked at a harbour.,3076,Ship is docked at a harbour.,True,0.0011288722744211555
i2t,3076,The person displays one image.,3076,The person displays one image.,False,2.907461976064951e-06
i2t,3076,A ship is docked at a harbor.,3076,A ship is docked at a harbor.,True,0.00226415297947824
i2t,3076,a boat mooring on the lake,3076,a boat mooring on the lake,False,0.022137431427836418
i2t,3076,boats moored in marina,3076,boats moored in marina,True,0.33747488260269165
i2t,3076,Boats dock at a harbor.,3076,Boats dock at a harbor.,True,0.12182891368865967
i2t,3076,Boats moor in the harbor.,3076,Boats moor in the harbor.,True,0.04765154793858528
i2t,3076,Boat moored at a dock,3076,Boat moored at a dock,True,0.009498508647084236
i2t,3076,A boat docks near a beach.,3076,A boat docks near a beach.,False,0.325080543756485
i2t,3076,A boat tied up at the harbor.,3076,A boat tied up at the harbor.,True,0.004722048062831163
i2t,3076,"Boats, at a marina.",3076,"Boats, at a marina.",True,0.016179712489247322
i2t,3076,Boats docked at a port.,3076,Boats docked at a port.,True,0.015065092593431473
i2t,3076,Boats are moored in the lake.,3076,Boats are moored in the lake.,False,0.010124441236257553
i2t,3076,a woman is walking by the pier,3076,a woman is walking by the pier,False,0.01697668246924877
i2t,3076,Boats are docked in a harbour,3076,Boats are docked in a harbour,True,0.021344192326068878
i2t,3076,The woman is standing on the pier.,3076,The woman is standing on the pier.,False,0.012379784137010574
i2t,3076,A woman is standing on a pier.,3076,A woman is standing on a pier.,False,0.021032270044088364
i2t,3076,The woman stands on the pier.,3076,The woman stands on the pier.,False,0.007910165935754776
i2t,3076,A man walking on the pier.,3076,A man walking on the pier.,False,0.005468348972499371
i2t,3076,The man is sitting on the dock.,3076,The man is sitting on the dock.,False,0.00945387501269579
i2t,3076,Many boats are moored at the marina.,3076,Many boats are moored at the marina.,True,0.24924948811531067
i2t,3076,A few sail boats are in a sea.,3076,A few sail boats are in a sea.,True,0.00014590109640266746
i2t,3076,The person will stand on the pier.,3076,The person will stand on the pier.,False,0.0001427033421350643
i2t,3076,The man will walk on the pier.,3076,The man will walk on the pier.,False,0.010846785269677639
i2t,3076,Some boats are mooring by the sea.,3076,Some boats are mooring by the sea.,False,0.006014464423060417
i2t,3076,Ships are docked on the port.,3076,Ships are docked on the port.,True,0.0019339002901688218
i2t,3076,People are standing in the pier.,3076,People are standing in the pier.,False,0.0009565044892951846
i2t,3076,"The boat is docked at the pier, and the moor is visible.",3076,"The boat is docked at the pier, and the moor is visible.",True,0.01076856441795826
i2t,3076,Boats sit at a pier,3076,Boats sit at a pier,True,0.004360205959528685
i2t,3076,A boat is moored in a jetty.,3076,A boat is moored in a jetty.,True,0.013614456169307232
i2t,3076,Yachts docked at a marina,3076,Yachts docked at a marina,True,0.057274989783763885
i2t,3076,Boats moored in a quay,3076,Boats moored in a quay,True,0.009171160869300365
i2t,3076,A boat sits off the moor by the dock.,3076,A boat sits off the moor by the dock.,True,0.003107106778770685
i2t,3076,A group of yachts are moored at the marina.,3076,A group of yachts are moored at the marina.,True,0.02702268958091736
i2t,3084,A child and parent is walking in the forest.,3084,A child and parent is walking in the forest.,True,0.6062756180763245
i2t,3084,A person can bring up an emotion with a photo.,3084,A person can bring up an emotion with a photo.,False,0.00017324750660918653
i2t,3084,The person displays one image.,3084,The person displays one image.,False,5.1299457481945865e-06
i2t,3084,People capture photographs.,3084,People capture photographs.,False,0.00041993363993242383
i2t,3084,Kids take a walk in the forest.,3084,Kids take a walk in the forest.,False,0.24533645808696747
i2t,3084,A mother is walking in the forest.,3084,A mother is walking in the forest.,True,0.032169174402952194
i2t,3084,A woman is hiking in the forest.,3084,A woman is hiking in the forest.,True,0.017909307032823563
i2t,3084,Children walk hand in hand,3084,Children walk hand in hand,False,0.011939534917473793
i2t,3084,A woman is hiking on a trail.,3084,A woman is hiking on a trail.,True,0.0046303728595376015
i2t,3084,The person takes photographs,3084,The person takes photographs,False,4.640239421860315e-05
i2t,3084,Children walking in the forest,3084,Children walking in the forest,True,0.2250685691833496
i2t,3084,Children walking in the forest.,3084,Children walking in the forest.,True,0.2250685691833496
i2t,3084,A kid goes for a walk in the forest.,3084,A kid goes for a walk in the forest.,True,0.05134144425392151
i2t,3084,The woman and her son walk along the trail.,3084,The woman and her son walk along the trail.,True,0.2976928651332855
i2t,3084,A couple hike in the forest,3084,A couple hike in the forest,False,0.030067110434174538
i2t,3084,A father and daughter walk in the forest,3084,A father and daughter walk in the forest,False,0.09249138832092285
i2t,3084,A kid walks in the forest.,3084,A kid walks in the forest.,True,0.028829706832766533
i2t,3084,boy walking in forest,3084,boy walking in forest,True,0.21519766747951508
i2t,3084,Men are walking on a trail.,3084,Men are walking on a trail.,False,0.0023849254939705133
i2t,3084,person walk in the forest,3084,person walk in the forest,True,0.0666135922074318
i2t,3084,People walking through the forest.,3084,People walking through the forest.,True,0.043784886598587036
i2t,3084,A person walking in the woods.,3084,A person walking in the woods.,True,0.002818155102431774
i2t,3084,The girl is carry a bucket of water.,3084,The girl is carry a bucket of water.,False,1.2092141332686879e-05
i2t,3084,A child is walking in the forest.,3084,A child is walking in the forest.,True,0.021100198850035667
i2t,3084,A person hikes in the woods.,3084,A person hikes in the woods.,True,0.0016846618382260203
i2t,3084,Men hike on a trail.,3084,Men hike on a trail.,False,0.005196013953536749
i2t,3084,A couple are walking in a forest.,3084,A couple are walking in a forest.,False,0.0029125562869012356
i2t,3084,woman hike on the forest,3084,woman hike on the forest,True,0.07988057285547256
i2t,3084,A woman is trekking in a forest.,3084,A woman is trekking in a forest.,True,0.005845788866281509
i2t,3084,The woman hikes in the forest.,3084,The woman hikes in the forest.,True,0.022512342780828476
i2t,3084,A woman takes a hike through the forest.,3084,A woman takes a hike through the forest.,True,0.016626186668872833
i2t,3084,A woman hiking in the forest.,3084,A woman hiking in the forest.,True,0.011977587826550007
i2t,3084,Women trek through the forrest.,3084,Women trek through the forrest.,True,0.07283400744199753
i2t,3084,A woman hikes in a forest.,3084,A woman hikes in a forest.,True,0.00854553934186697
i2t,1191,The dog runs in a meadow.,1191,The dog runs in a meadow.,True,0.12133093178272247
i2t,1191,Dogs run in the meadow.,1191,Dogs run in the meadow.,True,0.9571332931518555
i2t,1191,A dog runs in a field.,1191,A dog runs in a field.,True,0.03711730241775513
i2t,1191,A girls runs in the open field.,1191,A girls runs in the open field.,False,0.014551345258951187
i2t,1191,The animals run in the meadow.,1191,The animals run in the meadow.,True,0.4288460612297058
i2t,1191,is this puppy running in the field?,1191,is this puppy running in the field?,True,0.058055952191352844
i2t,1191,A dog runs in the meadow.,1191,A dog runs in the meadow.,True,0.055010221898555756
i2t,1191,An animal runs in a field.,1191,An animal runs in a field.,True,0.024117136374115944
i2t,1191,Dogs run through the park.,1191,Dogs run through the park.,False,0.27042898535728455
i2t,1191,The species runs in the meadow.,1191,The species runs in the meadow.,True,0.043506115674972534
i2t,1191,Two animals run down the meadow,1191,Two animals run down the meadow,True,0.8454679846763611
i2t,1191,A dog runs through the field.,1191,A dog runs through the field.,True,0.03700728341937065
i2t,1191,A dog runs through a meadow,1191,A dog runs through a meadow,True,0.059386320412158966
i2t,1191,A dog runs through a meadow.,1191,A dog runs through a meadow.,True,0.059386320412158966
i2t,1191,The dogs are sitting in the field.,1191,The dogs are sitting in the field.,False,0.011710325255990028
i2t,1191,The dogs sit in the field.,1191,The dogs sit in the field.,False,0.06305056810379028
i2t,1191,The dog is rolling in the grass.,1191,The dog is rolling in the grass.,False,0.0010769206564873457
i2t,1191,The dog are walking across the grass.,1191,The dog are walking across the grass.,False,0.03093244880437851
i2t,1191,a dog is lying on the grass,1191,a dog is lying on the grass,False,0.012070001102983952
i2t,1191,A dog is resting in the grass,1191,A dog is resting in the grass,False,0.00223940028809011
i2t,1191,The puppy is laying in the background.,1191,The puppy is laying in the background.,False,0.0013178375083953142
i2t,1191,Dogs are walking on a camera.,1191,Dogs are walking on a camera.,False,0.05415750667452812
i2t,1191,See the horse trot through the meadow?,1191,See the horse trot through the meadow?,False,0.019038142636418343
i2t,1191,Four dogs are running in a meadow.,1191,Four dogs are running in a meadow.,False,0.7714949250221252
i2t,1191,A puppy runs through the meadow.,1191,A puppy runs through the meadow.,True,0.009277396835386753
i2t,1191,Girls walk in a meadow.,1191,Girls walk in a meadow.,False,0.0383719801902771
i2t,1191,A dog stands in the grass near another dog.,1191,A dog stands in the grass near another dog.,False,0.0264638289809227
i2t,1191,The puppy is running in the meadow.,1191,The puppy is running in the meadow.,False,0.008164813742041588
i2t,1191,A puppy is running on the meadow.,1191,A puppy is running on the meadow.,False,0.002518343972042203
i2t,1191,a puppy runs in the meadow,1191,a puppy runs in the meadow,False,0.009760869666934013
i2t,792,the person is running in a Team,792,the person is running in a Team,True,6.786234735045582e-05
i2t,792,A team takes the ball from the other team.,792,A team takes the ball from the other team.,False,0.002271756762638688
i2t,792,A group of people run as a team,792,A group of people run as a team,True,0.00017766973178368062
i2t,792,A PICTURE OF A TEAM PLAYER BRINGS UNITY,792,A PICTURE OF A TEAM PLAYER BRINGS UNITY,False,0.003622924443334341
i2t,792,A person runs as a player in competitive sport.,792,A person runs as a player in competitive sport.,True,0.00013145040429662913
i2t,792,A team player runs in the game.,792,A team player runs in the game.,True,0.0005003248807042837
i2t,792,the player out runs the other team,792,the player out runs the other team,False,0.0037438354920595884
i2t,792,are those players starching at practice?,792,are those players starching at practice?,True,0.0011865507112815976
i2t,792,People playing on a team.,792,People playing on a team.,True,0.002129065338522196
i2t,792,"soccer, ball, men",792,"soccer, ball, men",True,0.13491305708885193
i2t,792,Soccer players using a ball,792,Soccer players using a ball,True,0.047839026898145676
i2t,792,A person completes against other soccer players.,792,A person completes against other soccer players.,True,0.003798307850956917
i2t,792,Soccer players warming for a game,792,Soccer players warming for a game,True,0.0030857950914651155
i2t,792,Players run for a football,792,Players run for a football,True,0.010417364537715912
i2t,792,A team plays on the field,792,A team plays on the field,True,0.000814769184216857
i2t,792,soccer players play,792,soccer players play,True,0.1563236117362976
i2t,792,football celebrate a football,792,football celebrate a football,False,0.06942480802536011
i2t,792,The team plays on the field.,792,The team plays on the field.,True,0.00078336161095649
i2t,792,Players playing on a field.,792,Players playing on a field.,True,0.004851469770073891
i2t,792,The player will go for the ball.,792,The player will go for the ball.,True,0.0003017980488948524
i2t,792,A soccer player is saving the shot.,792,A soccer player is saving the shot.,False,0.00011744923540391028
i2t,792,Players are running in the match,792,Players are running in the match,True,0.0011459138477221131
i2t,792,The teammate will score a goal.,792,The teammate will score a goal.,False,0.002465692348778248
i2t,792,An athlete is kicking a ball.,792,An athlete is kicking a ball.,True,0.00011720310430973768
i2t,792,The player cross the ball,792,The player cross the ball,False,0.0038103286642581224
i2t,792,The player would not pass the ball.,792,The player would not pass the ball.,False,0.00031424977350980043
i2t,792,A player fights for the ball during a soccer match.,792,A player fights for the ball during a soccer match.,True,0.00019519802299328148
i2t,792,the footballer will kick the ball high,792,the footballer will kick the ball high,False,0.0014222749741747975
i2t,792,The football team is running.,792,The football team is running.,True,0.0012516124406829476
i2t,792,team player throws,792,team player throws,False,0.017615674063563347
i2t,792,The players are playing football.,792,The players are playing football.,True,0.00039767136331647635
i2t,792,The player is vying for ball control from the other athlete.,792,The player is vying for ball control from the other athlete.,True,0.0004963130922988057
i2t,792,An athlete wins by scoring a goal in a soccer game.,792,An athlete wins by scoring a goal in a soccer game.,False,0.0028643719851970673
i2t,792,Players run after a ball on the field.,792,Players run after a ball on the field.,True,0.0019780988804996014
i2t,792,Two players chase the ball.,792,Two players chase the ball.,True,0.0010309950448572636
i2t,792,Players compete for the ball.,792,Players compete for the ball.,True,0.0013316516997292638
i2t,792,People are playing soccer.,792,People are playing soccer.,True,0.000639849342405796
i2t,792,Players run on a field.,792,Players run on a field.,True,0.003362333867698908
i2t,792,People Playing Soccer,792,People Playing Soccer,True,0.014503838494420052
i2t,792,Soccer players run during a training session.,792,Soccer players run during a training session.,True,0.00046969702816568315
i2t,792,The player passes the ball in the soccer match.,792,The player passes the ball in the soccer match.,True,0.0003649452410172671
i2t,792,The midfielder runs with the soccer ball.,792,The midfielder runs with the soccer ball.,True,0.001299744937568903
i2t,792,A soccer player plays soccer.,792,A soccer player plays soccer.,True,0.0007489937706850469
i2t,2462,this person makes the image,2462,this person makes the image,False,9.305788807978388e-06
i2t,2462,A man is jumping off a cliff.,2462,A man is jumping off a cliff.,True,0.28796225786209106
i2t,2462,The man is standing at the edge of a cliff.,2462,The man is standing at the edge of a cliff.,False,0.004031428601592779
i2t,2462,A person takes a step on their walk.,2462,A person takes a step on their walk.,False,2.720190195759642e-06
i2t,2462,the person is running in a Team,2462,the person is running in a Team,False,5.1730687118833885e-05
i2t,2462,a person takes a jump,2462,a person takes a jump,True,0.0002561521832831204
i2t,2462,The person displays one image.,2462,The person displays one image.,False,9.401475836057216e-06
i2t,2462,People look at it.,2462,People look at it.,False,1.1191894373041578e-05
i2t,2462,"In this photo, a person sends a message.",2462,"In this photo, a person sends a message.",False,9.969870689019444e-07
i2t,2462,A player wins the game,2462,A player wins the game,False,2.427190338494256e-06
i2t,2462,The man jumped across the mountain.,2462,The man jumped across the mountain.,False,0.004698880482465029
i2t,2462,A man jumps across a cliff in the sunset.,2462,A man jumps across a cliff in the sunset.,True,0.6564322113990784
i2t,2462,A  man jump in the mountain,2462,A  man jump in the mountain,False,0.005793971940875053
i2t,2462,A man jumping from one mountain top to another.,2462,A man jumping from one mountain top to another.,False,0.047743331640958786
i2t,2462,A man jumping between two mountains.,2462,A man jumping between two mountains.,False,0.0521039254963398
i2t,2462,A man jumps on a mountain.,2462,A man jumps on a mountain.,False,0.007417337968945503
i2t,2462,A man jumps off a rock,2462,A man jumps off a rock,True,0.01486221794039011
i2t,2462,A man jumps off a rock.,2462,A man jumps off a rock.,True,0.01486221794039011
i2t,2462,a man walking on an edge,2462,a man walking on an edge,False,0.0022859449964016676
i2t,2462,A man is running on a hill.,2462,A man is running on a hill.,False,0.00039478708640672266
i2t,2462,a man jumping in the background,2462,a man jumping in the background,True,0.0002757887414190918
i2t,2462,Boy is jumping from a rock.,2462,Boy is jumping from a rock.,True,0.00037395121762529016
i2t,2462,A man is climbing a cliff.,2462,A man is climbing a cliff.,False,0.0016783798346295953
i2t,2462,A person sitting on a cliff,2462,A person sitting on a cliff,False,0.00017022620886564255
i2t,2462,A man is running up the hill.,2462,A man is running up the hill.,False,0.0003312009503133595
i2t,2462,Man is standing on a hill.,2462,Man is standing on a hill.,False,3.028640458069276e-05
i2t,2462,A person jumps at the sea.,2462,A person jumps at the sea.,True,0.001609524362720549
i2t,2462,A man standing on top of a cliff,2462,A man standing on top of a cliff,False,0.004246655385941267
i2t,2462,The woman jumps the cliff.,2462,The woman jumps the cliff.,False,0.0020670434460043907
i2t,2462,A man is jumping in the background.,2462,A man is jumping in the background.,True,0.004976547788828611
i2t,2462,A person jumps towards the sky.,2462,A person jumps towards the sky.,False,0.0034552861470729113
i2t,2462,A man jumps on top of a mountain.,2462,A man jumps on top of a mountain.,False,0.011893798597157001
i2t,2462,A man jumps across some rocks on a mountain.,2462,A man jumps across some rocks on a mountain.,True,0.0014705501962453127
i2t,2462,A silhouette of a person jumping on the beach.,2462,A silhouette of a person jumping on the beach.,True,0.0001850811531767249
i2t,6633,A person can bring up an emotion with a photo.,6633,A person can bring up an emotion with a photo.,False,0.01358623243868351
i2t,6633,a person stretch the game,6633,a person stretch the game,False,0.00012974583660252392
i2t,6633,The person runs from the game.,6633,The person runs from the game.,False,3.269004446337931e-05
i2t,6633,A person runs as a player in competitive sport.,6633,A person runs as a player in competitive sport.,False,0.0003102799237240106
i2t,6633,The sun is rising in the sky,6633,The sun is rising in the sky,True,0.0010618980741128325
i2t,6633,A person runs in the game.,6633,A person runs in the game.,False,9.265089829568751e-06
i2t,6633,One person communicates with another.,6633,One person communicates with another.,False,0.00018373058992438018
i2t,6633,the runner is runs a day,6633,the runner is runs a day,False,0.0002605600457172841
i2t,6633,A person jumps towards the sky.,6633,A person jumps towards the sky.,True,0.7904745936393738
i2t,6633,Man want to run on the road,6633,Man want to run on the road,False,0.0005941867711953819
i2t,6633,A woman is jumping in the sunset.,6633,A woman is jumping in the sunset.,True,0.9878437519073486
i2t,6633,A woman jumping during a sunset,6633,A woman jumping during a sunset,True,0.9732935428619385
i2t,6633,A man is jumping at sunset.,6633,A man is jumping at sunset.,False,0.967846691608429
i2t,6633,The woman jumped when she aw the sunset.,6633,The woman jumped when she aw the sunset.,False,0.8419420719146729
i2t,6633,A person jumps in front of a background.,6633,A person jumps in front of a background.,True,0.3669986426830292
i2t,6633,girl jump in the air,6633,girl jump in the air,True,0.2081650197505951
i2t,6633,woman jumps in a field,6633,woman jumps in a field,True,0.3323286771774292
i2t,6633,A man jumps across a cliff in the sunset.,6633,A man jumps across a cliff in the sunset.,False,0.09656183421611786
i2t,6633,A girl jumps in a field.,6633,A girl jumps in a field.,True,0.1596999168395996
i2t,6633,A man is jumping in a field.,6633,A man is jumping in a field.,False,0.5906969308853149
i2t,6633,A person flying in the sky.,6633,A person flying in the sky.,False,0.007929721847176552
i2t,6633,a girl flying on the field,6633,a girl flying on the field,False,0.019210470840334892
i2t,6633,person fly in the sky,6633,person fly in the sky,False,0.0020362932700663805
i2t,6633,A person jumps in the park.,6633,A person jumps in the park.,True,0.04621199890971184
i2t,6633,A girl jumping in the air.,6633,A girl jumping in the air.,True,0.04628949239850044
i2t,6633,A man jumps in a field,6633,A man jumps in a field,False,0.29941919445991516
i2t,6633,A person jumping in the air,6633,A person jumping in the air,True,0.15628841519355774
i2t,6633,The person jumps in the air.,6633,The person jumps in the air.,True,0.031349390745162964
i2t,6633,a man jumping in the background,6633,a man jumping in the background,False,0.008358589373528957
i2t,6633,A person jumps in the air,6633,A person jumps in the air,True,0.2835867702960968
i2t,6633,A man is jumping in the background.,6633,A man is jumping in the background.,False,0.019001534208655357
i2t,6633,A person jumps in celebration at the beach.,6633,A person jumps in celebration at the beach.,False,0.031025772914290428
i2t,6633,a person is jumping with a white background.,6633,a person is jumping with a white background.,False,0.011132954619824886
i2t,6633,A silhouette of a person jumping on the beach.,6633,A silhouette of a person jumping on the beach.,False,0.09514284878969193
i2t,6633,The silhouette of a person standing in front of a sunset.,6633,The silhouette of a person standing in front of a sunset.,False,0.05479716509580612
i2t,6633,A person is enjoying a sunset.,6633,A person is enjoying a sunset.,True,0.041692230850458145
i2t,6633,A man runs in front of the sunset.,6633,A man runs in front of the sunset.,False,0.07485038787126541
i2t,6633,A person is standing at sunset.,6633,A person is standing at sunset.,False,0.023807993158698082
i2t,2689,The star shined bright in the sky.,2689,The star shined bright in the sky.,False,1.6605497876298614e-05
i2t,2689,A person posts a photo of someone who died,2689,A person posts a photo of someone who died,False,0.0018361887196078897
i2t,2689,A person can bring up an emotion with a photo.,2689,A person can bring up an emotion with a photo.,False,0.005102049093693495
i2t,2689,A person takes a daughter.,2689,A person takes a daughter.,False,0.00020296855655033141
i2t,2689,The man will look to the person,2689,The man will look to the person,False,0.004301237873733044
i2t,2689,They will attend the celebration in person.,2689,They will attend the celebration in person.,False,0.014681261964142323
i2t,2689,The person who spoke at the funeral didn't know the actor was just posing in the casket.,2689,The person who spoke at the funeral didn't know the actor was just posing in the casket.,False,0.011693930253386497
i2t,2689,A person can see it,2689,A person can see it,False,0.0003430978104006499
i2t,2689,The child did not have to stand in the field.,2689,The child did not have to stand in the field.,False,0.004988036584109068
i2t,2689,A person seeing their daughter.,2689,A person seeing their daughter.,False,7.506243855459616e-05
i2t,2689,The boy actor takes a picture.,2689,The boy actor takes a picture.,False,0.08464574813842773
i2t,2689,"The actors take place as the boy says ""Action""",2689,"The actors take place as the boy says ""Action""",False,0.04602908715605736
i2t,2689,The child actor makes his own take.,2689,The child actor makes his own take.,False,0.05239361524581909
i2t,2689,A person takes a photo with his daughter.,2689,A person takes a photo with his daughter.,False,0.15749962627887726
i2t,2689,A person poses while holding two other people.,2689,A person poses while holding two other people.,False,0.1570942997932434
i2t,2689,A songwriter arrives at a premiere with his family.,2689,A songwriter arrives at a premiere with his family.,False,0.056130070239305496
i2t,2689,The people's expressions are captured in photos.,2689,The people's expressions are captured in photos.,True,0.271859347820282
i2t,2689,People smile in their pictures for the event,2689,People smile in their pictures for the event,False,0.2139797806739807
i2t,2689,The actors looks good in his jacket.,2689,The actors looks good in his jacket.,False,0.005333783570677042
i2t,2689,A man takes a picture with his child.,2689,A man takes a picture with his child.,True,0.11616633087396622
i2t,2689,The person appeared on the show,2689,The person appeared on the show,False,0.0074033294804394245
i2t,2689,Which person looks like this one?,2689,Which person looks like this one?,False,0.018265005201101303
i2t,2689,The person wore their hair well.,2689,The person wore their hair well.,False,0.002816341118887067
i2t,2689,This person will steal the show.,2689,This person will steal the show.,False,0.15073513984680176
i2t,2689,Person got beat up by another person,2689,Person got beat up by another person,False,0.05198254808783531
i2t,2689,The person will sing on the stage.,2689,The person will sing on the stage.,False,0.0032438039779663086
i2t,2689,Actors that appear in a film,2689,Actors that appear in a film,False,0.010981659404933453
i2t,2689,The person met the child.,2689,The person met the child.,False,0.17213502526283264
i2t,2689,An actor shows their look at an event.,2689,An actor shows their look at an event.,False,0.1373114138841629
i2t,2689,An actor attends an event with a star,2689,An actor attends an event with a star,False,0.016656430438160896
i2t,2689,The actors arrived at the debut,2689,The actors arrived at the debut,False,0.0004052605654578656
i2t,2689,An actor attends a concert.,2689,An actor attends a concert.,False,0.011765651404857635
i2t,2689,An actor from “How To Look Good Naked” at an event.,2689,An actor from “How To Look Good Naked” at an event.,False,0.04861612617969513
i2t,2689,An actor holds another actor,2689,An actor holds another actor,False,0.0011694233398884535
i2t,2689,The actors take part in a photo shoot.,2689,The actors take part in a photo shoot.,False,0.21679487824440002
i2t,2689,An actor was cast to be on stage.,2689,An actor was cast to be on stage.,False,0.09124358743429184
i2t,2689,An actor takes his daughters and wife to the beach.,2689,An actor takes his daughters and wife to the beach.,False,0.3080136179924011
i2t,2689,Pictures of a person and his daughter,2689,Pictures of a person and his daughter,False,0.0691242516040802
i2t,2689,Two girls sit with their father in the park.,2689,Two girls sit with their father in the park.,False,0.0037447288632392883
i2t,2689,The actor holds his daughter.,2689,The actor holds his daughter.,False,0.000903003616258502
i2t,2689,A person is playing with their son and daughter.,2689,A person is playing with their son and daughter.,True,0.06080647557973862
i2t,2689,The boy smiled in the background.,2689,The boy smiled in the background.,False,0.006513677537441254
i2t,2689,A boy smiles to the camera.,2689,A boy smiles to the camera.,True,0.004299763590097427
i2t,2689,Man and young girl are walking on street.,2689,Man and young girl are walking on street.,False,0.0003480330924503505
i2t,2689,A father stands on the beach with his family.,2689,A father stands on the beach with his family.,False,0.0004127309948671609
i2t,2689,An actor is appearance drastically changed from his movie character.,2689,An actor is appearance drastically changed from his movie character.,False,0.005129446741193533
i2t,2689,Actors holding hands behind their daughter,2689,Actors holding hands behind their daughter,False,0.001145887072198093
i2t,2689,A PERSON HOLDS HIS SON,2689,A PERSON HOLDS HIS SON,False,8.233495464082807e-05
i2t,2689,The actor poses at the afterparty.,2689,The actor poses at the afterparty.,False,2.821980888256803e-05
i2t,2595,A person singing,2595,A person singing,True,0.14779825508594513
i2t,2595,The artist sings into the microphone.,2595,The artist sings into the microphone.,True,0.18907277286052704
i2t,2595,The person will sing into the microphone.,2595,The person will sing into the microphone.,True,0.05671466514468193
i2t,2595,A person sings a song.,2595,A person sings a song.,True,0.0593806616961956
i2t,2595,An artist sings in a show.,2595,An artist sings in a show.,False,0.006788086146116257
i2t,2595,A person sings music.,2595,A person sings music.,True,0.1459551453590393
i2t,2595,An artist sings into a microphone.,2595,An artist sings into a microphone.,True,0.14391420781612396
i2t,2595,A person singing into a microphone.,2595,A person singing into a microphone.,True,0.24280083179473877
i2t,2595,an actor will portray a character,2595,an actor will portray a character,False,0.0007609262247569859
i2t,2595,A person is performing a song.,2595,A person is performing a song.,True,0.02603038400411606
i2t,2595,The artist performed by singing into the microphone.,2595,The artist performed by singing into the microphone.,True,0.05459034815430641
i2t,2595,A person singing in a microphone.,2595,A person singing in a microphone.,True,0.2531966269016266
i2t,2595,A person sings into a microphone.,2595,A person sings into a microphone.,True,0.16820071637630463
i2t,2595,This singer in preforming on stage.,2595,This singer in preforming on stage.,False,0.03316225856542587
i2t,2595,An artist is performing for a person,2595,An artist is performing for a person,False,0.0015673268353566527
i2t,2595,The person plays a song.,2595,The person plays a song.,False,0.0001917720219353214
i2t,2595,A man speaking on the phone.,2595,A man speaking on the phone.,False,0.00010578486399026588
i2t,2595,The artist is performing at a celebration.,2595,The artist is performing at a celebration.,False,0.0001671768695814535
i2t,2595,A person listening to music.,2595,A person listening to music.,False,0.000650060479529202
i2t,2595,The student sings a song.,2595,The student sings a song.,True,0.03149087354540825
i2t,2595,The person likes to listen to music made by another person.,2595,The person likes to listen to music made by another person.,False,0.0005033513880334795
i2t,2595,An artist performing a gig.,2595,An artist performing a gig.,True,0.00955198798328638
i2t,2595,The man speaks into the microphone.,2595,The man speaks into the microphone.,True,0.016579745337367058
i2t,2595,This artist is performing with her microphone.,2595,This artist is performing with her microphone.,False,0.00012777879601344466
i2t,2595,A person sings in rehearsal.,2595,A person sings in rehearsal.,True,0.043759483844041824
i2t,2595,The person sings at the rehearsal.,2595,The person sings at the rehearsal.,True,0.0016938974149525166
i2t,811,An old man stands in the park,811,An old man stands in the park,True,0.6312680244445801
i2t,811,Man looking at person,811,Man looking at person,False,0.0019124228274449706
i2t,811,A man walks in the park.,811,A man walks in the park.,True,0.04418506100773811
i2t,811,The man is looking at another person.,811,The man is looking at another person.,False,4.3967545934719965e-05
i2t,811,the man walked on the grass,811,the man walked on the grass,False,0.013581722974777222
i2t,811,man strolls on street,811,man strolls on street,False,0.0495278537273407
i2t,811,The man is taking a walk in the park.,811,The man is taking a walk in the park.,True,0.010400567203760147
i2t,811,An elderly man walks in his house.,811,An elderly man walks in his house.,False,0.0008512093918398023
i2t,811,A man goes for a walk on a path.,811,A man goes for a walk on a path.,True,0.028972968459129333
i2t,811,A man is walking in the park.,811,A man is walking in the park.,True,0.04533432424068451
i2t,811,A father walks in a park.,811,A father walks in a park.,True,0.013056338764727116
i2t,811,A man stands in a park.,811,A man stands in a park.,True,0.01402712520211935
i2t,811,A man walks alone on a path in the park.,811,A man walks alone on a path in the park.,True,0.032123636454343796
i2t,811,The father walks in the park.,811,The father walks in the park.,True,0.0766339898109436
i2t,811,person walks in park,811,person walks in park,True,0.01879296265542507
i2t,811,man excersiswe on the park,811,man excersiswe on the park,False,0.5425224304199219
i2t,811,The man stands in the field.,811,The man stands in the field.,False,0.0048933448269963264
i2t,811,The man in the shirt stands.,811,The man in the shirt stands.,False,0.00037252597394399345
i2t,811,A man is walking in a field.,811,A man is walking in a field.,True,0.004374898970127106
i2t,811,A woman walking in the park,811,A woman walking in the park,False,0.00039066403405740857
i2t,811,The man looked to the side.,811,The man looked to the side.,False,0.006611667573451996
i2t,811,man standing in a field,811,man standing in a field,False,0.009381518699228764
i2t,811,a man walking on a field,811,a man walking on a field,False,0.007845059968531132
i2t,811,person enjoy his time i the park,811,person enjoy his time i the park,True,0.0004660437407437712
i2t,811,A person is walking in the park.,811,A person is walking in the park.,True,0.0012754191411659122
i2t,811,The man stands in the background,811,The man stands in the background,False,0.0006947569199837744
i2t,811,The person looks sharp and is dressed smartly.,811,The person looks sharp and is dressed smartly.,True,2.334291821171064e-05
i2t,811,The man walked on the field,811,The man walked on the field,False,0.00696110213175416
i2t,811,A man sits in a park,811,A man sits in a park,True,0.0007636760710738599
i2t,811,A man sitting on a bench.,811,A man sitting on a bench.,False,6.450634100474417e-05
i2t,811,A man sitting in a park.,811,A man sitting in a park.,False,0.0017812625737860799
i2t,811,Older man sits on the floor in living room,811,Older man sits on the floor in living room,False,3.5955620205641026e-06
i2t,811,A woman stands in a park.,811,A woman stands in a park.,False,0.00024075347755569965
i2t,811,A man goes for a walk in a meadow.,811,A man goes for a walk in a meadow.,True,0.014119506813585758
i2t,811,The man walked along the footpath.,811,The man walked along the footpath.,True,0.008989145047962666
i2t,3066,Players celebrating another player,3066,Players celebrating another player,True,0.3282013535499573
i2t,3066,The person looks at the team.,3066,The person looks at the team.,True,5.309993866831064e-05
i2t,3066,the players from their league are celebrating,3066,the players from their league are celebrating,True,0.14156460762023926
i2t,3066,the team celebrate in the game,3066,the team celebrate in the game,True,0.5038275122642517
i2t,3066,A PICTURE OF A TEAM PLAYER BRINGS UNITY,3066,A PICTURE OF A TEAM PLAYER BRINGS UNITY,True,0.0037193282041698694
i2t,3066,A player is celebrating a player.,3066,A player is celebrating a player.,True,0.004370006266981363
i2t,3066,A player celebrating with the team,3066,A player celebrating with the team,True,0.11579564958810806
i2t,3066,players celebration,3066,players celebration,True,0.2965996563434601
i2t,3066,The coach and the team celebrated,3066,The coach and the team celebrated,False,0.001356095657683909
i2t,3066,Footballer players celebrating,3066,Footballer players celebrating,True,0.11777599900960922
i2t,3066,Players congratulating themselves in the match.,3066,Players congratulating themselves in the match.,True,0.5883508920669556
i2t,3066,The players congratulate each other at the match.,3066,The players congratulate each other at the match.,True,0.555699348449707
i2t,3066,Players celebrating with fans.,3066,Players celebrating with fans.,False,0.6877850294113159
i2t,3066,Players celebrate before a crowd.,3066,Players celebrate before a crowd.,True,0.3247765004634857
i2t,3066,Players celebrate with the crowd.,3066,Players celebrate with the crowd.,False,0.15510901808738708
i2t,3066,Fans celebrate as the players huddle together after the win.,3066,Fans celebrate as the players huddle together after the win.,True,0.2716419994831085
i2t,3066,Players are celebrating with their team,3066,Players are celebrating with their team,True,0.32783299684524536
i2t,3066,Players are celebrating after the game.,3066,Players are celebrating after the game.,True,0.20978176593780518
i2t,3066,Players celebrating on a soccer pitch,3066,Players celebrating on a soccer pitch,True,0.35789820551872253
i2t,3066,the players hug in the ground,3066,the players hug in the ground,True,0.37027931213378906
i2t,3066,players are stand in the pitch,3066,players are stand in the pitch,True,0.06981850415468216
i2t,3066,Team players cover their face.,3066,Team players cover their face.,False,0.002013531280681491
i2t,3066,Players huddle during the match.,3066,Players huddle during the match.,True,0.7396309971809387
i2t,3066,Players are looking from the sideline.,3066,Players are looking from the sideline.,False,0.004908996168524027
i2t,3066,People are celebrating the player.,3066,People are celebrating the player.,True,0.005241903942078352
i2t,3066,The players hold their jerseys.,3066,The players hold their jerseys.,False,0.0007893637521192431
i2t,3066,A player wanted to leave the team,3066,A player wanted to leave the team,False,0.002059947932139039
i2t,3066,Fans are celebrating at the match.,3066,Fans are celebrating at the match.,True,0.0008155439281836152
i2t,3066,The player will celebrate with the team after the game.,3066,The player will celebrate with the team after the game.,True,0.10291635245084763
i2t,3066,Fans celebrate the players' win.,3066,Fans celebrate the players' win.,False,0.002199992537498474
i2t,3066,half of the players reaction after the game.,3066,half of the players reaction after the game.,True,0.0038003362715244293
i2t,3066,Players congratulate another player,3066,Players congratulate another player,True,0.398629367351532
i2t,3066,Fans celebrate with their team.,3066,Fans celebrate with their team.,True,0.0016640169778838754
i2t,3066,The players congratulate each other.,3066,The players congratulate each other.,True,0.3213247060775757
i2t,3066,The team congratulate each other.,3066,The team congratulate each other.,True,0.19340352714061737
i2t,3066,The players and supporters celebrate together.,3066,The players and supporters celebrate together.,True,0.29842233657836914
i2t,3066,Players celebrate as a team.,3066,Players celebrate as a team.,True,0.18927563726902008
i2t,3066,Footballers celebrating with other players.,3066,Footballers celebrating with other players.,True,0.3727518320083618
i2t,3066,Soccer athletes are celebrating a postseason run.,3066,Soccer athletes are celebrating a postseason run.,True,0.00028902554186061025
i2t,3066,Several players celebrate being a footballer.,3066,Several players celebrate being a footballer.,True,0.12262007594108582
i2t,4164,workers stand up front,4164,workers stand up front,False,0.29822951555252075
i2t,4164,They hold a protest about solidarity.,4164,They hold a protest about solidarity.,True,0.0022843426559120417
i2t,4164,The person displays one image.,4164,The person displays one image.,False,2.513474646548275e-05
i2t,4164,this person makes the image,4164,this person makes the image,True,3.363013092894107e-05
i2t,4164,I see another person in the photo.,4164,I see another person in the photo.,False,6.492003649327671e-06
i2t,4164,The man is standing against the wall.,4164,The man is standing against the wall.,False,0.00010042257054010406
i2t,4164,The people's expressions are captured in photos.,4164,The people's expressions are captured in photos.,False,4.293859819881618e-05
i2t,4164,A WORKER STANDS IN FRONT,4164,A WORKER STANDS IN FRONT,True,0.11546941846609116
i2t,4164,A person poses as a politician.,4164,A person poses as a politician.,False,0.00026515848003327847
i2t,4164,Person holding a sign.,4164,Person holding a sign.,True,0.0055648405104875565
i2t,4164,A protester holds a symbol.,4164,A protester holds a symbol.,True,0.010974038392305374
i2t,4164,A person marches in the street.,4164,A person marches in the street.,True,0.02083548903465271
i2t,4164,A man holds the sign,4164,A man holds the sign,True,0.052808478474617004
i2t,4164,A person marching on the street.,4164,A person marching on the street.,True,0.02117827720940113
i2t,4164,The protesters carry a banner,4164,The protesters carry a banner,False,0.07551275193691254
i2t,4164,A woman holds a sign.,4164,A woman holds a sign.,False,0.001275212038308382
i2t,4164,A man carries a person.,4164,A man carries a person.,False,3.010628279298544e-05
i2t,4164,A man carries wide's bags.,4164,A man carries wide's bags.,False,5.6309032515855506e-05
i2t,4164,A person marching through a city.,4164,A person marching through a city.,False,0.0028249542228877544
i2t,4164,A politician participating in an event.,4164,A politician participating in an event.,False,0.00040041672764346004
i2t,4164,Person standing ground in a protest.,4164,Person standing ground in a protest.,True,0.0016059742774814367
i2t,4164,The politician is wearing a jacket,4164,The politician is wearing a jacket,False,3.339138129376806e-05
i2t,4164,The fan holds the banner.,4164,The fan holds the banner.,False,0.0007664337754249573
i2t,4164,A person is pictured at a ceremony.,4164,A person is pictured at a ceremony.,False,0.00038229755591601133
i2t,4164,A person looks ready for a show.,4164,A person looks ready for a show.,False,3.7320784031180665e-05
i2t,4164,A man reads a message.,4164,A man reads a message.,False,0.0008683411870151758
i2t,4164,A person appears to show emotion.,4164,A person appears to show emotion.,True,1.1272929441474844e-05
i2t,4164,A man whose face is painted,4164,A man whose face is painted,False,5.2618299378082156e-05
i2t,4164,The fan displayed his banner.,4164,The fan displayed his banner.,False,8.812753367237747e-05
i2t,4164,A person attends a rally.,4164,A person attends a rally.,True,0.005453744903206825
i2t,4164,A person attends a rally at night.,4164,A person attends a rally at night.,False,0.0008842200040817261
i2t,4164,A politician arrives at an event.,4164,A politician arrives at an event.,False,1.98259913304355e-05
i2t,4164,A banner is displayed behind persons.,4164,A banner is displayed behind persons.,True,0.035290125757455826
i2t,4164,People are pictured at the premier.,4164,People are pictured at the premier.,False,1.5077024727361277e-05
i2t,4164,A person in a poster decided to take a picture.,4164,A person in a poster decided to take a picture.,False,0.00019060495833400637
i2t,4164,People protest and hold signs in solidarity.,4164,People protest and hold signs in solidarity.,True,0.07492297142744064
i2t,4164,Protestors hold blank banners.,4164,Protestors hold blank banners.,True,0.30982640385627747
i2t,4164,People participating in a rally.,4164,People participating in a rally.,False,0.0005700499168597162
i2t,4164,A man is carrying a flag.,4164,A man is carrying a flag.,False,0.0024777010548859835
i2t,4164,A person is about to pass a sign.,4164,A person is about to pass a sign.,False,0.04062265157699585
i2t,4164,Man waving flag,4164,Man waving flag,False,0.00207727518863976
i2t,9149,A person jump on the water,9149,A person jump on the water,True,0.7808722257614136
i2t,9149,the boy jumps into the water,9149,the boy jumps into the water,True,0.17472290992736816
i2t,9149,The man jumps into the sea.,9149,The man jumps into the sea.,False,0.016503630205988884
i2t,9149,a man is about to jump into the water,9149,a man is about to jump into the water,True,0.9154706001281738
i2t,9149,A man jumps into the water.,9149,A man jumps into the water.,True,0.8406623601913452
i2t,9149,A man jumps in the water.,9149,A man jumps in the water.,True,0.7797046303749084
i2t,9149,a person takes a jump,9149,a person takes a jump,True,0.031011272221803665
i2t,9149,A man jumps into water.,9149,A man jumps into water.,True,0.857974648475647
i2t,9149,A person jumping in water.,9149,A person jumping in water.,True,0.35884878039360046
i2t,9149,A boy runs in the water.,9149,A boy runs in the water.,False,0.0002503158466424793
i2t,9149,A man jumping into water.,9149,A man jumping into water.,True,0.8900367617607117
i2t,9149,A person jumping into water.,9149,A person jumping into water.,True,0.6165081262588501
i2t,9149,A person stands above a lake.,9149,A person stands above a lake.,False,0.05352254584431648
i2t,9149,A person jumps into water.,9149,A person jumps into water.,True,0.5652133822441101
i2t,9149,man standing over a lake,9149,man standing over a lake,False,0.4184747636318207
i2t,9149,The person swam in the water.,9149,The person swam in the water.,False,4.081280712853186e-05
i2t,9149,A man jumping in the river.,9149,A man jumping in the river.,False,0.47905662655830383
i2t,9149,A boy jumping into the water.,9149,A boy jumping into the water.,True,0.1507241278886795
i2t,9149,A person gets out of the water,9149,A person gets out of the water,False,0.004478832706809044
i2t,9149,A person going into water,9149,A person going into water,False,0.003097889479249716
i2t,9149,People jump into a lake to swim.,9149,People jump into a lake to swim.,False,0.06671291589736938
i2t,9149,A man takes a jump into the sea.,9149,A man takes a jump into the sea.,True,0.04855537787079811
i2t,9149,A man jumps into the water at sea.,9149,A man jumps into the water at sea.,True,0.011173478327691555
i2t,9149,A man dives in the water.,9149,A man dives in the water.,True,0.12086981534957886
i2t,9149,A  man jump in the mountain,9149,A  man jump in the mountain,False,0.1952347457408905
i2t,1874,The child is looking at a person.,1874,The child is looking at a person.,False,0.00010703637235565111
i2t,1874,the person looks nice,1874,the person looks nice,True,6.928727543709101e-06
i2t,1874,A daughter will take things from her mother,1874,A daughter will take things from her mother,False,0.0021590793039649725
i2t,1874,this person makes the image,1874,this person makes the image,False,1.56516362039838e-05
i2t,1874,The woman is using a camera.,1874,The woman is using a camera.,False,8.480218639306258e-06
i2t,1874,the woman held the child,1874,the woman held the child,True,0.00020597598631866276
i2t,1874,A mother takes her daughter.,1874,A mother takes her daughter.,True,0.004506662022322416
i2t,1874,A person photographs a sitting child.,1874,A person photographs a sitting child.,False,4.277324478607625e-05
i2t,1874,The woman is sitting in the grass.,1874,The woman is sitting in the grass.,True,0.0004314609686844051
i2t,1874,A woman is looking at the view.,1874,A woman is looking at the view.,False,5.5012988013913855e-05
i2t,1874,A mother is sitting at a park with her daughter.,1874,A mother is sitting at a park with her daughter.,True,0.4376141428947449
i2t,1874,"Mother, daughter, carry",1874,"Mother, daughter, carry",True,0.032861147075891495
i2t,1874,A mother sits on grass.,1874,A mother sits on grass.,True,0.03873346373438835
i2t,1874,a mother sitting on a grass,1874,a mother sitting on a grass,True,0.02782662957906723
i2t,1874,A mother playing with a girl.,1874,A mother playing with a girl.,False,0.0057755266316235065
i2t,1874,A mother sits in the grass.,1874,A mother sits in the grass.,True,0.014077055267989635
i2t,1874,A mother sits in the grass,1874,A mother sits in the grass,True,0.014077055267989635
i2t,1874,A mother plays with a daughter.,1874,A mother plays with a daughter.,False,0.005259525030851364
i2t,1874,girl sit on the park,1874,girl sit on the park,False,0.006627580616623163
i2t,1874,A girl is sitting on the field.,1874,A girl is sitting on the field.,True,0.001578057650476694
i2t,1874,A mother is standing in a field.,1874,A mother is standing in a field.,False,0.0003435932158026844
i2t,1874,The mother is holding her toddler.,1874,The mother is holding her toddler.,True,0.0010115947807207704
i2t,1874,The woman is sitting in the field.,1874,The woman is sitting in the field.,True,0.000978978117927909
i2t,1874,A couple are sitting at a field.,1874,A couple are sitting at a field.,False,0.0005929006729274988
i2t,1874,The mother holds the toddler.,1874,The mother holds the toddler.,True,0.0013141825329512358
i2t,1874,A mother is holding a child.,1874,A mother is holding a child.,True,0.0007947751437313855
i2t,1874,A mother is holding her son.,1874,A mother is holding her son.,False,0.00039537050179205835
i2t,1874,The child sits in the grass.,1874,The child sits in the grass.,False,0.0011644689366221428
i2t,1874,"A mother and her son play,",1874,"A mother and her son play,",False,0.014401943422853947
i2t,1874,A mother plays with her son,1874,A mother plays with her son,False,0.0015977693255990744
i2t,1874,A mother is holding a boy.,1874,A mother is holding a boy.,False,0.0001790180685929954
i2t,1874,A mother playing with her boy.,1874,A mother playing with her boy.,False,0.0008951587951742113
i2t,1874,A mother and daughter sit in the grass.,1874,A mother and daughter sit in the grass.,True,0.08803457021713257
i2t,1874,A mother sits on the floor with her son.,1874,A mother sits on the floor with her son.,False,8.303645881824195e-05
i2t,1874,A mother hugs her daughter.,1874,A mother hugs her daughter.,True,0.0003611325810197741
i2t,1874,A mother hugs her child.,1874,A mother hugs her child.,False,0.0003169909759890288
i2t,1874,A woman hugging her daughter.,1874,A woman hugging her daughter.,True,0.0004678310651797801
i2t,1874,A mother sitting in the grass.,1874,A mother sitting in the grass.,True,0.015306218527257442
i2t,1874,A woman holds her daughter.,1874,A woman holds her daughter.,True,0.001875865156762302
i2t,1874,A mother kneels with her daughter in the forest.,1874,A mother kneels with her daughter in the forest.,False,0.0005406494019553065
i2t,1874,A mother lying in the grass,1874,A mother lying in the grass,False,0.000244683789787814
i2t,2549,People walk in the sunshine.,2549,People walk in the sunshine.,True,0.17204153537750244
i2t,2549,People walk down the street.,2549,People walk down the street.,True,0.07034923881292343
i2t,2549,People walk in the area.,2549,People walk in the area.,True,0.009297245182096958
i2t,2549,A person takes a walk in a city.,2549,A person takes a walk in a city.,True,0.06073932722210884
i2t,2549,People play during the day,2549,People play during the day,False,0.00017412826127838343
i2t,2549,Two people are traveling in the city.,2549,Two people are traveling in the city.,False,0.009758912026882172
i2t,2549,People walk in town.,2549,People walk in town.,True,0.420863538980484
i2t,2549,A person can bring up an emotion with a photo.,2549,A person can bring up an emotion with a photo.,False,0.0043507968075573444
i2t,2549,People walking in the city.,2549,People walking in the city.,True,0.09371821582317352
i2t,2549,The people are walking in the town.,2549,The people are walking in the town.,True,0.022598309442400932
i2t,2549,People wandering in the street.,2549,People wandering in the street.,True,0.07718278467655182
i2t,2549,People walking in a town.,2549,People walking in a town.,True,0.08570446074008942
i2t,2549,They walk on the brick road.,2549,They walk on the brick road.,True,0.20427024364471436
i2t,2549,People walk on an avenue.,2549,People walk on an avenue.,True,0.06376476585865021
i2t,2549,A couple touch and walk down the street.,2549,A couple touch and walk down the street.,True,0.10823602229356766
i2t,2549,People has arrived in the city.,2549,People has arrived in the city.,False,0.0012640944914892316
i2t,2549,The women walk on the street.,2549,The women walk on the street.,True,0.0009360090480186045
i2t,2549,People are walking in the area.,2549,People are walking in the area.,True,0.01676572673022747
i2t,2549,A lady walking down the street.,2549,A lady walking down the street.,True,0.0021612306591123343
i2t,2549,a couple walk down the street,2549,a couple walk down the street,True,0.15123505890369415
i2t,2549,A man walking in the street.,2549,A man walking in the street.,True,0.007848020642995834
i2t,2549,Tourists are strolling on the street.,2549,Tourists are strolling on the street.,True,0.09462805837392807
i2t,2549,A crowd of people in the street.,2549,A crowd of people in the street.,True,0.010500490665435791
i2t,2549,person see a street,2549,person see a street,True,0.006191085558384657
i2t,2549,Children walking down a street.,2549,Children walking down a street.,False,0.0002317235484952107
i2t,2549,A person wander in the street,2549,A person wander in the street,True,0.005572889000177383
i2t,2549,Woman walking in a city with a man,2549,Woman walking in a city with a man,True,0.13527245819568634
i2t,2549,People walk near buildings,2549,People walk near buildings,True,0.03943425416946411
i2t,2549,People walk at sunset.,2549,People walk at sunset.,False,0.5018291473388672
i2t,2549,The women walk in the city.,2549,The women walk in the city.,True,0.0009694776963442564
i2t,6138,"The boat is floating on the water,",6138,"The boat is floating on the water,",True,0.0026015727780759335
i2t,6138,A woman is paddling the boat.,6138,A woman is paddling the boat.,True,0.21478627622127533
i2t,6138,The woman paddles a boat.,6138,The woman paddles a boat.,True,0.2094918191432953
i2t,6138,The woman drives the boat.,6138,The woman drives the boat.,True,0.0023419966455549
i2t,6138,A person enjoys some water sports.,6138,A person enjoys some water sports.,True,0.0008111692732200027
i2t,6138,A person is riding in the boat.,6138,A person is riding in the boat.,True,0.0013375200796872377
i2t,6138,the person looks nice,6138,the person looks nice,True,9.875488103716634e-06
i2t,6138,A person posting a picture.,6138,A person posting a picture.,False,4.335871562943794e-05
i2t,6138,this person makes the image,6138,this person makes the image,True,2.455864887451753e-05
i2t,6138,A person drives a boat.,6138,A person drives a boat.,True,7.36367583158426e-05
i2t,6138,A woman kayaking in a lake.,6138,A woman kayaking in a lake.,True,0.697854220867157
i2t,6138,A woman is kayaking on the lake.,6138,A woman is kayaking on the lake.,True,0.803688645362854
i2t,6138,A woman paddles the boat.,6138,A woman paddles the boat.,True,0.14811186492443085
i2t,6138,The woman kayaks across the lake.,6138,The woman kayaks across the lake.,True,0.729693591594696
i2t,6138,Woman sitting on lake,6138,Woman sitting on lake,True,0.36787787079811096
i2t,6138,A person canoeing on a lake.,6138,A person canoeing on a lake.,True,0.02045569382607937
i2t,6138,Pretty girl floats in the water.,6138,Pretty girl floats in the water.,True,0.0218304842710495
i2t,6138,A girl driving a boat,6138,A girl driving a boat,True,0.007731729187071323
i2t,6138,A woman sitting on a boat.,6138,A woman sitting on a boat.,True,0.011678438633680344
i2t,6138,A woman driving a boat.,6138,A woman driving a boat.,True,0.0037389742210507393
i2t,6138,The girl sits on a boat,6138,The girl sits on a boat,True,0.020057199522852898
i2t,6138,A man is driving a boat.,6138,A man is driving a boat.,False,0.00010322617163183168
i2t,6138,The person is kayaking in the lake.,6138,The person is kayaking in the lake.,True,0.003204147331416607
i2t,6138,A person is kayaking at a lake.,6138,A person is kayaking at a lake.,True,0.01051222812384367
i2t,6138,A person using a canoe on a lake,6138,A person using a canoe on a lake,True,0.01798252947628498
i2t,6138,A person canoeing down a river.,6138,A person canoeing down a river.,True,0.004628085531294346
i2t,602,A person run in the city,602,A person run in the city,True,0.14111678302288055
i2t,602,A person takes a run on street,602,A person takes a run on street,True,0.17464077472686768
i2t,602,person running in street,602,person running in street,True,0.1516042947769165
i2t,602,A person runs as a player in competitive sport.,602,A person runs as a player in competitive sport.,False,0.0034178474452346563
i2t,602,Woman run on the street.,602,Woman run on the street.,True,0.8811468482017517
i2t,602,The woman training as a runner.,602,The woman training as a runner.,True,0.4083099961280823
i2t,602,A person runs in the city.,602,A person runs in the city.,True,0.13858568668365479
i2t,602,person run on the road,602,person run on the road,True,0.08899415284395218
i2t,602,The woman is running on the street,602,The woman is running on the street,True,0.5860663652420044
i2t,602,the person is running in a Team,602,the person is running in a Team,False,0.001829263404943049
i2t,602,The woman runs in the city.,602,The woman runs in the city.,True,0.8055891394615173
i2t,602,girl running on the street,602,girl running on the street,True,0.7135566473007202
i2t,602,A girl is running on the street.,602,A girl is running on the street.,True,0.6469702124595642
i2t,602,Woman runs on road.,602,Woman runs on road.,True,0.7775866389274597
i2t,602,A woman running on the street.,602,A woman running on the street.,True,0.4639289975166321
i2t,602,The woman runs through the city.,602,The woman runs through the city.,True,0.7664657235145569
i2t,602,A girl running on the street.,602,A girl running on the street.,True,0.4525125324726105
i2t,602,A woman runs on the street.,602,A woman runs on the street.,True,0.4261849820613861
i2t,602,The athlete is in a running session.,602,The athlete is in a running session.,True,0.026802923530340195
i2t,602,person is a dancing person,602,person is a dancing person,False,0.007691872306168079
i2t,602,woman runs track and field,602,woman runs track and field,False,0.07082229107618332
i2t,602,A woman is running on a trail.,602,A woman is running on a trail.,False,0.0006338039529509842
i2t,602,The girl stands in the front.,602,The girl stands in the front.,False,0.022165220230817795
i2t,602,Person standing at a station.,602,Person standing at a station.,False,0.00295439176261425
i2t,602,The woman is training with a mile run.,602,The woman is training with a mile run.,True,0.04997210577130318
i2t,602,The woman is jogging down the road.,602,The woman is jogging down the road.,True,0.07815402001142502
i2t,602,A woman runs in the rain,602,A woman runs in the rain,False,0.18520252406597137
i2t,602,A woman runs in the day,602,A woman runs in the day,True,0.21231040358543396
i2t,602,A woman is jogging on the road.,602,A woman is jogging on the road.,True,0.15800213813781738
i2t,602,A woman walking in training shoes.,602,A woman walking in training shoes.,True,0.04823354631662369
i2t,602,A woman jogging in the park.,602,A woman jogging in the park.,False,0.051999930292367935
i2t,602,A woman is jogging in a park.,602,A woman is jogging in a park.,False,0.05471401661634445
i2t,602,A woman jogging on the road.,602,A woman jogging on the road.,True,0.08656670898199081
i2t,602,A woman jogging on a road.,602,A woman jogging on a road.,True,0.050553616136312485
i2t,602,A casually dressed girl runs down the street,602,A casually dressed girl runs down the street,False,0.22791630029678345
i2t,602,A woman jogs in a park.,602,A woman jogs in a park.,False,0.03671826422214508
i2t,602,A woman runs in the park.,602,A woman runs in the park.,False,0.06484478712081909
i2t,602,A woman running in a street.,602,A woman running in a street.,True,0.3482547700405121
i2t,602,A woman jogs in the road.,602,A woman jogs in the road.,True,0.08990016579627991
i2t,10591,this person makes the image,10591,this person makes the image,False,7.908879524620716e-06
i2t,10591,A couple expecting a baby,10591,A couple expecting a baby,True,0.07959017157554626
i2t,10591,the person looks nice,10591,the person looks nice,True,2.2088715923018754e-06
i2t,10591,The woman is using a camera.,10591,The woman is using a camera.,False,3.6173194075672654e-06
i2t,10591,A woman is expecting a baby.,10591,A woman is expecting a baby.,True,0.005260390695184469
i2t,10591,The woman has a look on her face.,10591,The woman has a look on her face.,False,3.7477527712326264e-06
i2t,10591,The woman will lie in bed with her child.,10591,The woman will lie in bed with her child.,False,5.485715973918559e-06
i2t,10591,The woman will take a photo with her camera.,10591,The woman will take a photo with her camera.,False,8.430184607277624e-06
i2t,10591,the child runs in the field,10591,the child runs in the field,False,1.786407119652722e-05
i2t,10591,The people look like a happy pair.,10591,The people look like a happy pair.,True,3.843659669655608e-06
i2t,10591,A couple kiss in a meadow.,10591,A couple kiss in a meadow.,True,0.04312114790081978
i2t,10591,A couple standing in a meadow.,10591,A couple standing in a meadow.,True,0.005137339234352112
i2t,10591,A couple standing on the meadow,10591,A couple standing on the meadow,True,0.006665447726845741
i2t,10591,A couple walking in the meadow.,10591,A couple walking in the meadow.,False,0.0005927684251219034
i2t,10591,A couple walking on the meadow,10591,A couple walking on the meadow,False,0.0005842513055540621
i2t,10591,A couple sits in a meadow.,10591,A couple sits in a meadow.,False,0.00012443959712982178
i2t,10591,A couple walks through a meadow.,10591,A couple walks through a meadow.,False,0.00013650594337377697
i2t,10591,A couple lies in the meadow.,10591,A couple lies in the meadow.,False,0.00014845974510535598
i2t,10591,The couple is standing in the field kissing.,10591,The couple is standing in the field kissing.,True,0.013280735351145267
i2t,10591,A couple are sitting at a field.,10591,A couple are sitting at a field.,False,6.299466622294858e-05
i2t,10591,A couple is embracing each other.,10591,A couple is embracing each other.,True,0.00012827137834392488
i2t,10591,A man and woman are kissing.,10591,A man and woman are kissing.,True,0.0006076840218156576
i2t,10591,A man kissing a woman.,10591,A man kissing a woman.,True,0.0019119202625006437
i2t,10591,A couple is laying in the grass.,10591,A couple is laying in the grass.,False,9.804189176065847e-06
i2t,10591,The woman stood in the grass.,10591,The woman stood in the grass.,True,0.00014352182915899903
i2t,10591,The man stands in the field.,10591,The man stands in the field.,True,0.00018746161367744207
i2t,10591,A couple kisses the other.,10591,A couple kisses the other.,True,0.005915052257478237
i2t,10591,The man kisses his wife.,10591,The man kisses his wife.,True,0.013219400309026241
i2t,10591,A man kisses his wife.,10591,A man kisses his wife.,True,0.007787021342664957
i2t,10591,The man kisses his girlfriend.,10591,The man kisses his girlfriend.,True,0.005717879626899958
i2t,10591,A man kisses his girlfriend.,10591,A man kisses his girlfriend.,True,0.0041630566120147705
i2t,10591,The couple embraces each other.,10591,The couple embraces each other.,True,0.002814777661114931
i2t,10591,A couple hugs each other.,10591,A couple hugs each other.,False,0.0002989073400385678
i2t,10591,A couple kisses in the park.,10591,A couple kisses in the park.,True,0.0004870463162660599
i2t,10591,A couple kiss in the park.,10591,A couple kiss in the park.,True,0.0003222595260012895
i2t,10591,A woman kisses a man.,10591,A woman kisses a man.,True,0.003058652626350522
i2t,10591,A person kisses his bride in a field,10591,A person kisses his bride in a field,False,0.0002941775310318917
i2t,10591,The couple lies in the meadow.,10591,The couple lies in the meadow.,False,0.0004211439227219671
i2t,10591,A couple sitting in a meadow,10591,A couple sitting in a meadow,False,0.0003434520913287997
i2t,5238,A man is cooking food.,5238,A man is cooking food.,True,0.003688623895868659
i2t,5238,man cook in kitchen,5238,man cook in kitchen,True,0.9050707221031189
i2t,5238,A man is preparing food.,5238,A man is preparing food.,True,0.0025194245390594006
i2t,5238,A man cooks food.,5238,A man cooks food.,True,0.14497552812099457
i2t,5238,A woman is cooking food.,5238,A woman is cooking food.,False,7.014335278654471e-05
i2t,5238,A man stands in the kitchen,5238,A man stands in the kitchen,True,0.031845591962337494
i2t,5238,A man cooks in the kitchen.,5238,A man cooks in the kitchen.,True,0.3452823758125305
i2t,5238,A man is standing in the kitchen.,5238,A man is standing in the kitchen.,True,0.5035354495048523
i2t,5238,man ready to cook vegetables,5238,man ready to cook vegetables,True,0.07578890770673752
i2t,5238,The chef prepares a meal.,5238,The chef prepares a meal.,True,0.0008455435163341463
i2t,5238,A man is standing in the kitchen drying dishes.,5238,A man is standing in the kitchen drying dishes.,False,0.08706693351268768
i2t,5238,The man prepares the food.,5238,The man prepares the food.,True,0.0029824019875377417
i2t,5238,A man preparing a meal.,5238,A man preparing a meal.,True,0.007601134479045868
i2t,5238,The man will sit in the kitchen.,5238,The man will sit in the kitchen.,False,0.00043596766772679985
i2t,5238,A man sitting on the kitchen floor,5238,A man sitting on the kitchen floor,False,0.000543737318366766
i2t,5238,A man stands in a kitchen.,5238,A man stands in a kitchen.,True,0.009535073302686214
i2t,5238,A man preparing food.,5238,A man preparing food.,True,0.008890872821211815
i2t,5238,A woman cooks in the kitchen.,5238,A woman cooks in the kitchen.,False,0.000320944469422102
i2t,5238,A woman cooks food.,5238,A woman cooks food.,False,0.00013408524682745337
i2t,5238,A man cooking meat.,5238,A man cooking meat.,True,0.01389702595770359
i2t,83,is this puppy running in the field?,83,is this puppy running in the field?,False,0.06546854972839355
i2t,83,A puppy is walking in a field.,83,A puppy is walking in a field.,False,0.023006852716207504
i2t,83,The person displays one image.,83,The person displays one image.,False,3.814941010205075e-06
i2t,83,this person makes the image,83,this person makes the image,False,0.00011566837929422036
i2t,83,A puppy is standing in the grass.,83,A puppy is standing in the grass.,True,0.07738232612609863
i2t,83,A puppy stands in a field.,83,A puppy stands in a field.,True,0.025180432945489883
i2t,83,A dog is looking at the camera.,83,A dog is looking at the camera.,False,0.00017614217358641326
i2t,83,A puppy runs on a field.,83,A puppy runs on a field.,False,0.0022470613475888968
i2t,83,Which person looks like this one?,83,Which person looks like this one?,False,0.0002011559990933165
i2t,83,A person posting a picture.,83,A person posting a picture.,False,2.4037304683588445e-05
i2t,83,A puppy stands in the grass.,83,A puppy stands in the grass.,True,0.07620491832494736
i2t,83,Puppy standing in grass.,83,Puppy standing in grass.,True,0.7806411981582642
i2t,83,puppy walk on the grass,83,puppy walk on the grass,True,0.18968527019023895
i2t,83,The puppy stands in the grass.,83,The puppy stands in the grass.,True,0.07688849419355392
i2t,83,A puppy is standing on a meadow.,83,A puppy is standing on a meadow.,True,0.035694681107997894
i2t,83,A puppy standing in a meadow.,83,A puppy standing in a meadow.,True,0.034381523728370667
i2t,83,Puppy walking in a field.,83,Puppy walking in a field.,False,0.07072443515062332
i2t,83,A dog stands in the grass.,83,A dog stands in the grass.,True,0.008866551332175732
i2t,83,The puppy stands in the field.,83,The puppy stands in the field.,True,0.029925012961030006
i2t,83,The dog stands in the grass.,83,The dog stands in the grass.,True,0.010025102645158768
i2t,83,The dog is standing in the lawn.,83,The dog is standing in the lawn.,True,0.001535984454676509
i2t,83,The puppy is sitting on the grass.,83,The puppy is sitting on the grass.,False,0.0007536145858466625
i2t,83,A dog standing on the lawn.,83,A dog standing on the lawn.,True,0.006266717799007893
i2t,83,puppy sit on rthe grass,83,puppy sit on rthe grass,False,0.1004800796508789
i2t,83,A dog standing on the grass.,83,A dog standing on the grass.,True,0.009855358861386776
i2t,83,The dog stands on the grass.,83,The dog stands on the grass.,True,0.01478651911020279
i2t,83,The puppy stands in the background.,83,The puppy stands in the background.,False,0.0077857584692537785
i2t,83,A puppy lays in the background,83,A puppy lays in the background,False,0.0002415934723103419
i2t,83,dog stand,83,dog stand,True,0.0012386003509163857
i2t,83,The puppy walks through the grass.,83,The puppy walks through the grass.,False,0.017813879996538162
i2t,83,A puppy stands in a place that isn't a garden.,83,A puppy stands in a place that isn't a garden.,False,0.0312749445438385
i2t,83,A puppy sits on the grass.,83,A puppy sits on the grass.,False,0.00112257176078856
i2t,83,A puppy sits in the grass.,83,A puppy sits in the grass.,False,0.0009543751366436481
i2t,3390,A person takes a step on their walk.,3390,A person takes a step on their walk.,True,0.04246627911925316
i2t,3390,A person walks in a forest.,3390,A person walks in a forest.,True,0.7706130146980286
i2t,3390,A person goes into a forest.,3390,A person goes into a forest.,True,0.44202008843421936
i2t,3390,A man has a walk on a trail.,3390,A man has a walk on a trail.,True,0.5174572467803955
i2t,3390,A man runs on the trail.,3390,A man runs on the trail.,False,0.3962312340736389
i2t,3390,A person walking in the woods.,3390,A person walking in the woods.,True,0.6508423686027527
i2t,3390,A man walks through the forrest.,3390,A man walks through the forrest.,True,0.9590772986412048
i2t,3390,A man runs in a wood.,3390,A man runs in a wood.,False,0.583264172077179
i2t,3390,A man goes for a walk on a path.,3390,A man goes for a walk on a path.,True,0.28222012519836426
i2t,3390,A man runs in a forest.,3390,A man runs in a forest.,False,0.7725580334663391
i2t,3390,A man walking in a forest.,3390,A man walking in a forest.,True,0.8618775606155396
i2t,3390,A man walks through the forest.,3390,A man walks through the forest.,True,0.8942505121231079
i2t,3390,A man walking through trees.,3390,A man walking through trees.,True,0.5034263730049133
i2t,3390,boy walking in forest,3390,boy walking in forest,True,0.9654788970947266
i2t,3390,A boy walking in a forest.,3390,A boy walking in a forest.,True,0.7803552150726318
i2t,3390,A man jogs through the forest.,3390,A man jogs through the forest.,False,0.7522403001785278
i2t,3390,A man hikes through the forest.,3390,A man hikes through the forest.,True,0.7714096903800964
i2t,3390,A man walking on a trail,3390,A man walking on a trail,True,0.5756276845932007
i2t,3390,A man is hiking on a trail.,3390,A man is hiking on a trail.,True,0.22324730455875397
i2t,3390,Man walks on a path.,3390,Man walks on a path.,True,0.17237545549869537
i2t,3390,Men are walking on a trail.,3390,Men are walking on a trail.,True,0.030003707855939865
i2t,3390,A man walks with no other persons,3390,A man walks with no other persons,True,0.04170030727982521
i2t,3390,A woman walking towards the woods.,3390,A woman walking towards the woods.,False,0.0581938810646534
i2t,3390,A man standing in the forest.,3390,A man standing in the forest.,False,0.14522705972194672
i2t,3390,this person goes through the forest,3390,this person goes through the forest,True,0.21492576599121094
i2t,3390,People walking through the forest.,3390,People walking through the forest.,False,0.051231496036052704
i2t,3390,Bride walking in the forest.,3390,Bride walking in the forest.,False,0.00018909850041382015
i2t,3390,Children walking in the forest.,3390,Children walking in the forest.,False,0.009486774913966656
i2t,3390,man walk on the forest,3390,man walk on the forest,True,0.5441383123397827
i2t,3390,person walk in the forest,3390,person walk in the forest,True,0.09863170981407166
i2t,3390,a man hikes in the forest,3390,a man hikes in the forest,True,0.7076901793479919
i2t,3390,A man hikes in the forest.,3390,A man hikes in the forest.,True,0.7076901793479919
i2t,3390,A man hikes in a forest.,3390,A man hikes in a forest.,True,0.758202314376831
i2t,3390,A boy walks in the forest.,3390,A boy walks in the forest.,True,0.765164852142334
i2t,6597,actor goes to premier,6597,actor goes to premier,True,0.0020263753831386566
i2t,6597,the person looks nice,6597,the person looks nice,True,1.5240405446093064e-05
i2t,6597,The actors arrived at the debut,6597,The actors arrived at the debut,True,8.136942778946832e-05
i2t,6597,Where did the actor go dressed up?,6597,Where did the actor go dressed up?,False,0.009251538664102554
i2t,6597,The actor stuns in her dress.,6597,The actor stuns in her dress.,True,0.0008386396220885217
i2t,6597,Two actor attending the red carpet,6597,Two actor attending the red carpet,True,0.07752706855535507
i2t,6597,An actor arrives with another person.,6597,An actor arrives with another person.,True,6.469125946750864e-05
i2t,6597,Actors that appear in a film,6597,Actors that appear in a film,False,0.0006446298211812973
i2t,6597,The person looks sharp and is dressed smartly.,6597,The person looks sharp and is dressed smartly.,True,9.009741006593686e-06
i2t,6597,The person changed her dress,6597,The person changed her dress,False,1.6296315152430907e-05
i2t,6597,An actors walks on the red carpet.,6597,An actors walks on the red carpet.,False,0.0013728563208132982
i2t,6597,An actor arrives at the award ceremony with an actress wearing a gown.,6597,An actor arrives at the award ceremony with an actress wearing a gown.,True,0.0006198951159603894
i2t,6597,An actor attended a red carpet for the britich category,6597,An actor attended a red carpet for the britich category,True,0.002373852301388979
i2t,6597,Two actors pose for a movie festival.,6597,Two actors pose for a movie festival.,True,0.08174697309732437
i2t,6597,Two actors arrive for a fashion show.,6597,Two actors arrive for a fashion show.,True,0.00012811136548407376
i2t,6597,A pair of scriptwriters arriving at a premiere,6597,A pair of scriptwriters arriving at a premiere,True,9.724903793539852e-05
i2t,6597,The actors arrive at the movie premiere.,6597,The actors arrive at the movie premiere.,True,0.00016985295224003494
i2t,6597,Actors arrive at a festival.,6597,Actors arrive at a festival.,True,0.00038544542621821165
i2t,6597,They will attend the celebration in person.,6597,They will attend the celebration in person.,False,0.00023565493756905198
i2t,6597,An actor is in a suit.,6597,An actor is in a suit.,True,2.005188616749365e-05
i2t,6597,An actor is wearing a skirt.,6597,An actor is wearing a skirt.,False,5.536044045584276e-05
i2t,6597,Actresses arrive at a premiere,6597,Actresses arrive at a premiere,True,0.00010052019206341356
i2t,6597,how can an actor be their best actor?,6597,how can an actor be their best actor?,False,0.0018534897826611996
i2t,6597,The people look like a happy pair.,6597,The people look like a happy pair.,True,7.988594006747007e-06
i2t,6597,An actress arrives at a premiere.,6597,An actress arrives at a premiere.,True,8.194352631107904e-06
i2t,6597,Three actors attending a screening.,6597,Three actors attending a screening.,False,0.0020208621863275766
i2t,6597,The actors pose at the premiere.,6597,The actors pose at the premiere.,True,2.697393028938677e-05
i2t,6597,An actor attending a film event.,6597,An actor attending a film event.,True,0.0002795254986267537
i2t,6597,An actor attending a film show,6597,An actor attending a film show,True,0.00018772116163745522
i2t,6597,An actor attends the ceremony.,6597,An actor attends the ceremony.,True,5.460437751025893e-05
i2t,6597,An actor appears at a premiere.,6597,An actor appears at a premiere.,True,2.7831321858684532e-05
i2t,6597,Actors pose in for film premiere.,6597,Actors pose in for film premiere.,True,0.0008365378016605973
i2t,6597,The person arrives at a premiere.,6597,The person arrives at a premiere.,True,8.166326733771712e-05
i2t,6597,Actors attend the red carpet.,6597,Actors attend the red carpet.,True,0.000822208821773529
i2t,6597,A actor arrives in a dress.,6597,A actor arrives in a dress.,False,0.00023310762480832636
i2t,6597,actor arrives in gown.,6597,actor arrives in gown.,True,2.2785368855693378e-05
i2t,6597,A person is posing at the premiere.,6597,A person is posing at the premiere.,True,2.2375246771844104e-05
i2t,6597,A woman arrives at a film premier.,6597,A woman arrives at a film premier.,True,3.8920123188290745e-05
i2t,6597,Actors pose at a premiere.,6597,Actors pose at a premiere.,True,1.6208916349569336e-05
i2t,6597,An actress arrives at a film premiere.,6597,An actress arrives at a film premiere.,True,3.455006662989035e-05
i2t,6597,Actors pose at the screening.,6597,Actors pose at the screening.,True,9.803731700230855e-06
i2t,10498,this person makes the image,10498,this person makes the image,False,0.0010162706021219492
i2t,10498,person celebrates game,10498,person celebrates game,False,0.00042607399518601596
i2t,10498,The person jumps in the air.,10498,The person jumps in the air.,True,0.013535134494304657
i2t,10498,A person jumps in the air,10498,A person jumps in the air,True,0.20245668292045593
i2t,10498,The player leaped in the air,10498,The player leaped in the air,False,5.6188022426795214e-05
i2t,10498,an actor will portray a character,10498,an actor will portray a character,False,6.016727274982259e-05
i2t,10498,A man is jumping off a cliff.,10498,A man is jumping off a cliff.,False,0.04741617292165756
i2t,10498,A person jumps in front of a background.,10498,A person jumps in front of a background.,True,0.8510437607765198
i2t,10498,The person displays one image.,10498,The person displays one image.,False,0.000762789451982826
i2t,10498,a person takes a jump,10498,a person takes a jump,True,0.0039464510045945644
i2t,10498,A man jumps in the air.,10498,A man jumps in the air.,True,0.503728449344635
i2t,10498,a person is jumping with a white background.,10498,a person is jumping with a white background.,True,0.9122087955474854
i2t,10498,A man is jumping in a field.,10498,A man is jumping in a field.,False,0.0626271665096283
i2t,10498,A man jumps in a field,10498,A man jumps in a field,False,0.005135567393153906
i2t,10498,The man jumped across the mountain.,10498,The man jumped across the mountain.,False,0.005138385109603405
i2t,10498,A man is jumping at the field.,10498,A man is jumping at the field.,False,0.025571735575795174
i2t,10498,The businessman runs with his briefcase.,10498,The businessman runs with his briefcase.,False,0.004465419799089432
i2t,10498,The man jumps over the tree.,10498,The man jumps over the tree.,False,0.004931768402457237
i2t,10498,A  man jump in the mountain,10498,A  man jump in the mountain,False,0.00403616763651371
i2t,10498,a man jumping in the background,10498,a man jumping in the background,True,0.005874910391867161
i2t,10498,a man doing a dance,10498,a man doing a dance,False,0.00043707521399483085
i2t,10498,A man waving his hand.,10498,A man waving his hand.,False,0.0003714107151608914
i2t,10498,a man raises his arm,10498,a man raises his arm,True,0.00047451991122215986
i2t,10498,Man stepping Up,10498,Man stepping Up,False,0.002055514371022582
i2t,10498,A man raising his arm.,10498,A man raising his arm.,True,0.0006518063019029796
i2t,10498,person is a dancing person,10498,person is a dancing person,False,0.000605415552854538
i2t,10498,A person jumping in the air,10498,A person jumping in the air,True,0.15135912597179413
i2t,10498,A man is jumping in the background.,10498,A man is jumping in the background.,True,0.058376576751470566
i2t,10498,A person leaps in the air.,10498,A person leaps in the air.,True,0.2272941768169403
i2t,10498,A person celebrating the crowd,10498,A person celebrating the crowd,False,0.006754487287253141
i2t,10498,person celebrate in a sport player,10498,person celebrate in a sport player,False,0.0013701369753107429
i2t,10498,A person is performing a celebration.,10498,A person is performing a celebration.,True,0.0019713672809302807
i2t,10498,a person celebrate a fan,10498,a person celebrate a fan,False,0.0006524032214656472
i2t,10498,A person celebrates at an event.,10498,A person celebrates at an event.,False,0.006888042204082012
i2t,10498,The businessman raises his hand.,10498,The businessman raises his hand.,True,0.0033119330182671547
i2t,10498,A person raising his arms.,10498,A person raising his arms.,True,0.004015194717794657
i2t,10498,The coach is trying to celebrate with the player.,10498,The coach is trying to celebrate with the player.,False,2.9705814085900784e-05
i2t,10498,A player celebrates his success as an athlete.,10498,A player celebrates his success as an athlete.,False,0.0005474226200021803
i2t,10498,This person is a player celebrating a win.,10498,This person is a player celebrating a win.,False,0.006816274486482143
i2t,10498,the businessman raised his hand,10498,the businessman raised his hand,True,0.0025385853368788958
i2t,10498,A person celebrating after wining a video game.,10498,A person celebrating after wining a video game.,False,0.0326094925403595
i2t,10498,A person jumps in celebration at the beach.,10498,A person jumps in celebration at the beach.,False,0.004855456296354532
i2t,10498,A person celebrates winning a championship.,10498,A person celebrates winning a championship.,False,0.0011857321951538324
i2t,5198,A person stand with the team,5198,A person stand with the team,False,0.0005124825402162969
i2t,5198,The person looks at the team.,5198,The person looks at the team.,True,0.0003360174014233053
i2t,5198,A PICTURE OF A TEAM PLAYER BRINGS UNITY,5198,A PICTURE OF A TEAM PLAYER BRINGS UNITY,False,0.001155878882855177
i2t,5198,A group of people run as a team,5198,A group of people run as a team,False,3.082464900217019e-05
i2t,5198,The team line up at a match,5198,The team line up at a match,False,0.0017898072255775332
i2t,5198,players celebration,5198,players celebration,False,0.010002464056015015
i2t,5198,player thanks fans,5198,player thanks fans,False,0.0018446994945406914
i2t,5198,The players win the league.,5198,The players win the league.,False,0.0006847225595265627
i2t,5198,half of the players reaction after the game.,5198,half of the players reaction after the game.,False,0.0034464311320334673
i2t,5198,players are stand in the pitch,5198,players are stand in the pitch,False,0.0032512967009097338
i2t,5198,Players standing for the anthem.,5198,Players standing for the anthem.,False,0.011347985826432705
i2t,5198,The players stand by while the referee looks to the sideline.,5198,The players stand by while the referee looks to the sideline.,False,0.011197585612535477
i2t,5198,The players fight for change before their match.,5198,The players fight for change before their match.,False,0.0004175445646978915
i2t,5198,Players line up during a match.,5198,Players line up during a match.,False,0.0007193660130724311
i2t,5198,Players walking onto the pitch.,5198,Players walking onto the pitch.,True,0.0008778094197623432
i2t,5198,Players walk onto the pitch.,5198,Players walk onto the pitch.,True,0.0007256026729010046
i2t,5198,Players walk by the pitch.,5198,Players walk by the pitch.,True,0.0009540925384499133
i2t,5198,Players are walking on the pitch.,5198,Players are walking on the pitch.,True,0.00037164290552027524
i2t,5198,Players stands on the sideline,5198,Players stands on the sideline,False,0.004061074461787939
i2t,5198,Players are celebrating with their team,5198,Players are celebrating with their team,False,2.1961239326628856e-05
i2t,5198,A player wanted to leave the team,5198,A player wanted to leave the team,False,0.00023926969151943922
i2t,5198,Players are looking from the sideline.,5198,Players are looking from the sideline.,False,0.000630463648121804
i2t,5198,Players walking on the sideline.,5198,Players walking on the sideline.,True,0.0017955814255401492
i2t,5198,Players looking on a field.,5198,Players looking on a field.,True,0.0018894090317189693
i2t,5198,Players are walking on the sideline.,5198,Players are walking on the sideline.,True,0.00042508088517934084
i2t,5198,the players stand in the sideline,5198,the players stand in the sideline,False,0.002580207074061036
i2t,5198,The players are walking onto the pitch to begin the match.,5198,The players are walking onto the pitch to begin the match.,True,0.0035804230719804764
i2t,5198,The players stood in line at the match.,5198,The players stood in line at the match.,False,0.007544044870883226
i2t,5198,Players are standing on a sideline.,5198,Players are standing on a sideline.,False,0.002009687013924122
i2t,5198,Players walk before the match.,5198,Players walk before the match.,True,0.00042420305544510484
i2t,5198,The players hold their jerseys.,5198,The players hold their jerseys.,False,0.00030982468160800636
i2t,5198,Players walk to their match.,5198,Players walk to their match.,True,0.0009383234428241849
i2t,5198,The team enters the field.,5198,The team enters the field.,True,0.0002103962324326858
i2t,5198,Players stand in a circle before a soccer match.,5198,Players stand in a circle before a soccer match.,False,0.001179255428723991
i2t,5198,The Players are walking the field before the match.,5198,The Players are walking the field before the match.,True,0.0009746156865730882
i2t,5198,The people in the stands watch the players have a soccer match.,5198,The people in the stands watch the players have a soccer match.,True,8.39588901726529e-05
i2t,5198,Players kneeling during the anthem.,5198,Players kneeling during the anthem.,False,0.00026333017740398645
i2t,532,A person posting a picture.,532,A person posting a picture.,False,8.549851190764457e-05
i2t,532,Man sits in his office,532,Man sits in his office,True,0.2652248442173004
i2t,532,A person sits and shops online,532,A person sits and shops online,False,5.710231198463589e-05
i2t,532,A person sits in an office.,532,A person sits in an office.,True,0.0020444472320377827
i2t,532,A man is using a computer.,532,A man is using a computer.,True,0.0029012879822403193
i2t,532,Man sits in front of a computer,532,Man sits in front of a computer,True,0.0491616427898407
i2t,532,this person makes the image,532,this person makes the image,False,2.3650123694096692e-05
i2t,532,The man looks at the computer.,532,The man looks at the computer.,False,0.0020919092930853367
i2t,532,The person displays one image.,532,The person displays one image.,False,1.0509498679311946e-05
i2t,532,The business man is sitting in a chair.,532,The business man is sitting in a chair.,True,0.0045799147337675095
i2t,532,A business man is leaning on a desk.,532,A business man is leaning on a desk.,True,0.22404666244983673
i2t,532,A man sitting in an office.,532,A man sitting in an office.,True,0.030344856902956963
i2t,532,The man sits at the desk.,532,The man sits at the desk.,True,0.005172655452042818
i2t,532,The tired person sits in the office.,532,The tired person sits in the office.,False,0.00034787520417012274
i2t,532,A businessman sits at a desk.,532,A businessman sits at a desk.,True,0.03876657038927078
i2t,532,A man sitting at a desk.,532,A man sitting at a desk.,True,0.006582739297300577
i2t,532,Man standing at a desk.,532,Man standing at a desk.,False,0.007263894658535719
i2t,532,A man sitting on a desk,532,A man sitting on a desk,False,0.0031081719789654016
i2t,532,The man stands in front of the desk.,532,The man stands in front of the desk.,False,0.003847204614430666
i2t,532,A man has no room to sit in the office,532,A man has no room to sit in the office,False,0.011903396807610989
i2t,532,The person stands in the office,532,The person stands in the office,False,2.1695617760997266e-05
i2t,532,The man is standing at a desk.,532,The man is standing at a desk.,False,0.004115064162760973
i2t,532,The man used his computer,532,The man used his computer,True,0.005407838616520166
i2t,532,A man uses a computer.,532,A man uses a computer.,True,0.0008660663734190166
i2t,532,A man sits at a desk.,532,A man sits at a desk.,True,0.0026251887902617455
i2t,532,A man stands at his desk.,532,A man stands at his desk.,False,0.00325293792411685
i2t,532,A man standing at a desk.,532,A man standing at a desk.,False,0.003165810601785779
i2t,532,A man stands at a desk.,532,A man stands at a desk.,False,0.0005356789333745837
i2t,532,A man standing at a table on his computer.,532,A man standing at a table on his computer.,False,0.004959015641361475
i2t,532,A man stands in an office.,532,A man stands in an office.,False,0.0007136365165933967
i2t,3749,The person displays one image.,3749,The person displays one image.,False,0.06920225918292999
i2t,3749,A person standing by a window.,3749,A person standing by a window.,False,0.214480459690094
i2t,3749,A person sitting at a window.,3749,A person sitting at a window.,True,0.8277847766876221
i2t,3749,A person looks through a window.,3749,A person looks through a window.,False,0.6786597967147827
i2t,3749,A person stands next to a window.,3749,A person stands next to a window.,False,0.5554935336112976
i2t,3749,A person appears in an image.,3749,A person appears in an image.,True,0.10279244184494019
i2t,3749,The person in the photograph looks out the window.,3749,The person in the photograph looks out the window.,False,0.6433616280555725
i2t,3749,A person sits at a window.,3749,A person sits at a window.,True,0.8699373006820679
i2t,3749,The window gives the woman a good look.,3749,The window gives the woman a good look.,True,0.3827670216560364
i2t,3749,A person is walking near a window.,3749,A person is walking near a window.,False,0.7496263980865479
i2t,3749,A girl sits by a window.,3749,A girl sits by a window.,True,0.9732837677001953
i2t,3749,A girl sits at a window,3749,A girl sits at a window,True,0.9760679602622986
i2t,3749,A woman sits in a window.,3749,A woman sits in a window.,False,0.9590682983398438
i2t,3749,A girl is sitting by the window.,3749,A girl is sitting by the window.,True,0.9373370409011841
i2t,3749,A girl sits on a wall.,3749,A girl sits on a wall.,True,0.48813360929489136
i2t,3749,A woman sits on a windowsill.,3749,A woman sits on a windowsill.,False,0.8134647607803345
i2t,3749,A woman sits in the windowsill.,3749,A woman sits in the windowsill.,False,0.8882765173912048
i2t,3749,A woman sits in a window sill.,3749,A woman sits in a window sill.,False,0.9565121531486511
i2t,3749,A girl sits and waits.,3749,A girl sits and waits.,True,0.537604033946991
i2t,3749,Woman staring out window,3749,Woman staring out window,False,0.042684733867645264
i2t,3749,A MAN SITS IN THE WINDOWSILL,3749,A MAN SITS IN THE WINDOWSILL,False,0.7047696113586426
i2t,3749,A man sits near to the windowsill,3749,A man sits near to the windowsill,False,0.47771522402763367
i2t,3749,A child stand in the window,3749,A child stand in the window,False,0.694067656993866
i2t,3749,A woman walking by a window,3749,A woman walking by a window,False,0.6414672136306763
i2t,3749,man opening the window,3749,man opening the window,False,0.0042691645212471485
i2t,3749,Child looking through window,3749,Child looking through window,False,0.05748356133699417
i2t,3749,The woman stands at the window.,3749,The woman stands at the window.,False,0.2252681404352188
i2t,3749,A person looks through glass,3749,A person looks through glass,False,0.48492076992988586
i2t,3749,A child looks through a window.,3749,A child looks through a window.,False,0.5832056403160095
i2t,3749,A child is looking out the window.,3749,A child is looking out the window.,False,0.15760943293571472
i2t,3749,The person sit in the window opposite side,3749,The person sit in the window opposite side,True,0.8351339101791382
i2t,3749,Children peer through a window.,3749,Children peer through a window.,False,0.5399566888809204
i2t,3749,A girl can be seen sitting by the window.,3749,A girl can be seen sitting by the window.,True,0.7259544134140015
i2t,3749,A woman stands in front of a window.,3749,A woman stands in front of a window.,False,0.3311356008052826
i2t,3749,A woman looks out a window.,3749,A woman looks out a window.,False,0.4138672649860382
i2t,3749,The person will stand near the window.,3749,The person will stand near the window.,False,0.15734027326107025
i2t,3749,A boy stands near a window.,3749,A boy stands near a window.,False,0.24730262160301208
i2t,3749,A man stands in front of a window.,3749,A man stands in front of a window.,False,0.29265549778938293
i2t,3749,A woman staring out a window.,3749,A woman staring out a window.,False,0.11756802350282669
i2t,3749,A woman looks out the window.,3749,A woman looks out the window.,False,0.5243507623672485
i2t,7401,One person communicates with another.,7401,One person communicates with another.,True,0.03906465321779251
i2t,7401,The student learns in the classroom.,7401,The student learns in the classroom.,False,0.004994347225874662
i2t,7401,The species shake in the water.,7401,The species shake in the water.,False,1.5553567891402054e-06
i2t,7401,The person displays one image.,7401,The person displays one image.,False,0.004663886968046427
i2t,7401,The people look like a happy pair.,7401,The people look like a happy pair.,False,0.0005121250869706273
i2t,7401,The woman looked at her laptop.,7401,The woman looked at her laptop.,True,0.005186090245842934
i2t,7401,A woman is looking at her laptop.,7401,A woman is looking at her laptop.,True,0.1026807501912117
i2t,7401,A woman turns her head to the side.,7401,A woman turns her head to the side.,False,0.00031552111613564193
i2t,7401,A person sends a message to another person.,7401,A person sends a message to another person.,True,0.0031945519149303436
i2t,7401,A woman and a man are standing back to back.,7401,A woman and a man are standing back to back.,False,0.009938238188624382
i2t,7401,People smile in their pictures for the event,7401,People smile in their pictures for the event,True,0.04106376692652702
i2t,7401,A couple is sitting in front of a couch.,7401,A couple is sitting in front of a couch.,False,0.05684218183159828
i2t,7401,A couple is sitting on a sofa.,7401,A couple is sitting on a sofa.,False,0.037987951189279556
i2t,7401,Man looking at other women,7401,Man looking at other women,False,0.04140869528055191
i2t,7401,Woman looking at laptop,7401,Woman looking at laptop,True,0.01242310181260109
i2t,7401,A woman is holding a laptop.,7401,A woman is holding a laptop.,True,0.11206910759210587
i2t,7401,Women sit next to men.,7401,Women sit next to men.,True,0.0043758670799434185
i2t,7401,A couple sitting at home on the couch,7401,A couple sitting at home on the couch,False,0.0035760642495006323
i2t,7401,A woman holds a laptop,7401,A woman holds a laptop,True,0.11842631548643112
i2t,7401,A person sitting at home,7401,A person sitting at home,True,0.008679859340190887
i2t,7401,A man looking at a computer.,7401,A man looking at a computer.,True,0.07995578646659851
i2t,7401,A woman holding a computer.,7401,A woman holding a computer.,True,0.09660515934228897
i2t,7401,A couple sitting in a house,7401,A couple sitting in a house,False,0.0176270492374897
i2t,7401,The woman uses her PC.,7401,The woman uses her PC.,True,0.000552264682482928
i2t,7401,A person working with a team,7401,A person working with a team,True,0.02862739935517311
i2t,7401,this person makes the image,7401,this person makes the image,False,6.798819958930835e-05
i2t,7401,A person sits in a row.,7401,A person sits in a row.,False,0.0041752951219677925
i2t,7401,The woman stood in the front.,7401,The woman stood in the front.,False,0.00020008863066323102
i2t,7401,people make a team.,7401,people make a team.,True,0.019130947068333626
i2t,7401,A person works with her team.,7401,A person works with her team.,True,0.03847686946392059
i2t,7401,A woman is smiling in the background.,7401,A woman is smiling in the background.,False,0.008482588455080986
i2t,7401,A person works with people.,7401,A person works with people.,True,0.04271281883120537
i2t,7401,person visit meet person,7401,person visit meet person,False,0.0001606904115760699
i2t,7401,People work in a team.,7401,People work in a team.,True,0.0222591832280159
i2t,7401,A person attending a meeting at a computer,7401,A person attending a meeting at a computer,True,0.018865307793021202
i2t,7401,A man sits with a laptop.,7401,A man sits with a laptop.,True,0.08182328194379807
i2t,7401,A woman uses a laptop.,7401,A woman uses a laptop.,True,0.032345011830329895
i2t,7401,A woman using a computer.,7401,A woman using a computer.,True,0.052727047353982925
i2t,7401,A woman uses a computer.,7401,A woman uses a computer.,True,0.02029653638601303
i2t,7401,business sit a couch,7401,business sit a couch,False,0.07732902467250824
i2t,7401,A woman looks at a paper and sits at a computer.,7401,A woman looks at a paper and sits at a computer.,False,0.004580164328217506
i2t,7401,A woman uses the computer.,7401,A woman uses the computer.,True,0.007757273036986589
i2t,7401,A woman uses a pc,7401,A woman uses a pc,True,0.002659211168065667
i2t,1733,A person pose one,1733,A person pose one,False,0.00032957721850834787
i2t,1733,man sit the floor,1733,man sit the floor,False,9.584195504430681e-05
i2t,1733,this person makes the image,1733,this person makes the image,False,7.256464596139267e-05
i2t,1733,A person posting a picture.,1733,A person posting a picture.,False,2.3339734980254434e-05
i2t,1733,A person sitting at home,1733,A person sitting at home,False,0.000504506635479629
i2t,1733,A person sitting on their side.,1733,A person sitting on their side.,False,0.0008766876999288797
i2t,1733,A woman is sitting on the couch,1733,A woman is sitting on the couch,False,0.0007216384401544929
i2t,1733,the person looks nice,1733,the person looks nice,True,7.310516230063513e-05
i2t,1733,A woman stretching legs.,1733,A woman stretching legs.,False,0.012228528968989849
i2t,1733,the woman sits with her legs up,1733,the woman sits with her legs up,False,0.001792790717445314
i2t,1733,A brunette woman lies comfortably on a sofa.,1733,A brunette woman lies comfortably on a sofa.,True,0.06096275523304939
i2t,1733,A women lie down on a  couch,1733,A women lie down on a  couch,True,0.030503984540700912
i2t,1733,A woman sits and crosses her leg.,1733,A woman sits and crosses her leg.,False,0.014057678170502186
i2t,1733,Woman laying on the floor,1733,Woman laying on the floor,False,0.02467559464275837
i2t,1733,a woman sits with her leg up.,1733,a woman sits with her leg up.,False,0.0030048431362956762
i2t,1733,A woman lies on the sofa.,1733,A woman lies on the sofa.,True,0.05570407956838608
i2t,1733,A woman lying on a couch.,1733,A woman lying on a couch.,True,0.014439443126320839
i2t,1733,A girl lies on a couch.,1733,A girl lies on a couch.,True,0.024566972628235817
i2t,1733,A girl lies on a sofa.,1733,A girl lies on a sofa.,True,0.047404371201992035
i2t,1733,A woman lays on the couch.,1733,A woman lays on the couch.,True,0.012773522175848484
i2t,1733,a girl sleeping on the sofa,1733,a girl sleeping on the sofa,False,0.017008446156978607
i2t,1733,A women's head resting on a pillow.,1733,A women's head resting on a pillow.,False,5.4330434068106115e-05
i2t,1733,A woman laying on her couch,1733,A woman laying on her couch,True,0.012344133108854294
i2t,1733,A couple is lying on a sofa,1733,A couple is lying on a sofa,False,0.001264824764803052
i2t,1733,A woman lies on the couch,1733,A woman lies on the couch,True,0.020764844492077827
i2t,1733,A woman lying in the bed.,1733,A woman lying in the bed.,False,0.0005568313645198941
i2t,1733,A woman laying on a couch.,1733,A woman laying on a couch.,True,0.0057681710459291935
i2t,1733,A woman lying in bed.,1733,A woman lying in bed.,False,0.0005926520680077374
i2t,1733,A woman is lying on the sofa.,1733,A woman is lying on the sofa.,True,0.03338755667209625
i2t,1733,A woman rests on the couch.,1733,A woman rests on the couch.,True,0.00669323792681098
i2t,1733,A girl lies on the sofa.,1733,A girl lies on the sofa.,True,0.03868855908513069
i2t,1733,A woman lies on a sofa.,1733,A woman lies on a sofa.,True,0.03935642167925835
i2t,1733,A beautiful woman lies on a sofa,1733,A beautiful woman lies on a sofa,True,0.02185221016407013
i2t,1733,A woman lays on a couch.,1733,A woman lays on a couch.,True,0.008076678030192852
i2t,1733,A woman lies back.,1733,A woman lies back.,True,0.020501568913459778
i2t,1733,A woman lies on a couch.,1733,A woman lies on a couch.,True,0.01354226190596819
i2t,1733,A woman resting on a couch.,1733,A woman resting on a couch.,True,0.007391656283289194
i2t,1023,a goalie is a person who saves the ball from entering the goal.,1023,a goalie is a person who saves the ball from entering the goal.,True,0.9368259906768799
i2t,1023,The player saved the shot.,1023,The player saved the shot.,False,0.7200820446014404
i2t,1023,player save the goal,1023,player save the goal,False,0.9008212685585022
i2t,1023,The goalie defended the goal from the ball with his head.,1023,The goalie defended the goal from the ball with his head.,False,0.8587583899497986
i2t,1023,A player kicks a save.,1023,A player kicks a save.,False,0.753699004650116
i2t,1023,A player saves the shot,1023,A player saves the shot,False,0.7381868362426758
i2t,1023,A player saves a shot.,1023,A player saves a shot.,False,0.7735832333564758
i2t,1023,The player saved a goal.,1023,The player saved a goal.,False,0.8601735830307007
i2t,1023,a player head his goal,1023,a player head his goal,False,0.279987633228302
i2t,1023,Player shoots a goal.,1023,Player shoots a goal.,False,0.42666760087013245
i2t,1023,A person saves the ball,1023,A person saves the ball,False,0.8889219760894775
i2t,1023,A person catching a ball.,1023,A person catching a ball.,True,0.5992496609687805
i2t,1023,A person catching a ball,1023,A person catching a ball,False,0.5992496609687805
i2t,1023,A player is saving a goal.,1023,A player is saving a goal.,False,0.9204777479171753
i2t,1023,A player saves a kick.,1023,A player saves a kick.,False,0.8665375709533691
i2t,1023,A person saves a soccer ball.,1023,A person saves a soccer ball.,False,0.9443702101707458
i2t,1023,A person saves the ball from goal,1023,A person saves the ball from goal,False,0.9215490221977234
i2t,1023,A player making a goal,1023,A player making a goal,False,0.8140161037445068
i2t,1023,a player saves the kick,1023,a player saves the kick,False,0.82026207447052
i2t,1023,A player saves a goal.,1023,A player saves a goal.,False,0.8665170669555664
i2t,1023,A player wanted to get a goal.,1023,A player wanted to get a goal.,False,0.4918777644634247
i2t,1023,A player gets a goal.,1023,A player gets a goal.,True,0.6358588337898254
i2t,1023,A player will shoot a goal.,1023,A player will shoot a goal.,False,0.32812991738319397
i2t,1023,The player saves a goal from being scored.,1023,The player saves a goal from being scored.,False,0.4809439182281494
i2t,1023,The player saves a goal.,1023,The player saves a goal.,False,0.8339335918426514
i2t,1023,Player gets a goal.,1023,Player gets a goal.,False,0.8633592128753662
i2t,1023,The teammate will score a goal.,1023,The teammate will score a goal.,False,0.37833455204963684
i2t,1023,A player is encouraged to save a goal.,1023,A player is encouraged to save a goal.,True,0.9371668100357056
i2t,1023,The player dives as he tries to score a goal.,1023,The player dives as he tries to score a goal.,False,0.3967871367931366
i2t,1023,The player hits a goal.,1023,The player hits a goal.,False,0.5783842206001282
i2t,1023,The player saves the penalty shot.,1023,The player saves the penalty shot.,False,0.7466132640838623
i2t,1023,A goalkeeper saves a ball.,1023,A goalkeeper saves a ball.,True,0.6095887422561646
i2t,1023,A goalkeeper throwing a ball.,1023,A goalkeeper throwing a ball.,False,0.46092769503593445
i2t,1023,The goalkeeper kicks the ball.,1023,The goalkeeper kicks the ball.,False,0.06665930896997452
i2t,1023,gollkeeper pounch a ball,1023,gollkeeper pounch a ball,True,0.3711083233356476
i2t,1023,a goalkeeper is throwing a ball,1023,a goalkeeper is throwing a ball,False,0.379001647233963
i2t,1023,The goalkeeper punched the ball away from the goal.,1023,The goalkeeper punched the ball away from the goal.,True,0.8666151762008667
i2t,1023,A soccer player blocks a shot and saves the goal.,1023,A soccer player blocks a shot and saves the goal.,False,0.648472011089325
i2t,1023,A soccer player saves the ball.,1023,A soccer player saves the ball.,False,0.6881413459777832
i2t,1023,A soccer player is saving the shot.,1023,A soccer player is saving the shot.,False,0.6602075099945068
i2t,12097,A man looks over at the view.,12097,A man looks over at the view.,True,0.014053449034690857
i2t,12097,A person sitting on an edge.,12097,A person sitting on an edge.,True,0.09814202785491943
i2t,12097,A person looks at the view.,12097,A person looks at the view.,True,0.030417898669838905
i2t,12097,"The person, who said will arrive here by his own car.",12097,"The person, who said will arrive here by his own car.",False,1.9706067178049125e-06
i2t,12097,A man is thinking about something.,12097,A man is thinking about something.,True,0.0287140142172575
i2t,12097,the person take the view,12097,the person take the view,True,0.022551409900188446
i2t,12097,A man thinking of something,12097,A man thinking of something,True,0.020366836339235306
i2t,12097,A man is standing atop of the mountain.,12097,A man is standing atop of the mountain.,False,0.003913113381713629
i2t,12097,People are sitting in a room.,12097,People are sitting in a room.,False,9.928530744218733e-06
i2t,12097,A person sits on the edge.,12097,A person sits on the edge.,True,0.023417972028255463
i2t,12097,A man sits on a mountain.,12097,A man sits on a mountain.,True,0.32325437664985657
i2t,12097,A man sitting on a mountain.,12097,A man sitting on a mountain.,True,0.3997111916542053
i2t,12097,A man sitting on a cliff.,12097,A man sitting on a cliff.,True,0.41356903314590454
i2t,12097,A man sits on a cliff.,12097,A man sits on a cliff.,True,0.2920774221420288
i2t,12097,The man enjoys the view.,12097,The man enjoys the view.,True,0.25526899099349976
i2t,12097,The man sits on the rock.,12097,The man sits on the rock.,True,0.31166842579841614
i2t,12097,A man sitting on the edge of a cliff.,12097,A man sitting on the edge of a cliff.,True,0.24030108749866486
i2t,12097,A man sits on a rock.,12097,A man sits on a rock.,True,0.10620515793561935
i2t,12097,man sit on the terrace,12097,man sit on the terrace,False,0.005935439839959145
i2t,12097,A man sitting on a rock.,12097,A man sitting on a rock.,True,0.16626989841461182
i2t,12097,Man is standing on a hill.,12097,Man is standing on a hill.,False,0.004565632436424494
i2t,12097,The person sits on the hill.,12097,The person sits on the hill.,True,0.01329428143799305
i2t,12097,A person sitting on a cliff,12097,A person sitting on a cliff,True,0.12060724943876266
i2t,12097,the person rests on the rock,12097,the person rests on the rock,True,0.024666856974363327
i2t,12097,the man stand on the hill,12097,the man stand on the hill,False,0.03242657333612442
i2t,12097,A man admiring the view.,12097,A man admiring the view.,True,0.13974948227405548
i2t,12097,A person sits on a cliff,12097,A person sits on a cliff,True,0.07238062471151352
i2t,12097,A person is sitting by the sun.,12097,A person is sitting by the sun.,True,0.02720213308930397
i2t,12097,A person sitting on a cliff.,12097,A person sitting on a cliff.,True,0.12060724943876266
i2t,12097,A man sits on the top.,12097,A man sits on the top.,True,0.04583119601011276
i2t,12097,The person enjoys the view.,12097,The person enjoys the view.,True,0.010071794502437115
i2t,12097,A person sitting above a rock,12097,A person sitting above a rock,True,0.1029616966843605
i2t,12097,A sun rises majestically in the mist of a mountain.,12097,A sun rises majestically in the mist of a mountain.,True,0.009603926911950111
i2t,12097,A man standing on top of a mountain.,12097,A man standing on top of a mountain.,False,0.007335222326219082
i2t,12097,A person is enjoying a sunset.,12097,A person is enjoying a sunset.,True,0.012415684759616852
i2t,12097,person enjoy a sunset,12097,person enjoy a sunset,True,0.03405250981450081
i2t,12097,The man stood on the mountain.,12097,The man stood on the mountain.,False,0.016083499416708946
i2t,1632,The person is holding a dog.,1632,The person is holding a dog.,True,0.004045913461595774
i2t,1632,A woman is looking at the view.,1632,A woman is looking at the view.,True,0.01524391770362854
i2t,1632,Can we take the kid for a walk on the beach?,1632,Can we take the kid for a walk on the beach?,False,0.0009272882016375661
i2t,1632,A woman is taking her dog.,1632,A woman is taking her dog.,True,0.02033030241727829
i2t,1632,a woman is holding a dog,1632,a woman is holding a dog,True,0.01737179048359394
i2t,1632,is this girl looking at the ocean?,1632,is this girl looking at the ocean?,True,0.005728782620280981
i2t,1632,A woman tells the dog to sit.,1632,A woman tells the dog to sit.,False,0.016930000856518745
i2t,1632,The woman is using a camera.,1632,The woman is using a camera.,False,6.12784642726183e-05
i2t,1632,The person is holding the dog.,1632,The person is holding the dog.,True,0.0022915066219866276
i2t,1632,A woman enjoying the view,1632,A woman enjoying the view,True,0.013188875280320644
i2t,1632,The woman sits on the tree.,1632,The woman sits on the tree.,True,0.1992134004831314
i2t,1632,A woman sits on a tree branch.,1632,A woman sits on a tree branch.,True,0.12708868086338043
i2t,1632,A girl sitting on a tree.,1632,A girl sitting on a tree.,True,0.14736412465572357
i2t,1632,A woman sits on a branch above the sand.,1632,A woman sits on a branch above the sand.,True,0.9532467126846313
i2t,1632,a girl sitting on a tree branch,1632,a girl sitting on a tree branch,True,0.143999844789505
i2t,1632,A girl sits on a tree branch.,1632,A girl sits on a tree branch.,True,0.11786511540412903
i2t,1632,A woman sits on a tree.,1632,A woman sits on a tree.,True,0.09063659608364105
i2t,1632,A girl sitting on a branch.,1632,A girl sitting on a branch.,True,0.15503641963005066
i2t,1632,"The woman leans on the tree,",1632,"The woman leans on the tree,",False,0.04098403453826904
i2t,1632,The girl is sitting on a branch.,1632,The girl is sitting on a branch.,True,0.18895193934440613
i2t,1632,The woman sits on the beach.,1632,The woman sits on the beach.,True,0.0642678514122963
i2t,1632,A girl is sitting on the beach.,1632,A girl is sitting on the beach.,True,0.09513561427593231
i2t,1632,An animal sitting at the beach.,1632,An animal sitting at the beach.,False,0.005238382611423731
i2t,1632,The lady is sitting on the beach.,1632,The lady is sitting on the beach.,True,0.019433442503213882
i2t,1632,The woman sits at the shore.,1632,The woman sits at the shore.,True,0.035793330520391464
i2t,1632,A woman is laying on the beach.,1632,A woman is laying on the beach.,False,0.0013304398162290454
i2t,1632,The girl sits on the sand.,1632,The girl sits on the sand.,False,0.020594308152794838
i2t,1632,A woman is sitting near the ocean.,1632,A woman is sitting near the ocean.,True,0.03259412199258804
i2t,1632,A woman is looking at the ocean.,1632,A woman is looking at the ocean.,True,0.027088474482297897
i2t,1632,The woman sunbathes on the beach.,1632,The woman sunbathes on the beach.,True,0.006358492188155651
i2t,1632,woman sit,1632,woman sit,True,0.08371377736330032
i2t,1632,dog stand,1632,dog stand,False,7.248000474646688e-05
i2t,1632,One girl enjoy in a beach.,1632,One girl enjoy in a beach.,True,0.1652708649635315
i2t,1632,The woman holds the dog.,1632,The woman holds the dog.,True,0.015528696589171886
i2t,1632,A woman carry a dog.,1632,A woman carry a dog.,True,0.0028564499225467443
i2t,1632,A woman enjoys time at the beach.,1632,A woman enjoys time at the beach.,True,0.02569655142724514
i2t,1632,The dog sat on the tree.,1632,The dog sat on the tree.,False,0.038768135011196136
i2t,1632,woman sits on beach,1632,woman sits on beach,True,0.5051233768463135
i2t,1632,A woman sits on the beach.,1632,A woman sits on the beach.,False,0.02640947885811329
i2t,1632,a girl sitting by the beach,1632,a girl sitting by the beach,True,0.025786228477954865
i2t,1632,A woman sits on the beach,1632,A woman sits on the beach,True,0.02640947885811329
i2t,1632,A lady sitting on the beach.,1632,A lady sitting on the beach.,True,0.03425081819295883
i2t,1632,A woman sits on a beach.,1632,A woman sits on a beach.,True,0.026177939027547836
i2t,1632,A LADY SITS IN THE BEACH.,1632,A LADY SITS IN THE BEACH.,True,0.025081414729356766
i2t,1632,A woman resting on the beach.,1632,A woman resting on the beach.,True,0.03468623757362366
i2t,1632,A woman rests on the beach.,1632,A woman rests on the beach.,True,0.005778479389846325
i2t,1632,A dog is sitting on the beach.,1632,A dog is sitting on the beach.,True,0.011132449842989445
i2t,1632,A woman enjoys the beach.,1632,A woman enjoys the beach.,True,0.02397290989756584
i2t,1632,A dog lies on the beach.,1632,A dog lies on the beach.,False,0.001257783267647028
i2t,1632,A dog is lying on the beach.,1632,A dog is lying on the beach.,False,0.0038678732234984636
i2t,1632,A woman is enjoying the beach.,1632,A woman is enjoying the beach.,True,0.02284744195640087
i2t,1632,A dog lays on a beach.,1632,A dog lays on a beach.,False,0.0011636795243248343
i2t,1632,A woman and here dog sit next to a lake.,1632,A woman and here dog sit next to a lake.,False,0.0004297409323044121
i2t,1632,The woman enjoys the beach.,1632,The woman enjoys the beach.,True,0.08062033355236053
i2t,1632,A woman sits with a dog.,1632,A woman sits with a dog.,True,0.05275141820311546
i2t,9966,A person sits and tries to take a step.,9966,A person sits and tries to take a step.,False,8.782392251305282e-05
i2t,9966,Woman is sitting on the staircase.,9966,Woman is sitting on the staircase.,True,0.6481269001960754
i2t,9966,girl sit on the step,9966,girl sit on the step,True,0.7770443558692932
i2t,9966,A girl is sitting on the stairs.,9966,A girl is sitting on the stairs.,True,0.9252417683601379
i2t,9966,A person pose one,9966,A person pose one,True,0.00012041242007398978
i2t,9966,the person looks nice,9966,the person looks nice,True,5.362709089240525e-06
i2t,9966,the girl  look is very nice.,9966,the girl  look is very nice.,True,0.003962693270295858
i2t,9966,a person sitting on a stair,9966,a person sitting on a stair,True,0.0058551207184791565
i2t,9966,A person sits and shops online,9966,A person sits and shops online,False,4.703816011897288e-05
i2t,9966,A girls sits to take a picture.,9966,A girls sits to take a picture.,False,0.0013505175011232495
i2t,9966,girl sit on the groung,9966,girl sit on the groung,True,0.8525751829147339
i2t,9966,The girl sat on the stair.,9966,The girl sat on the stair.,True,0.6821200847625732
i2t,9966,Tis woman is sitting on the staircase.,9966,Tis woman is sitting on the staircase.,True,0.8064016103744507
i2t,9966,A woman sitting on the stairs.,9966,A woman sitting on the stairs.,True,0.6060307025909424
i2t,9966,A girl sit on the edge,9966,A girl sit on the edge,False,0.015581167303025723
i2t,9966,girl sit on the park,9966,girl sit on the park,False,0.08286567032337189
i2t,9966,A woman sits on the stairs.,9966,A woman sits on the stairs.,True,0.512171745300293
i2t,9966,The woman sits on the stairs.,9966,The woman sits on the stairs.,True,0.5085535049438477
i2t,9966,The person sits on the stairs.,9966,The person sits on the stairs.,True,0.0002468463499099016
i2t,9966,A woman sitting on a ledge.,9966,A woman sitting on a ledge.,False,0.00039072136860340834
i2t,9966,A man sitting on the steps.,9966,A man sitting on the steps.,False,0.00018992718833032995
i2t,9966,A girl sitting on the pavement.,9966,A girl sitting on the pavement.,False,0.0032835479360073805
i2t,9966,woman sit,9966,woman sit,True,0.3602841794490814
i2t,9966,A girl sits and waits.,9966,A girl sits and waits.,True,0.031640589237213135
i2t,9966,The girl goes down the stairs.,9966,The girl goes down the stairs.,False,0.013972662389278412
i2t,9966,A woman sitting against a wall.,9966,A woman sitting against a wall.,False,0.00032377615571022034
i2t,9966,A woman sits against a wall.,9966,A woman sits against a wall.,False,0.00022651748440694064
i2t,9966,A woman sits on a staircase.,9966,A woman sits on a staircase.,True,0.18950335681438446
i2t,9966,A girl sits on steps near a street.,9966,A girl sits on steps near a street.,True,0.31776630878448486
i2t,9966,The woman is sitting against the wall.,9966,The woman is sitting against the wall.,False,0.00021397363161668181
i2t,9966,A woman sits on the staircase.,9966,A woman sits on the staircase.,True,0.3019624650478363
i2t,8486,Some people walk through an airport.,8486,Some people walk through an airport.,False,0.057389307767152786
i2t,8486,Passengers arrive at a flight.,8486,Passengers arrive at a flight.,False,0.00035021916846744716
i2t,8486,The person looks like she is heading to work.,8486,The person looks like she is heading to work.,False,0.7723509073257446
i2t,8486,"The person, who said will arrive here by his own car.",8486,"The person, who said will arrive here by his own car.",False,0.005732420366257429
i2t,8486,A man walks with a suitcase,8486,A man walks with a suitcase,False,0.016358571127057076
i2t,8486,Passengers arrive for their flight.,8486,Passengers arrive for their flight.,False,0.0014266675570979714
i2t,8486,The person walks toward the camera.,8486,The person walks toward the camera.,False,0.4751568138599396
i2t,8486,The woman walks away with another person.,8486,The woman walks away with another person.,False,0.008577484637498856
i2t,8486,The woman stands facing the front.,8486,The woman stands facing the front.,False,0.021269550547003746
i2t,8486,A person takes a step on their walk.,8486,A person takes a step on their walk.,True,0.5073878169059753
i2t,8486,The woman walks on top of the pavement.,8486,The woman walks on top of the pavement.,False,0.6129702925682068
i2t,8486,A woman is walking in the middle of the day.,8486,A woman is walking in the middle of the day.,True,0.7071104645729065
i2t,8486,A girl walks with a travel bag.,8486,A girl walks with a travel bag.,True,0.14112558960914612
i2t,8486,A woman is carrying her bag.,8486,A woman is carrying her bag.,True,0.5162815451622009
i2t,8486,A woman walks with a bag.,8486,A woman walks with a bag.,True,0.24321229755878448
i2t,8486,A person takes a walk in a city.,8486,A person takes a walk in a city.,False,0.6541873216629028
i2t,8486,The woman walks on the pavement.,8486,The woman walks on the pavement.,False,0.4785192906856537
i2t,8486,The person walks to the office.,8486,The person walks to the office.,False,0.34105783700942993
i2t,8486,a person walking across pavement,8486,a person walking across pavement,False,0.5472152233123779
i2t,8486,A person traveling the city.,8486,A person traveling the city.,False,0.5254223942756653
i2t,8486,A woman walks past a window in an airport.,8486,A woman walks past a window in an airport.,True,0.9938229322433472
i2t,8486,The person walks by a building.,8486,The person walks by a building.,False,0.6693876385688782
i2t,8486,A man walks with no other persons,8486,A man walks with no other persons,False,0.01474087405949831
i2t,8486,A person walks in the city,8486,A person walks in the city,False,0.3011336326599121
i2t,8486,A person looks at the view.,8486,A person looks at the view.,False,0.02021948993206024
i2t,8486,a man walking on an edge,8486,a man walking on an edge,False,0.004990633111447096
i2t,8486,A person walks in the city.,8486,A person walks in the city.,False,0.3011336326599121
i2t,8486,A person walks on the building's edge.,8486,A person walks on the building's edge.,False,0.07570138573646545
i2t,8486,A person is walking near a window.,8486,A person is walking near a window.,True,0.9619877338409424
i2t,8486,A person walks in the background.,8486,A person walks in the background.,True,0.15648102760314941
i2t,8486,The person walked past the window.,8486,The person walked past the window.,True,0.9326226711273193
i2t,8486,The person walks towards the business meeting.,8486,The person walks towards the business meeting.,False,0.10136175155639648
i2t,8486,A person is walking home.,8486,A person is walking home.,False,0.4045543968677521
i2t,8486,A person travels the city with her bags and phone.,8486,A person travels the city with her bags and phone.,True,0.5907849669456482
i2t,8486,A man walking on the road is carrying a suitcase.,8486,A man walking on the road is carrying a suitcase.,False,0.051086414605379105
i2t,8486,A celebrity going through the airport,8486,A celebrity going through the airport,False,0.4656655490398407
i2t,8486,A man walks with a briefcase.,8486,A man walks with a briefcase.,False,0.0318419449031353
i2t,8486,A man walking with his briefcase.,8486,A man walking with his briefcase.,False,0.05390254408121109
i2t,8486,A girl walking on the pavement to go somewhere,8486,A girl walking on the pavement to go somewhere,True,0.5558252930641174
i2t,8486,A woman walks towards the camera.,8486,A woman walks towards the camera.,False,0.05273941904306412
i2t,303,A person sits and shops online,303,A person sits and shops online,False,6.365626904880628e-05
i2t,303,A person sits in a cafe.,303,A person sits in a cafe.,False,0.002775405766442418
i2t,303,the person looks nice,303,the person looks nice,True,1.2164011423010379e-05
i2t,303,woman sit,303,woman sit,True,0.3493114709854126
i2t,303,A person sitting in a cafe describing something to another person,303,A person sitting in a cafe describing something to another person,False,0.00023292280093301088
i2t,303,A person pose one,303,A person pose one,False,5.495049845194444e-05
i2t,303,A woman sits in a coffee shop.,303,A woman sits in a coffee shop.,False,0.059212084859609604
i2t,303,The girl think about how to spend money,303,The girl think about how to spend money,False,0.014277027919888496
i2t,303,a womans seat at the table,303,a womans seat at the table,True,0.006860882043838501
i2t,303,A person waiting for another person.,303,A person waiting for another person.,False,0.0007102793315425515
i2t,303,Woman sitting on a terrace,303,Woman sitting on a terrace,True,0.2572613060474396
i2t,303,Woman sits on terrace.,303,Woman sits on terrace.,True,0.7953725457191467
i2t,303,A woman sitting in a terrace.,303,A woman sitting in a terrace.,True,0.15821702778339386
i2t,303,A woman sitting on a terrace,303,A woman sitting on a terrace,True,0.08397673070430756
i2t,303,A woman sits on the terrace.,303,A woman sits on the terrace.,True,0.07142733037471771
i2t,303,this girl sits on the street,303,this girl sits on the street,True,0.01730978488922119
i2t,303,A woman sits on a  terrace.,303,A woman sits on a  terrace.,True,0.04215576872229576
i2t,303,A woman sits near the street.,303,A woman sits near the street.,True,0.049720294773578644
i2t,303,A woman sits by the street.,303,A woman sits by the street.,True,0.02572494000196457
i2t,303,girl sit on the step,303,girl sit on the step,False,0.01080914493650198
i2t,303,The woman sits on the table.,303,The woman sits on the table.,False,0.025046996772289276
i2t,303,woman sit in the table,303,woman sit in the table,True,0.11870510131120682
i2t,303,The girl sits on the bench.,303,The girl sits on the bench.,True,0.026123007759451866
i2t,303,At the table a woman sits,303,At the table a woman sits,True,0.006688440218567848
i2t,303,Person sitting on a bench.,303,Person sitting on a bench.,True,0.0001444498193450272
i2t,303,The woman sits at the table,303,The woman sits at the table,True,0.012255392037332058
i2t,303,A woman is walking in the city.,303,A woman is walking in the city.,False,0.0007277264958247542
i2t,303,The woman took a seat at the table.,303,The woman took a seat at the table.,True,0.009917153045535088
i2t,303,a girl sitting on a bench,303,a girl sitting on a bench,True,0.018125398084521294
i2t,303,A woman is sitting on a bench.,303,A woman is sitting on a bench.,True,0.04209737107157707
i2t,303,A woman sits in the city.,303,A woman sits in the city.,True,0.02602650597691536
i2t,303,A woman sits on a bench.,303,A woman sits on a bench.,True,0.006308360490947962
i2t,303,woman sitting at table,303,woman sitting at table,True,0.25996026396751404
i2t,303,person sit in the cafe shop,303,person sit in the cafe shop,False,7.06699865986593e-05
i2t,303,a lady sits in the table,303,a lady sits in the table,True,0.00424023624509573
i2t,303,A woman sits at a table.,303,A woman sits at a table.,True,0.0037358033005148172
i2t,303,A lady sits at a table.,303,A lady sits at a table.,True,0.0019509446574375033
i2t,303,A woman sits on a balcony.,303,A woman sits on a balcony.,False,0.001958478009328246
i2t,1667,A man runs on the trail.,1667,A man runs on the trail.,True,0.16599144041538239
i2t,1667,A person runs as a player in competitive sport.,1667,A person runs as a player in competitive sport.,True,0.5474547147750854
i2t,1667,A person runs on a trail.,1667,A person runs on a trail.,True,0.15643951296806335
i2t,1667,A person follows others on a run.,1667,A person follows others on a run.,True,0.339796245098114
i2t,1667,A man runs on a mountain.,1667,A man runs on a mountain.,True,0.13812246918678284
i2t,1667,the runner is runs a day,1667,the runner is runs a day,True,0.07393822818994522
i2t,1667,The man runs on the path.,1667,The man runs on the path.,True,0.25035160779953003
i2t,1667,The people run in a race.,1667,The people run in a race.,True,0.07602252811193466
i2t,1667,A group of people run as a team,1667,A group of people run as a team,True,0.029570287093520164
i2t,1667,Man runs the trail.,1667,Man runs the trail.,True,0.6460888981819153
i2t,1667,Two men are running up a trail.,1667,Two men are running up a trail.,True,0.9932817220687866
i2t,1667,Two men run on a trail.,1667,Two men run on a trail.,True,0.9615144729614258
i2t,1667,A person running the trail,1667,A person running the trail,True,0.4784795045852661
i2t,1667,The man ran down the trail.,1667,The man ran down the trail.,False,0.5317678451538086
i2t,1667,A man running on the trail.,1667,A man running on the trail.,True,0.5267489552497864
i2t,1667,Men walking a trail,1667,Men walking a trail,False,0.7526372075080872
i2t,1667,A man and a woman run up a hill.,1667,A man and a woman run up a hill.,True,0.9000155925750732
i2t,1667,Men are walking on a trail.,1667,Men are walking on a trail.,False,0.7107489109039307
i2t,1667,A fit man runs up a mountain in bright shoes.,1667,A fit man runs up a mountain in bright shoes.,False,0.6424805521965027
i2t,1667,A person walking on a trail.,1667,A person walking on a trail.,False,0.13408949971199036
i2t,1667,A man is hiking on a trail.,1667,A man is hiking on a trail.,False,0.1268545240163803
i2t,1667,A man walking on a trail,1667,A man walking on a trail,False,0.18343116343021393
i2t,1667,The person rides on the trail.,1667,The person rides on the trail.,False,0.044893041253089905
i2t,1667,Multiple persons walking a trail.,1667,Multiple persons walking a trail.,False,0.05572044104337692
i2t,1667,People running on a trail.,1667,People running on a trail.,True,0.6341435313224792
i2t,1667,Men hike on a trail.,1667,Men hike on a trail.,True,0.20600523054599762
i2t,1667,The person will walk on the trail.,1667,The person will walk on the trail.,False,0.09232674539089203
i2t,1667,a man run in the mountain,1667,a man run in the mountain,True,0.3893718421459198
i2t,1667,A couple jogs in the forest.,1667,A couple jogs in the forest.,True,0.2502448856830597
i2t,1667,A couple jog in a forest.,1667,A couple jog in a forest.,True,0.41329729557037354
i2t,1667,People run in the forest.,1667,People run in the forest.,True,0.3941690921783447
i2t,1667,A couple is jogging through a forest.,1667,A couple is jogging through a forest.,True,0.7211409211158752
i2t,1667,A couple hike in the forest,1667,A couple hike in the forest,True,0.1444081962108612
i2t,1667,The man jogs through the forest.,1667,The man jogs through the forest.,True,0.07364235818386078
i2t,1667,A woman runs along a trail in the forest.,1667,A woman runs along a trail in the forest.,False,0.011418425478041172
i2t,6746,A sculpture of a person walking,6746,A sculpture of a person walking,True,0.9839202761650085
i2t,6746,A sculpture of a person walking.,6746,A sculpture of a person walking.,True,0.9839202761650085
i2t,6746,The person will be viewed walking from the side.,6746,The person will be viewed walking from the side.,False,0.2947133779525757
i2t,6746,a person is walking during the day.,6746,a person is walking during the day.,False,0.18515834212303162
i2t,6746,A person run in the city,6746,A person run in the city,False,0.6767109632492065
i2t,6746,A person takes a step on their walk.,6746,A person takes a step on their walk.,False,0.08185406029224396
i2t,6746,A person runs as a player in competitive sport.,6746,A person runs as a player in competitive sport.,False,0.10337818413972855
i2t,6746,the person is running in a Team,6746,the person is running in a Team,False,0.21667218208312988
i2t,6746,person walk a day,6746,person walk a day,False,0.0015382168348878622
i2t,6746,The person is walking on the top.,6746,The person is walking on the top.,False,0.06466297805309296
i2t,6746,man excersiswe on the park,6746,man excersiswe on the park,False,0.4310242533683777
i2t,6746,Man walks by trees,6746,Man walks by trees,False,0.2796036899089813
i2t,6746,The man jumps over the tree.,6746,The man jumps over the tree.,False,0.43905872106552124
i2t,6746,Person running on lawn.,6746,Person running on lawn.,False,0.9208992719650269
i2t,6746,A statue of a person sitting.,6746,A statue of a person sitting.,False,0.023632291704416275
i2t,6746,The person is running in the park.,6746,The person is running in the park.,False,0.8246256709098816
i2t,6746,"trees, man, outside",6746,"trees, man, outside",False,0.5981225967407227
i2t,6746,A person is playing in a park.,6746,A person is playing in a park.,False,0.43247270584106445
i2t,6746,A statue stands in front of something.,6746,A statue stands in front of something.,True,0.07820353657007217
i2t,6746,That person only walks in the day.,6746,That person only walks in the day.,False,0.1539924144744873
i2t,6746,a man walking in the city,6746,a man walking in the city,False,0.12411046773195267
i2t,6746,A man running in the street.,6746,A man running in the street.,False,0.14486828446388245
i2t,6746,A person marching through a city.,6746,A person marching through a city.,False,0.5617255568504333
i2t,6746,A person walks in the city,6746,A person walks in the city,False,0.1132638081908226
i2t,6746,A man walks with no other persons,6746,A man walks with no other persons,False,0.16324952244758606
i2t,6746,A person leaps in the air.,6746,A person leaps in the air.,False,0.5163449645042419
i2t,6746,A man jumps in the air.,6746,A man jumps in the air.,False,0.381877601146698
i2t,6746,The person jumps in the air.,6746,The person jumps in the air.,False,0.5859166383743286
i2t,6746,A person jumps towards the sky.,6746,A person jumps towards the sky.,False,0.49324604868888855
i2t,6746,A person jumps in the park.,6746,A person jumps in the park.,False,0.7624192833900452
i2t,6746,A person walks in the background.,6746,A person walks in the background.,False,0.19912517070770264
i2t,6746,A man is jumping in the background.,6746,A man is jumping in the background.,False,0.1719946265220642
i2t,6746,A person jumps in the air,6746,A person jumps in the air,False,0.44932448863983154
i2t,6746,A person standing on a sculpture,6746,A person standing on a sculpture,False,0.1028866320848465
i2t,6746,People standing near a sculpture.,6746,People standing near a sculpture.,False,0.11271566897630692
i2t,6746,woman stand on the park,6746,woman stand on the park,False,0.010586333461105824
i2t,6746,person walks in park,6746,person walks in park,False,0.2649421691894531
i2t,6746,A man stands in a park.,6746,A man stands in a park.,False,0.08699194341897964
i2t,6746,A person takes a walk in a city.,6746,A person takes a walk in a city.,False,0.1112247183918953
i2t,6746,A man walks in the park.,6746,A man walks in the park.,False,0.0875820443034172
i2t,6746,A statue sits in front of a park.,6746,A statue sits in front of a park.,True,0.0346636064350605
i2t,6746,A person running on a lawn.,6746,A person running on a lawn.,False,0.9131574034690857
i2t,6746,A person running in the city.,6746,A person running in the city.,False,0.5910547375679016
i2t,6746,An artist is showing a figure sculpture.,6746,An artist is showing a figure sculpture.,False,0.12020393460988998
i2t,6746,The person is running like an athlete,6746,The person is running like an athlete,False,0.6928384304046631
i2t,8,A person can bring up an emotion with a photo.,8,A person can bring up an emotion with a photo.,True,0.0027499187272042036
i2t,8,One person communicates with another.,8,One person communicates with another.,False,8.021946996450424e-05
i2t,8,A child looks like another person.,8,A child looks like another person.,False,0.00039995479164645076
i2t,8,A daughter will take things from her mother,8,A daughter will take things from her mother,False,0.029362717643380165
i2t,8,A person takes a daughter.,8,A person takes a daughter.,False,6.267414573812857e-05
i2t,8,A girl looks like another person.,8,A girl looks like another person.,False,0.00020694472186733037
i2t,8,person tells about another difficult person,8,person tells about another difficult person,False,1.1720154361682944e-05
i2t,8,A person is playing with other people.,8,A person is playing with other people.,False,6.783186836401e-05
i2t,8,The girl is wearing a dress.,8,The girl is wearing a dress.,True,0.0006984080537222326
i2t,8,the girl  look is very nice.,8,the girl  look is very nice.,True,2.7515294277691282e-05
i2t,8,A young girls holds a stuffed white dog toy.,8,A young girls holds a stuffed white dog toy.,False,0.02737647481262684
i2t,8,An adorable girl stands near a fence with her teddy bear.,8,An adorable girl stands near a fence with her teddy bear.,False,0.0003341148258186877
i2t,8,A young girl sits on a low tree branch.,8,A young girl sits on a low tree branch.,False,0.029311247169971466
i2t,8,A girl sits against a tree.,8,A girl sits against a tree.,True,0.4011807441711426
i2t,8,The girl sits in the grass near the tree.,8,The girl sits in the grass near the tree.,True,0.5328329205513
i2t,8,A girl hugs a tree.,8,A girl hugs a tree.,False,0.011050472036004066
i2t,8,A girl sits with a dog.,8,A girl sits with a dog.,False,0.010692576877772808
i2t,8,A girl hugging a tree.,8,A girl hugging a tree.,False,0.009018455632030964
i2t,8,A girl is sitting in the meadow.,8,A girl is sitting in the meadow.,False,0.03678049519658089
i2t,8,The girl by the tree looks sad.,8,The girl by the tree looks sad.,True,0.07349252700805664
i2t,8,A girl is leaning on a tree.,8,A girl is leaning on a tree.,True,0.03673986345529556
i2t,8,A girl sitting on the ground.,8,A girl sitting on the ground.,True,0.026784559711813927
i2t,8,A girl is sitting on the field.,8,A girl is sitting on the field.,False,0.07404667139053345
i2t,8,A girl sits on the ground.,8,A girl sits on the ground.,True,0.035734374076128006
i2t,8,The child sits in the grass.,8,The child sits in the grass.,True,0.010784180834889412
i2t,8,A girl lying on the ground.,8,A girl lying on the ground.,False,0.0003644749813247472
i2t,8,A girl sitting in grass.,8,A girl sitting in grass.,True,0.014001123607158661
i2t,8,A girl sitting in the field.,8,A girl sitting in the field.,False,0.03063473291695118
i2t,8,A girl sitting on a ball.,8,A girl sitting on a ball.,False,0.0005665068165399134
i2t,8,A child sat in the tree.,8,A child sat in the tree.,False,0.0036781281232833862
i2t,8,A child sits under a tree.,8,A child sits under a tree.,True,0.2342807948589325
i2t,8,A girl sits and waits.,8,A girl sits and waits.,True,0.011549926362931728
i2t,8,a person holding a baby,8,a person holding a baby,False,0.00017979487893171608
i2t,8,The child looks like a soulful person.,8,The child looks like a soulful person.,True,0.001196440658532083
i2t,8,A girl sleeps with a bear,8,A girl sleeps with a bear,False,0.001289360225200653
i2t,8,A girl is sleeping with a bear.,8,A girl is sleeping with a bear.,False,0.0004774329427164048
i2t,8,A girl hugs her mother.,8,A girl hugs her mother.,False,0.00012163649807916954
i2t,8,A child lies in grass.,8,A child lies in grass.,False,0.0005139386048540473
i2t,8,A girl is hugger her mother.,8,A girl is hugger her mother.,False,0.0009047528146766126
i2t,8,Baby boy sitting in grass.,8,Baby boy sitting in grass.,False,0.00024377868976444006
i2t,8,A little girl standing in a meadow,8,A little girl standing in a meadow,False,0.0008917960803955793
i2t,8,A girl sits in a meadow.,8,A girl sits in a meadow.,True,0.02849462255835533
i2t,8,A girl sits in a tree.,8,A girl sits in a tree.,False,0.003616544185206294
i2t,8,A child sits in the grass.,8,A child sits in the grass.,True,0.028513863682746887
i2t,4453,The woman will lie in bed with her child.,4453,The woman will lie in bed with her child.,False,0.016143644228577614
i2t,4453,The girl lies in bed.,4453,The girl lies in bed.,False,0.13116036355495453
i2t,4453,A person lies on a bed and sleeps.,4453,A person lies on a bed and sleeps.,False,0.38213789463043213
i2t,4453,The girl sleeps in bed.,4453,The girl sleeps in bed.,False,0.5507198572158813
i2t,4453,The girl sleeps in a bed.,4453,The girl sleeps in a bed.,False,0.4301677644252777
i2t,4453,this person makes the image,4453,this person makes the image,False,0.02218550071120262
i2t,4453,The person rests her head.,4453,The person rests her head.,True,0.11637922376394272
i2t,4453,The woman is using a camera.,4453,The woman is using a camera.,False,3.8353704439941794e-05
i2t,4453,A woman lies in bed.,4453,A woman lies in bed.,False,0.17047475278377533
i2t,4453,A person appears in an image.,4453,A person appears in an image.,True,0.00048305970267392695
i2t,4453,A woman lies under the blanket.,4453,A woman lies under the blanket.,True,0.8122054934501648
i2t,4453,A girl lies under a blanket.,4453,A girl lies under a blanket.,True,0.8140724301338196
i2t,4453,A girl sleeps on the couch.,4453,A girl sleeps on the couch.,True,0.9080619215965271
i2t,4453,A woman laying outside the blanket.,4453,A woman laying outside the blanket.,False,0.07230758666992188
i2t,4453,a girl sleeping on the sofa,4453,a girl sleeping on the sofa,True,0.9331805109977722
i2t,4453,A girl sleeps on a couch.,4453,A girl sleeps on a couch.,True,0.8781819939613342
i2t,4453,The woman lies on the blanket.,4453,The woman lies on the blanket.,False,0.14217348396778107
i2t,4453,A girl sleeps on a sofa,4453,A girl sleeps on a sofa,True,0.9153640866279602
i2t,4453,A girl sleeps on a sofa.,4453,A girl sleeps on a sofa.,True,0.9153640866279602
i2t,4453,A woman sleeps on a couch,4453,A woman sleeps on a couch,True,0.8163677453994751
i2t,4453,A man sleeping in a bed.,4453,A man sleeping in a bed.,False,0.043927691876888275
i2t,4453,A women's head resting on a pillow.,4453,A women's head resting on a pillow.,True,0.017186958342790604
i2t,4453,The boy lays under a blanket.,4453,The boy lays under a blanket.,False,0.0961286798119545
i2t,4453,A girl sleeping on a bed.,4453,A girl sleeping on a bed.,False,0.4573298394680023
i2t,4453,A woman lying in the bed.,4453,A woman lying in the bed.,False,0.09939401596784592
i2t,4453,The man lay on the bed.,4453,The man lay on the bed.,False,0.008476702496409416
i2t,4453,A boy lying on a bed.,4453,A boy lying on a bed.,False,0.0072364662773907185
i2t,4453,The man sleeps on the couch.,4453,The man sleeps on the couch.,False,0.13092470169067383
i2t,4453,A woman lying in bed.,4453,A woman lying in bed.,False,0.17356805503368378
i2t,4453,the girl will lay on the bed,4453,the girl will lay on the bed,False,0.015695663169026375
i2t,4453,A family lies in bed.,4453,A family lies in bed.,False,0.0013331827940419316
i2t,4453,A family lying in bed.,4453,A family lying in bed.,False,0.0015620928024873137
i2t,3825,The person displays one image.,3825,The person displays one image.,False,5.95719529883354e-06
i2t,3825,A person works with people.,3825,A person works with people.,True,2.8057971576345153e-05
i2t,3825,A person works an event,3825,A person works an event,False,1.708137642708607e-05
i2t,3825,A hand grabs the money.,3825,A hand grabs the money.,False,2.8144181669631507e-06
i2t,3825,Children speaking like people.,3825,Children speaking like people.,True,0.015223030932247639
i2t,3825,One person communicates with another.,3825,One person communicates with another.,True,0.0001491540315328166
i2t,3825,people make a team.,3825,people make a team.,False,0.00017563902656547725
i2t,3825,The kid will run on the street.,3825,The kid will run on the street.,False,1.7358092009089887e-05
i2t,3825,A person works with her team.,3825,A person works with her team.,False,1.0463156286277808e-05
i2t,3825,Which person looks like this one?,3825,Which person looks like this one?,False,2.3255975975189358e-05
i2t,3825,Girls are pouring some water.,3825,Girls are pouring some water.,False,0.059302810579538345
i2t,3825,Girls play with water.,3825,Girls play with water.,False,0.22186881303787231
i2t,3825,A girl pours water.,3825,A girl pours water.,False,0.006435425020754337
i2t,3825,A girl pours water into another girl's hands.,3825,A girl pours water into another girl's hands.,False,0.0025739793200045824
i2t,3825,a girl pours out water,3825,a girl pours out water,False,0.001492324168793857
i2t,3825,a girl stands by the table,3825,a girl stands by the table,True,0.0029721937607973814
i2t,3825,Girls carry water.,3825,Girls carry water.,False,0.0019199062371626496
i2t,3825,Girls seated at a table.,3825,Girls seated at a table.,False,0.00797204952687025
i2t,3825,A girl is pouring water.,3825,A girl is pouring water.,False,0.006197129841893911
i2t,3825,The girl is pouring water.,3825,The girl is pouring water.,False,0.0044531989842653275
i2t,3825,A girl standing at a table.,3825,A girl standing at a table.,True,0.029912779107689857
i2t,3825,The kids sit at the table.,3825,The kids sit at the table.,False,0.0009618468466214836
i2t,3825,Girls are seated at a table.,3825,Girls are seated at a table.,False,0.004086290020495653
i2t,3825,A girl is standing by a table.,3825,A girl is standing by a table.,True,0.0037712904158979654
i2t,3825,A daughter will take things from her mother,3825,A daughter will take things from her mother,False,9.974295244319364e-05
i2t,3825,A person has arrived to the party.,3825,A person has arrived to the party.,False,0.00028242531698197126
i2t,3825,Girls stand in the park.,3825,Girls stand in the park.,True,0.0023259890731424093
i2t,3825,Artists entertain a crowd.,3825,Artists entertain a crowd.,False,7.28064842405729e-05
i2t,3825,A girls sits to take a picture.,3825,A girls sits to take a picture.,False,0.00012909954239148647
i2t,3825,People play during the day,3825,People play during the day,False,1.5885243556112982e-05
i2t,3825,The stand was a children's sized tree shape.,3825,The stand was a children's sized tree shape.,False,0.054014258086681366
i2t,3825,a girl sitting on a bench,3825,a girl sitting on a bench,False,0.004079377744346857
i2t,3825,A lemon hangs in the tree.,3825,A lemon hangs in the tree.,False,0.00033974068355746567
i2t,3825,A woman is selling fruit.,3825,A woman is selling fruit.,False,3.460414518485777e-05
i2t,3825,The woman sells fruit.,3825,The woman sells fruit.,False,3.807902612606995e-05
i2t,3825,The girl is selling flowers.,3825,The girl is selling flowers.,False,0.00048593481187708676
i2t,3825,A woman buying fruit.,3825,A woman buying fruit.,False,2.4024586309678853e-05
i2t,3825,A woman buys fruit,3825,A woman buys fruit,False,1.2786743354809005e-05
i2t,3825,The girl is drinking chocolate milk.,3825,The girl is drinking chocolate milk.,False,0.0007553884061053395
i2t,3825,The girl is drinking a chocolate drink.,3825,The girl is drinking a chocolate drink.,False,0.00015135551802814007
i2t,3825,A woman selling flowers.,3825,A woman selling flowers.,False,1.036021058098413e-05
i2t,3825,A woman sells flowers.,3825,A woman sells flowers.,False,7.66721768741263e-06
i2t,3825,Woman at a flower stand,3825,Woman at a flower stand,False,3.554916474968195e-05
i2t,3825,Children are collecting water,3825,Children are collecting water,False,0.0019450226100161672
i2t,3825,Girls playing on the grass.,3825,Girls playing on the grass.,False,0.024845412001013756
i2t,3825,Girls are playing on the street.,3825,Girls are playing on the street.,True,0.0002566927287261933
i2t,3825,Girls enjoying a beach.,3825,Girls enjoying a beach.,False,0.002246202901005745
i2t,3825,Children sitting next to a tree.,3825,Children sitting next to a tree.,False,0.0012618058826774359
i2t,3825,Girls playing in a lake.,3825,Girls playing in a lake.,False,9.351544576929882e-05
i2t,3825,Girls sit on the grass.,3825,Girls sit on the grass.,False,0.003981376998126507
i2t,3825,Girls sit in the meadow.,3825,Girls sit in the meadow.,False,0.00014092205674387515
i2t,6913,a dog is lying on the grass,6913,a dog is lying on the grass,True,0.08267442137002945
i2t,6913,dog roll on the grass,6913,dog roll on the grass,True,0.7346971035003662
i2t,6913,A dog lies on the ground.,6913,A dog lies on the ground.,True,0.021475575864315033
i2t,6913,A dog is laying down on the lawn.,6913,A dog is laying down on the lawn.,True,0.6008754968643188
i2t,6913,A dog is resting in the grass,6913,A dog is resting in the grass,True,0.14482171833515167
i2t,6913,a dog lying on the lawn,6913,a dog lying on the lawn,True,0.10634605586528778
i2t,6913,animal lie on the ground,6913,animal lie on the ground,True,0.027737893164157867
i2t,6913,A dog is laying on the grass.,6913,A dog is laying on the grass.,True,0.06993070244789124
i2t,6913,The dog lies in the grass,6913,The dog lies in the grass,True,0.06917360424995422
i2t,6913,A dog lies in grass.,6913,A dog lies in grass.,True,0.09292022138834
i2t,6913,"dog, grass, bed",6913,"dog, grass, bed",False,0.30142125487327576
i2t,6913,A dog rests in the lawn.,6913,A dog rests in the lawn.,True,0.1211906224489212
i2t,6913,A dog rests in the grass.,6913,A dog rests in the grass.,True,0.06710242480039597
i2t,6913,An animal lies in the grass.,6913,An animal lies in the grass.,True,0.015763957053422928
i2t,6913,A dog lies in the grass.,6913,A dog lies in the grass.,True,0.06612063944339752
i2t,6913,THE DOG REST IN THE GRASS,6913,THE DOG REST IN THE GRASS,True,0.13366107642650604
i2t,6913,The animal lays in the grass.,6913,The animal lays in the grass.,True,0.010752332396805286
i2t,6913,An animal resting on the grass.,6913,An animal resting on the grass.,True,0.013665508478879929
i2t,6913,An animal lying in the grass.,6913,An animal lying in the grass.,True,0.012237430550158024
i2t,6913,An animal laying in the grass.,6913,An animal laying in the grass.,True,0.01088645588606596
i2t,6913,An animal walks on the grass.,6913,An animal walks on the grass.,False,0.00046251449384726584
i2t,6913,An animal running in grass,6913,An animal running in grass,False,0.0008404716500081122
i2t,6913,A cub walking in grass.,6913,A cub walking in grass.,False,5.523746585822664e-05
i2t,6913,A cat laying before the background.,6913,A cat laying before the background.,False,0.002133179921656847
i2t,6913,The goat layed on the grass,6913,The goat layed on the grass,False,0.10852445662021637
i2t,6913,The animal lies by the grass.,6913,The animal lies by the grass.,True,0.007561512757092714
i2t,6913,The dog has began to lie on the floor.,6913,The dog has began to lie on the floor.,False,0.0007083737873472273
i2t,6913,The dog is rolling in the grass.,6913,The dog is rolling in the grass.,True,0.049134381115436554
i2t,6913,A dog lies over the front.,6913,A dog lies over the front.,True,0.007337966002523899
i2t,6913,Some dogs lie on the lawn.,6913,Some dogs lie on the lawn.,True,0.02135329693555832
i2t,6913,The retriever did lie in the grass,6913,The retriever did lie in the grass,False,0.10842925310134888
i2t,6913,A dog is lying on the lawn.,6913,A dog is lying on the lawn.,True,0.09720432758331299
i2t,6913,A dog rests on the lawn.,6913,A dog rests on the lawn.,True,0.07417106628417969
i2t,6913,dog lie on the grass,6913,dog lie on the grass,True,0.39884382486343384
i2t,6913,dog rests on the grass,6913,dog rests on the grass,True,0.345506489276886
i2t,6913,A puppy lying on grass.,6913,A puppy lying on grass.,False,0.07967502623796463
i2t,6913,A dog lays in the grass.,6913,A dog lays in the grass.,True,0.052144698798656464
i2t,6913,A dog lies on the grass.,6913,A dog lies on the grass.,True,0.09714513272047043
i2t,6913,The dog lies in the grass.,6913,The dog lies in the grass.,True,0.06917338818311691
i2t,11474,Which person looks like this one?,11474,Which person looks like this one?,False,5.6040116760414094e-05
i2t,11474,The person displays one image.,11474,The person displays one image.,False,6.800866685807705e-06
i2t,11474,A lion sits in the grass.,11474,A lion sits in the grass.,False,0.8524568676948547
i2t,11474,The lion sits in the grass.,11474,The lion sits in the grass.,False,0.7703111171722412
i2t,11474,A person pose one,11474,A person pose one,False,0.00013559135550167412
i2t,11474,A lion lying in grass,11474,A lion lying in grass,True,0.5478971004486084
i2t,11474,the person looks nice,11474,the person looks nice,False,0.0001899826165754348
i2t,11474,man sit the floor,11474,man sit the floor,False,1.2989773495064583e-05
i2t,11474,an actor will portray a character,11474,an actor will portray a character,False,4.006262315670028e-05
i2t,11474,A lion rests in the grass.,11474,A lion rests in the grass.,True,0.7884861826896667
i2t,11474,A person resting in the grass.,11474,A person resting in the grass.,False,0.01422862522304058
i2t,11474,A person rests in grass.,11474,A person rests in grass.,False,0.007123522460460663
i2t,11474,Lions resting in the grass.,11474,Lions resting in the grass.,True,0.4753182530403137
i2t,11474,A person rests in the grass.,11474,A person rests in the grass.,False,0.005212603602558374
i2t,11474,A person rests on grass.,11474,A person rests on grass.,False,0.01302791852504015
i2t,11474,A person rests in some grass.,11474,A person rests in some grass.,False,0.0022154904436320066
i2t,11474,An animal resting on the grass.,11474,An animal resting on the grass.,True,0.008507335558533669
i2t,11474,The animal rests in the grass.,11474,The animal rests in the grass.,True,0.005606170278042555
i2t,11474,An animal sitting in a field.,11474,An animal sitting in a field.,False,0.008883707225322723
i2t,11474,An animal lying in the grass.,11474,An animal lying in the grass.,True,0.005489573813974857
i2t,11474,The animal lays in the grass.,11474,The animal lays in the grass.,True,0.0028365161269903183
i2t,11474,The person rested on the field,11474,The person rested on the field,False,0.00043860150617547333
i2t,11474,The animal lies by the grass.,11474,The animal lies by the grass.,True,0.003955508582293987
i2t,11474,An animal sits on the grass.,11474,An animal sits on the grass.,False,0.015505352057516575
i2t,11474,A lion sitting on a rock on the grass.,11474,A lion sitting on a rock on the grass.,False,0.07377049326896667
i2t,11474,An animal is lying in the grass.,11474,An animal is lying in the grass.,True,0.004503939766436815
i2t,11474,A lion sits on a rock.,11474,A lion sits on a rock.,False,0.003616052446886897
i2t,11474,A cheetah lying on the grass.,11474,A cheetah lying on the grass.,False,6.905371265020221e-05
i2t,11474,A cheetah lies in the grass.,11474,A cheetah lies in the grass.,False,2.1807423763675615e-05
i2t,11474,A leopard lies on a branch.,11474,A leopard lies on a branch.,False,2.6772620458359597e-06
i2t,11474,A well-known species sits on the grass.,11474,A well-known species sits on the grass.,False,0.019993996247649193
i2t,1868,Which person looks like this one?,1868,Which person looks like this one?,False,0.002948405919596553
i2t,1868,Where did the actor go dressed up?,1868,Where did the actor go dressed up?,False,0.04944991692900658
i2t,1868,The kid will play music.,1868,The kid will play music.,False,0.0756300836801529
i2t,1868,The artist will play the guitar on stage.,1868,The artist will play the guitar on stage.,False,0.10914156585931778
i2t,1868,An artist sings in a show.,1868,An artist sings in a show.,True,0.04842597246170044
i2t,1868,The person plays a song.,1868,The person plays a song.,True,0.13504517078399658
i2t,1868,The artist plays a gig.,1868,The artist plays a gig.,True,0.20932315289974213
i2t,1868,This person will steal the show.,1868,This person will steal the show.,False,0.048755526542663574
i2t,1868,A person performs a song.,1868,A person performs a song.,True,0.12875382602214813
i2t,1868,The man plays music.,1868,The man plays music.,True,0.02255319245159626
i2t,1868,A person picks a guitar to play music.,1868,A person picks a guitar to play music.,False,0.03002171590924263
i2t,1868,a person play a guitar,1868,a person play a guitar,True,0.17035673558712006
i2t,1868,Person playing guitar.,1868,Person playing guitar.,True,0.1570117473602295
i2t,1868,Kid is playing music on his guitar,1868,Kid is playing music on his guitar,False,0.018146751448512077
i2t,1868,A man is playing the ukulele.,1868,A man is playing the ukulele.,False,0.010944949463009834
i2t,1868,A person plays guitar.,1868,A person plays guitar.,True,0.13756553828716278
i2t,1868,The girl plays music with her guitar.,1868,The girl plays music with her guitar.,False,0.01948978751897812
i2t,1868,A person is playing the ukulele.,1868,A person is playing the ukulele.,False,0.01933141238987446
i2t,1868,An artist plays the guitar at a concert.,1868,An artist plays the guitar at a concert.,False,0.02299453131854534
i2t,1868,The artist is performing at a celebration.,1868,The artist is performing at a celebration.,False,0.00976934377104044
i2t,1868,A person is the lead guitar player,1868,A person is the lead guitar player,True,0.10454828292131424
i2t,1868,That person looked from the crowed.,1868,That person looked from the crowed.,False,0.06820176541805267
i2t,1868,The person appeared on the show,1868,The person appeared on the show,True,0.003927463665604591
i2t,1868,The person will sing on the stage.,1868,The person will sing on the stage.,False,0.023731455206871033
i2t,1868,An actor was cast to be on stage.,1868,An actor was cast to be on stage.,True,0.008533794432878494
i2t,1868,The artist is playing at the show.,1868,The artist is playing at the show.,True,0.019348885864019394
i2t,1868,The child actor makes his own take.,1868,The child actor makes his own take.,False,0.013706009835004807
i2t,1868,Artist is playing in a gig.,1868,Artist is playing in a gig.,True,0.004616254474967718
i2t,1868,People performing at a rehearsal.,1868,People performing at a rehearsal.,False,0.00025020871544256806
i2t,1868,guitarist plays on stage,1868,guitarist plays on stage,True,0.06306055933237076
i2t,1868,A guitarist playing on stage.,1868,A guitarist playing on stage.,True,0.02968917414546013
i2t,1868,A guitarist plays on the stage.,1868,A guitarist plays on the stage.,True,0.019760696217417717
i2t,1868,The guitarist performs on stage.,1868,The guitarist performs on stage.,True,0.019360918551683426
i2t,1868,A guitarist is playing on a stage.,1868,A guitarist is playing on a stage.,True,0.013951209373772144
i2t,3655,Artists are act their play in theater,3655,Artists are act their play in theater,False,0.004882509354501963
i2t,3655,A person who is a piano player plays.,3655,A person who is a piano player plays.,True,0.10966023802757263
i2t,3655,A person is performing music.,3655,A person is performing music.,True,0.042414341121912
i2t,3655,The artist performed at a concert,3655,The artist performed at a concert,True,0.12963786721229553
i2t,3655,The artist performed a concert.,3655,The artist performed a concert.,True,0.1465744972229004
i2t,3655,A person performs a song.,3655,A person performs a song.,True,0.2658826410770416
i2t,3655,A person performs music.,3655,A person performs music.,True,0.2454715371131897
i2t,3655,This person can play piano ?,3655,This person can play piano ?,True,0.37967193126678467
i2t,3655,A person is performing a song.,3655,A person is performing a song.,True,0.034414421766996384
i2t,3655,The person performs at the gala.,3655,The person performs at the gala.,False,0.35809290409088135
i2t,3655,A person plays a piano.,3655,A person plays a piano.,True,0.5856116414070129
i2t,3655,A person plays the piano.,3655,A person plays the piano.,True,0.50887131690979
i2t,3655,A pianist is performing on the stage.,3655,A pianist is performing on the stage.,True,0.732898473739624
i2t,3655,A pianist performs on stage.,3655,A pianist performs on stage.,True,0.7254296541213989
i2t,3655,A pianist is performing on stage.,3655,A pianist is performing on stage.,True,0.6381862163543701
i2t,3655,Pianist performs on a stage.,3655,Pianist performs on a stage.,True,0.5758860111236572
i2t,3655,The pianist is performing on stage.,3655,The pianist is performing on stage.,True,0.6155844926834106
i2t,3655,A person plays piano.,3655,A person plays piano.,True,0.34278103709220886
i2t,3655,A PERSON PLAYS A CELO.,3655,A PERSON PLAYS A CELO.,False,0.19673258066177368
i2t,3655,An artist performing at a gala.,3655,An artist performing at a gala.,False,0.2719942629337311
i2t,3655,A person is a player playing on a piano.,3655,A person is a player playing on a piano.,True,0.04466668516397476
i2t,3655,The person plays a song.,3655,The person plays a song.,True,0.2111171931028366
i2t,3655,The composer played on the stage.,3655,The composer played on the stage.,True,0.2569490075111389
i2t,3655,The person will sing on the stage.,3655,The person will sing on the stage.,False,0.14967523515224457
i2t,3655,An artist performing a set.,3655,An artist performing a set.,True,0.09691914916038513
i2t,3655,Composer playing piano on stage,3655,Composer playing piano on stage,True,0.1023843064904213
i2t,3655,An artist plays on stage.,3655,An artist plays on stage.,True,0.3338007628917694
i2t,3655,A composer performs on stage.,3655,A composer performs on stage.,True,0.37916940450668335
i2t,3655,People performing at a rehearsal.,3655,People performing at a rehearsal.,False,0.10273434966802597
i2t,3655,A man sits in front of a piano.,3655,A man sits in front of a piano.,False,0.004686469212174416
i2t,3139,this person makes the image,3139,this person makes the image,False,0.05454898998141289
i2t,3139,A person lies on a bed and sleeps.,3139,A person lies on a bed and sleeps.,False,0.1459771990776062
i2t,3139,the girl will lay on the bed,3139,the girl will lay on the bed,False,0.7139122486114502
i2t,3139,A woman lays in bed.,3139,A woman lays in bed.,True,0.34068918228149414
i2t,3139,the person enters the room,3139,the person enters the room,False,0.04011533036828041
i2t,3139,A person pose one,3139,A person pose one,False,0.09979234635829926
i2t,3139,A woman lies on a bed,3139,A woman lies on a bed,True,0.418326199054718
i2t,3139,man lie on the bed,3139,man lie on the bed,False,0.08270491659641266
i2t,3139,A person is lying on his front.,3139,A person is lying on his front.,False,0.012331186793744564
i2t,3139,A woman lies in bed.,3139,A woman lies in bed.,True,0.43288615345954895
i2t,3139,A girl is lying on the bed,3139,A girl is lying on the bed,True,0.7136769890785217
i2t,3139,A woman lies in her bed.,3139,A woman lies in her bed.,True,0.36107710003852844
i2t,3139,Woman laying on the floor,3139,Woman laying on the floor,False,0.07948529720306396
i2t,3139,A woman lies on a bed.,3139,A woman lies on a bed.,True,0.418326199054718
i2t,3139,The girl lies in bed.,3139,The girl lies in bed.,True,0.46210208535194397
i2t,3139,A woman is lying on the floor.,3139,A woman is lying on the floor.,False,0.02290945127606392
i2t,3139,The girl layed on the floor,3139,The girl layed on the floor,False,0.0673808604478836
i2t,3139,A woman lying on the floor.,3139,A woman lying on the floor.,False,0.02391764707863331
i2t,3139,A woman lying in the bed.,3139,A woman lying in the bed.,True,0.44605621695518494
i2t,3139,A woman lying in bed.,3139,A woman lying in bed.,True,0.38841482996940613
i2t,3139,A woman lying on a bed.,3139,A woman lying on a bed.,True,0.3722416162490845
i2t,3139,The man lay on the bed.,3139,The man lay on the bed.,False,0.04223183915019035
i2t,3139,A woman sitting in bed.,3139,A woman sitting in bed.,False,0.04009895771741867
i2t,3139,woman stretch on her arm,3139,woman stretch on her arm,True,0.10675682872533798
i2t,3139,A girl laying on a bed,3139,A girl laying on a bed,True,0.35008513927459717
i2t,3139,The man sits on the bed.,3139,The man sits on the bed.,False,0.0034751726780086756
i2t,3139,A mother laying in bed.,3139,A mother laying in bed.,False,0.16570007801055908
i2t,715,The person appeared on the show,715,The person appeared on the show,False,8.396977500524372e-05
i2t,715,girl rise her hand,715,girl rise her hand,True,0.0003637098416220397
i2t,715,Artists are act their play in theater,715,Artists are act their play in theater,False,0.00015735282795503736
i2t,715,"woman, party, night",715,"woman, party, night",False,1.9696224626386538e-05
i2t,715,A woman hol,715,A woman hol,False,0.0001869135012384504
i2t,715,A woman runs in the day,715,A woman runs in the day,False,2.566084913269151e-05
i2t,715,A person is a player,715,A person is a player,False,4.171532054897398e-05
i2t,715,the person see the live show,715,the person see the live show,False,2.499434231140185e-05
i2t,715,SHE IS A STAR PLAYER WHO LOVES TO COMPETE WITH COLLEGUES,715,SHE IS A STAR PLAYER WHO LOVES TO COMPETE WITH COLLEGUES,False,0.006774417124688625
i2t,715,a womans seat at the table,715,a womans seat at the table,False,1.3734718777413946e-05
i2t,715,This artist is performing with her microphone.,715,This artist is performing with her microphone.,True,0.01738077960908413
i2t,715,A person plays a song on her phone.,715,A person plays a song on her phone.,False,0.0012717085191980004
i2t,715,A woman in sunglasses touching her own hair.,715,A woman in sunglasses touching her own hair.,False,0.00017003800894599408
i2t,715,A person singing in a microphone.,715,A person singing in a microphone.,True,0.01656121388077736
i2t,715,The artist sings into the microphone.,715,The artist sings into the microphone.,True,0.008404135704040527
i2t,715,The artist performed by singing into the microphone.,715,The artist performed by singing into the microphone.,True,0.001548568019643426
i2t,715,A person singing into a microphone.,715,A person singing into a microphone.,True,0.015104892663657665
i2t,715,A girl singing something.,715,A girl singing something.,True,0.0020262955222278833
i2t,715,The music artist perform on the event is very awesome.,715,The music artist perform on the event is very awesome.,False,0.001395714352838695
i2t,715,An artist sings into a microphone.,715,An artist sings into a microphone.,True,0.015522385947406292
i2t,715,The person will sing on the stage.,715,The person will sing on the stage.,False,0.00016949752171058208
i2t,715,Which person looks like this one?,715,Which person looks like this one?,False,2.5359864594065584e-05
i2t,715,The person will sing into the microphone.,715,The person will sing into the microphone.,True,0.0011388843413442373
i2t,715,That person looked from the crowed.,715,That person looked from the crowed.,False,4.638319296645932e-05
i2t,715,This person will steal the show.,715,This person will steal the show.,False,0.0003666145203169435
i2t,715,The politician did speak in person.,715,The politician did speak in person.,False,6.233638487174176e-06
i2t,715,the game is very interest.,715,the game is very interest.,False,3.7316931411623955e-06
i2t,715,Telling a person how to sing a song.,715,Telling a person how to sing a song.,False,0.002969191176816821
i2t,715,Picture taken of a lady,715,Picture taken of a lady,True,1.429869735147804e-05
i2t,715,There is more than on person on the Track and Ball podcast.,715,There is more than on person on the Track and Ball podcast.,False,0.000252110039582476
i2t,715,Men talk to a woman.,715,Men talk to a woman.,False,0.00010205140279140323
i2t,715,Artists play a gig.,715,Artists play a gig.,False,0.00014511027256958187
i2t,715,"Person, looking ready for an event",715,"Person, looking ready for an event",False,1.635507396713365e-05
i2t,715,The artist leaves the stage.,715,The artist leaves the stage.,False,0.0002781194925773889
i2t,715,The artist left the studio.,715,The artist left the studio.,False,0.00558877969160676
i2t,715,"woman, music, notes",715,"woman, music, notes",False,6.39341669739224e-05
i2t,715,A woman stands in front of a microphone.,715,A woman stands in front of a microphone.,False,0.008088655769824982
i2t,715,The person likes to listen to music made by another person.,715,The person likes to listen to music made by another person.,False,0.000513480044901371
i2t,715,The man speaks into the microphone.,715,The man speaks into the microphone.,False,0.0009743343689478934
i2t,715,A person listening to music.,715,A person listening to music.,False,0.001229861518368125
i2t,715,The woman sing on stage.,715,The woman sing on stage.,False,0.0008799440693110228
i2t,715,A man speaks into a microphone,715,A man speaks into a microphone,False,0.0010562652023509145
i2t,715,The singer arrives at her premiere.,715,The singer arrives at her premiere.,False,3.198214835720137e-05
i2t,715,A female actor is posing as a star.,715,A female actor is posing as a star.,True,9.682136442279443e-05
i2t,715,A person sings into a microphone.,715,A person sings into a microphone.,False,0.025076916441321373
i2t,6606,The woman is walking on the garden.,6606,The woman is walking on the garden.,True,0.9528027772903442
i2t,6606,the person looks nice,6606,the person looks nice,True,0.051994774490594864
i2t,6606,the actor flaunt her figure,6606,the actor flaunt her figure,True,0.09590179473161697
i2t,6606,A woman is walking in the garden.,6606,A woman is walking in the garden.,True,0.9770854711532593
i2t,6606,The woman stands in the garden.,6606,The woman stands in the garden.,False,0.3950938880443573
i2t,6606,The woman walks to the house.,6606,The woman walks to the house.,False,0.6138702630996704
i2t,6606,The person walks through the garden.,6606,The person walks through the garden.,True,0.689599871635437
i2t,6606,A girl walks in a garden.,6606,A girl walks in a garden.,True,0.9490655064582825
i2t,6606,The man walks at the woman's side.,6606,The man walks at the woman's side.,False,0.051240965723991394
i2t,6606,a girl runs in the garden.,6606,a girl runs in the garden.,False,0.7844510674476624
i2t,6606,The couple walks by the garden.,6606,The couple walks by the garden.,False,0.39129725098609924
i2t,6606,A woman stands in the garden.,6606,A woman stands in the garden.,False,0.3698180913925171
i2t,6606,A girl walks on a path.,6606,A girl walks on a path.,True,0.4803627133369446
i2t,6606,A girl running in a garden,6606,A girl running in a garden,False,0.6101959347724915
i2t,6606,A girl is standing near a pool.,6606,A girl is standing near a pool.,False,0.027826355770230293
i2t,6606,A man is standing by the garden,6606,A man is standing by the garden,False,0.008157474920153618
i2t,6606,The woman is walking through the park.,6606,The woman is walking through the park.,True,0.060066159814596176
i2t,6606,a girl is playing in a park,6606,a girl is playing in a park,False,0.11656323075294495
i2t,6606,A woman is walking in a park.,6606,A woman is walking in a park.,True,0.20397774875164032
i2t,6606,The woman stood in the grass.,6606,The woman stood in the grass.,False,0.032127536833286285
i2t,6606,A woman stands in a garden.,6606,A woman stands in a garden.,False,0.354969322681427
i2t,6606,Players walking to a session.,6606,Players walking to a session.,False,0.0021038262639194727
i2t,6606,A girl stands in the garden.,6606,A girl stands in the garden.,False,0.3255954682826996
i2t,6606,Ducks walk by the pond.,6606,Ducks walk by the pond.,False,0.04330744966864586
i2t,6606,A woman relaxes in the garden,6606,A woman relaxes in the garden,True,0.4967893362045288
i2t,6606,A man relaxing in a garden.,6606,A man relaxing in a garden.,False,0.04173295572400093
i2t,6606,A woman sitting in a garden.,6606,A woman sitting in a garden.,False,0.07889020442962646
i2t,6606,A woman walking around a fountain.,6606,A woman walking around a fountain.,False,0.1763421595096588
i2t,6606,The woman will walk near the fountain.,6606,The woman will walk near the fountain.,False,0.3402408957481384
i2t,6606,A woman sitting in the garden.,6606,A woman sitting in the garden.,False,0.0763864517211914
i2t,6606,A woman walks down a path.,6606,A woman walks down a path.,True,0.391426682472229
i2t,6606,A woman walks along a path.,6606,A woman walks along a path.,True,0.41283807158470154
i2t,6606,A woman walks in a park.,6606,A woman walks in a park.,True,0.29596012830734253
i2t,6606,A woman walks in the park.,6606,A woman walks in the park.,True,0.30376067757606506
i2t,2989,The boat sails on the river.,2989,The boat sails on the river.,True,0.03206804022192955
i2t,2989,The boat floated down the river.,2989,The boat floated down the river.,True,0.508444607257843
i2t,2989,"The boat is floating on the water,",2989,"The boat is floating on the water,",True,0.5708519816398621
i2t,2989,The ship sails in the river.,2989,The ship sails in the river.,True,0.007680387236177921
i2t,2989,It looks hard to navigate a boat in a river.,2989,It looks hard to navigate a boat in a river.,True,0.850323498249054
i2t,2989,The boat is sailing on the water.,2989,The boat is sailing on the water.,True,0.07849190384149551
i2t,2989,A boat can moor while at sea.,2989,A boat can moor while at sea.,False,0.014366763643920422
i2t,2989,The boat floats on the sea.,2989,The boat floats on the sea.,True,0.003962420858442783
i2t,2989,The boat sails on the water.,2989,The boat sails on the water.,True,0.04083141312003136
i2t,2989,The boat sailed in the harbor.,2989,The boat sailed in the harbor.,False,0.00796005129814148
i2t,2989,A boat tied to the shore,2989,A boat tied to the shore,False,0.5716246962547302
i2t,2989,boat floating on river,2989,boat floating on river,True,0.8287323117256165
i2t,2989,The boat is floating in the lake.,2989,The boat is floating in the lake.,True,0.6238682270050049
i2t,2989,A boat floating in the water,2989,A boat floating in the water,True,0.5467885732650757
i2t,2989,A boat sits on the shore,2989,A boat sits on the shore,True,0.5041682124137878
i2t,2989,The boat stands on the shore,2989,The boat stands on the shore,True,0.4647402763366699
i2t,2989,Boat on moor lake,2989,Boat on moor lake,True,0.4036909341812134
i2t,2989,a boat float on the river,2989,a boat float on the river,True,0.5606127381324768
i2t,2989,A boat is on the moor shore.,2989,A boat is on the moor shore.,True,0.36580243706703186
i2t,2989,There is no boat at the dock on the canal.,2989,There is no boat at the dock on the canal.,False,0.13594281673431396
i2t,2989,A boat is floating down the river,2989,A boat is floating down the river,True,0.6966696977615356
i2t,2989,A boat is moored at the river.,2989,A boat is moored at the river.,True,0.3531006872653961
i2t,2989,There is a boat on a moor in the estuary.,2989,There is a boat on a moor in the estuary.,True,0.38852182030677795
i2t,2989,A boat is moored in a river.,2989,A boat is moored in a river.,True,0.6947415471076965
i2t,2989,A boat moors in a canal.,2989,A boat moors in a canal.,True,0.46649500727653503
i2t,2989,A boat floats on a river.,2989,A boat floats on a river.,True,0.42217957973480225
i2t,2989,This boat can cross the river.,2989,This boat can cross the river.,True,0.19539691507816315
i2t,2989,A boat floats on the river.,2989,A boat floats on the river.,True,0.22837211191654205
i2t,2989,The boat traveled through the water.,2989,The boat traveled through the water.,True,0.14063112437725067
i2t,2989,A boat navigating a river.,2989,A boat navigating a river.,True,0.20121902227401733
i2t,2989,Boat floats on a pond.,2989,Boat floats on a pond.,True,0.3620340824127197
i2t,2989,A boat floats on a lake.,2989,A boat floats on a lake.,True,0.2502451241016388
i2t,2989,A boat rests on the shore.,2989,A boat rests on the shore.,True,0.34797871112823486
i2t,2989,A boat sits off the moor by the water.,2989,A boat sits off the moor by the water.,True,0.42104828357696533
i2t,2989,The boat is moored in the still waters.,2989,The boat is moored in the still waters.,True,0.15214209258556366
i2t,2989,A boat sits washed up on shore.,2989,A boat sits washed up on shore.,True,0.13871821761131287
i2t,2989,A boat is moored in an estuary.,2989,A boat is moored in an estuary.,True,0.2577210068702698
i2t,2042,woman lies on the beach,2042,woman lies on the beach,True,0.01571444235742092
i2t,2042,The woman is using a camera.,2042,The woman is using a camera.,False,4.474881279747933e-06
i2t,2042,A woman is lying on the beach.,2042,A woman is lying on the beach.,True,0.003313398687168956
i2t,2042,A woman enjoys time at the beach.,2042,A woman enjoys time at the beach.,True,0.0016465377993881702
i2t,2042,A woman is enjoying the beach.,2042,A woman is enjoying the beach.,True,0.001717464765533805
i2t,2042,the person looks nice,2042,the person looks nice,True,0.0007410018588416278
i2t,2042,A woman is laying on the beach.,2042,A woman is laying on the beach.,True,0.002605013083666563
i2t,2042,A person pose one,2042,A person pose one,True,0.0003747298615053296
i2t,2042,person rests on beach,2042,person rests on beach,True,0.001281560049392283
i2t,2042,A woman lies back.,2042,A woman lies back.,True,0.007249039132148027
i2t,2042,A woman resting on the beach.,2042,A woman resting on the beach.,True,0.004087347537279129
i2t,2042,woman sits on beach,2042,woman sits on beach,False,0.021445460617542267
i2t,2042,A woman laying on the beach.,2042,A woman laying on the beach.,True,0.004000850021839142
i2t,2042,Woman sits on terrace.,2042,Woman sits on terrace.,False,0.011495713144540787
i2t,2042,A woman sunbathes on the beach.,2042,A woman sunbathes on the beach.,True,0.003051646752282977
i2t,2042,A LADY SITS IN THE BEACH.,2042,A LADY SITS IN THE BEACH.,False,0.00048725114902481437
i2t,2042,A girl lying on the beach.,2042,A girl lying on the beach.,True,0.004221849609166384
i2t,2042,A girl lying on a bench.,2042,A girl lying on a bench.,True,0.0013110121944919229
i2t,2042,The girl sits in the chair.,2042,The girl sits in the chair.,False,0.00037966115633025765
i2t,2042,The woman rests in the chair.,2042,The woman rests in the chair.,True,0.0025495635345578194
i2t,2042,The girl sits on the bench.,2042,The girl sits on the bench.,False,9.377656533615664e-05
i2t,2042,The woman sunbathes on the beach.,2042,The woman sunbathes on the beach.,True,0.005040463991463184
i2t,2042,A woman sitting on a stool.,2042,A woman sitting on a stool.,False,1.6997169950627722e-05
i2t,2042,A woman sites in the chair.,2042,A woman sites in the chair.,False,0.005239169578999281
i2t,2042,A woman leaning on a stool.,2042,A woman leaning on a stool.,False,1.946887823578436e-05
i2t,2042,a woman sitting on a stool,2042,a woman sitting on a stool,False,1.6997169950627722e-05
i2t,2042,The woman lies on the chair.,2042,The woman lies on the chair.,True,0.010778493247926235
i2t,2042,A young girl lies on a beach.,2042,A young girl lies on a beach.,True,0.00044024057569913566
i2t,2042,The woman rested on the beach.,2042,The woman rested on the beach.,True,0.0032205262687057257
i2t,2042,The person rests her head.,2042,The person rests her head.,True,0.0001648989855311811
i2t,2042,A girl rests her head.,2042,A girl rests her head.,True,0.0006764701684005558
i2t,2042,A person sunbathing at the beach.,2042,A person sunbathing at the beach.,True,0.0005335120367817581
i2t,2042,The girl laid on the beach.,2042,The girl laid on the beach.,True,0.0027840265538543463
i2t,2042,A woman lies on a beach.,2042,A woman lies on a beach.,True,0.00330150593072176
i2t,2042,A woman lies on the beach.,2042,A woman lies on the beach.,True,0.0020472274627536535
i2t,2042,girl lie on the beach,2042,girl lie on the beach,True,0.010580392554402351
i2t,2042,The woman lies on the beach.,2042,The woman lies on the beach.,True,0.003144116373732686
i2t,2042,Women lie on a beach,2042,Women lie on a beach,True,0.005358597729355097
i2t,2042,A woman enjoys the beach.,2042,A woman enjoys the beach.,True,0.002560729393735528
i2t,2042,A person enjoys the sun on the beach.,2042,A person enjoys the sun on the beach.,True,6.461561861215159e-05
i2t,2042,A woman rests on the beach.,2042,A woman rests on the beach.,True,0.00101250980515033
i2t,1788,A person sitting at home,1788,A person sitting at home,True,0.0030515275429934263
i2t,1788,A person sits at a window.,1788,A person sits at a window.,True,0.006821421906352043
i2t,1788,A person sits at home.,1788,A person sits at home.,True,0.000624322157818824
i2t,1788,A person sits and shops online,1788,A person sits and shops online,False,0.00010028830729424953
i2t,1788,A woman is looking at the view.,1788,A woman is looking at the view.,True,0.01236354187130928
i2t,1788,A person sits in a room.,1788,A person sits in a room.,True,0.0003498159348964691
i2t,1788,A person waiting for another person.,1788,A person waiting for another person.,False,0.00024643202777951956
i2t,1788,A girl is sitting by the window.,1788,A girl is sitting by the window.,True,0.4552123248577118
i2t,1788,A person posting a picture.,1788,A person posting a picture.,False,7.4544482231431175e-06
i2t,1788,A person pose one,1788,A person pose one,True,2.132989357050974e-05
i2t,1788,A woman sits on a windowsill.,1788,A woman sits on a windowsill.,True,0.9306449890136719
i2t,1788,A woman sits in the windowsill.,1788,A woman sits in the windowsill.,True,0.9343425631523132
i2t,1788,A woman sits on a ledge.,1788,A woman sits on a ledge.,True,0.11040040850639343
i2t,1788,A woman sitting against a wall.,1788,A woman sitting against a wall.,True,0.011992990970611572
i2t,1788,A woman sitting on a ledge.,1788,A woman sitting on a ledge.,True,0.0810793936252594
i2t,1788,A woman sits in a window sill.,1788,A woman sits in a window sill.,True,0.9028909206390381
i2t,1788,A woman sits against a wall.,1788,A woman sits against a wall.,True,0.0076624187640845776
i2t,1788,A girl sits by a window.,1788,A girl sits by a window.,True,0.442534476518631
i2t,1788,The woman is sitting on the windowsill.,1788,The woman is sitting on the windowsill.,True,0.5231220126152039
i2t,1788,A man sits near to the windowsill,1788,A man sits near to the windowsill,False,0.00330442120321095
i2t,1788,person sitting on a ledge,1788,person sitting on a ledge,True,0.00026873149909079075
i2t,1788,A MAN SITS IN THE WINDOWSILL,1788,A MAN SITS IN THE WINDOWSILL,False,0.001686958596110344
i2t,1788,a woman sitting on a stool,1788,a woman sitting on a stool,False,0.0035712402313947678
i2t,1788,The woman sits on the floor.,1788,The woman sits on the floor.,False,0.00025231420295313
i2t,1788,A girl sits at a window,1788,A girl sits at a window,True,0.47679200768470764
i2t,1788,A girl can be seen sitting by the window.,1788,A girl can be seen sitting by the window.,True,0.017045283690094948
i2t,1788,The person sits by the window.,1788,The person sits by the window.,True,0.00010604078124742955
i2t,1788,A woman sits in a window.,1788,A woman sits in a window.,True,0.613166868686676
i2t,1788,A woman is sitting in front of a wall.,1788,A woman is sitting in front of a wall.,False,0.002013546647503972
i2t,1788,A woman leans looking out the window.,1788,A woman leans looking out the window.,True,0.15047650039196014
i2t,1788,A woman staring out a window.,1788,A woman staring out a window.,True,0.09529492259025574
i2t,7880,A cat sits on the bed.,7880,A cat sits on the bed.,True,0.24701924622058868
i2t,7880,A person is sitting on the bed.,7880,A person is sitting on the bed.,False,0.0015310804592445493
i2t,7880,A person sits on a bed.,7880,A person sits on a bed.,False,0.00313563016243279
i2t,7880,A man sits in bed.,7880,A man sits in bed.,False,0.00023423542734235525
i2t,7880,A person who is a man poses.,7880,A person who is a man poses.,False,8.255922807620664e-07
i2t,7880,A person sits on their bed.,7880,A person sits on their bed.,False,0.0013730081263929605
i2t,7880,this person makes the image,7880,this person makes the image,False,1.0528498933126684e-05
i2t,7880,The man sits on the bed.,7880,The man sits on the bed.,False,0.003931451588869095
i2t,7880,People are sitting in a room.,7880,People are sitting in a room.,False,1.6761788401709055e-06
i2t,7880,A man lies in bed.,7880,A man lies in bed.,False,0.00010094187018694356
i2t,7880,The cat lies on a blanket.,7880,The cat lies on a blanket.,False,0.06354235112667084
i2t,7880,A cat rests on a blanket.,7880,A cat rests on a blanket.,True,0.0037459491286426783
i2t,7880,A cat laying before the background.,7880,A cat laying before the background.,False,0.016718069091439247
i2t,7880,A cat sits on a sofa.,7880,A cat sits on a sofa.,False,0.014567369595170021
i2t,7880,The cat lied on the sofa.,7880,The cat lied on the sofa.,False,0.02226046286523342
i2t,7880,The person looks comfortable sitting on a couch at home.,7880,The person looks comfortable sitting on a couch at home.,False,3.2155239750863984e-05
i2t,7880,The cat lies on the sofa.,7880,The cat lies on the sofa.,False,0.06213213503360748
i2t,7880,A cat sits on a couch.,7880,A cat sits on a couch.,False,0.008665304630994797
i2t,7880,A cat lies on a sofa,7880,A cat lies on a sofa,False,0.00844268873333931
i2t,7880,A cat sitting on the floor.,7880,A cat sitting on the floor.,False,0.0063349399715662
i2t,7880,The cat lays on the floor.,7880,The cat lays on the floor.,False,0.00804147869348526
i2t,7880,A cat sitting on the ground.,7880,A cat sitting on the ground.,False,0.002919945167377591
i2t,7880,The cat lays on the floor,7880,The cat lays on the floor,False,0.00804147869348526
i2t,7880,The cat sat at the table,7880,The cat sat at the table,False,0.0023608847986906767
i2t,7880,the cat lies on the ground,7880,the cat lies on the ground,False,0.008039494045078754
i2t,7880,The boy sat on the blanket.,7880,The boy sat on the blanket.,False,0.013805735856294632
i2t,7880,A cat is sitting on the sofa.,7880,A cat is sitting on the sofa.,False,0.08771992474794388
i2t,7880,a cat lying down,7880,a cat lying down,False,0.0035600385162979364
i2t,7880,The man lay on the bed.,7880,The man lay on the bed.,False,0.005205974448472261
i2t,7880,A cat laying on a couch.,7880,A cat laying on a couch.,False,0.005587471649050713
i2t,7880,A cat lies ina chair.,7880,A cat lies ina chair.,False,0.0012862124713137746
i2t,7880,A cat is sitting on a couch.,7880,A cat is sitting on a couch.,False,0.03533497080206871
i2t,7880,A cat is sitting on grass.,7880,A cat is sitting on grass.,False,0.0007672599167563021
i2t,7880,A cat sits on the grass.,7880,A cat sits on the grass.,False,0.00015361160330940038
i2t,7880,A cat sitting in the snow.,7880,A cat sitting in the snow.,False,4.524029645835981e-05
i2t,7880,A cat sits on grass.,7880,A cat sits on grass.,False,0.00020764775399584323
i2t,5212,The woman will take a photo with her camera.,5212,The woman will take a photo with her camera.,False,8.469763997709379e-05
i2t,5212,person takes photo,5212,person takes photo,True,0.00027828343445435166
i2t,5212,Two people take a picture.,5212,Two people take a picture.,True,0.006789632607251406
i2t,5212,A person posting a picture.,5212,A person posting a picture.,False,0.00012609151599463075
i2t,5212,The woman is using a camera.,5212,The woman is using a camera.,False,1.8401236957288347e-05
i2t,5212,A person takes a pictures of these persons,5212,A person takes a pictures of these persons,True,9.776926162885502e-06
i2t,5212,The lady will take a photo with her camera.,5212,The lady will take a photo with her camera.,False,5.860495366505347e-05
i2t,5212,man holding girlfriend,5212,man holding girlfriend,True,0.023734398186206818
i2t,5212,A person takes a photo to practice photography.,5212,A person takes a photo to practice photography.,False,6.91570221533766e-06
i2t,5212,this person makes the image,5212,this person makes the image,True,4.31607850259752e-06
i2t,5212,A couple is sitting next to a bicycle.,5212,A couple is sitting next to a bicycle.,False,0.1282009482383728
i2t,5212,A couple sits on a bicycle.,5212,A couple sits on a bicycle.,True,0.013610614463686943
i2t,5212,A person takes a photo with his daughter.,5212,A person takes a photo with his daughter.,False,0.00013399796443991363
i2t,5212,A couple rides bicycles.,5212,A couple rides bicycles.,False,0.10449046641588211
i2t,5212,A man holds his phone and texts his girlfriend,5212,A man holds his phone and texts his girlfriend,False,3.663398456410505e-05
i2t,5212,A person taking a picture with their daughter,5212,A person taking a picture with their daughter,False,6.814228254370391e-05
i2t,5212,A man takes a picture with his child.,5212,A man takes a picture with his child.,False,5.9220456023467705e-05
i2t,5212,man take a photo,5212,man take a photo,True,0.008416526950895786
i2t,5212,A girl is hitchhiking beside the road.,5212,A girl is hitchhiking beside the road.,False,0.0007293371600098908
i2t,5212,A girl rider a bike.,5212,A girl rider a bike.,True,0.00027772894827649
i2t,5212,The girl is sitting on the bike.,5212,The girl is sitting on the bike.,True,0.0029098251834511757
i2t,5212,The girl stands on the bike.,5212,The girl stands on the bike.,False,0.002830577315762639
i2t,5212,A woman riding on a bicycle,5212,A woman riding on a bicycle,False,0.0001821761397877708
i2t,5212,A girl standing with a bike.,5212,A girl standing with a bike.,True,0.0005059183458797634
i2t,5212,A man standing with a bicycle,5212,A man standing with a bicycle,True,0.00046063357149250805
i2t,5212,A couple is embracing each other.,5212,A couple is embracing each other.,True,0.0001557314972160384
i2t,5212,The girl is walking down the street.,5212,The girl is walking down the street.,False,6.1017635744065046e-05
i2t,5212,Girl riding bike,5212,Girl riding bike,False,0.0009696226334199309
i2t,5212,A girl hitchikes by the road,5212,A girl hitchikes by the road,False,0.0006575442384928465
i2t,5212,The woman took a picture.,5212,The woman took a picture.,False,1.5041092410683632e-05
i2t,5212,The girl was standing by the bikes,5212,The girl was standing by the bikes,True,0.0030824022833257914
i2t,5212,The person smiled for the camera.,5212,The person smiled for the camera.,True,1.3777885214949492e-06
i2t,5212,A person snapped a photo.,5212,A person snapped a photo.,True,1.1924966202059295e-05
i2t,5212,The person rides a bike in the event.,5212,The person rides a bike in the event.,False,1.2908000826428179e-05
i2t,5212,A man rides a bike.,5212,A man rides a bike.,False,0.0001675427774898708
i2t,5212,A person riding a bike with another person pushing from behind.,5212,A person riding a bike with another person pushing from behind.,False,2.522609429433942e-05
i2t,5212,The people look like a happy pair.,5212,The people look like a happy pair.,True,6.381877483363496e-06
i2t,5212,This couple is running down the road.,5212,This couple is running down the road.,False,1.663627517700661e-05
i2t,5212,The couple ran on the road.,5212,The couple ran on the road.,False,0.0007444846560247242
i2t,5212,A couple riding in a car.,5212,A couple riding in a car.,False,5.4351323342416435e-05
i2t,12895,"A mother and her son play,",12895,"A mother and her son play,",True,0.8704522252082825
i2t,12895,A mother plays with a boy.,12895,A mother plays with a boy.,True,0.3520059287548065
i2t,12895,A person plays with their daughter.,12895,A person plays with their daughter.,False,0.02001611702144146
i2t,12895,Kids are playing music.,12895,Kids are playing music.,False,0.00018802189151756465
i2t,12895,A person is having a play day.,12895,A person is having a play day.,True,0.0010383466724306345
i2t,12895,A person playing with her mother.,12895,A person playing with her mother.,True,0.024547265842556953
i2t,12895,A mother plays with her son,12895,A mother plays with her son,True,0.5806845426559448
i2t,12895,A mother plays with a daughter.,12895,A mother plays with a daughter.,False,0.02782842144370079
i2t,12895,A mother playing with a girl.,12895,A mother playing with a girl.,False,0.012614872306585312
i2t,12895,parent play with baby,12895,parent play with baby,True,0.8446815609931946
i2t,12895,A mother sits on the floor with her son.,12895,A mother sits on the floor with her son.,True,0.8233324885368347
i2t,12895,A mother playing with her boy.,12895,A mother playing with her boy.,True,0.5418316721916199
i2t,12895,Mother is sitting on the floor.,12895,Mother is sitting on the floor.,True,0.058059319853782654
i2t,12895,MOTHERS SITS IN THE FLOOR WITH BABY,12895,MOTHERS SITS IN THE FLOOR WITH BABY,True,0.14182011783123016
i2t,12895,A mother sits on the floor with her children.,12895,A mother sits on the floor with her children.,True,0.25603944063186646
i2t,12895,A mother sitting on the floor.,12895,A mother sitting on the floor.,True,0.05768657103180885
i2t,12895,A mother playing with her child.,12895,A mother playing with her child.,True,0.20536856353282928
i2t,12895,The mother sits on the floor.,12895,The mother sits on the floor.,True,0.017674028873443604
i2t,12895,A daughter will take things from her mother,12895,A daughter will take things from her mother,False,0.0025556241162121296
i2t,12895,A person playing with his daughter.,12895,A person playing with his daughter.,False,0.002714797155931592
i2t,12895,A mother takes her daughter.,12895,A mother takes her daughter.,False,0.0013615970965474844
i2t,12895,The mother plays with her daughter.,12895,The mother plays with her daughter.,False,0.0134609155356884
i2t,12895,The mother plays with the daughter.,12895,The mother plays with the daughter.,False,0.012193925678730011
i2t,12895,A mother plays with her baby.,12895,A mother plays with her baby.,True,0.03231789916753769
i2t,12895,is this mother playing with her children?,12895,is this mother playing with her children?,True,0.029667792841792107
i2t,12895,The mother plays with the baby.,12895,The mother plays with the baby.,True,0.009826560504734516
i2t,12895,The mother plays with her baby.,12895,The mother plays with her baby.,True,0.009820949286222458
i2t,10801,this person makes the image,10801,this person makes the image,False,1.1047094631067012e-05
i2t,10801,The sun is rising in the sky,10801,The sun is rising in the sky,True,8.408531721215695e-05
i2t,10801,The person displays one image.,10801,The person displays one image.,False,2.0466852674871916e-06
i2t,10801,A person can bring up an emotion with a photo.,10801,A person can bring up an emotion with a photo.,False,3.200919991286355e-06
i2t,10801,A person posting a picture.,10801,A person posting a picture.,False,5.25201357959304e-06
i2t,10801,A sun rise in the morning.,10801,A sun rise in the morning.,True,0.00040689605521038175
i2t,10801,Sky while the sun is rising,10801,Sky while the sun is rising,True,0.001070216647349298
i2t,10801,"The boat is floating on the water,",10801,"The boat is floating on the water,",False,4.3395946704549715e-05
i2t,10801,person fly in the sky,10801,person fly in the sky,False,5.2547788072843105e-05
i2t,10801,The sun rises in the sky.,10801,The sun rises in the sky.,True,0.0002973855007439852
i2t,10801,Birds flying over a beach at sunset,10801,Birds flying over a beach at sunset,True,0.03285966441035271
i2t,10801,The birds fly over the beach along the sunset,10801,The birds fly over the beach along the sunset,True,0.007440212648361921
i2t,10801,Seagulls flying at a beach.,10801,Seagulls flying at a beach.,True,0.019426994025707245
i2t,10801,Walking on the beach during a sunset.,10801,Walking on the beach during a sunset.,False,0.002176844049245119
i2t,10801,People running on the beach at sunset.,10801,People running on the beach at sunset.,False,0.0006369465263560414
i2t,10801,A seagull flying over a beach.,10801,A seagull flying over a beach.,True,0.001195399323478341
i2t,10801,On a beach dancing at sunset.,10801,On a beach dancing at sunset.,False,0.0020218791905790567
i2t,10801,They play on the beach at sunset.,10801,They play on the beach at sunset.,False,0.002043371321633458
i2t,10801,People walk at sunset.,10801,People walk at sunset.,False,0.004175850190222263
i2t,10801,Boats floating in the ocean.,10801,Boats floating in the ocean.,False,3.689711229526438e-05
i2t,10801,The wave will break at the beach.,10801,The wave will break at the beach.,True,6.277026841416955e-05
i2t,10801,Waves are breaking on the shoreline.,10801,Waves are breaking on the shoreline.,True,9.437563130632043e-05
i2t,10801,The sun set in the sky.,10801,The sun set in the sky.,True,0.00035771160037256777
i2t,10801,the seagulls stood at the beach,10801,the seagulls stood at the beach,False,0.0005845095147378743
i2t,10801,The sun rises in the morning.,10801,The sun rises in the morning.,True,0.0005758203333243728
i2t,10801,Clouds loom in the sky over a beach.,10801,Clouds loom in the sky over a beach.,True,9.985038923332468e-05
i2t,10801,A sun rises above the horizon.,10801,A sun rises above the horizon.,True,0.0001455542806070298
i2t,10801,The sun rising on the horizon.,10801,The sun rising on the horizon.,True,0.00044771883403882384
i2t,10801,A person captures the sunset in a picture.,10801,A person captures the sunset in a picture.,False,9.013080853037536e-05
i2t,10801,Clouds hover in the sky above the sea,10801,Clouds hover in the sky above the sea,True,2.172904169128742e-05
i2t,10801,A shore landscape portrays a setting sun.,10801,A shore landscape portrays a setting sun.,True,0.0016196048818528652
i2t,10801,The sun set in the background.,10801,The sun set in the background.,True,9.918148134602234e-05
i2t,10801,The waves can almost reach the seagulls on shore.,10801,The waves can almost reach the seagulls on shore.,False,0.0010196121875196695
i2t,10801,The sun sets behind the clouds.,10801,The sun sets behind the clouds.,True,0.0006867212941870093
i2t,10801,The sun is setting in the background.,10801,The sun is setting in the background.,True,1.4049458513909485e-05
i2t,10801,They are walking on the beach at sunset.,10801,They are walking on the beach at sunset.,False,0.003157364670187235
i2t,10801,The sun sets in the sky.,10801,The sun sets in the sky.,True,0.000503907329402864
i2t,3613,People are attending a concert to see an artist.,3613,People are attending a concert to see an artist.,True,0.10296139121055603
i2t,3613,People listening to a concert.,3613,People listening to a concert.,True,0.19734860956668854
i2t,3613,People are performing at a fest.,3613,People are performing at a fest.,False,0.0328383669257164
i2t,3613,People play a concert.,3613,People play a concert.,False,0.17307735979557037
i2t,3613,person festival to be,3613,person festival to be,True,0.0016128893475979567
i2t,3613,A person's fans are celebrating,3613,A person's fans are celebrating,True,0.12478950619697571
i2t,3613,person sing on the crowd,3613,person sing on the crowd,True,0.0010497266193851829
i2t,3613,A person attends a show.,3613,A person attends a show.,True,0.0058348714374005795
i2t,3613,The crowd of people is singing.,3613,The crowd of people is singing.,True,0.1147364154458046
i2t,3613,A person celebrates in a crowd.,3613,A person celebrates in a crowd.,True,0.3260912299156189
i2t,3613,People showing signs with hands,3613,People showing signs with hands,False,0.1220107153058052
i2t,3613,A person pointing from the crowd.,3613,A person pointing from the crowd.,True,0.08947654813528061
i2t,3613,People clapping their hands.,3613,People clapping their hands.,False,0.12556707859039307
i2t,3613,Hands demonstrating sign language.,3613,Hands demonstrating sign language.,False,0.03221999481320381
i2t,3613,A man holds out his fingers.,3613,A man holds out his fingers.,True,0.011753659695386887
i2t,3613,Two hands raise their glasses.,3613,Two hands raise their glasses.,False,0.01756088249385357
i2t,3613,A person applauds with the crowd.,3613,A person applauds with the crowd.,False,0.057479530572891235
i2t,3613,A man raising one fist in the air as he looks down.,3613,A man raising one fist in the air as he looks down.,False,0.06850368529558182
i2t,3613,People performing at a concert,3613,People performing at a concert,False,0.07440401613712311
i2t,3613,A person sing with the crowd,3613,A person sing with the crowd,True,0.08785312622785568
i2t,3613,person singing to crowd,3613,person singing to crowd,True,0.19625301659107208
i2t,3613,A person celebrating the crowd,3613,A person celebrating the crowd,True,0.1365641951560974
i2t,3613,A man screaming in the background.,3613,A man screaming in the background.,True,0.008828801102936268
i2t,3613,The crowd is celebrating the players.,3613,The crowd is celebrating the players.,True,0.000997691648080945
i2t,3613,A person participating in a festival .,3613,A person participating in a festival .,True,0.008610657416284084
i2t,3613,fans celebrate person,3613,fans celebrate person,True,0.0003026679332833737
i2t,3613,A person sings in the crowd.,3613,A person sings in the crowd.,True,0.15535786747932434
i2t,3613,The person celebrated in the crowd.,3613,The person celebrated in the crowd.,True,0.0007374057313427329
i2t,3613,the person attended a festival,3613,the person attended a festival,True,0.0018584480276331306
i2t,3613,A person in a crowd watching a band perform.,3613,A person in a crowd watching a band perform.,True,0.36108288168907166
i2t,3613,person wave in the crowd,3613,person wave in the crowd,True,0.00043789047049358487
i2t,3613,Person playing to crowd at concert,3613,Person playing to crowd at concert,False,0.06653137505054474
i2t,3613,A person is one of many singing with the crowd.,3613,A person is one of many singing with the crowd.,True,0.4353675842285156
i2t,3613,Arms are raised in the background.,3613,Arms are raised in the background.,True,0.00027175090508535504
i2t,3613,People cheer at a game.,3613,People cheer at a game.,False,0.007330050226300955
i2t,3613,a person raising hands up,3613,a person raising hands up,True,0.02229081094264984
i2t,5599,People are sitting in a room.,5599,People are sitting in a room.,False,1.6879203030839562e-05
i2t,5599,A person sitting at home,5599,A person sitting at home,True,0.016673121601343155
i2t,5599,The boy is sitting on the couch.,5599,The boy is sitting on the couch.,True,0.3213351368904114
i2t,5599,A boy is sitting on the couch.,5599,A boy is sitting on the couch.,True,0.861121416091919
i2t,5599,A person sits at home.,5599,A person sits at home.,True,0.004415589384734631
i2t,5599,A man is sitting in his room.,5599,A man is sitting in his room.,False,0.00170235859695822
i2t,5599,A person waiting for another person.,5599,A person waiting for another person.,True,0.0009820936247706413
i2t,5599,The man is sitting on the couch.,5599,The man is sitting on the couch.,False,0.0009591230773366988
i2t,5599,The person is sitting in the room.,5599,The person is sitting in the room.,True,0.00022554835595656186
i2t,5599,A person sits in a room.,5599,A person sits in a room.,True,0.0010090498253703117
i2t,5599,boy sit on the couch,5599,boy sit on the couch,True,0.9651002287864685
i2t,5599,A boy sits on the couch.,5599,A boy sits on the couch.,True,0.7418922185897827
i2t,5599,A child sits on the couch.,5599,A child sits on the couch.,True,0.6015905737876892
i2t,5599,The boy lies on the couch.,5599,The boy lies on the couch.,False,0.15116633474826813
i2t,5599,The boy lies face down on the couch.,5599,The boy lies face down on the couch.,False,0.09519018232822418
i2t,5599,A boy lies on a couch.,5599,A boy lies on a couch.,False,0.05024940147995949
i2t,5599,A child sits with his dad on a couch.,5599,A child sits with his dad on a couch.,False,0.05901003256440163
i2t,5599,Two boys sit on a couch.,5599,Two boys sit on a couch.,True,0.052859168499708176
i2t,5599,The man sits on the couch.,5599,The man sits on the couch.,False,0.001353184343315661
i2t,5599,man sit on the sofa,5599,man sit on the sofa,False,0.024919407442212105
i2t,5599,A baby lying on the sofa.,5599,A baby lying on the sofa.,False,0.001055882778018713
i2t,5599,The man sits on the sofa.,5599,The man sits on the sofa.,False,0.002982193836942315
i2t,5599,The boy sits on the floor.,5599,The boy sits on the floor.,False,0.0015412993961945176
i2t,5599,The person looks comfortable sitting on a couch at home.,5599,The person looks comfortable sitting on a couch at home.,True,0.6396101713180542
i2t,5599,A boy is laying on the couch.,5599,A boy is laying on the couch.,False,0.012466421350836754
i2t,5599,A boy sits with his back turned,5599,A boy sits with his back turned,True,0.31109336018562317
i2t,5599,A boy looks out the window.,5599,A boy looks out the window.,True,0.032146625220775604
i2t,5599,A child is looking out the window.,5599,A child is looking out the window.,True,0.012243554927408695
i2t,5599,Child looking through window,5599,Child looking through window,True,0.03701027110219002
i2t,5599,A child looks through a window.,5599,A child looks through a window.,True,0.0009166167583316565
i2t,5599,A boy stands near a window.,5599,A boy stands near a window.,False,0.0014266341459006071
i2t,5771,this person makes the image,5771,this person makes the image,False,4.67515092168469e-05
i2t,5771,The person looks sharp and is dressed smartly.,5771,The person looks sharp and is dressed smartly.,True,0.0001692536607151851
i2t,5771,person stand in the room,5771,person stand in the room,True,0.00013723995652981102
i2t,5771,the person looks nice,5771,the person looks nice,True,1.854675792856142e-05
i2t,5771,The person stands in the office,5771,The person stands in the office,True,0.00031578956986777484
i2t,5771,The student stands in the classroom.,5771,The student stands in the classroom.,True,0.015223739668726921
i2t,5771,A person posting a picture.,5771,A person posting a picture.,False,0.00011085414735134691
i2t,5771,A student is taking a class.,5771,A student is taking a class.,False,0.001585393096320331
i2t,5771,person studying his field is standing,5771,person studying his field is standing,False,0.00043591015855781734
i2t,5771,The man stands in front of the desk.,5771,The man stands in front of the desk.,False,0.01038825511932373
i2t,5771,A man stands in front of a whiteboard.,5771,A man stands in front of a whiteboard.,True,0.2349444180727005
i2t,5771,A man holds a white board.,5771,A man holds a white board.,False,0.018236979842185974
i2t,5771,A businessman standing in front of a door,5771,A businessman standing in front of a door,False,0.008604574017226696
i2t,5771,man stand behind the wall,5771,man stand behind the wall,False,0.060813311487436295
i2t,5771,The businessman stands with his hand in his pocket.,5771,The businessman stands with his hand in his pocket.,False,0.05470388010144234
i2t,5771,person stands on the room,5771,person stands on the room,True,0.00011103239376097918
i2t,5771,A person stands in front of a background.,5771,A person stands in front of a background.,False,0.0005829500150866807
i2t,5771,The man sits at the desk.,5771,The man sits at the desk.,False,0.0007768631912767887
i2t,5771,The man in the shirt stands.,5771,The man in the shirt stands.,True,0.0022588518913835287
i2t,5771,A man holds a board.,5771,A man holds a board.,False,0.0031179431825876236
i2t,5771,The man is standing at a desk.,5771,The man is standing at a desk.,False,0.002266431227326393
i2t,5771,Man standing at a desk.,5771,Man standing at a desk.,False,0.03292730450630188
i2t,5771,The man stands in the background,5771,The man stands in the background,False,0.001626092242076993
i2t,5771,The man smiles in the background.,5771,The man smiles in the background.,True,0.00018790004833135754
i2t,5771,An actor wearing a dress suit,5771,An actor wearing a dress suit,False,0.0016261873533949256
i2t,5771,A man stands in front.,5771,A man stands in front.,True,0.007666970603168011
i2t,5771,The man is standing in the room.,5771,The man is standing in the room.,True,0.0026704813353717327
i2t,5771,A man talks in an office.,5771,A man talks in an office.,False,0.0010617970256134868
i2t,5771,The business man is sitting in a chair.,5771,The business man is sitting in a chair.,False,0.0009373057400807738
i2t,5771,A businessman sitting in a chair.,5771,A businessman sitting in a chair.,False,0.001437131897546351
i2t,5771,A businessman sits on a chair.,5771,A businessman sits on a chair.,False,0.0012131516123190522
i2t,5771,A businessman sits on the couch.,5771,A businessman sits on the couch.,False,9.087827493203804e-05
i2t,5771,A businessman sits at a table,5771,A businessman sits at a table,False,0.0004839127359446138
i2t,5771,A businessman sitting on a couch.,5771,A businessman sitting on a couch.,False,0.00024188320094253868
i2t,5771,A business man is leaning on a desk.,5771,A business man is leaning on a desk.,False,0.008944150060415268
i2t,5771,The man talks in the office.,5771,The man talks in the office.,False,0.0022080587223172188
i2t,5771,A man stands in an office.,5771,A man stands in an office.,True,0.020344605669379234
i2t,5771,A man stands in an office,5771,A man stands in an office,True,0.020344605669379234
i2t,5771,A person stands in an office.,5771,A person stands in an office.,True,0.004486763849854469
i2t,5771,A man sits in front of a white background,5771,A man sits in front of a white background,False,9.159133333014324e-05
i2t,2856,The train will go to crystal city.,2856,The train will go to crystal city.,True,0.9996567964553833
i2t,2856,The passenger walked to the train.,2856,The passenger walked to the train.,True,8.667115253047086e-06
i2t,2856,The person reads the book.,2856,The person reads the book.,False,2.6170318960794248e-05
i2t,2856,Two people are traveling in the city.,2856,Two people are traveling in the city.,False,7.093061140039936e-05
i2t,2856,The train departs from the station.,2856,The train departs from the station.,True,1.3647214473166969e-05
i2t,2856,A train runs through a city.,2856,A train runs through a city.,False,0.0004212175845168531
i2t,2856,People look at it.,2856,People look at it.,False,0.0003589328262023628
i2t,2856,The people marched on the city.,2856,The people marched on the city.,False,6.4748514887469355e-06
i2t,2856,Several people take an award.,2856,Several people take an award.,False,4.822339178645052e-06
i2t,2856,A person is writing in a book.,2856,A person is writing in a book.,False,0.00029554966022260487
i2t,2856,The politician did speak in person.,2856,The politician did speak in person.,False,1.7827096598921344e-06
i2t,2856,The person received a medal,2856,The person received a medal,False,2.386212599958526e-06
i2t,2856,People stand by a fence.,2856,People stand by a fence.,False,0.0004358349251560867
i2t,2856,The train will pass the crossing.,2856,The train will pass the crossing.,False,9.44982730288757e-06
i2t,2856,Person standing at a station.,2856,Person standing at a station.,True,3.0517421691911295e-06
i2t,2856,A man stands behind a fence,2856,A man stands behind a fence,False,4.015556987724267e-05
i2t,2856,This person runs track.,2856,This person runs track.,False,2.239780542367953e-06
i2t,2856,A passenger travels to the train.,2856,A passenger travels to the train.,True,0.00021758631919510663
i2t,2856,The politician is wearing a jacket,2856,The politician is wearing a jacket,False,6.618492079724092e-06
i2t,2856,The people stood in the front.,2856,The people stood in the front.,True,6.144426151877269e-06
i2t,2856,The woman stood in the front.,2856,The woman stood in the front.,False,5.381172741181217e-06
i2t,2856,A person can see it,2856,A person can see it,False,6.288661825237796e-05
i2t,2856,Woman staring out window,2856,Woman staring out window,False,1.0075881618831772e-05
i2t,2856,A girl walking on the rails.,2856,A girl walking on the rails.,False,0.00016924751980695873
i2t,2856,A boy walking on a train track,2856,A boy walking on a train track,False,0.0003163249930366874
i2t,2856,The train will cross the bridge,2856,The train will cross the bridge,False,1.3776551895716693e-05
i2t,2856,A man is looking for a person.,2856,A man is looking for a person.,False,4.479058407014236e-05
i2t,2856,The train is approaching the station,2856,The train is approaching the station,False,9.84936923487112e-06
i2t,2856,women sitting on balcony,2856,women sitting on balcony,False,0.00010929222480626777
i2t,2856,A PERSON COPIES ANOTHER PERSON'S POSE,2856,A PERSON COPIES ANOTHER PERSON'S POSE,False,1.3850766436007689e-06
i2t,2856,Trains are leaving the city.,2856,Trains are leaving the city.,False,6.766085425624624e-05
i2t,2856,THE WAVE CRASH ON GTHE JETTY,2856,THE WAVE CRASH ON GTHE JETTY,False,1.0566575383563759e-06
i2t,2856,AN ACTRESS ARRIVES AT THE PREMIERE,2856,AN ACTRESS ARRIVES AT THE PREMIERE,False,6.306825639512681e-07
i2t,2856,train runs through city,2856,train runs through city,False,0.00031765142921358347
i2t,2856,A PREGNANT WOMAN SITS IN BED,2856,A PREGNANT WOMAN SITS IN BED,False,1.0445711495776777e-06
i2t,2856,A KID IS WALKING IN THE STREET,2856,A KID IS WALKING IN THE STREET,False,3.368723264429718e-05
i2t,2856,I SEE THE PERSON IN A PHOTO WITH A BIG BELT,2856,I SEE THE PERSON IN A PHOTO WITH A BIG BELT,False,3.91214507544646e-06
i2t,2856,A WOMAN SITS IN THE SHORE,2856,A WOMAN SITS IN THE SHORE,False,1.3099843272357248e-06
i2t,2856,A train heading toward the city.,2856,A train heading toward the city.,True,0.0013625647407025099
i2t,2856,A train travels across the city.,2856,A train travels across the city.,True,0.00037716320366598666
i2t,2856,A train passes through town.,2856,A train passes through town.,True,3.957162334700115e-05
i2t,2856,A train passed through the city.,2856,A train passed through the city.,True,0.0002689576067496091
i2t,2856,A train passes a station.,2856,A train passes a station.,True,0.000265846261754632
i2t,2856,The passengers disembark the train.,2856,The passengers disembark the train.,False,6.643730739597231e-05
i2t,2856,A train leaving the city,2856,A train leaving the city,True,0.0005504001164808869
i2t,2856,A train passes a city.,2856,A train passes a city.,True,0.0005611652159132063
i2t,2856,A train passes through a stop at a city.,2856,A train passes through a stop at a city.,True,0.0013513363664969802
i2t,3151,person play in a music,3151,person play in a music,True,0.0008895924547687173
i2t,3151,this person makes the image,3151,this person makes the image,False,5.065389632363804e-05
i2t,3151,A person is performing music.,3151,A person is performing music.,True,0.001360293012112379
i2t,3151,person play on the stage,3151,person play on the stage,True,0.0006212249281816185
i2t,3151,A person picks a guitar to play music.,3151,A person picks a guitar to play music.,True,5.1479604735504836e-05
i2t,3151,A person is playing music.,3151,A person is playing music.,True,0.0003101323381997645
i2t,3151,The artist performed at a concert,3151,The artist performed at a concert,True,0.0003406296600587666
i2t,3151,Person plays music.,3151,Person plays music.,True,0.0010340303415432572
i2t,3151,Artists are act their play in theater,3151,Artists are act their play in theater,False,0.03882024809718132
i2t,3151,The artist will play the guitar on stage.,3151,The artist will play the guitar on stage.,True,0.07374729961156845
i2t,3151,Kid is playing music on his guitar,3151,Kid is playing music on his guitar,False,0.043177150189876556
i2t,3151,"woman, music, notes",3151,"woman, music, notes",False,0.01974302902817726
i2t,3151,A musician is performing for an audience on stage,3151,A musician is performing for an audience on stage,True,0.012376940809190273
i2t,3151,a songwriter performing on stage,3151,a songwriter performing on stage,True,0.016910085454583168
i2t,3151,An artist posing at the stage.,3151,An artist posing at the stage.,True,0.0594482421875
i2t,3151,A songwriter performs on the stage.,3151,A songwriter performs on the stage.,False,0.005571089219301939
i2t,3151,A person performs music.,3151,A person performs music.,True,0.004565487150102854
i2t,3151,The young artist tries to play music at a festival.,3151,The young artist tries to play music at a festival.,True,0.0016710063209757209
i2t,3151,An artist is performing for a person,3151,An artist is performing for a person,True,0.0013051728019490838
i2t,3151,Artists are performing in a show.,3151,Artists are performing in a show.,False,0.005658003035932779
i2t,3151,a man doing a dance,3151,a man doing a dance,False,0.00030364078702405095
i2t,3151,The person plays a song.,3151,The person plays a song.,True,0.00021554212435148656
i2t,3151,The artist is performing on the stage.,3151,The artist is performing on the stage.,True,0.009301015175879002
i2t,3151,A person performing in the theater.,3151,A person performing in the theater.,True,0.00529886269941926
i2t,3151,The artist is performing at a celebration.,3151,The artist is performing at a celebration.,False,0.00017042027320712805
i2t,3151,The kid will play music.,3151,The kid will play music.,False,0.004739143420010805
i2t,3151,An artist performs a show.,3151,An artist performs a show.,True,0.006028779782354832
i2t,3151,A person is playing on a stage.,3151,A person is playing on a stage.,True,0.005377213004976511
i2t,3151,An entertainer is performing on stage.,3151,An entertainer is performing on stage.,True,0.002384304068982601
i2t,3151,A guitarist plays on the stage.,3151,A guitarist plays on the stage.,True,0.009127569384872913
i2t,3151,A person is the lead guitar player,3151,A person is the lead guitar player,True,0.0030212539713829756
i2t,3151,A man is performing on the stage.,3151,A man is performing on the stage.,True,0.008466536179184914
i2t,3151,A guitarist is playing on a stage.,3151,A guitarist is playing on a stage.,True,0.007781460415571928
i2t,3151,An artist performs at a musical.,3151,An artist performs at a musical.,True,0.005947296041995287
i2t,3151,A guitarist playing on stage.,3151,A guitarist playing on stage.,True,0.011066628620028496
i2t,3151,guitarist plays on stage,3151,guitarist plays on stage,True,0.5565244555473328
i2t,3151,The guitarist performs on stage.,3151,The guitarist performs on stage.,True,0.0125223184004426
i2t,3151,An artist plays the guitar at a concert.,3151,An artist plays the guitar at a concert.,True,0.00202210433781147
i2t,3151,The artist plays a gig.,3151,The artist plays a gig.,True,0.013554878532886505
i2t,3151,Artist is playing in a gig.,3151,Artist is playing in a gig.,True,0.006204922217875719
i2t,3151,The artist performs his gig at the concert.,3151,The artist performs his gig at the concert.,True,0.00039590380038134754
i2t,3151,An artist performs a gig on stage.,3151,An artist performs a gig on stage.,True,0.0011146818287670612
i2t,3020,Can we take the kid for a walk on the beach?,3020,Can we take the kid for a walk on the beach?,True,0.01139717735350132
i2t,3020,A family is sitting on a beach.,3020,A family is sitting on a beach.,True,0.5356935262680054
i2t,3020,A family runs on the beach.,3020,A family runs on the beach.,False,0.0003159085172228515
i2t,3020,A family stands on a beach.,3020,A family stands on a beach.,False,0.0013290579663589597
i2t,3020,People look on a beach.,3020,People look on a beach.,True,0.005709214136004448
i2t,3020,A person can bring up an emotion with a photo.,3020,A person can bring up an emotion with a photo.,True,0.0007492664735764265
i2t,3020,Look at all the people on this crowded beach.,3020,Look at all the people on this crowded beach.,False,0.0001652843493502587
i2t,3020,The woman took a picture.,3020,The woman took a picture.,False,7.192830253188731e-06
i2t,3020,A family sits on the beach.,3020,A family sits on the beach.,True,0.4049578309059143
i2t,3020,A father is sitting at the beach,3020,A father is sitting at the beach,True,0.010703377425670624
i2t,3020,Father sitting on beach.,3020,Father sitting on beach.,True,0.21056796610355377
i2t,3020,mother sitting on beach,3020,mother sitting on beach,True,0.08871098607778549
i2t,3020,The family sits in the sand.,3020,The family sits in the sand.,True,0.39948979020118713
i2t,3020,A child sits on the beach with mom.,3020,A child sits on the beach with mom.,True,0.012332255020737648
i2t,3020,Mother sitting at the beach,3020,Mother sitting at the beach,True,0.01734333112835884
i2t,3020,Father sitting at the beach.,3020,Father sitting at the beach.,True,0.042362410575151443
i2t,3020,Mother sits at the beach.,3020,Mother sits at the beach.,True,0.009634057991206646
i2t,3020,A mother holding her baby to see the beach.,3020,A mother holding her baby to see the beach.,True,0.007914784364402294
i2t,3020,A couple is standing on the beach.,3020,A couple is standing on the beach.,False,0.0005923380376771092
i2t,3020,A couple sitting on the beach.,3020,A couple sitting on the beach.,False,0.049044594168663025
i2t,3020,Children sitting on the beach.,3020,Children sitting on the beach.,False,0.03007904626429081
i2t,3020,The girls sit in the sand.,3020,The girls sit in the sand.,True,0.0011284260544925928
i2t,3020,Man is sitting on the beach.,3020,Man is sitting on the beach.,True,0.006066170055419207
i2t,3020,A couple is sitting by the sea.,3020,A couple is sitting by the sea.,True,0.02313503995537758
i2t,3020,A girl is sitting on the beach.,3020,A girl is sitting on the beach.,True,0.0074332826770842075
i2t,3020,The kid sits on the beach.,3020,The kid sits on the beach.,True,0.010446920990943909
i2t,3020,A father is sitting on a beach.,3020,A father is sitting on a beach.,True,0.010820264928042889
i2t,3020,A father sits on the beach,3020,A father sits on the beach,True,0.00687752477824688
i2t,3020,A mother is sitting on the beach.,3020,A mother is sitting on the beach.,True,0.004561501555144787
i2t,3020,"family, sitting, outside",3020,"family, sitting, outside",True,0.02484736405313015
i2t,3020,Two people sit in the background.,3020,Two people sit in the background.,False,0.00013749694335274398
i2t,3020,A mother sitting on a beach.,3020,A mother sitting on a beach.,True,0.005936398636549711
i2t,3020,A family stands on the beach.,3020,A family stands on the beach.,False,0.0012261641677469015
i2t,3020,A father stands on the beach with his family.,3020,A father stands on the beach with his family.,False,0.0012286308920010924
i2t,3020,A family lying on a beach,3020,A family lying on a beach,False,0.0016436934238299727
i2t,3020,A couple enjoys the view of the ocean.,3020,A couple enjoys the view of the ocean.,True,0.00787249393761158
i2t,3020,A family walking on a beach,3020,A family walking on a beach,False,0.002008899115025997
i2t,3020,The family lies near the beach.,3020,The family lies near the beach.,False,0.024193977937102318
i2t,3020,A family plays at the beach.,3020,A family plays at the beach.,False,0.003532321425154805
i2t,3020,Family is playing on the beach.,3020,Family is playing on the beach.,False,0.035747308284044266
i2t,3020,A family walks on the beach.,3020,A family walks on the beach.,False,0.0016800345620140433
i2t,2765,THE WOMAN PLAY THE BALL WELL,2765,THE WOMAN PLAY THE BALL WELL,True,0.02107095718383789
i2t,2765,A footballer in a jersey is going to compete,2765,A footballer in a jersey is going to compete,False,0.004546666517853737
i2t,2765,SHE IS A STAR PLAYER WHO LOVES TO COMPETE WITH COLLEGUES,2765,SHE IS A STAR PLAYER WHO LOVES TO COMPETE WITH COLLEGUES,False,0.17730756103992462
i2t,2765,a player  win a player,2765,a player  win a player,False,0.17832201719284058
i2t,2765,player plays in tournament,2765,player plays in tournament,True,0.0024949009530246258
i2t,2765,athletes bring balls to play,2765,athletes bring balls to play,True,0.005891414359211922
i2t,2765,The woman plays ball.,2765,The woman plays ball.,True,0.0038414488080888987
i2t,2765,The person said to come for the ball.,2765,The person said to come for the ball.,False,0.16863007843494415
i2t,2765,A competing footballer player.,2765,A competing footballer player.,False,0.0036264241207391024
i2t,2765,A player you can set to play.,2765,A player you can set to play.,True,0.23036688566207886
i2t,2765,The person bumps the ball with her arms.,2765,The person bumps the ball with her arms.,False,0.5898367166519165
i2t,2765,the oppisite player will steal the ball,2765,the oppisite player will steal the ball,False,0.23096896708011627
i2t,2765,The person grabbed the ball.,2765,The person grabbed the ball.,True,0.3386523723602295
i2t,2765,The player passes the ball to her team.,2765,The player passes the ball to her team.,False,0.8260213136672974
i2t,2765,A person wins the ball.,2765,A person wins the ball.,True,0.4543384313583374
i2t,2765,A player grabs the ball.,2765,A player grabs the ball.,True,0.5983941555023193
i2t,2765,A player is defending at the half court.,2765,A player is defending at the half court.,False,0.1870015412569046
i2t,2765,A player spins the ball,2765,A player spins the ball,False,0.3741103410720825
i2t,2765,A person boots a ball in a game.,2765,A person boots a ball in a game.,False,0.16764762997627258
i2t,2765,The player will go for the ball.,2765,The player will go for the ball.,False,0.0728728175163269
i2t,2765,A player is scoring points.,2765,A player is scoring points.,False,0.12829241156578064
i2t,2765,The player would not pass the ball.,2765,The player would not pass the ball.,False,0.030747536569833755
i2t,2765,The player did advance the ball,2765,The player did advance the ball,False,0.10434259474277496
i2t,2765,The player saved the shot.,2765,The player saved the shot.,False,0.08137032389640808
i2t,2765,A player taking a shot.,2765,A player taking a shot.,False,0.1790662407875061
i2t,2765,A player wanted to leave the team,2765,A player wanted to leave the team,False,0.24832487106323242
i2t,2765,An athlete competes for the ball.,2765,An athlete competes for the ball.,True,0.5438848733901978
i2t,2765,a player fumbles the ball.,2765,a player fumbles the ball.,False,0.24504433572292328
i2t,2765,Player reach for the ball,2765,Player reach for the ball,True,0.39596128463745117
i2t,2765,Athletes go for the ball,2765,Athletes go for the ball,True,0.1348438262939453
i2t,2765,The woman will wals aside the player on the sideline.,2765,The woman will wals aside the player on the sideline.,False,0.03885171189904213
i2t,2765,person vies for ball,2765,person vies for ball,True,0.027226556092500687
i2t,2765,A player struggles with the ball.,2765,A player struggles with the ball.,True,0.3259037435054779
i2t,2765,A player competes for the ball.,2765,A player competes for the ball.,True,0.31153249740600586
i2t,2765,is this athlete playing a game?,2765,is this athlete playing a game?,True,0.12030807137489319
i2t,2765,A girl is reaching to take the ball,2765,A girl is reaching to take the ball,True,0.38617363572120667
i2t,2765,The athlete is playing to take the shot.,2765,The athlete is playing to take the shot.,True,0.2677793800830841
i2t,2765,An athlete reaching for a ball.,2765,An athlete reaching for a ball.,True,0.6261334419250488
i2t,2765,player bring a ball on her hand,2765,player bring a ball on her hand,True,0.15386007726192474
i2t,2765,player throws ball at half,2765,player throws ball at half,False,0.05277511849999428
i2t,2765,Players reach for a ball.,2765,Players reach for a ball.,True,0.2908020615577698
i2t,2765,An athlete player shoots.,2765,An athlete player shoots.,False,0.10612121969461441
i2t,2765,A player shooting a throw.,2765,A player shooting a throw.,False,0.4130704998970032
i2t,2765,a woman shooting a ball,2765,a woman shooting a ball,False,0.1145850270986557
i2t,2765,An athlete competes for a ball.,2765,An athlete competes for a ball.,True,0.5165523290634155
i2t,2765,A player keeps a ball in the air.,2765,A player keeps a ball in the air.,True,0.4713386297225952
i2t,2765,A volleyball player saves the ball.,2765,A volleyball player saves the ball.,True,0.15548279881477356
i2t,2765,A player vies for a ball.,2765,A player vies for a ball.,True,0.21865276992321014
i2t,2765,A player is defending the ball at the net.,2765,A player is defending the ball at the net.,False,0.1854057013988495
i2t,2765,An athlete catching a pass.,2765,An athlete catching a pass.,True,0.3774479627609253
i2t,4167,child decarate a tree,4167,child decarate a tree,False,0.7603662014007568
i2t,4167,girl stand near tree,4167,girl stand near tree,True,0.8849249482154846
i2t,4167,The girl runs in the forest.,4167,The girl runs in the forest.,False,0.003978524822741747
i2t,4167,A species of tree grows,4167,A species of tree grows,False,8.687526860740036e-05
i2t,4167,Trees grow in a forest.,4167,Trees grow in a forest.,True,0.0018272122833877802
i2t,4167,A girl stands in a forest.,4167,A girl stands in a forest.,True,0.17318984866142273
i2t,4167,A girl stands in the forest.,4167,A girl stands in the forest.,True,0.1717371940612793
i2t,4167,girl walk a tree,4167,girl walk a tree,False,0.6760988831520081
i2t,4167,the child plant the tree,4167,the child plant the tree,False,0.0011908046435564756
i2t,4167,A girl walks in a forest.,4167,A girl walks in a forest.,False,0.02132818102836609
i2t,4167,A girl leans on a tree.,4167,A girl leans on a tree.,True,0.8746238946914673
i2t,4167,A girl leans on the tree.,4167,A girl leans on the tree.,True,0.901202380657196
i2t,4167,A girl is leaning on a tree.,4167,A girl is leaning on a tree.,True,0.9230712056159973
i2t,4167,A young girl sits on a low tree branch.,4167,A young girl sits on a low tree branch.,False,0.34807416796684265
i2t,4167,A girl lean on a tree,4167,A girl lean on a tree,True,0.8369064331054688
i2t,4167,A girl leaning against a tree.,4167,A girl leaning against a tree.,True,0.770319402217865
i2t,4167,A girl sits against a tree.,4167,A girl sits against a tree.,False,0.2823635935783386
i2t,4167,A girl is standing behind a tree.,4167,A girl is standing behind a tree.,False,0.5896385312080383
i2t,4167,The person leans against tree.,4167,The person leans against tree.,True,0.010059099644422531
i2t,4167,A child standing in a tree.,4167,A child standing in a tree.,False,0.26605698466300964
i2t,4167,A girl stands next to the tree.,4167,A girl stands next to the tree.,False,0.3854222893714905
i2t,4167,A girl is sitting in a tree.,4167,A girl is sitting in a tree.,False,0.06954856216907501
i2t,4167,A girl sitting on a tree.,4167,A girl sitting on a tree.,False,0.1391262710094452
i2t,4167,A girl is hanging from a tree.,4167,A girl is hanging from a tree.,False,0.17710648477077484
i2t,4167,A child is walking in the forest.,4167,A child is walking in the forest.,False,0.049823448061943054
i2t,4167,A girl hugs a tree.,4167,A girl hugs a tree.,False,0.48913902044296265
i2t,4167,A girl hugging a tree.,4167,A girl hugging a tree.,False,0.42717280983924866
i2t,4167,A child sits in a tree.,4167,A child sits in a tree.,False,0.03359169140458107
i2t,4167,A girl sits in a tree.,4167,A girl sits in a tree.,False,0.038808420300483704
i2t,13498,This man will sit on the couch.,13498,This man will sit on the couch.,True,0.011104699224233627
i2t,13498,A man sitting on a couch.,13498,A man sitting on a couch.,True,0.22497615218162537
i2t,13498,A person sitting at home,13498,A person sitting at home,True,0.0017779438057914376
i2t,13498,Man sitting on sofa,13498,Man sitting on sofa,True,0.9250105619430542
i2t,13498,The man is sitting on the couch.,13498,The man is sitting on the couch.,True,0.09854094684123993
i2t,13498,man sits on sofa,13498,man sits on sofa,True,0.9329478144645691
i2t,13498,The person looks comfortable sitting on a couch at home.,13498,The person looks comfortable sitting on a couch at home.,True,0.1323440968990326
i2t,13498,A person sits on the couch.,13498,A person sits on the couch.,True,0.019142864271998405
i2t,13498,boy sit on the couch,13498,boy sit on the couch,True,0.9615023732185364
i2t,13498,A man sits on the couch.,13498,A man sits on the couch.,True,0.3426125645637512
i2t,13498,man sit on the sofa,13498,man sit on the sofa,True,0.8796284794807434
i2t,13498,A boy is sitting on the couch.,13498,A boy is sitting on the couch.,True,0.8452163338661194
i2t,13498,A boy sits on the couch.,13498,A boy sits on the couch.,True,0.7598509788513184
i2t,13498,A man is sitting on a sofa.,13498,A man is sitting on a sofa.,True,0.6351739764213562
i2t,13498,A boy sitting with a white background,13498,A boy sitting with a white background,True,0.35287711024284363
i2t,13498,A man sits with his leg up.,13498,A man sits with his leg up.,False,0.05178839713335037
i2t,13498,The man sits on the sofa.,13498,The man sits on the sofa.,True,0.5316708087921143
i2t,13498,The man sits on the couch.,13498,The man sits on the couch.,True,0.3056851625442505
i2t,13498,A man seated on sofa.,13498,A man seated on sofa.,True,0.409644216299057
i2t,13498,A man leans on the chair.,13498,A man leans on the chair.,False,0.07963943481445312
i2t,13498,A person wants to sit on a couch.,13498,A person wants to sit on a couch.,True,0.03912334889173508
i2t,13498,A man sits on a stool.,13498,A man sits on a stool.,False,0.00015750655438750982
i2t,13498,The boy is sitting on the couch.,13498,The boy is sitting on the couch.,True,0.6042998433113098
i2t,13498,The man is sitting on the sofa.,13498,The man is sitting on the sofa.,True,0.2604709267616272
i2t,13498,A man sits on a couch.,13498,A man sits on a couch.,True,0.22783353924751282
i2t,13498,A boy sitting in a chair.,13498,A boy sitting in a chair.,True,0.17919327318668365
i2t,13498,A man sits on his couch.,13498,A man sits on his couch.,True,0.26914718747138977
i2t,13498,A boy sits in a chair.,13498,A boy sits in a chair.,True,0.18769524991512299
i2t,13498,A boy lies on a couch.,13498,A boy lies on a couch.,False,0.20971570909023285
i2t,10255,this person makes the image,10255,this person makes the image,False,6.830408528912812e-05
i2t,10255,The person displays one image.,10255,The person displays one image.,False,1.746787347656209e-05
i2t,10255,A person posting a picture.,10255,A person posting a picture.,False,1.3349324945011176e-05
i2t,10255,the person looks nice,10255,the person looks nice,True,4.067525514983572e-05
i2t,10255,the person climbs in the tree,10255,the person climbs in the tree,True,0.005378620699048042
i2t,10255,A boy stands in the lake,10255,A boy stands in the lake,False,6.337945524137467e-05
i2t,10255,"The boat is floating on the water,",10255,"The boat is floating on the water,",False,2.6991248887497932e-05
i2t,10255,a man is about to jump into the water,10255,a man is about to jump into the water,False,1.4064688002690673e-05
i2t,10255,person stand besides the tree,10255,person stand besides the tree,False,0.00028410457889549434
i2t,10255,A person pose one,10255,A person pose one,True,0.00021565848146565259
i2t,10255,A man climbs a tree.,10255,A man climbs a tree.,False,0.03294911980628967
i2t,10255,A boy sits on a tree.,10255,A boy sits on a tree.,True,0.007397711277008057
i2t,10255,A man sits at a tree.,10255,A man sits at a tree.,True,0.006061114836484194
i2t,10255,a man leaning on a tree,10255,a man leaning on a tree,True,0.005141264759004116
i2t,10255,A man leaning on a tree,10255,A man leaning on a tree,True,0.005141264759004116
i2t,10255,A person is resting on a tree.,10255,A person is resting on a tree.,True,0.001839707954786718
i2t,10255,A man jumps over a tree.,10255,A man jumps over a tree.,False,0.0022659727837890387
i2t,10255,A boy climbs in a tree.,10255,A boy climbs in a tree.,False,0.015301447361707687
i2t,10255,A man sits on the top.,10255,A man sits on the top.,False,0.0010263181757181883
i2t,10255,A man is climbing a tree.,10255,A man is climbing a tree.,False,0.016423393040895462
i2t,10255,A girl is hanging from a tree.,10255,A girl is hanging from a tree.,False,0.0016353544779121876
i2t,10255,A woman is admiring the sunset.,10255,A woman is admiring the sunset.,False,0.00045827863505110145
i2t,10255,A girl sitting on a tree.,10255,A girl sitting on a tree.,False,0.0031093882862478495
i2t,10255,A woman is hanging from a tree.,10255,A woman is hanging from a tree.,False,0.0011986935278400779
i2t,10255,A girl is leaning on a tree.,10255,A girl is leaning on a tree.,False,0.00035176341771148145
i2t,10255,A girl is sitting in a tree.,10255,A girl is sitting in a tree.,False,0.0012325546704232693
i2t,10255,The girl is sitting on a branch.,10255,The girl is sitting on a branch.,False,0.00038746613427065313
i2t,10255,A girl is standing behind a tree.,10255,A girl is standing behind a tree.,False,4.2378553189337254e-05
i2t,10255,A girl sitting on a branch.,10255,A girl sitting on a branch.,False,0.0010055499151349068
i2t,10255,The boy is sitting in the tree.,10255,The boy is sitting in the tree.,True,0.0020074264612048864
i2t,10255,A person sitting on a tree.,10255,A person sitting on a tree.,True,0.006974943447858095
i2t,10255,A person sits on the branch.,10255,A person sits on the branch.,True,0.0019520600326359272
i2t,10255,A person sits on a treebranch.,10255,A person sits on a treebranch.,True,0.013021961785852909
i2t,10255,A person sits in a tree.,10255,A person sits in a tree.,True,0.0030128578655421734
i2t,10255,The person stood on the branch.,10255,The person stood on the branch.,True,0.0006098810117691755
i2t,10255,A person sits in a branch.,10255,A person sits in a branch.,True,0.0018123059999197721
i2t,10255,A person rests on a tree.,10255,A person rests on a tree.,True,0.0046489848755300045
i2t,10255,A person is perched in a tree.,10255,A person is perched in a tree.,True,0.002353661460801959
i2t,10255,A person sits on a branch.,10255,A person sits on a branch.,True,0.0015106609789654613
i2t,10255,A person sits by a tree.,10255,A person sits by a tree.,False,0.00034373984090052545
i2t,10255,A person resting on a tree,10255,A person resting on a tree,True,0.004497598856687546
i2t,10255,A person sits against a tree.,10255,A person sits against a tree.,True,0.0006291794124990702
i2t,10255,A man sitting by a tree.,10255,A man sitting by a tree.,True,0.0012531094253063202
i2t,10255,A person is standing at sunset.,10255,A person is standing at sunset.,False,0.00024943173048086464
i2t,10255,The silhouette of a person standing in front of a sunset.,10255,The silhouette of a person standing in front of a sunset.,False,2.582020897534676e-05
i2t,10255,person enjoy a sunset,10255,person enjoy a sunset,True,0.0019348429050296545
i2t,10255,A person is enjoying a sunset.,10255,A person is enjoying a sunset.,True,0.00029094674391672015
i2t,10255,A man sits at the lake.,10255,A man sits at the lake.,True,0.002699711127206683
i2t,10255,A person perches on a tree.,10255,A person perches on a tree.,True,0.0059940991923213005
i2t,1397,A club is hitting the ball.,1397,A club is hitting the ball.,False,0.0006560295005328953
i2t,1397,athletes bring balls to play,1397,athletes bring balls to play,False,0.07910466194152832
i2t,1397,Athletes play ball.,1397,Athletes play ball.,False,0.003935323096811771
i2t,1397,A team player runs in the game.,1397,A team player runs in the game.,False,0.0004537017666734755
i2t,1397,An athlete plays a game.,1397,An athlete plays a game.,False,0.0013067873660475016
i2t,1397,A player keeps a ball.,1397,A player keeps a ball.,False,0.00045312612201087177
i2t,1397,Players play ball.,1397,Players play ball.,False,0.0007220223196782172
i2t,1397,A team takes the ball from the other team.,1397,A team takes the ball from the other team.,False,0.0032612730283290148
i2t,1397,The ball came to the person.,1397,The ball came to the person.,False,9.18628356885165e-05
i2t,1397,people make a team.,1397,people make a team.,True,0.002907562768086791
i2t,1397,A girl holds a ball.,1397,A girl holds a ball.,False,0.08057629317045212
i2t,1397,Three kids play ball together.,1397,Three kids play ball together.,False,0.002448896411806345
i2t,1397,Girl holding ball,1397,Girl holding ball,True,0.021552085876464844
i2t,1397,A kid plays in a pit of balls.,1397,A kid plays in a pit of balls.,False,0.002624806948006153
i2t,1397,The person is laying on the court by the balls.,1397,The person is laying on the court by the balls.,False,0.0005920479889027774
i2t,1397,A girl sits on a ball.,1397,A girl sits on a ball.,False,0.0018114012200385332
i2t,1397,A person holds a ball while others gather around.,1397,A person holds a ball while others gather around.,False,0.003711281344294548
i2t,1397,A boy holds a ball.,1397,A boy holds a ball.,True,0.07553011924028397
i2t,1397,Players looking to win basketball confrence,1397,Players looking to win basketball confrence,False,0.048960331827402115
i2t,1397,This team could take the game.,1397,This team could take the game.,False,0.0056701041758060455
i2t,1397,The person said to come for the ball.,1397,The person said to come for the ball.,False,1.4340635061671492e-05
i2t,1397,the team ran in a game,1397,the team ran in a game,False,0.00039414496859535575
i2t,1397,A player is scoring points.,1397,A player is scoring points.,False,0.00020734268764499575
i2t,1397,The team is carrying the ball.,1397,The team is carrying the ball.,False,0.0018069226061925292
i2t,1397,the person react the team,1397,the person react the team,False,3.5904588003177196e-05
i2t,1397,The player saved the shot.,1397,The player saved the shot.,False,0.00010860965994652361
i2t,1397,Players sitting on the sideline.,1397,Players sitting on the sideline.,False,0.00029653162346221507
i2t,1397,A person takes a team.,1397,A person takes a team.,False,0.011570140719413757
i2t,1397,People playing on a team.,1397,People playing on a team.,False,0.01685766503214836
i2t,1397,A league team prepares to play their game.,1397,A league team prepares to play their game.,False,0.0037006123457103968
i2t,1397,Three athletes celebrate the game.,1397,Three athletes celebrate the game.,False,0.0009674490429461002
i2t,1397,A team prepares for their game.,1397,A team prepares for their game.,False,0.0075189461931586266
i2t,1397,Players of a team gather to play.,1397,Players of a team gather to play.,False,0.0049999854527413845
i2t,1397,team warm a game,1397,team warm a game,False,0.007075329776853323
i2t,1397,The players pose for a team picture.,1397,The players pose for a team picture.,False,0.0007170382887125015
i2t,1397,A CHILD PLAY BALL WITH HIS FRIEND,1397,A CHILD PLAY BALL WITH HIS FRIEND,True,0.0006110756075941026
i2t,1397,A person is playing with other people.,1397,A person is playing with other people.,False,0.0032157613895833492
i2t,1397,The kid is playing with a ball.,1397,The kid is playing with a ball.,True,0.00023788417456671596
i2t,1397,A boy playing with a ball.,1397,A boy playing with a ball.,True,0.011364768259227276
i2t,1397,Children playing on a field.,1397,Children playing on a field.,True,0.0006653718883171678
i2t,1397,Every player on the team is playing volleyball.,1397,Every player on the team is playing volleyball.,False,0.0018039741553366184
i2t,1397,The players pose for a team photo.,1397,The players pose for a team photo.,True,0.00039287382969632745
i2t,1397,Players prepare for their next soccer session.,1397,Players prepare for their next soccer session.,False,1.8850541891879402e-05
i2t,1397,A child runs on a field with other children.,1397,A child runs on a field with other children.,False,2.450816100463271e-05
i2t,1397,Children play in the field.,1397,Children play in the field.,False,3.0965067708166316e-05
i2t,3831,A person runs as a player in competitive sport.,3831,A person runs as a player in competitive sport.,False,0.0061647165566682816
i2t,3831,Man want to run on the road,3831,Man want to run on the road,False,0.005800524260848761
i2t,3831,The woman is training with a mile run.,3831,The woman is training with a mile run.,False,0.010119590908288956
i2t,3831,The woman training as a runner.,3831,The woman training as a runner.,True,0.0350278876721859
i2t,3831,person run on the road,3831,person run on the road,True,0.19823959469795227
i2t,3831,A person takes a run on street,3831,A person takes a run on street,True,0.0626642256975174
i2t,3831,the person is running in a Team,3831,the person is running in a Team,False,0.0008125283638946712
i2t,3831,A woman runs on the road.,3831,A woman runs on the road.,True,0.42291536927223206
i2t,3831,The person runs on the road.,3831,The person runs on the road.,True,0.0749163031578064
i2t,3831,The person runs on the street.,3831,The person runs on the street.,True,0.013497253879904747
i2t,3831,Woman runs on road.,3831,Woman runs on road.,True,0.9377681612968445
i2t,3831,A woman jogging on the road.,3831,A woman jogging on the road.,True,0.6956790685653687
i2t,3831,A girl running on the road,3831,A girl running on the road,True,0.38389769196510315
i2t,3831,A woman jogging on a road.,3831,A woman jogging on a road.,True,0.6153327226638794
i2t,3831,A woman running down a road.,3831,A woman running down a road.,True,0.2722969055175781
i2t,3831,A woman is jogging on the road.,3831,A woman is jogging on the road.,True,0.9009212255477905
i2t,3831,girl run on the road,3831,girl run on the road,True,0.4669664204120636
i2t,3831,A woman running on the street.,3831,A woman running on the street.,True,0.05068028345704079
i2t,3831,A person runs on the road.,3831,A person runs on the road.,True,0.2183564454317093
i2t,3831,A girl running on the street.,3831,A girl running on the street.,True,0.043168433010578156
i2t,3831,A person running down the road,3831,A person running down the road,True,0.12589344382286072
i2t,3831,A girl is running on the street.,3831,A girl is running on the street.,True,0.1617901474237442
i2t,3831,The woman is jogging down the road.,3831,The woman is jogging down the road.,True,0.5478257536888123
i2t,3831,The woman is running on the street,3831,The woman is running on the street,True,0.060593437403440475
i2t,3831,A person runs on the street,3831,A person runs on the street,True,0.01909467577934265
i2t,3831,A woman jogs in the road.,3831,A woman jogs in the road.,False,0.12489035725593567
i2t,3831,A woman runs of a road.,3831,A woman runs of a road.,False,0.15931205451488495
i2t,3831,A woman runs in the day,3831,A woman runs in the day,True,0.054635632783174515
i2t,3831,A woman is running down a road at sunset.,3831,A woman is running down a road at sunset.,False,0.6107330918312073
i2t,735,A person runs as a player in competitive sport.,735,A person runs as a player in competitive sport.,False,0.0016406227368861437
i2t,735,The boy is standing on the field,735,The boy is standing on the field,True,0.6201244592666626
i2t,735,A person who is an athlete strikes a pose.,735,A person who is an athlete strikes a pose.,True,0.007421369198709726
i2t,735,The athlete will walk the field,735,The athlete will walk the field,True,0.02074885368347168
i2t,735,The person is ready to run the track,735,The person is ready to run the track,False,0.0009848445188254118
i2t,735,Person runs on a track.,735,Person runs on a track.,False,1.2007884834019933e-05
i2t,735,A person gets ready to run on a track.,735,A person gets ready to run on a track.,False,0.0021788752637803555
i2t,735,the person is running in a Team,735,the person is running in a Team,False,7.668717444175854e-05
i2t,735,the boy run the field,735,the boy run the field,False,0.19748622179031372
i2t,735,Kid running on track near field.,735,Kid running on track near field.,False,0.5557158589363098
i2t,735,A boy stands on grass.,735,A boy stands on grass.,True,0.14604195952415466
i2t,735,A boy stands at the park.,735,A boy stands at the park.,False,0.014725917018949986
i2t,735,The boys stand on the field.,735,The boys stand on the field.,True,0.032843563705682755
i2t,735,A child is walking on the field.,735,A child is walking on the field.,False,0.2803967595100403
i2t,735,A boy prepares to run track.,735,A boy prepares to run track.,False,0.4168276786804199
i2t,735,A young soccer player does stretching exercises before a match.,735,A young soccer player does stretching exercises before a match.,False,0.05167436599731445
i2t,735,A boy stands in the grass.,735,A boy stands in the grass.,True,0.032568298280239105
i2t,735,The player will catch the football.,735,The player will catch the football.,False,0.0013171122409403324
i2t,735,The man walked on the field,735,The man walked on the field,False,0.00016462204803247005
i2t,735,No athletes walking on the field.,735,No athletes walking on the field.,False,0.011774268932640553
i2t,735,The man stands in the field.,735,The man stands in the field.,False,0.0005699361208826303
i2t,735,The player will score a touchdown.,735,The player will score a touchdown.,False,0.00015243585221469402
i2t,735,A coach walking along the sideline.,735,A coach walking along the sideline.,False,5.768178743892349e-05
i2t,735,Players stands on the sideline,735,Players stands on the sideline,False,0.0013101565418764949
i2t,735,The boy smiled in the background.,735,The boy smiled in the background.,False,0.019035574048757553
i2t,735,The child did not have to stand in the field.,735,The child did not have to stand in the field.,False,0.01450960710644722
i2t,735,An athlete watches a run.,735,An athlete watches a run.,True,0.005376562476158142
i2t,735,People are playing a sport.,735,People are playing a sport.,False,5.435800630948506e-05
i2t,735,The child stood in the field.,735,The child stood in the field.,True,0.059724465012550354
i2t,735,a boy walks on the track,735,a boy walks on the track,False,0.09040439128875732
i2t,735,A boy is running to get the ball.,735,A boy is running to get the ball.,False,0.011435559950768948
i2t,735,The boy runs in the field.,735,The boy runs in the field.,False,0.006808718200773001
i2t,735,Children run on the field.,735,Children run on the field.,False,0.0033862648997455835
i2t,735,A boy is running on a track.,735,A boy is running on a track.,False,0.11171671748161316
i2t,735,A boy runs on the grass,735,A boy runs on the grass,False,0.003749953582882881
i2t,735,A boy runs in the park.,735,A boy runs in the park.,False,0.0002784723765216768
i2t,735,A boy stands in grass.,735,A boy stands in grass.,True,0.028576750308275223
i2t,735,A boy stands in a field.,735,A boy stands in a field.,True,0.016897160559892654
i2t,735,A child is standing in the field.,735,A child is standing in the field.,True,0.26339957118034363
i2t,735,A child stands in a field.,735,A child stands in a field.,True,0.007052897475659847
i2t,929,The students studied in the classroom,929,The students studied in the classroom,False,0.0028827637434005737
i2t,929,The person read the student't book.,929,The person read the student't book.,True,0.025629688054323196
i2t,929,The student is carrying multiple books.,929,The student is carrying multiple books.,False,0.0028767704498022795
i2t,929,The student learns in the classroom.,929,The student learns in the classroom.,False,0.00606205128133297
i2t,929,A person is talking to the student.,929,A person is talking to the student.,False,0.013156290166079998
i2t,929,A person speaks to the student.,929,A person speaks to the student.,False,0.004738320596516132
i2t,929,a girl is standing in the classroom,929,a girl is standing in the classroom,False,0.05473851040005684
i2t,929,Students are attending class.,929,Students are attending class.,False,0.0022956959437578917
i2t,929,The girl holds an open book.,929,The girl holds an open book.,True,0.013704158365726471
i2t,929,A student takes a book.,929,A student takes a book.,True,0.054729629307985306
i2t,929,The girl can carry the books.,929,The girl can carry the books.,False,0.008697115816175938
i2t,929,A girl stands in a library.,929,A girl stands in a library.,False,0.05206111818552017
i2t,929,A girl studies in the library.,929,A girl studies in the library.,False,0.03379517421126366
i2t,929,A student picking a book.,929,A student picking a book.,False,0.026091845706105232
i2t,929,A girl holds a book.,929,A girl holds a book.,True,0.01703600399196148
i2t,929,A student picks a book,929,A student picks a book,False,0.034128013998270035
i2t,929,A girl is studying in the library.,929,A girl is studying in the library.,False,0.0681869387626648
i2t,929,The girl stood in front of the doorway.,929,The girl stood in front of the doorway.,True,0.017320072278380394
i2t,929,The girl is holding two books.,929,The girl is holding two books.,False,0.004300066269934177
i2t,929,A person walks down a hallway.,929,A person walks down a hallway.,False,0.029016463086009026
i2t,929,The woman stands in the doorway.,929,The woman stands in the doorway.,True,0.0038507001008838415
i2t,929,A person walks down the hallway,929,A person walks down the hallway,False,0.022945471107959747
i2t,929,The person stands in the room.,929,The person stands in the room.,True,0.0013805499766021967
i2t,929,A girl stands in the room.,929,A girl stands in the room.,True,0.012823955155909061
i2t,929,The woman closes the door.,929,The woman closes the door.,False,0.008178296498954296
i2t,929,The woman stands in the house.,929,The woman stands in the house.,False,0.005059112329035997
i2t,929,A woman stands in the room.,929,A woman stands in the room.,True,0.005963179748505354
i2t,929,"A student holds books,",929,"A student holds books,",True,0.1550266444683075
i2t,929,the person enters the room,929,the person enters the room,False,0.01336340606212616
i2t,929,A girl studies at the library,929,A girl studies at the library,False,0.025994950905442238
i2t,929,A girl carries books.,929,A girl carries books.,True,0.010959242470562458
i2t,929,Students standing in a library.,929,Students standing in a library.,True,0.013567125424742699
i2t,929,A student reading at a library.,929,A student reading at a library.,True,0.014661615714430809
i2t,929,A student reading at the library.,929,A student reading at the library.,True,0.012311305850744247
i2t,929,A student sits in the library,929,A student sits in the library,False,0.00039368908619508147
i2t,929,A student holds a book.,929,A student holds a book.,True,0.029451508074998856
i2t,929,A student reading in a classroom.,929,A student reading in a classroom.,False,0.016002396121621132
i2t,929,A girl studies a book.,929,A girl studies a book.,True,0.03462190926074982
i2t,929,A student learning at a library.,929,A student learning at a library.,True,0.0056334505788981915
i2t,1255,The person displays one image.,1255,The person displays one image.,False,0.00102368148509413
i2t,1255,This person is in a man pose.,1255,This person is in a man pose.,True,0.04703656584024429
i2t,1255,A person appears in an image.,1255,A person appears in an image.,True,0.0002418345247860998
i2t,1255,A man is posing as a awkward person.,1255,A man is posing as a awkward person.,False,0.10044610500335693
i2t,1255,this person makes the image,1255,this person makes the image,False,0.002083535073325038
i2t,1255,A person pose one,1255,A person pose one,True,0.004007604904472828
i2t,1255,Which person looks like this one?,1255,Which person looks like this one?,False,0.0003337096131872386
i2t,1255,person stand in the room,1255,person stand in the room,False,0.00011779693159041926
i2t,1255,A man dresses in clothes.,1255,A man dresses in clothes.,True,0.029975885525345802
i2t,1255,The man is standing with his back to the room.,1255,The man is standing with his back to the room.,False,0.07475738227367401
i2t,1255,A man standing with his hand on his hip,1255,A man standing with his hand on his hip,False,0.7366975545883179
i2t,1255,The man in the shirt stands.,1255,The man in the shirt stands.,False,0.038335200399160385
i2t,1255,A man standing wearing a shirt,1255,A man standing wearing a shirt,False,0.05168468505144119
i2t,1255,A man dresses in a shirt.,1255,A man dresses in a shirt.,False,0.0182628333568573
i2t,1255,Man standing with arms at side,1255,Man standing with arms at side,True,0.35708892345428467
i2t,1255,A person standing with his hands on his side.,1255,A person standing with his hands on his side.,True,0.6956466436386108
i2t,1255,An actor shows a look in jeans.,1255,An actor shows a look in jeans.,False,0.0018943777540698647
i2t,1255,A male person takes a photo of himself smiling.,1255,A male person takes a photo of himself smiling.,False,0.06622394919395447
i2t,1255,Boy walking with water bottle,1255,Boy walking with water bottle,False,0.00017754033615346998
i2t,1255,A man with his arms crossed.,1255,A man with his arms crossed.,False,0.00018973498663399369
i2t,1255,A man is dressed in a shirt,1255,A man is dressed in a shirt,False,0.027785498648881912
i2t,1255,The man stands in front of the desk.,1255,The man stands in front of the desk.,False,0.0012756438227370381
i2t,1255,a man walking on an edge,1255,a man walking on an edge,False,0.00012841445277445018
i2t,1255,The man looked to the side.,1255,The man looked to the side.,False,0.001712581841275096
i2t,1255,Side view of a person standing.,1255,Side view of a person standing.,False,0.010931463912129402
i2t,1255,The boy stands against the wall.,1255,The boy stands against the wall.,False,0.0002294887526659295
i2t,1255,a man standing,1255,a man standing,True,0.00810177717357874
i2t,1255,The person stands facing sideways.,1255,The person stands facing sideways.,False,0.0005147276679053903
i2t,1255,A man wearing clothes.,1255,A man wearing clothes.,True,0.0013833031989634037
i2t,1255,A person's look in various jeans.,1255,A person's look in various jeans.,False,0.004365500528365374
i2t,1255,The man smiles in the background.,1255,The man smiles in the background.,False,0.00015056093980092555
i2t,1255,A person posing in a white shirt.,1255,A person posing in a white shirt.,False,0.00899231806397438
i2t,1255,The person looks sharp and is dressed smartly.,1255,The person looks sharp and is dressed smartly.,False,0.20378226041793823
i2t,1255,A person who is a man poses.,1255,A person who is a man poses.,True,0.3021405339241028
i2t,1255,This man looks like a friendly person.,1255,This man looks like a friendly person.,True,0.00458176014944911
i2t,1255,A boy smiles to the camera.,1255,A boy smiles to the camera.,False,0.00011493689089547843
i2t,8950,The woman is going to wash her hair.,8950,The woman is going to wash her hair.,False,0.596419095993042
i2t,8950,The girl washes her hair.,8950,The girl washes her hair.,True,0.49757781624794006
i2t,8950,A woman washes hair.,8950,A woman washes hair.,True,0.9524271488189697
i2t,8950,A woman is washing her hair.,8950,A woman is washing her hair.,True,0.8976789712905884
i2t,8950,A woman's hair needs fixing.,8950,A woman's hair needs fixing.,False,0.02509000338613987
i2t,8950,the person looks nice,8950,the person looks nice,True,2.8406222554622218e-05
i2t,8950,this person makes the image,8950,this person makes the image,False,0.00020233132818248123
i2t,8950,A girl is shaking her hair.,8950,A girl is shaking her hair.,False,0.29306498169898987
i2t,8950,A person pours water on someone's head.,8950,A person pours water on someone's head.,False,0.12874826788902283
i2t,8950,The person displays one image.,8950,The person displays one image.,False,0.0001101393427234143
i2t,8950,A girl having her hair washed.,8950,A girl having her hair washed.,True,0.8648139238357544
i2t,8950,A woman washing her face,8950,A woman washing her face,False,0.676792323589325
i2t,8950,A woman spraying herself with water,8950,A woman spraying herself with water,True,0.267162948846817
i2t,8950,A woman is splashed with water.,8950,A woman is splashed with water.,True,0.08427421003580093
i2t,8950,A girl is splashed with some water.,8950,A girl is splashed with some water.,False,0.049911290407180786
i2t,8950,The woman touches her hair.,8950,The woman touches her hair.,True,0.004176454618573189
i2t,8950,The woman flips her hair.,8950,The woman flips her hair.,False,0.0009267233544960618
i2t,8950,The woman combs her hair.,8950,The woman combs her hair.,False,0.0008051079348661005
i2t,8950,A woman about to show her face,8950,A woman about to show her face,False,0.0009461030131205916
i2t,8950,Someone brushes the girl's hair.,8950,Someone brushes the girl's hair.,False,0.0020862354431301355
i2t,8950,the woman closes her eyes.,8950,the woman closes her eyes.,True,0.0004547485732473433
i2t,8950,A girl is whipping her hair.,8950,A girl is whipping her hair.,False,0.013735472224652767
i2t,8950,A woman brushing her hair.,8950,A woman brushing her hair.,False,0.004707057029008865
i2t,8950,A person dying hair.,8950,A person dying hair.,False,0.0009312836918979883
i2t,8950,A woman touches her hair.,8950,A woman touches her hair.,True,0.006482075899839401
i2t,8950,A woman getting water.,8950,A woman getting water.,False,0.4669250249862671
i2t,8950,A woman pours water on herself.,8950,A woman pours water on herself.,True,0.21867063641548157
i2t,8950,The woman lies in the bathtub.,8950,The woman lies in the bathtub.,False,0.0018544304184615612
i2t,8950,A woman enjoying the rain,8950,A woman enjoying the rain,False,0.03631189838051796
i2t,8950,The woman is brushing her hair.,8950,The woman is brushing her hair.,False,0.0006992098060436547
i2t,12446,A girl has swim in the water,12446,A girl has swim in the water,True,0.19556890428066254
i2t,12446,The girl smiles in front of the pool.,12446,The girl smiles in front of the pool.,False,0.4506441056728363
i2t,12446,A girl is standing in the pool.,12446,A girl is standing in the pool.,True,0.5051617622375488
i2t,12446,The girl swims in the pool.,12446,The girl swims in the pool.,False,0.4706858694553375
i2t,12446,a girl stands in water.,12446,a girl stands in water.,True,0.007803138345479965
i2t,12446,A girl is standing near a pool.,12446,A girl is standing near a pool.,False,0.05960623174905777
i2t,12446,A girl swims in water.,12446,A girl swims in water.,False,0.1456870287656784
i2t,12446,A girl floats in a pool.,12446,A girl floats in a pool.,True,0.5243858695030212
i2t,12446,A person smiles for a photo.,12446,A person smiles for a photo.,True,0.00046725058928132057
i2t,12446,A girl turns to the camera,12446,A girl turns to the camera,True,0.001330226776190102
i2t,12446,Pretty girl floats in the water.,12446,Pretty girl floats in the water.,True,0.22501033544540405
i2t,12446,A girl floating in a pool.,12446,A girl floating in a pool.,True,0.6065549850463867
i2t,12446,A woman floating in a pool.,12446,A woman floating in a pool.,True,0.7539862990379333
i2t,12446,A woman floats in the pool.,12446,A woman floats in the pool.,True,0.7179789543151855
i2t,12446,the girl sits in the pool,12446,the girl sits in the pool,False,0.2706355154514313
i2t,12446,A woman swimming in a pool.,12446,A woman swimming in a pool.,False,0.6305549740791321
i2t,12446,A girl floating in the water.,12446,A girl floating in the water.,True,0.12283090502023697
i2t,12446,A woman is swimming in a pool.,12446,A woman is swimming in a pool.,False,0.8122608065605164
i2t,12446,The woman sits by the pool.,12446,The woman sits by the pool.,False,0.031456850469112396
i2t,12446,The woman likes to float in the water.,12446,The woman likes to float in the water.,True,0.06406308710575104
i2t,12446,The person swam in the water.,12446,The person swam in the water.,True,0.003606749465689063
i2t,12446,The man stands next to the pool.,12446,The man stands next to the pool.,False,0.0002943621075246483
i2t,12446,A woman swimming in the water.,12446,A woman swimming in the water.,False,0.15686839818954468
i2t,12446,The man stood up in the pool,12446,The man stood up in the pool,False,0.0004602122644428164
i2t,12446,A woman swims in a pool.,12446,A woman swims in a pool.,False,0.6481131911277771
i2t,12446,A woman swims in water.,12446,A woman swims in water.,False,0.16244250535964966
i2t,12446,The woman sit near the pool is gorgeous.,12446,The woman sit near the pool is gorgeous.,False,0.14053022861480713
i2t,12446,A girl sits by the pool.,12446,A girl sits by the pool.,False,0.02071519009768963
i2t,12446,Women sitting by a pool.,12446,Women sitting by a pool.,False,0.006454471964389086
i2t,12446,A girl is sitting by the pool,12446,A girl is sitting by the pool,False,0.03572438657283783
i2t,12446,Woman stands in pool.,12446,Woman stands in pool.,True,0.5873320698738098
i2t,12446,The woman enjoys the beach.,12446,The woman enjoys the beach.,False,0.0004889702540822327
i2t,12446,A woman enjoys the beach.,12446,A woman enjoys the beach.,False,0.00017541108536534011
i2t,2311,A person is hikng up a hill.,2311,A person is hikng up a hill.,True,0.025361372157931328
i2t,2311,A man runs up a hill.,2311,A man runs up a hill.,False,0.5475555062294006
i2t,2311,A girl runs up a hill.,2311,A girl runs up a hill.,False,0.6013283133506775
i2t,2311,The person will hike on the hill.,2311,The person will hike on the hill.,True,0.1544705480337143
i2t,2311,A person beginning the climb of the hill.,2311,A person beginning the climb of the hill.,False,0.4044286608695984
i2t,2311,is this man hiking towards hill?,2311,is this man hiking towards hill?,True,0.0199194997549057
i2t,2311,A person takes a step on their walk.,2311,A person takes a step on their walk.,True,0.0017033946933224797
i2t,2311,A person climbs a hill.,2311,A person climbs a hill.,True,0.29679250717163086
i2t,2311,A girl runs up the hill.,2311,A girl runs up the hill.,False,0.6123656034469604
i2t,2311,The man walked up the hill.,2311,The man walked up the hill.,True,0.22026336193084717
i2t,2311,A WOMAN RUNS IN THE HILL,2311,A WOMAN RUNS IN THE HILL,False,0.617295503616333
i2t,2311,A woman running on a hill.,2311,A woman running on a hill.,False,0.6439975500106812
i2t,2311,A man is running on a hill.,2311,A man is running on a hill.,False,0.6988725066184998
i2t,2311,Women running down a hill.,2311,Women running down a hill.,False,0.881962776184082
i2t,2311,People running on a trail.,2311,People running on a trail.,False,0.6142601370811462
i2t,2311,A couple running over a hill.,2311,A couple running over a hill.,False,0.7114002108573914
i2t,2311,A man is running up the hill.,2311,A man is running up the hill.,False,0.7517920732498169
i2t,2311,A person running the trail,2311,A person running the trail,True,0.15264922380447388
i2t,2311,A man and a woman run up a hill.,2311,A man and a woman run up a hill.,False,0.764454185962677
i2t,2311,Man running down a hill,2311,Man running down a hill,False,0.607414960861206
i2t,2311,A person walks on the hill.,2311,A person walks on the hill.,True,0.30548200011253357
i2t,2311,A person walking up a hill.,2311,A person walking up a hill.,True,0.2533312737941742
i2t,2311,A person walking on a hill.,2311,A person walking on a hill.,True,0.21993529796600342
i2t,2311,A man walking on a hill.,2311,A man walking on a hill.,True,0.18042384088039398
i2t,2311,A person walks down the mountain.,2311,A person walks down the mountain.,False,0.07419420778751373
i2t,2311,A man running up a hill.,2311,A man running up a hill.,False,0.5730921626091003
i2t,2311,The person is walking the trail.,2311,The person is walking the trail.,True,0.009169132448732853
i2t,2311,person walk on the hill,2311,person walk on the hill,True,0.07873431593179703
i2t,2311,The person will walk on the mountain trail.,2311,The person will walk on the mountain trail.,True,0.3041125535964966
i2t,2311,The man went to stand on the hill for the day,2311,The man went to stand on the hill for the day,False,0.06778933852910995
i2t,2311,The girl runs on the hill,2311,The girl runs on the hill,False,0.6323732733726501
i2t,2311,A person hikes up a hill.,2311,A person hikes up a hill.,True,0.47200557589530945
i2t,2311,A man has a walk on a trail.,2311,A man has a walk on a trail.,True,0.11948594450950623
i2t,2311,Two men are running up a trail.,2311,Two men are running up a trail.,False,0.5961018800735474
i2t,2311,the persron climbs the hill,2311,the persron climbs the hill,True,0.12111281603574753
i2t,2311,A person climbs up a hill.,2311,A person climbs up a hill.,True,0.23702800273895264
i2t,2311,A person hiking up a mountain.,2311,A person hiking up a mountain.,True,0.07536838203668594
i2t,2173,A dog standing on the grass.,2173,A dog standing on the grass.,True,0.004242515657097101
i2t,2173,A dog is looking at the camera.,2173,A dog is looking at the camera.,False,0.00021692221343982965
i2t,2173,Which person looks like this one?,2173,Which person looks like this one?,False,0.0016155143966898322
i2t,2173,is this puppy running in the field?,2173,is this puppy running in the field?,False,0.00040774644003249705
i2t,2173,A dog sitting on the ground.,2173,A dog sitting on the ground.,True,0.0025986081454902887
i2t,2173,A dog sits on the grass.,2173,A dog sits on the grass.,True,0.019305797293782234
i2t,2173,A dog stands in the grass.,2173,A dog stands in the grass.,True,0.0020018627401441336
i2t,2173,A dog is resting in the grass,2173,A dog is resting in the grass,True,0.0011539128609001637
i2t,2173,A puppy is standing in the grass.,2173,A puppy is standing in the grass.,True,0.0001648422476137057
i2t,2173,The person displays one image.,2173,The person displays one image.,False,2.1593672499875538e-05
i2t,2173,puppy sit on rthe grass,2173,puppy sit on rthe grass,True,0.2676405608654022
i2t,2173,Dog sitting on the lawn,2173,Dog sitting on the lawn,True,0.13218657672405243
i2t,2173,A dog sits in the grass.,2173,A dog sits in the grass.,True,0.010823910124599934
i2t,2173,A dog sitting in the grass.,2173,A dog sitting in the grass.,True,0.011379257775843143
i2t,2173,dog rests on the grass,2173,dog rests on the grass,True,0.04076960310339928
i2t,2173,A dog is sitting in the meadow.,2173,A dog is sitting in the meadow.,True,0.058520276099443436
i2t,2173,A cute animal sits in the meadow.,2173,A cute animal sits in the meadow.,True,0.006947344169020653
i2t,2173,A puppy is sitting in the meadow.,2173,A puppy is sitting in the meadow.,True,0.0063979229889810085
i2t,2173,A dog is sitting at the meadow.,2173,A dog is sitting at the meadow.,True,0.030407831072807312
i2t,2173,The dog stands in the grass.,2173,The dog stands in the grass.,True,0.004776351153850555
i2t,2173,The dog is sitting in the grass.,2173,The dog is sitting in the grass.,True,0.0036650560796260834
i2t,2173,a dog is lying on the grass,2173,a dog is lying on the grass,False,0.0035080243833363056
i2t,2173,The dog is standing in the lawn.,2173,The dog is standing in the lawn.,False,0.001346082892268896
i2t,2173,A dog standing on the lawn.,2173,A dog standing on the lawn.,False,0.003785977140069008
i2t,2173,a dog lying on the lawn,2173,a dog lying on the lawn,False,0.006567113101482391
i2t,2173,An animal resting on the grass.,2173,An animal resting on the grass.,True,0.0005336699541658163
i2t,2173,"In this photo, a dog sits at the park.",2173,"In this photo, a dog sits at the park.",False,0.00022494552831631154
i2t,2173,The dog is sitting in the lawn.,2173,The dog is sitting in the lawn.,True,0.00643940782174468
i2t,2173,A dog is laying down on the lawn.,2173,A dog is laying down on the lawn.,False,0.0005590623477473855
i2t,2173,the dog sat at the grass,2173,the dog sat at the grass,True,0.0340026430785656
i2t,2173,The dog is sitting in the meadow.,2173,The dog is sitting in the meadow.,True,0.023371050134301186
i2t,2173,A dog sits on lawn.,2173,A dog sits on lawn.,True,0.01786063052713871
i2t,2173,A puppy sits in the grass.,2173,A puppy sits in the grass.,True,0.003648102516308427
i2t,2173,Puppy standing in grass.,2173,Puppy standing in grass.,False,0.014409256167709827
i2t,2173,A puppy sits on the grass.,2173,A puppy sits on the grass.,True,0.006966850254684687
i2t,2173,The puppy sits on the grass.,2173,The puppy sits on the grass.,True,0.020115680992603302
i2t,2173,The puppy is sitting on the grass.,2173,The puppy is sitting on the grass.,True,0.004354950971901417
i2t,2173,A dog sitting in a meadow.,2173,A dog sitting in a meadow.,True,0.0399412102997303
i2t,2173,A dog sits in a meadow.,2173,A dog sits in a meadow.,True,0.022590642794966698
i2t,2173,A dog sits in a meadow panting.,2173,A dog sits in a meadow panting.,True,0.034699007868766785
i2t,2173,A dog lying in a meadow.,2173,A dog lying in a meadow.,False,0.007148296572268009
i2t,2173,A dog sits in a lawn.,2173,A dog sits in a lawn.,True,0.008995600044727325
i2t,2173,A dog sits on the lawn.,2173,A dog sits on the lawn.,True,0.01093688327819109
i2t,666,the person looks nice,666,the person looks nice,False,0.0003593933070078492
i2t,666,Puppies are sitting in a garden.,666,Puppies are sitting in a garden.,True,0.7135549783706665
i2t,666,Dogs sit in front of a background,666,Dogs sit in front of a background,True,0.04337169602513313
i2t,666,Flowers grow in the garden.,666,Flowers grow in the garden.,True,0.0027610850520431995
i2t,666,The person displays one image.,666,The person displays one image.,False,1.8423482970320038e-06
i2t,666,this person makes the image,666,this person makes the image,False,0.00010000811016652733
i2t,666,The couple sit in the garden.,666,The couple sit in the garden.,False,0.00421677902340889
i2t,666,A PERSON WILL ENJOY THE SEASON,666,A PERSON WILL ENJOY THE SEASON,False,0.00020605807367246598
i2t,666,A puppy sits in the garden,666,A puppy sits in the garden,True,0.005590964574366808
i2t,666,The dog stands in front of the background.,666,The dog stands in front of the background.,False,0.008911224082112312
i2t,666,Dogs are resting on the lawn.,666,Dogs are resting on the lawn.,False,0.04517567157745361
i2t,666,Dog sitting on the lawn,666,Dog sitting on the lawn,False,0.019495857879519463
i2t,666,puppy sit on rthe grass,666,puppy sit on rthe grass,False,0.0502692312002182
i2t,666,Puppies looking at a camera.,666,Puppies looking at a camera.,False,0.0028629794251173735
i2t,666,puppy sit on the background,666,puppy sit on the background,False,0.03774525597691536
i2t,666,Dogs sit in the street.,666,Dogs sit in the street.,False,0.005767968948930502
i2t,666,A dog sits on lawn.,666,A dog sits on lawn.,False,0.004959105979651213
i2t,666,The dogs are sitting in the field.,666,The dogs are sitting in the field.,False,0.002053237520158291
i2t,666,The dogs sit in the field.,666,The dogs sit in the field.,False,0.0052028680220246315
i2t,666,The puppy is laying in the background.,666,The puppy is laying in the background.,True,0.0016414999263361096
i2t,666,Dogs are sitting on the street.,666,Dogs are sitting on the street.,False,0.01575120911002159
i2t,666,The dog is sitting in the lawn.,666,The dog is sitting in the lawn.,False,0.009356142021715641
i2t,666,The dog is standing in the lawn.,666,The dog is standing in the lawn.,False,0.002801257185637951
i2t,666,Dogs are walking on a camera.,666,Dogs are walking on a camera.,False,0.004698699805885553
i2t,666,a dog is lying on the grass,666,a dog is lying on the grass,False,0.006119213066995144
i2t,666,dog stand,666,dog stand,False,0.002315159421414137
i2t,666,A puppy sits in the background.,666,A puppy sits in the background.,False,0.0012568281963467598
i2t,666,A dog standing in the background.,666,A dog standing in the background.,False,0.00043325917795300484
i2t,666,The puppy stands in the background.,666,The puppy stands in the background.,False,0.006382972002029419
i2t,666,A puppy stands in a place that isn't a garden.,666,A puppy stands in a place that isn't a garden.,False,0.0012283124960958958
i2t,666,A puppy lays in the background,666,A puppy lays in the background,True,0.0009966285433620214
i2t,666,A puppy lies in the background,666,A puppy lies in the background,True,0.00126718170940876
i2t,666,A puppy is sitting in the meadow.,666,A puppy is sitting in the meadow.,True,0.00022438513406086713
i2t,666,Puppy standing in grass.,666,Puppy standing in grass.,False,0.0037089544348418713
i2t,666,Dog sits on lawn,666,Dog sits on lawn,True,0.018665824085474014
i2t,666,A puppy sits in the grass.,666,A puppy sits in the grass.,True,0.00030120505834929645
i2t,666,A woman and dog lie on the lawn.,666,A woman and dog lie on the lawn.,False,0.00022217641526367515
i2t,666,Dogs sit in a chair.,666,Dogs sit in a chair.,False,0.002290136879310012
i2t,666,Animals sit on the lawn.,666,Animals sit on the lawn.,True,0.012925278395414352
i2t,666,A white puppy sits in a field while a tan puppy stands next to him.,666,A white puppy sits in a field while a tan puppy stands next to him.,False,2.039829951172578e-06
i2t,5770,The person is sitting in the chair.,5770,The person is sitting in the chair.,True,0.0010383075568825006
i2t,5770,this person makes the image,5770,this person makes the image,False,0.00042493685032241046
i2t,5770,The person sits in a chair.,5770,The person sits in a chair.,True,0.002523342613130808
i2t,5770,The person sits to the side.,5770,The person sits to the side.,False,0.0010889900149777532
i2t,5770,The person displays one image.,5770,The person displays one image.,False,0.0020032532047480345
i2t,5770,A PERSON COPIES ANOTHER PERSON'S POSE,5770,A PERSON COPIES ANOTHER PERSON'S POSE,False,0.004057327285408974
i2t,5770,A person sitting on their side.,5770,A person sitting on their side.,False,0.0015659835189580917
i2t,5770,The man is sitting in a chair.,5770,The man is sitting in a chair.,True,0.010397519916296005
i2t,5770,The guy is sitting in the chair.,5770,The guy is sitting in the chair.,True,0.11612614244222641
i2t,5770,the person sits towards the front,5770,the person sits towards the front,False,0.000548642361536622
i2t,5770,A person showing how to sit on the ground.,5770,A person showing how to sit on the ground.,False,0.08650968968868256
i2t,5770,A man sits with his leg up.,5770,A man sits with his leg up.,True,0.01728239841759205
i2t,5770,A man is posing as a awkward person.,5770,A man is posing as a awkward person.,False,0.07008577138185501
i2t,5770,An actor shows a look in jeans.,5770,An actor shows a look in jeans.,False,0.019211972132325172
i2t,5770,A man sits on a chair with his skateboard.,5770,A man sits on a chair with his skateboard.,False,0.1026948019862175
i2t,5770,man sit the floor,5770,man sit the floor,False,0.046053461730480194
i2t,5770,man laugh on the background,5770,man laugh on the background,False,0.008006432093679905
i2t,5770,A man sits on his bottom.,5770,A man sits on his bottom.,False,0.009265657514333725
i2t,5770,man sit in the room,5770,man sit in the room,False,0.016551757231354713
i2t,5770,An excited man sits in a room with a blue couch.,5770,An excited man sits in a room with a blue couch.,False,2.092897739203181e-05
i2t,5770,A man leans on the chair.,5770,A man leans on the chair.,False,0.007908167317509651
i2t,5770,A boy sits on the chair,5770,A boy sits on the chair,True,0.01735795848071575
i2t,5770,A man sits on a stool.,5770,A man sits on a stool.,True,0.07834823429584503
i2t,5770,The person likes to listen to music made by another person.,5770,The person likes to listen to music made by another person.,False,0.0010950075229629874
i2t,5770,person is a dancing person,5770,person is a dancing person,False,0.001267827465198934
i2t,5770,The man sits on the floor.,5770,The man sits on the floor.,False,0.0030733440071344376
i2t,5770,A boy sitting in a chair.,5770,A boy sitting in a chair.,True,0.004139574244618416
i2t,5770,Which person looks like this one?,5770,Which person looks like this one?,False,6.981475598877296e-05
i2t,5770,A guy sitting in a chair.,5770,A guy sitting in a chair.,True,0.11770711094141006
i2t,5770,A man is sitting on the chair.,5770,A man is sitting on the chair.,True,0.16164050996303558
i2t,5770,the person poses each day,5770,the person poses each day,False,0.0011660563759505749
i2t,5770,The man is sitting on the stool.,5770,The man is sitting on the stool.,True,0.07741349190473557
i2t,5770,A person who is a man poses.,5770,A person who is a man poses.,True,0.12405768036842346
i2t,5770,One person sits down.,5770,One person sits down.,True,0.005945084150880575
i2t,5770,A man is sitting on a seat.,5770,A man is sitting on a seat.,True,0.03214281052350998
i2t,5770,This person is in a man pose.,5770,This person is in a man pose.,True,0.004152453504502773
i2t,5770,A PERSON POSE WITH A MAN,5770,A PERSON POSE WITH A MAN,False,0.00439985329285264
i2t,5770,A boy shows a thumbs up.,5770,A boy shows a thumbs up.,False,0.005184004548937082
i2t,5770,A man smiles in front of a yellow background,5770,A man smiles in front of a yellow background,False,1.1887903383467346e-05
i2t,5770,A person pose one,5770,A person pose one,True,0.027295079082250595
i2t,5770,A person pose with another person,5770,A person pose with another person,True,0.002659747377038002
i2t,5770,A man points his finger at the camera.,5770,A man points his finger at the camera.,True,0.03895510360598564
i2t,5770,The man points his finger.,5770,The man points his finger.,True,0.1290145218372345
i2t,5770,A man pointing with his hand.,5770,A man pointing with his hand.,True,0.046723704785108566
i2t,5770,man point a hand,5770,man point a hand,True,0.3688168227672577
i2t,5770,A man sits in front of a white background,5770,A man sits in front of a white background,True,0.05397454649209976
i2t,5770,The man shows his finger.,5770,The man shows his finger.,True,0.05328754335641861
i2t,5770,A man shows his finger.,5770,A man shows his finger.,True,0.029663769528269768
i2t,2572,One person does a yoga pose.,2572,One person does a yoga pose.,True,0.2889445126056671
i2t,2572,A woman practices yoga.,2572,A woman practices yoga.,True,0.2666022479534149
i2t,2572,A yoga coach poses for a session,2572,A yoga coach poses for a session,True,0.2584899067878723
i2t,2572,A woman stretching legs.,2572,A woman stretching legs.,True,0.008445032872259617
i2t,2572,The woman sat on the mat.,2572,The woman sat on the mat.,False,0.0009335619397461414
i2t,2572,The woman stretches out her hands.,2572,The woman stretches out her hands.,True,0.013199703767895699
i2t,2572,a person stretch the game,2572,a person stretch the game,True,0.0012084392365068197
i2t,2572,"The woman, who used to stretch before exercise regularly at the beach.",2572,"The woman, who used to stretch before exercise regularly at the beach.",False,0.0001605693978490308
i2t,2572,The woman stretches her hands.,2572,The woman stretches her hands.,True,0.016503021121025085
i2t,2572,The woman is kneeling on the floor.,2572,The woman is kneeling on the floor.,True,0.005594103597104549
i2t,2572,A person stretches with a yoga ball.,2572,A person stretches with a yoga ball.,False,0.5379464030265808
i2t,2572,Woman sitting on a mat doing yoga.,2572,Woman sitting on a mat doing yoga.,True,0.029314640909433365
i2t,2572,The person uses her arm to stretch.,2572,The person uses her arm to stretch.,True,0.06470437347888947
i2t,2572,A woman is sitting on a mat.,2572,A woman is sitting on a mat.,False,0.011815274134278297
i2t,2572,A woman sits on a mat.,2572,A woman sits on a mat.,False,0.004561830777674913
i2t,2572,The person is using the ball to stretch.,2572,The person is using the ball to stretch.,False,0.047950372099876404
i2t,2572,a girl stretching her legs,2572,a girl stretching her legs,True,0.007617943454533815
i2t,2572,a person gets down on the floor,2572,a person gets down on the floor,True,0.018007291480898857
i2t,2572,The woman lays on the floor.,2572,The woman lays on the floor.,False,0.0009315676870755851
i2t,2572,A woman laying on the floor.,2572,A woman laying on the floor.,False,0.005805233959108591
i2t,2572,A woman sitting on a mat.,2572,A woman sitting on a mat.,False,0.004083546809852123
i2t,2572,A woman lying on the floor.,2572,A woman lying on the floor.,False,0.002794570755213499
i2t,2572,A man lying on the floor.,2572,A man lying on the floor.,False,0.0004433369904290885
i2t,2572,The woman sits on the floor.,2572,The woman sits on the floor.,False,0.000318709178827703
i2t,2572,A woman sit on the mat,2572,A woman sit on the mat,False,0.00979048851877451
i2t,2572,Woman laying on the floor,2572,Woman laying on the floor,False,0.0033152273390442133
i2t,2572,Players stretch during a session.,2572,Players stretch during a session.,False,1.2522269798864727e-06
i2t,2572,A person is bowing their head.,2572,A person is bowing their head.,False,0.12596657872200012
i2t,2572,A person pose one,2572,A person pose one,True,0.06814341992139816
i2t,2572,Players have a streching session.,2572,Players have a streching session.,True,5.972737926640548e-05
i2t,2572,Person using arms to lift themselves,2572,Person using arms to lift themselves,False,0.003721082815900445
i2t,2572,A woman stretching in front of a window,2572,A woman stretching in front of a window,False,0.01938333734869957
i2t,2572,woman stretch on her arm,2572,woman stretch on her arm,True,0.027774188667535782
i2t,2572,A woman stretching her arms,2572,A woman stretching her arms,True,0.0063669211231172085
i2t,2572,A woman stretches by a window.,2572,A woman stretches by a window.,False,0.020154424011707306
i2t,2572,A woman does a standing stretch on the sand.,2572,A woman does a standing stretch on the sand.,False,0.0004534588078968227
i2t,5092,A person takes a photo to practice photography.,5092,A person takes a photo to practice photography.,False,0.018557095900177956
i2t,5092,A person can bring up an emotion with a photo.,5092,A person can bring up an emotion with a photo.,False,0.003897168906405568
i2t,5092,A man uses a camera.,5092,A man uses a camera.,False,0.001314861117862165
i2t,5092,The person takes photographs,5092,The person takes photographs,False,0.0015679060015827417
i2t,5092,People capture photographs.,5092,People capture photographs.,False,0.005461838562041521
i2t,5092,The person takes a photograph.,5092,The person takes a photograph.,False,0.0021259381901472807
i2t,5092,A person captures a person.,5092,A person captures a person.,False,0.0012141683837398887
i2t,5092,A person takes a step on their walk.,5092,A person takes a step on their walk.,True,0.008150533773005009
i2t,5092,A person takes a picture.,5092,A person takes a picture.,False,0.0009508495568297803
i2t,5092,A person captures a shot.,5092,A person captures a shot.,False,0.0026483219116926193
i2t,5092,A person stands on the track.,5092,A person stands on the track.,False,0.33428773283958435
i2t,5092,A person walks along the track.,5092,A person walks along the track.,True,0.23579955101013184
i2t,5092,A person stands on a track.,5092,A person stands on a track.,True,0.42087092995643616
i2t,5092,A girl walks on a train rail.,5092,A girl walks on a train rail.,False,0.10076052695512772
i2t,5092,A boy walking on a train track,5092,A boy walking on a train track,True,0.06427054107189178
i2t,5092,A person standing on a track.,5092,A person standing on a track.,True,0.3851192891597748
i2t,5092,A person walks down a track.,5092,A person walks down a track.,True,0.21547429263591766
i2t,5092,A girl walking on the rails.,5092,A girl walking on the rails.,True,0.006803805939853191
i2t,5092,A man walking with a camera,5092,A man walking with a camera,True,0.09037918597459793
i2t,5092,A man walking on a trail,5092,A man walking on a trail,True,0.0014285885263234377
i2t,5092,A man walking with his briefcase.,5092,A man walking with his briefcase.,False,0.00010796695278258994
i2t,5092,A woman walking on some rocks.,5092,A woman walking on some rocks.,False,9.064831829164177e-05
i2t,5092,a boy walks on the track,5092,a boy walks on the track,True,0.022396650165319443
i2t,5092,A person walking on a trail.,5092,A person walking on a trail.,True,0.0009072505636140704
i2t,5092,A person is taking a photograph.,5092,A person is taking a photograph.,False,0.0011774488957598805
i2t,5092,The person is taking a photograph.,5092,The person is taking a photograph.,False,0.0004016450548078865
i2t,5092,A person is holding a camera.,5092,A person is holding a camera.,True,0.0018324136035516858
i2t,5092,Dogs are walking on a camera.,5092,Dogs are walking on a camera.,False,2.8084741643397138e-05
i2t,5092,The person walked the track.,5092,The person walked the track.,True,0.015868280082941055
i2t,5092,A person takes a photograph.,5092,A person takes a photograph.,False,0.006863621529191732
i2t,5092,A person holds a camera.,5092,A person holds a camera.,True,0.0022357928100973368
i2t,5092,a man walking on an edge,5092,a man walking on an edge,True,0.0023890507873147726
i2t,5092,A person is walking on the footpath.,5092,A person is walking on the footpath.,False,0.006244519259780645
i2t,5092,Man walking on a road.,5092,Man walking on a road.,False,0.0010533289751037955
i2t,5092,The person walks to the site.,5092,The person walks to the site.,True,0.0001566923747304827
i2t,5092,The man will walk across the footbridge,5092,The man will walk across the footbridge,False,0.0014665338676422834
i2t,5092,A person walks along a road.,5092,A person walks along a road.,False,0.00021336467762012035
i2t,5092,A man walks with the sun in the background.,5092,A man walks with the sun in the background.,True,0.0059225172735750675
i2t,5092,A man hiking on the edge of a rock,5092,A man hiking on the edge of a rock,False,5.0907133299915586e-06
i2t,5092,The man walked at sunset.,5092,The man walked at sunset.,True,0.0015066527994349599
i2t,5092,A man walks at sunset.,5092,A man walks at sunset.,True,0.0008393951575271785
i2t,5092,A man walks along a mountain path.,5092,A man walks along a mountain path.,False,0.00031592839513905346
i2t,11943,boat sail a sea,11943,boat sail a sea,True,0.2299586981534958
i2t,11943,A boat can moor while at sea.,11943,A boat can moor while at sea.,False,0.00775931729003787
i2t,11943,The boat sails on the water.,11943,The boat sails on the water.,True,0.009958007372915745
i2t,11943,A man drives a boat.,11943,A man drives a boat.,False,0.0007468818803317845
i2t,11943,The man rests on the boat.,11943,The man rests on the boat.,True,0.1132735162973404
i2t,11943,A person sails a boat.,11943,A person sails a boat.,True,0.035392072051763535
i2t,11943,The man looks at the ocean.,11943,The man looks at the ocean.,True,0.019594235345721245
i2t,11943,A man sits on a boat.,11943,A man sits on a boat.,True,0.04767727479338646
i2t,11943,The man is driving the boat.,11943,The man is driving the boat.,False,0.001293534878641367
i2t,11943,"The boat is floating on the water,",11943,"The boat is floating on the water,",True,0.004484567791223526
i2t,11943,A man stands on a sail boat.,11943,A man stands on a sail boat.,False,0.07787241041660309
i2t,11943,The man rests near the boat.,11943,The man rests near the boat.,False,0.020853715017437935
i2t,11943,The man rests on his boat.,11943,The man rests on his boat.,True,0.05096196383237839
i2t,11943,The man is standing on the deck of the ship.,11943,The man is standing on the deck of the ship.,False,0.0018950991798192263
i2t,11943,The man sits by the sea.,11943,The man sits by the sea.,True,0.012149229645729065
i2t,11943,Fisherman sit on a boat.,11943,Fisherman sit on a boat.,True,0.017171237617731094
i2t,11943,A man standing on a boat.,11943,A man standing on a boat.,False,0.009762845933437347
i2t,11943,The woman drives the boat.,11943,The woman drives the boat.,False,0.00030518072890117764
i2t,11943,A woman sitting on a boat.,11943,A woman sitting on a boat.,False,0.002897830680012703
i2t,11943,A man is driving a boat.,11943,A man is driving a boat.,False,0.0045583052560687065
i2t,11943,person ride on the boat,11943,person ride on the boat,False,0.007168507669121027
i2t,11943,A woman driving a boat.,11943,A woman driving a boat.,False,0.0002490391780156642
i2t,11943,A person sailing on a boat,11943,A person sailing on a boat,True,0.10100755095481873
i2t,11943,A main sailing a boat.,11943,A main sailing a boat.,True,0.034642767161130905
i2t,11943,A person drives a boat.,11943,A person drives a boat.,True,0.00031855484121479094
i2t,11943,A man stands on a boat in the water.,11943,A man stands on a boat in the water.,False,0.0026676193810999393
i2t,11943,The yacht is floating out to sea.,11943,The yacht is floating out to sea.,True,0.000546984258107841
i2t,11943,The boat is sailing on the sea.,11943,The boat is sailing on the sea.,True,0.022138958796858788
i2t,11943,The boat is sailing in the sea.,11943,The boat is sailing in the sea.,True,0.018262112513184547
i2t,11943,A man looks at the ocean.,11943,A man looks at the ocean.,True,0.01891714334487915
i2t,11943,A fisherman sails a boat.,11943,A fisherman sails a boat.,True,0.004697923548519611
i2t,12105,the person looks nice,12105,the person looks nice,True,1.0766029845399316e-05
i2t,12105,Which person looks like this one?,12105,Which person looks like this one?,False,6.552711511176312e-06
i2t,12105,this person makes the image,12105,this person makes the image,False,3.343646676512435e-05
i2t,12105,A man goes to kiss his girlfriend.,12105,A man goes to kiss his girlfriend.,False,0.16638068854808807
i2t,12105,A couple is embracing each other.,12105,A couple is embracing each other.,False,0.002244445728138089
i2t,12105,A person enjoys another person.,12105,A person enjoys another person.,True,4.4435171730583534e-05
i2t,12105,A person kisses another person.,12105,A person kisses another person.,True,0.0007139644585549831
i2t,12105,A person is a player,12105,A person is a player,False,1.3875330751034198e-06
i2t,12105,man holding girlfriend,12105,man holding girlfriend,True,0.017438653856515884
i2t,12105,A person kisses the cheek of another person.,12105,A person kisses the cheek of another person.,False,0.002454607281833887
i2t,12105,A couple kisses in the park.,12105,A couple kisses in the park.,True,0.3996177613735199
i2t,12105,A couple kiss in the park.,12105,A couple kiss in the park.,True,0.34170839190483093
i2t,12105,a couple cuddle in the park,12105,a couple cuddle in the park,True,0.0023690343368798494
i2t,12105,A couple hugging at the park,12105,A couple hugging at the park,False,0.004743522498756647
i2t,12105,A couple embraces by the tree.,12105,A couple embraces by the tree.,False,0.016305966302752495
i2t,12105,A couple is embracing near a tree.,12105,A couple is embracing near a tree.,False,0.06949880719184875
i2t,12105,A couple hugs against a tree.,12105,A couple hugs against a tree.,False,0.012590698897838593
i2t,12105,A man kisses his girlfriend.,12105,A man kisses his girlfriend.,True,0.09068522602319717
i2t,12105,A couple are hugging in the park.,12105,A couple are hugging in the park.,False,0.014377706684172153
i2t,12105,A couple kisses near the street.,12105,A couple kisses near the street.,True,0.04253831133246422
i2t,12105,A man kissing a woman.,12105,A man kissing a woman.,True,0.01457467395812273
i2t,12105,A couple is standing near trees.,12105,A couple is standing near trees.,True,0.010315687395632267
i2t,12105,A man is embracing a woman.,12105,A man is embracing a woman.,False,0.0006939535378478467
i2t,12105,A man is hugging a woman,12105,A man is hugging a woman,False,0.0005237572477199137
i2t,12105,A man and woman are kissing.,12105,A man and woman are kissing.,True,0.024384941905736923
i2t,12105,A woman is hugging a man.,12105,A woman is hugging a man.,False,0.0006138298194855452
i2t,12105,A man rests his head on the woman.,12105,A man rests his head on the woman.,False,0.00012798341049347073
i2t,12105,A couple are kissing under the tree.,12105,A couple are kissing under the tree.,True,0.3712364733219147
i2t,12105,The man kisses his girlfriend.,12105,The man kisses his girlfriend.,True,0.14242856204509735
i2t,12105,A woman kisses a man.,12105,A woman kisses a man.,True,0.022066360339522362
i2t,12105,A couple kisses the other.,12105,A couple kisses the other.,True,0.051353570073843
i2t,12105,A couple kissing in the street.,12105,A couple kissing in the street.,False,0.015918157994747162
i2t,12105,A couple hugs each other.,12105,A couple hugs each other.,False,0.0017977451207116246
i2t,12105,The couple embraces each other.,12105,The couple embraces each other.,True,0.005662949290126562
i2t,12105,A couple kisses under the tree.,12105,A couple kisses under the tree.,True,0.37437474727630615
i2t,12105,a couple kissing on a street,12105,a couple kissing on a street,True,0.011280423030257225
i2t,3906,person stand in the room,3906,person stand in the room,False,2.9749102395726368e-05
i2t,3906,A person wants to sit on a couch.,3906,A person wants to sit on a couch.,True,0.04305662214756012
i2t,3906,the person sits towards the front,3906,the person sits towards the front,False,0.0004060431965626776
i2t,3906,A person sitting on their side.,3906,A person sitting on their side.,False,0.0026978731621056795
i2t,3906,A person sits on the couch.,3906,A person sits on the couch.,False,0.030524535104632378
i2t,3906,The person sits to the side.,3906,The person sits to the side.,False,0.0003480112354736775
i2t,3906,The woman is standing on one leg.,3906,The woman is standing on one leg.,False,0.0022976212203502655
i2t,3906,The person sits on the couch.,3906,The person sits on the couch.,False,0.006725817918777466
i2t,3906,the person enters the room,3906,the person enters the room,False,6.51823211228475e-06
i2t,3906,The person uses her arm to stretch.,3906,The person uses her arm to stretch.,False,0.01986243948340416
i2t,3906,A woman sits and crosses her leg.,3906,A woman sits and crosses her leg.,False,0.19551588594913483
i2t,3906,a woman sits with her leg up.,3906,a woman sits with her leg up.,False,0.24094823002815247
i2t,3906,A woman is sitting sideways in an armchair.,3906,A woman is sitting sideways in an armchair.,False,0.47627976536750793
i2t,3906,A businesswoman uses a chair to sit down.,3906,A businesswoman uses a chair to sit down.,False,0.053237780928611755
i2t,3906,A woman sites in the chair.,3906,A woman sites in the chair.,False,0.019458776339888573
i2t,3906,A woman is sitting on a sofa.,3906,A woman is sitting on a sofa.,False,0.5637415647506714
i2t,3906,A woman sits on a chair.,3906,A woman sits on a chair.,False,0.03692809119820595
i2t,3906,A woman sits on a sofa.,3906,A woman sits on a sofa.,False,0.23091383278369904
i2t,3906,A woman sits in an armchair.,3906,A woman sits in an armchair.,False,0.03260413557291031
i2t,3906,Mother sits on a couch.,3906,Mother sits on a couch.,False,0.08365380764007568
i2t,3906,A woman is sitting on the sofa,3906,A woman is sitting on the sofa,False,0.3966608941555023
i2t,3906,The woman sits on a couch.,3906,The woman sits on a couch.,False,0.05857207998633385
i2t,3906,A woman sitting on a sofa.,3906,A woman sitting on a sofa.,False,0.1396588534116745
i2t,3906,A woman is sitting on the couch,3906,A woman is sitting on the couch,False,0.43677422404289246
i2t,3906,A woman sitting in an armchair.,3906,A woman sitting in an armchair.,False,0.02335711009800434
i2t,3906,A woman resting on a couch.,3906,A woman resting on a couch.,False,0.010573236271739006
i2t,3906,A mother is sitting on the couch.,3906,A mother is sitting on the couch.,False,0.11240794509649277
i2t,3906,A woman sitting on a couch.,3906,A woman sitting on a couch.,False,0.11813066899776459
i2t,3906,This person is sitting on the edge of the sofa.,3906,This person is sitting on the edge of the sofa.,False,0.7876761555671692
i2t,3906,A person sits on a couch.,3906,A person sits on a couch.,False,0.06484464555978775
i2t,3906,A woman sits on a couch.,3906,A woman sits on a couch.,False,0.20848225057125092
i2t,3906,A person sits at home.,3906,A person sits at home.,False,0.0012262084055691957
i2t,3906,Man sitting on sofa,3906,Man sitting on sofa,False,0.0009517501457594335
i2t,3906,Elderly woman resting in a chair.,3906,Elderly woman resting in a chair.,False,0.001336192130111158
i2t,3906,woman sit on the sofa,3906,woman sit on the sofa,False,0.11013314872980118
i2t,3906,The woman sits in a wheelchair.,3906,The woman sits in a wheelchair.,False,0.006324563641101122
i2t,3906,A woman sitting in a wheelchair.,3906,A woman sitting in a wheelchair.,False,0.009230896830558777
i2t,3906,A woman sits in a wheelchair.,3906,A woman sits in a wheelchair.,False,0.008975609205663204
i2t,3906,woman standing by chair,3906,woman standing by chair,False,0.004518728703260422
i2t,3906,A woman is sitting on a wheelchair.,3906,A woman is sitting on a wheelchair.,False,0.031191838905215263
i2t,3906,A brunette woman lies comfortably on a sofa.,3906,A brunette woman lies comfortably on a sofa.,False,0.0005307690007612109
i2t,3906,A woman is sitting on a couch.,3906,A woman is sitting on a couch.,True,0.573492705821991
i2t,3906,The person looks comfortable sitting on a couch at home.,3906,The person looks comfortable sitting on a couch at home.,True,0.13725297152996063
i2t,3906,The woman is sitting on the sofa.,3906,The woman is sitting on the sofa.,False,0.10120658576488495
i2t,3745,The person looks at the team.,3745,The person looks at the team.,False,0.0006024775211699307
i2t,3745,are those players starching at practice?,3745,are those players starching at practice?,False,0.0023777696769684553
i2t,3745,The players look at the session.,3745,The players look at the session.,False,0.004316376522183418
i2t,3745,A player directs a team.,3745,A player directs a team.,True,0.001004212535917759
i2t,3745,The player stands by the touchline.,3745,The player stands by the touchline.,True,0.00016995389887597412
i2t,3745,players are stand in the pitch,3745,players are stand in the pitch,True,0.014450528658926487
i2t,3745,A player looks at the touchline.,3745,A player looks at the touchline.,False,0.0004440549237187952
i2t,3745,The person talking to the players is their coach.,3745,The person talking to the players is their coach.,True,0.012216882780194283
i2t,3745,The coach looks at a the player.,3745,The coach looks at a the player.,True,0.0012080688029527664
i2t,3745,players celebration,3745,players celebration,False,0.0006489694933407009
i2t,3745,person on pitch with team,3745,person on pitch with team,True,0.0054556820541620255
i2t,3745,team warm a game,3745,team warm a game,True,0.06374471634626389
i2t,3745,Players speaking with other players,3745,Players speaking with other players,True,0.02347741089761257
i2t,3745,The team warms up before the game.,3745,The team warms up before the game.,True,0.010244781151413918
i2t,3745,Soccer players warming for a game,3745,Soccer players warming for a game,True,0.011027202941477299
i2t,3745,Players walk by the pitch.,3745,Players walk by the pitch.,False,0.001236266689375043
i2t,3745,Players see each other before the game.,3745,Players see each other before the game.,True,0.0019782232120633125
i2t,3745,the coach encourges the team,3745,the coach encourges the team,True,0.014269178733229637
i2t,3745,Players looking on a field.,3745,Players looking on a field.,False,0.005634695757180452
i2t,3745,Players are looking from the sideline.,3745,Players are looking from the sideline.,False,0.0014503449201583862
i2t,3745,players looking at the field,3745,players looking at the field,True,0.004728142637759447
i2t,3745,Players walking on the sideline.,3745,Players walking on the sideline.,False,0.001584353158250451
i2t,3745,Players are walking on the pitch.,3745,Players are walking on the pitch.,False,0.0034041765611618757
i2t,3745,Players stands on the sideline,3745,Players stands on the sideline,False,0.0017727931262925267
i2t,3745,Players are walking on the sideline.,3745,Players are walking on the sideline.,False,0.0012313735205680132
i2t,3745,A coach near team players.,3745,A coach near team players.,True,0.0011456001084297895
i2t,3745,A coach is talking to his team,3745,A coach is talking to his team,True,0.0017264540074393153
i2t,3745,the players stand in the sideline,3745,the players stand in the sideline,False,0.0020485478453338146
i2t,3745,half of the players reaction after the game.,3745,half of the players reaction after the game.,False,0.002484386321157217
i2t,3745,coach react the team,3745,coach react the team,False,0.009303404949605465
i2t,3745,The players look at each other on the pitch.,3745,The players look at each other on the pitch.,True,0.024239452555775642
i2t,3745,Players are standing on a sideline.,3745,Players are standing on a sideline.,True,0.002861314918845892
i2t,3745,Players attend a training session.,3745,Players attend a training session.,True,0.0010432284325361252
i2t,3745,Players prepare a session.,3745,Players prepare a session.,False,0.021445326507091522
i2t,3745,Players walking to a session.,3745,Players walking to a session.,True,0.0011353472946211696
i2t,3745,Players have a practice session,3745,Players have a practice session,True,0.0018532144604250789
i2t,3745,Players walk before the match.,3745,Players walk before the match.,True,0.0005787767586298287
i2t,3745,Players stand by the sidelines.,3745,Players stand by the sidelines.,False,0.001756798941642046
i2t,3745,The Players are walking the field before the match.,3745,The Players are walking the field before the match.,True,0.011370132677257061
i2t,3745,A coach talks to players.,3745,A coach talks to players.,True,0.0017403621459379792
i2t,3745,The players walk before the session.,3745,The players walk before the session.,False,0.0007652566418983042
i2t,3745,Players prepare for their next soccer session.,3745,Players prepare for their next soccer session.,True,0.005198257509618998
i2t,3745,A coach talks to his players.,3745,A coach talks to his players.,True,0.0014169632922858
i2t,3745,A league team prepares to play their game.,3745,A league team prepares to play their game.,True,0.0035638362169265747
i2t,3745,Players stand in a circle before a soccer match.,3745,Players stand in a circle before a soccer match.,False,0.052506230771541595
i2t,3745,A player discussing something with another man before playing a match.,3745,A player discussing something with another man before playing a match.,True,0.002890672069042921
i2t,3745,A team huddling together before a game,3745,A team huddling together before a game,True,0.00037420724402181804
i2t,3745,The coach is talking to the team.,3745,The coach is talking to the team.,True,0.0031957272440195084
i2t,591,A player you can set to play.,591,A player you can set to play.,False,0.02027427963912487
i2t,591,The players win the league.,591,The players win the league.,False,0.032582446932792664
i2t,591,a goalie is a person who saves the ball from entering the goal.,591,a goalie is a person who saves the ball from entering the goal.,False,5.0825572543544695e-05
i2t,591,These players would like to win the tournament.,591,These players would like to win the tournament.,True,0.09844966232776642
i2t,591,The person plays this season.,591,The person plays this season.,True,2.8289166948525235e-05
i2t,591,player save the goal,591,player save the goal,False,0.004718257579952478
i2t,591,A footballer in a jersey is going to compete,591,A footballer in a jersey is going to compete,False,0.000837074825540185
i2t,591,A competing footballer player.,591,A competing footballer player.,True,0.0002748414408415556
i2t,591,The stars are shining in the sky.,591,The stars are shining in the sky.,False,0.0003300309763289988
i2t,591,A team player runs in the game.,591,A team player runs in the game.,False,2.6726887881522998e-05
i2t,591,The players in the picture are on different teams.,591,The players in the picture are on different teams.,True,0.8645175099372864
i2t,591,Pictures of players from different teams.,591,Pictures of players from different teams.,True,0.8122022151947021
i2t,591,the players from their league are celebrating,591,the players from their league are celebrating,False,0.48597827553749084
i2t,591,Several players celebrate being a footballer.,591,Several players celebrate being a footballer.,False,0.3425227701663971
i2t,591,Soccer athletes are celebrating a postseason run.,591,Soccer athletes are celebrating a postseason run.,False,0.24557748436927795
i2t,591,The player will celebrate with his team.,591,The player will celebrate with his team.,False,0.008092242293059826
i2t,591,Soccer players want to meet and greet fans and other players.,591,Soccer players want to meet and greet fans and other players.,False,0.2438550591468811
i2t,591,The players have won the tournament.,591,The players have won the tournament.,False,0.10929665714502335
i2t,591,The player will celebrate with the team after the game.,591,The player will celebrate with the team after the game.,False,0.004868780728429556
i2t,591,A player wanted to leave the team,591,A player wanted to leave the team,False,0.008611956611275673
i2t,591,The player had to leave the game.,591,The player had to leave the game.,False,0.0001297405397053808
i2t,591,The player is vying a footballer.,591,The player is vying a footballer.,False,0.0003933011903427541
i2t,591,the game is very interest.,591,the game is very interest.,False,0.00022197738871909678
i2t,591,How to a player who can defend the goal.,591,How to a player who can defend the goal.,False,0.009784179739654064
i2t,591,The player saved a goal.,591,The player saved a goal.,False,0.002010290278121829
i2t,591,The player is looking for praise from the players on his team.,591,The player is looking for praise from the players on his team.,False,0.008081339299678802
i2t,591,Players are hits the player,591,Players are hits the player,False,0.002619985258206725
i2t,591,does this person looking at player?,591,does this person looking at player?,False,0.0004771334060933441
i2t,591,The players react at the half.,591,The players react at the half.,False,0.0032761478796601295
i2t,591,Fans and players are celebrating.,591,Fans and players are celebrating.,False,0.0013753623934462667
i2t,591,half of the players reaction after the game.,591,half of the players reaction after the game.,False,0.0004804998461622745
i2t,591,A footballer and player are celebrating.,591,A footballer and player are celebrating.,True,0.0023277192376554012
i2t,591,People are celebrating the player.,591,People are celebrating the player.,False,0.0003651808947324753
i2t,591,how a person greet a player,591,how a person greet a player,False,0.0007583195110782981
i2t,591,The players react as a team.,591,The players react as a team.,False,0.07928265631198883
i2t,591,Three soccer players.,591,Three soccer players.,True,0.029118314385414124
i2t,591,soccer players play,591,soccer players play,True,0.001983679598197341
i2t,591,A person completes against other soccer players.,591,A person completes against other soccer players.,False,0.005840683355927467
i2t,591,"soccer, ball, men",591,"soccer, ball, men",True,0.000623297062702477
i2t,591,Footballer players celebrating,591,Footballer players celebrating,False,0.010598473250865936
i2t,591,Players celebrate the league.,591,Players celebrate the league.,False,0.029856238514184952
i2t,591,a players celebrating a game,591,a players celebrating a game,False,0.001242795493453741
i2t,591,Footballers celebrating with other players.,591,Footballers celebrating with other players.,False,0.11383748799562454
i2t,591,A soccer player blocks a shot and saves the goal.,591,A soccer player blocks a shot and saves the goal.,False,1.467564197810134e-05
i2t,591,A soccer player is saving the shot.,591,A soccer player is saving the shot.,False,4.955082113156095e-05
i2t,591,A soccer player saves the ball.,591,A soccer player saves the ball.,False,9.552270057611167e-05
i2t,591,Book cover of a soccer player getting a goal,591,Book cover of a soccer player getting a goal,False,8.464826350973453e-06
i2t,591,The soccer player hits the goal.,591,The soccer player hits the goal.,False,6.239387585083023e-05
i2t,591,The player shoots the ball toward the goal in the soccer match.,591,The player shoots the ball toward the goal in the soccer match.,False,1.5597055607941e-05
i2t,58,A person looks ready for a show.,58,A person looks ready for a show.,True,0.002387354848906398
i2t,58,artist performs at show,58,artist performs at show,True,0.0013251156779006124
i2t,58,person performs final act,58,person performs final act,True,0.11148374527692795
i2t,58,girl jump in the air,58,girl jump in the air,False,0.08251182734966278
i2t,58,person fly in the sky,58,person fly in the sky,False,0.14485591650009155
i2t,58,A person shows at an event.,58,A person shows at an event.,True,0.14751452207565308
i2t,58,person play on the stage,58,person play on the stage,False,0.4984399378299713
i2t,58,A person jumps in the air,58,A person jumps in the air,False,0.013746670447289944
i2t,58,this person makes the image,58,this person makes the image,False,0.1316305249929428
i2t,58,The person displays one image.,58,The person displays one image.,False,0.0539940781891346
i2t,58,Dancer performing on stage,58,Dancer performing on stage,True,0.3393663465976715
i2t,58,The woman performs on stage.,58,The woman performs on stage.,True,0.15129370987415314
i2t,58,A girl is performing a dance.,58,A girl is performing a dance.,True,0.015350069850683212
i2t,58,A dancer leaping in the air.,58,A dancer leaping in the air.,True,0.035432372242212296
i2t,58,The artist plays jump-rope in the show.,58,The artist plays jump-rope in the show.,False,0.33809369802474976
i2t,58,An entertainer is performing on stage.,58,An entertainer is performing on stage.,True,0.09283015131950378
i2t,58,An athlete performing on stage.,58,An athlete performing on stage.,True,0.024521954357624054
i2t,58,A dancer is performing at an event.,58,A dancer is performing at an event.,True,0.042088285088539124
i2t,58,An athlete performs on a stage.,58,An athlete performs on a stage.,True,0.026659930124878883
i2t,58,Artists are performing in a show.,58,Artists are performing in a show.,False,0.15769842267036438
i2t,58,A person performing in the theater.,58,A person performing in the theater.,True,0.04486219212412834
i2t,58,A person performing at a venue.,58,A person performing at a venue.,True,0.149790421128273
i2t,58,A dancer is performing at a concert,58,A dancer is performing at a concert,True,0.12101525068283081
i2t,58,People are performing at a fest.,58,People are performing at a fest.,False,0.0026125519070774317
i2t,58,An artist is performing for a person,58,An artist is performing for a person,False,0.021980902180075645
i2t,58,A person did perform for the crowd,58,A person did perform for the crowd,False,0.12414037436246872
i2t,58,The artist is performing at a celebration.,58,The artist is performing at a celebration.,False,0.0066774464212358
i2t,58,An artist performs a show.,58,An artist performs a show.,True,0.08671987056732178
i2t,58,The people perform a show.,58,The people perform a show.,False,0.002292982302606106
i2t,58,An athlete performs at the festival.,58,An athlete performs at the festival.,False,0.0025849679950624704
i2t,58,An athlete performs at a festival.,58,An athlete performs at a festival.,False,0.008278677240014076
i2t,58,Actors performing a show,58,Actors performing a show,True,0.026061590760946274
i2t,58,The artist performs the show.,58,The artist performs the show.,True,0.36152011156082153
i2t,58,A girl stands on her hand.,58,A girl stands on her hand.,False,0.005731632001698017
i2t,58,A person performs a show for another person.,58,A person performs a show for another person.,False,0.0481075681746006
i2t,58,A girl walking on her hands.,58,A girl walking on her hands.,False,0.0018100128509104252
i2t,58,A man stands on his head in a park.,58,A man stands on his head in a park.,False,1.5787498341524042e-05
i2t,58,A woman stands on her arms.,58,A woman stands on her arms.,False,0.006705117877572775
i2t,58,A man balances on a ball.,58,A man balances on a ball.,False,0.00023367484391201288
i2t,58,An athlete performs on stage.,58,An athlete performs on stage.,False,0.016766410320997238
i2t,58,A woman dances on stage.,58,A woman dances on stage.,True,0.010430035181343555
i2t,58,A dancer is leaping in the air.,58,A dancer is leaping in the air.,True,0.05060078576207161
i2t,58,A woman performs on stage.,58,A woman performs on stage.,True,0.023164954036474228
i2t,58,A woman dancing in a dark background.,58,A woman dancing in a dark background.,True,0.0013164411066100001
i2t,58,The woman hangs from a glider above the city.,58,The woman hangs from a glider above the city.,False,0.0010500535136088729
i2t,8904,The person looks like she is heading to work.,8904,The person looks like she is heading to work.,False,0.0012683402746915817
i2t,8904,The girl is sitting in a classroom.,8904,The girl is sitting in a classroom.,False,3.7949135730741546e-05
i2t,8904,the person enters the room,8904,the person enters the room,True,0.0006661840598098934
i2t,8904,A person enters a room.,8904,A person enters a room.,True,0.004954509902745485
i2t,8904,A person is walking near a window.,8904,A person is walking near a window.,False,0.0002126706822309643
i2t,8904,the person looks nice,8904,the person looks nice,True,1.80634087882936e-05
i2t,8904,A girl opens the door.,8904,A girl opens the door.,True,0.010130774229764938
i2t,8904,person stand in the room,8904,person stand in the room,True,0.00014568508777301759
i2t,8904,Person in an open room,8904,Person in an open room,True,0.00011892736802110448
i2t,8904,The man hears a knock and opens his door.,8904,The man hears a knock and opens his door.,False,0.00018676510080695152
i2t,8904,A girl stands in the room.,8904,A girl stands in the room.,True,0.019195033237338066
i2t,8904,A person walks down the hallway,8904,A person walks down the hallway,False,0.0037305238656699657
i2t,8904,A woman stands in the doorway.,8904,A woman stands in the doorway.,True,0.011821829713881016
i2t,8904,A woman stands by a door.,8904,A woman stands by a door.,True,0.006066842470318079
i2t,8904,a girl stood at the door,8904,a girl stood at the door,True,0.03925366327166557
i2t,8904,A woman stands in a doorway.,8904,A woman stands in a doorway.,True,0.008301913738250732
i2t,8904,A person walks down a hallway.,8904,A person walks down a hallway.,False,0.0024859539698809385
i2t,8904,A person stands before the door.,8904,A person stands before the door.,False,0.00215249415487051
i2t,8904,A person stands near the door.,8904,A person stands near the door.,True,0.0030458071269094944
i2t,8904,The woman stands in the house.,8904,The woman stands in the house.,True,0.016460753977298737
i2t,8904,The woman stands in the doorway.,8904,The woman stands in the doorway.,True,0.01311962865293026
i2t,8904,The girl stands in the room.,8904,The girl stands in the room.,True,0.016330942511558533
i2t,8904,a woman stands in the room.,8904,a woman stands in the room.,True,0.010840903967618942
i2t,8904,A woman stands in the room.,8904,A woman stands in the room.,True,0.010840903967618942
i2t,8904,The woman stands at the mirror.,8904,The woman stands at the mirror.,False,0.021068710833787918
i2t,8904,The person stands in the room.,8904,The person stands in the room.,True,0.0001613023050595075
i2t,8904,person stands on the room,8904,person stands on the room,False,0.00010835620923899114
i2t,8904,A woman hol,8904,A woman hol,False,0.0009333190973848104
i2t,8904,woman  open a door,8904,woman  open a door,True,0.12780463695526123
i2t,8904,The girl stood in front of the doorway.,8904,The girl stood in front of the doorway.,True,0.02392561361193657
i2t,8904,A girl walks with a travel bag.,8904,A girl walks with a travel bag.,True,0.0029302167240530252
i2t,8904,A woman opens the door.,8904,A woman opens the door.,True,0.007127709221094847
i2t,8904,A woman is opening a door.,8904,A woman is opening a door.,True,0.004141603596508503
i2t,8904,A girl opening a door.,8904,A girl opening a door.,True,0.010202599689364433
i2t,12594,Artists are act their play in theater,12594,Artists are act their play in theater,False,0.014238177798688412
i2t,12594,"dance, stage, lights",12594,"dance, stage, lights",True,0.5485838651657104
i2t,12594,Artists are performing in a show.,12594,Artists are performing in a show.,True,0.25958526134490967
i2t,12594,The people are performing a dance.,12594,The people are performing a dance.,True,0.1268898993730545
i2t,12594,The dancers perform on stage,12594,The dancers perform on stage,True,0.1058780699968338
i2t,12594,The artists wows the crowd,12594,The artists wows the crowd,False,0.14960813522338867
i2t,12594,Dancers perform on stage.,12594,Dancers perform on stage.,True,0.5019752979278564
i2t,12594,A group of dancers perform a show,12594,A group of dancers perform a show,True,0.7716395854949951
i2t,12594,People dance in a concert.,12594,People dance in a concert.,False,0.008827699348330498
i2t,12594,Actors are performing a part.,12594,Actors are performing a part.,False,0.0456254780292511
i2t,12594,Women perform a dance.,12594,Women perform a dance.,True,0.19169017672538757
i2t,12594,Dancer performing on stage,12594,Dancer performing on stage,True,0.13336995244026184
i2t,12594,People perform in a theater.,12594,People perform in a theater.,True,0.2157709002494812
i2t,12594,A dancer leaping in the air.,12594,A dancer leaping in the air.,True,0.030330734327435493
i2t,12594,A woman dances on stage.,12594,A woman dances on stage.,True,0.013400810770690441
i2t,12594,An actor was cast to be on stage.,12594,An actor was cast to be on stage.,False,0.04097723215818405
i2t,12594,The artists performed a show.,12594,The artists performed a show.,True,0.07573550194501877
i2t,12594,An actor performing at a concert.,12594,An actor performing at a concert.,False,0.0009779464453458786
i2t,12594,A person performing in the theater.,12594,A person performing in the theater.,True,0.08394242078065872
i2t,12594,An event is looking for artists to perform.,12594,An event is looking for artists to perform.,False,0.10804490000009537
i2t,12594,person is a dancing person,12594,person is a dancing person,True,0.06356290727853775
i2t,12594,People are performing at a fest.,12594,People are performing at a fest.,False,0.012174311093986034
i2t,12594,The person will sing on the stage.,12594,The person will sing on the stage.,False,0.11705511063337326
i2t,12594,Actors performing in a performance.,12594,Actors performing in a performance.,False,0.05467861145734787
i2t,12594,Athletes performing on stage.,12594,Athletes performing on stage.,False,0.2587246298789978
i2t,12594,People perform a play on stage.,12594,People perform a play on stage.,True,0.05240901559591293
i2t,12594,The actors perform on stage.,12594,The actors perform on stage.,True,0.011496482416987419
i2t,12594,Artists perform a play on the stage.,12594,Artists perform a play on the stage.,True,0.026124032214283943
i2t,12594,People perform on a stage.,12594,People perform on a stage.,True,0.07179484516382217
i2t,12594,A dancer is performing at an event.,12594,A dancer is performing at an event.,False,0.012443868443369865
i2t,12594,The people perform a show.,12594,The people perform a show.,True,0.06578093767166138
i2t,12594,People are practicing their routine on a cheer and dance team.,12594,People are practicing their routine on a cheer and dance team.,False,0.0015045295003801584
i2t,12594,Ballet dancers performing at night,12594,Ballet dancers performing at night,True,0.22372879087924957
i2t,8872,The girl eats chocolate.,8872,The girl eats chocolate.,True,0.9633625745773315
i2t,8872,A girl eats chocolate.,8872,A girl eats chocolate.,True,0.9861894249916077
i2t,8872,The girl is eating chocolate.,8872,The girl is eating chocolate.,True,0.5805535912513733
i2t,8872,A person can bring up an emotion with a photo.,8872,A person can bring up an emotion with a photo.,False,0.10457377135753632
i2t,8872,One person communicates with another.,8872,One person communicates with another.,False,7.525660475948825e-05
i2t,8872,The girl is drinking a chocolate drink.,8872,The girl is drinking a chocolate drink.,False,0.003932236693799496
i2t,8872,an actor will portray a character,8872,an actor will portray a character,False,7.770248885208275e-06
i2t,8872,A person enjoys another person.,8872,A person enjoys another person.,False,0.0004184895660728216
i2t,8872,Which person looks like this one?,8872,Which person looks like this one?,False,2.7774367481470108e-05
i2t,8872,A person is having a play day.,8872,A person is having a play day.,False,0.0032489453442394733
i2t,8872,The girl is drinking chocolate milk.,8872,The girl is drinking chocolate milk.,False,0.014479350298643112
i2t,8872,A girl prepares to wrap a gift.,8872,A girl prepares to wrap a gift.,False,0.0007538319332525134
i2t,8872,A girl opening a gift.,8872,A girl opening a gift.,False,0.001442824024707079
i2t,8872,A girl places a condom with her hand.,8872,A girl places a condom with her hand.,False,0.003960200119763613
i2t,8872,The girl opens a gift.,8872,The girl opens a gift.,False,0.00034889450762420893
i2t,8872,The girl prepares to give a gift.,8872,The girl prepares to give a gift.,False,0.0008325857925228775
i2t,8872,A girl wears clothes.,8872,A girl wears clothes.,True,0.021385109052062035
i2t,8872,The cloth of the girl's dress is very good quality.,8872,The cloth of the girl's dress is very good quality.,True,5.25241885043215e-05
i2t,8872,A daughter will take things from her mother,8872,A daughter will take things from her mother,False,0.0037367106415331364
i2t,8872,A girl is looking at a phone.,8872,A girl is looking at a phone.,False,0.0034006014466285706
i2t,8872,The kid will play music.,8872,The kid will play music.,False,3.849055792670697e-05
i2t,8872,Someone brushes the girl's hair.,8872,Someone brushes the girl's hair.,False,0.00031421022140420973
i2t,8872,A person won a medal.,8872,A person won a medal.,False,3.513237243168987e-05
i2t,8872,A girl holds a bunch.,8872,A girl holds a bunch.,False,0.045247942209243774
i2t,8872,a person holding a baby,8872,a person holding a baby,False,0.0003300734097138047
i2t,8872,Young girl kissing her mother.,8872,Young girl kissing her mother.,False,0.00011867473949678242
i2t,8872,The girl made a face.,8872,The girl made a face.,False,0.0030007788445800543
i2t,8872,The girl makes a silly face.,8872,The girl makes a silly face.,False,0.006937232334166765
i2t,8872,A girl kisses her mother.,8872,A girl kisses her mother.,False,2.843204674718436e-05
i2t,8872,A girl is hugger her mother.,8872,A girl is hugger her mother.,False,0.00011499257379909977
i2t,8872,A little girl plays with a pink balloon.,8872,A little girl plays with a pink balloon.,False,3.87928776035551e-05
i2t,8872,A girl enjoys the sand,8872,A girl enjoys the sand,False,3.448722418397665e-05
i2t,545,A father walks on the beach,545,A father walks on the beach,True,0.0514342337846756
i2t,545,A man walks on the beach.,545,A man walks on the beach.,True,0.14385971426963806
i2t,545,A man walks on a beach.,545,A man walks on a beach.,True,0.10602635890245438
i2t,545,A father walks on the beach.,545,A father walks on the beach.,True,0.05143407732248306
i2t,545,Man enjoys beach,545,Man enjoys beach,True,0.6320252418518066
i2t,545,The man walks to the ocean.,545,The man walks to the ocean.,True,0.1599971204996109
i2t,545,A man walks in the sea.,545,A man walks in the sea.,True,0.04710286110639572
i2t,545,A man is walking near the ocean,545,A man is walking near the ocean,True,0.08204706758260727
i2t,545,the businessman  walks on the beach,545,the businessman  walks on the beach,False,0.05776047706604004
i2t,545,A man enjoys the beach.,545,A man enjoys the beach.,True,0.13374394178390503
i2t,545,A man going for a walk along the seashore.,545,A man going for a walk along the seashore.,True,0.3986278772354126
i2t,545,A man takes a walk on the seashore,545,A man takes a walk on the seashore,True,0.3095208406448364
i2t,545,A man is walking on the seashore.,545,A man is walking on the seashore.,True,0.3222180902957916
i2t,545,A man i run on the beach.,545,A man i run on the beach.,False,0.08747991174459457
i2t,545,A father walking on the beach.,545,A father walking on the beach.,True,0.07696914672851562
i2t,545,A man runs the beach.,545,A man runs the beach.,False,0.04697312414646149
i2t,545,A man is walking to the sea.,545,A man is walking to the sea.,True,0.1359582245349884
i2t,545,The man is walking on the beach.,545,The man is walking on the beach.,True,0.11808260530233383
i2t,545,A man walks down the seashore.,545,A man walks down the seashore.,True,0.18141305446624756
i2t,545,The man is walking down the beach.,545,The man is walking down the beach.,True,0.08635323494672775
i2t,545,The man stands on the beach.,545,The man stands on the beach.,False,0.018468420952558517
i2t,545,A boy walking on the beach.,545,A boy walking on the beach.,False,0.0030422762501984835
i2t,545,A man is walking near the ocean.,545,A man is walking near the ocean.,True,0.08204720914363861
i2t,545,The man walks near the water,545,The man walks near the water,True,0.037849169224500656
i2t,545,The man looks at the ocean.,545,The man looks at the ocean.,False,0.006253817118704319
i2t,545,A man standing on the beach.,545,A man standing on the beach.,False,0.0198714230209589
i2t,545,A person took a walk on the beach.,545,A person took a walk on the beach.,True,0.030357949435710907
i2t,545,The man was standing by the beach.,545,The man was standing by the beach.,False,0.0057119810953736305
i2t,545,The man walked along the coast.,545,The man walked along the coast.,True,0.043246615678071976
i2t,545,A man walks along the sea shore.,545,A man walks along the sea shore.,True,0.06538588553667068
i2t,545,A man walks along the seashore.,545,A man walks along the seashore.,True,0.12772592902183533
i2t,545,a person stroll on the beach,545,a person stroll on the beach,True,0.0575815811753273
i2t,545,a man standing cn a beach,545,a man standing cn a beach,True,0.01726902462542057
i2t,545,A person strolls the beach.,545,A person strolls the beach.,True,0.07253553718328476
i2t,545,A man walks near the seashore.,545,A man walks near the seashore.,True,0.09935644268989563
i2t,545,A man walks on the seashore.,545,A man walks on the seashore.,True,0.17778484523296356
i2t,1553,"The boat is floating on the water,",1553,"The boat is floating on the water,",True,0.0003260457597207278
i2t,1553,A woman is paddling the boat.,1553,A woman is paddling the boat.,True,0.04248126596212387
i2t,1553,A MAN RUN THE WATER,1553,A MAN RUN THE WATER,False,8.81074447534047e-05
i2t,1553,A person enjoys some water sports.,1553,A person enjoys some water sports.,True,0.006370258517563343
i2t,1553,A girls stands on a paddle board in a lake.,1553,A girls stands on a paddle board in a lake.,True,0.9255065321922302
i2t,1553,A man wades in the water,1553,A man wades in the water,False,2.9496724891941994e-05
i2t,1553,The woman paddles a boat.,1553,The woman paddles a boat.,True,0.00984188448637724
i2t,1553,A woman floats on water.,1553,A woman floats on water.,True,0.003273170441389084
i2t,1553,the fisherman paddle the boat,1553,the fisherman paddle the boat,False,0.0005681889015249908
i2t,1553,A person posting a picture.,1553,A person posting a picture.,False,1.5033549061627127e-05
i2t,1553,A girl stands on a paddleboard on the lake.,1553,A girl stands on a paddleboard on the lake.,True,0.981214165687561
i2t,1553,A man stands on a surfboard and rows himself along a lake.,1553,A man stands on a surfboard and rows himself along a lake.,False,0.44831952452659607
i2t,1553,A woman is kayaking on the lake.,1553,A woman is kayaking on the lake.,False,0.299822598695755
i2t,1553,A person using a canoe on a lake,1553,A person using a canoe on a lake,False,0.031085526570677757
i2t,1553,A woman kayaking in a lake.,1553,A woman kayaking in a lake.,False,0.05851073935627937
i2t,1553,A woman paddles the boat.,1553,A woman paddles the boat.,True,0.012650677934288979
i2t,1553,The woman kayaks across the lake.,1553,The woman kayaks across the lake.,False,0.018062802031636238
i2t,1553,A person canoeing on a lake.,1553,A person canoeing on a lake.,False,0.004755222704261541
i2t,1553,A woman standing on the lake.,1553,A woman standing on the lake.,True,0.020564550533890724
i2t,1553,A girl driving a boat,1553,A girl driving a boat,True,4.8846322897588834e-05
i2t,1553,A woman is standing on a lake.,1553,A woman is standing on a lake.,True,0.06003421172499657
i2t,1553,A woman sitting on a boat.,1553,A woman sitting on a boat.,False,0.00024301843950524926
i2t,1553,The woman drives the boat.,1553,The woman drives the boat.,True,5.447767398436554e-05
i2t,1553,A girl is playing on the lake.,1553,A girl is playing on the lake.,True,0.013135511428117752
i2t,1553,A woman wades on the water.,1553,A woman wades on the water.,True,0.0003220181097276509
i2t,1553,A girl floats on the water.,1553,A girl floats on the water.,True,0.0015887122135609388
i2t,1553,A girl walks down the middle of the river,1553,A girl walks down the middle of the river,False,0.000336613564286381
i2t,1553,A girl has swim in the water,1553,A girl has swim in the water,False,0.0004009688855148852
i2t,1553,The girl walked on the river.,1553,The girl walked on the river.,False,0.0005614797701127827
i2t,1553,The person is kayaking in the lake.,1553,The person is kayaking in the lake.,False,0.019138406962156296
i2t,1553,A person is kayaking at a lake.,1553,A person is kayaking at a lake.,False,0.044789958745241165
i2t,4505,A cat rests on the grass,4505,A cat rests on the grass,True,0.022601226344704628
i2t,4505,A cat sitting on the ground.,4505,A cat sitting on the ground.,True,0.0038389223627746105
i2t,4505,A cat sitting on grass.,4505,A cat sitting on grass.,True,0.049078989773988724
i2t,4505,A cat laying before the background.,4505,A cat laying before the background.,False,0.005004416685551405
i2t,4505,A cat lying on grass.,4505,A cat lying on grass.,True,0.033274322748184204
i2t,4505,A cat sits on grass.,4505,A cat sits on grass.,True,0.06273765861988068
i2t,4505,A cat sits on the grass.,4505,A cat sits on the grass.,True,0.0325101763010025
i2t,4505,A cat is sitting on grass.,4505,A cat is sitting on grass.,True,0.018437478691339493
i2t,4505,A cat sits in the grass.,4505,A cat sits in the grass.,True,0.027011070400476456
i2t,4505,A cat lies in some grass.,4505,A cat lies in some grass.,True,0.011831855401396751
i2t,4505,Kitten lies in grass,4505,Kitten lies in grass,True,0.9128906726837158
i2t,4505,A cat lies in the grass.,4505,A cat lies in the grass.,True,0.019060488790273666
i2t,4505,Kitten sits on grass,4505,Kitten sits on grass,True,0.9413887858390808
i2t,4505,A kitten lies in the grass.,4505,A kitten lies in the grass.,True,0.04960107058286667
i2t,4505,the cat lays in the grass,4505,the cat lays in the grass,True,0.012020809575915337
i2t,4505,An animal resting on the grass.,4505,An animal resting on the grass.,True,0.0007886814419180155
i2t,4505,The animal lays in the grass.,4505,The animal lays in the grass.,True,0.0005684694042429328
i2t,4505,The kitten lies in the grass.,4505,The kitten lies in the grass.,True,0.06484604626893997
i2t,4505,The kitten sits in the grass.,4505,The kitten sits in the grass.,True,0.058113791048526764
i2t,4505,Two cats are lying in the grass.,4505,Two cats are lying in the grass.,False,0.005243286956101656
i2t,4505,The cat lies in the grass.,4505,The cat lies in the grass.,True,0.026062505319714546
i2t,4505,Cat lies on the grass.,4505,Cat lies on the grass.,False,0.09945980459451675
i2t,4505,Cats sit on grass.,4505,Cats sit on grass.,True,0.5861058235168457
i2t,11829,A person is going to hang from a tree.,11829,A person is going to hang from a tree.,False,0.6296387910842896
i2t,11829,A man has hiked to the top,11829,A man has hiked to the top,False,0.021470807492733
i2t,11829,The guy is sitting in the chair.,11829,The guy is sitting in the chair.,False,4.277275365893729e-05
i2t,11829,The person is walking on the top.,11829,The person is walking on the top.,False,0.007157805375754833
i2t,11829,Two people saw down a tree.,11829,Two people saw down a tree.,False,0.07083914428949356
i2t,11829,The person leads the shoot team.,11829,The person leads the shoot team.,False,0.10559532046318054
i2t,11829,this person goes through the forest,11829,this person goes through the forest,False,0.05199681594967842
i2t,11829,The woman is using a camera.,11829,The woman is using a camera.,False,2.778181260509882e-05
i2t,11829,species hang a tree,11829,species hang a tree,False,0.2042994350194931
i2t,11829,A person standing on top.,11829,A person standing on top.,False,0.03095572628080845
i2t,11829,A person stands high in the tree.,11829,A person stands high in the tree.,True,0.4141404628753662
i2t,11829,A man climbs a tree.,11829,A man climbs a tree.,True,0.3725966513156891
i2t,11829,A man jumps over a tree.,11829,A man jumps over a tree.,False,0.1471998393535614
i2t,11829,A man is climbing a tree.,11829,A man is climbing a tree.,True,0.23380878567695618
i2t,11829,A person walking in the trees.,11829,A person walking in the trees.,False,0.0612434558570385
i2t,11829,a person sawing a tree,11829,a person sawing a tree,False,0.06490892916917801
i2t,11829,the person climbs in the tree,11829,the person climbs in the tree,True,0.13118663430213928
i2t,11829,The person will walk on the trail.,11829,The person will walk on the trail.,False,0.04589331895112991
i2t,11829,The person cuts the tree down.,11829,The person cuts the tree down.,False,0.06801317632198334
i2t,11829,A person is perched in a tree.,11829,A person is perched in a tree.,True,0.06734392046928406
i2t,11829,A man standing in the forest.,11829,A man standing in the forest.,True,0.03547583892941475
i2t,11829,A person walking in the woods.,11829,A person walking in the woods.,False,0.022036029025912285
i2t,11829,The people are hanging from the tree.,11829,The people are hanging from the tree.,False,0.12180215865373611
i2t,11829,A person sitting on a tree.,11829,A person sitting on a tree.,False,0.09005129337310791
i2t,11829,A person perches on a tree.,11829,A person perches on a tree.,True,0.061588168144226074
i2t,11829,Children climb a tree.,11829,Children climb a tree.,False,0.06892223656177521
i2t,11829,a person playing a swing,11829,a person playing a swing,False,0.00019683617574628443
i2t,11829,A man standing in a forest.,11829,A man standing in a forest.,True,0.0626683458685875
i2t,11829,A man hikes in a forest.,11829,A man hikes in a forest.,False,0.0035507474094629288
i2t,11829,A man hikes in the forest.,11829,A man hikes in the forest.,False,0.0019763449672609568
i2t,11829,A person stands in a forest,11829,A person stands in a forest,True,0.0809701606631279
i2t,11829,A boy climbs in a tree.,11829,A boy climbs in a tree.,True,0.02733800746500492
i2t,2909,A woman is looking at the view.,2909,A woman is looking at the view.,True,0.07672178000211716
i2t,2909,A person looks at the view.,2909,A person looks at the view.,True,0.0017914745258167386
i2t,2909,A person waiting for another person.,2909,A person waiting for another person.,False,0.0005646994686685503
i2t,2909,The person enjoys the view.,2909,The person enjoys the view.,True,0.00018102204194292426
i2t,2909,A woman enjoying the view,2909,A woman enjoying the view,True,0.13427169620990753
i2t,2909,A girl sit on the edge,2909,A girl sit on the edge,False,0.015785226598381996
i2t,2909,the person looks nice,2909,the person looks nice,True,1.545824488857761e-05
i2t,2909,A person pose one,2909,A person pose one,True,0.00020441002561710775
i2t,2909,A woman turns her head to the side.,2909,A woman turns her head to the side.,False,0.0001774249249137938
i2t,2909,A girl sits at the edge.,2909,A girl sits at the edge.,False,0.010216535069048405
i2t,2909,A woman sits looking at a field.,2909,A woman sits looking at a field.,False,0.14238369464874268
i2t,2909,a woman sit at the meadow,2909,a woman sit at the meadow,False,0.17385098338127136
i2t,2909,This woman is enjoying looking out at the view.,2909,This woman is enjoying looking out at the view.,True,0.029563235118985176
i2t,2909,girl stand on the edge,2909,girl stand on the edge,False,0.04056916385889053
i2t,2909,A girl stands in the meadow.,2909,A girl stands in the meadow.,True,0.0166536346077919
i2t,2909,A girl standing on the meadow,2909,A girl standing on the meadow,True,0.03052370809018612
i2t,2909,A girl is going flower picking in a field.,2909,A girl is going flower picking in a field.,False,0.020028354600071907
i2t,2909,a girl standing on a meadow,2909,a girl standing on a meadow,True,0.02050493098795414
i2t,2909,A girl sitting on the rail.,2909,A girl sitting on the rail.,False,0.0413237139582634
i2t,2909,The girl sits on the bench.,2909,The girl sits on the bench.,False,0.009317505173385143
i2t,2909,The girl sits near the rails.,2909,The girl sits near the rails.,False,0.021809443831443787
i2t,2909,The girl sits by the rails.,2909,The girl sits by the rails.,False,0.023729732260107994
i2t,2909,The girl sits on the fence.,2909,The girl sits on the fence.,False,0.14030086994171143
i2t,2909,The girl was leaning on the fence.,2909,The girl was leaning on the fence.,True,0.03450601547956467
i2t,2909,The girl sat on the fence.,2909,The girl sat on the fence.,False,0.0986284539103508
i2t,2909,A girl is walking on a bridge.,2909,A girl is walking on a bridge.,False,0.008128385990858078
i2t,2909,A girl sits on the fence.,2909,A girl sits on the fence.,False,0.07158783823251724
i2t,2909,the person take the view,2909,the person take the view,True,0.0005817697383463383
i2t,2909,The women are leaning on the rail.,2909,The women are leaning on the rail.,True,5.148304262547754e-05
i2t,2909,Two people sit in the background.,2909,Two people sit in the background.,False,2.26486681640381e-05
i2t,2909,The man enjoys the view.,2909,The man enjoys the view.,False,0.00017883363761939108
i2t,2909,A man admiring the view.,2909,A man admiring the view.,False,9.12867471924983e-05
i2t,2909,A woman sits on a hill.,2909,A woman sits on a hill.,False,0.003366598393768072
i2t,2909,A woman standing on a hill.,2909,A woman standing on a hill.,False,0.003608696861192584
i2t,2909,Woman standing in a park,2909,Woman standing in a park,True,0.014446447603404522
i2t,2909,A woman is admiring the sunset.,2909,A woman is admiring the sunset.,False,0.002388297813013196
i2t,2909,A woman sits in a meadow smelling flowers.,2909,A woman sits in a meadow smelling flowers.,False,0.0002711367851588875
i2t,2909,A woman enjoys the sunset.,2909,A woman enjoys the sunset.,False,0.0027798062656074762
i2t,2909,A girl sits pensively in a meadow overlooking the sea.,2909,A girl sits pensively in a meadow overlooking the sea.,False,0.007558293174952269
i2t,2909,A girl looks at a flower.,2909,A girl looks at a flower.,False,0.0031633407343178988
i2t,2909,A woman standing in a meadow.,2909,A woman standing in a meadow.,True,0.008987759239971638
i2t,1844,The player is vying a footballer.,1844,The player is vying a footballer.,True,0.000621788261923939
i2t,1844,A footballer vies for another player.,1844,A footballer vies for another player.,True,0.0034470735117793083
i2t,1844,midfielder vies with another player,1844,midfielder vies with another player,True,0.0016917854081839323
i2t,1844,The person is trying to evade the tackle.,1844,The person is trying to evade the tackle.,True,0.0003517989534884691
i2t,1844,a footballer competes with another player.,1844,a footballer competes with another player.,True,0.0014363445807248354
i2t,1844,The player started the game with a hard kick to his teamate.,1844,The player started the game with a hard kick to his teamate.,False,0.002473839558660984
i2t,1844,The players in the picture are on different teams.,1844,The players in the picture are on different teams.,True,0.02152274362742901
i2t,1844,One player runs past the other player.,1844,One player runs past the other player.,True,0.03967662900686264
i2t,1844,A competing footballer player.,1844,A competing footballer player.,True,6.894856778671965e-05
i2t,1844,A player colliding with another player.,1844,A player colliding with another player.,True,0.008906256407499313
i2t,1844,A player fights for the ball during a soccer match.,1844,A player fights for the ball during a soccer match.,True,0.13509157299995422
i2t,1844,A defender vies for a ball with another player,1844,A defender vies for a ball with another player,True,0.348717600107193
i2t,1844,A player and a defender vie for the ball.,1844,A player and a defender vie for the ball.,True,0.3187151849269867
i2t,1844,A player is seeing the action of another player with the soccer ball.,1844,A player is seeing the action of another player with the soccer ball.,True,0.024585764855146408
i2t,1844,A football player vies for the ball with another footballer.,1844,A football player vies for the ball with another footballer.,True,0.32118237018585205
i2t,1844,A midfielder vies for the ball against another player.,1844,A midfielder vies for the ball against another player.,True,0.008090728893876076
i2t,1844,The player vies against the defender.,1844,The player vies against the defender.,True,0.19721342623233795
i2t,1844,A person vies with another person for the ball.,1844,A person vies with another person for the ball.,True,0.04391663148999214
i2t,1844,A player is trying to get the ball in a match.,1844,A player is trying to get the ball in a match.,True,0.16166643798351288
i2t,1844,A player is running from the defender,1844,A player is running from the defender,True,0.16642458736896515
i2t,1844,The player cross the ball,1844,The player cross the ball,True,0.00021299434592947364
i2t,1844,A player guards another player,1844,A player guards another player,True,1.5937835996737704e-05
i2t,1844,Players are running in the match,1844,Players are running in the match,True,0.00815516896545887
i2t,1844,A team plays on the field,1844,A team plays on the field,True,0.00011610596266109496
i2t,1844,The player did advance the ball,1844,The player did advance the ball,False,8.050117321545258e-05
i2t,1844,A player rushing the ball,1844,A player rushing the ball,True,2.6297910153516568e-05
i2t,1844,The player scored the goal.,1844,The player scored the goal.,False,0.00011322012869641185
i2t,1844,player moves warm to game,1844,player moves warm to game,False,8.122130566334818e-06
i2t,1844,A player running from another player.,1844,A player running from another player.,True,0.02676813304424286
i2t,1844,A player vies against a defender,1844,A player vies against a defender,True,0.1026793122291565
i2t,1844,A midfielder vies for the ball.,1844,A midfielder vies for the ball.,True,0.0015014740638434887
i2t,1844,A footballer vies for the ball.,1844,A footballer vies for the ball.,True,0.0010934413876384497
i2t,1844,Players struggle for the ball.,1844,Players struggle for the ball.,False,0.0006221382645890117
i2t,1844,Two players chase the ball.,1844,Two players chase the ball.,True,0.006731610745191574
i2t,1844,The footballer kicks the ball while being pursued by the other team.,1844,The footballer kicks the ball while being pursued by the other team.,True,0.11777470260858536
i2t,1844,Players compete for the ball.,1844,Players compete for the ball.,True,0.0021990821696817875
i2t,1844,The players struggle for the ball.,1844,The players struggle for the ball.,False,0.007453020196408033
i2t,1844,A midfielder runs into another player chasing a ball.,1844,A midfielder runs into another player chasing a ball.,True,0.0034057977609336376
i2t,1844,A soccer player intends to steal the ball.,1844,A soccer player intends to steal the ball.,True,0.00012807887105736881
i2t,1549,A man is jumping off a cliff.,1549,A man is jumping off a cliff.,True,0.9330897331237793
i2t,1549,A man jumps off a rock,1549,A man jumps off a rock,True,0.9080782532691956
i2t,1549,a man walking on an edge,1549,a man walking on an edge,False,0.05538734048604965
i2t,1549,Boy is jumping from a rock.,1549,Boy is jumping from a rock.,True,0.9561960101127625
i2t,1549,A man is climbing a cliff.,1549,A man is climbing a cliff.,False,0.21166875958442688
i2t,1549,The man is standing at the edge of a cliff.,1549,The man is standing at the edge of a cliff.,True,0.02218065969645977
i2t,1549,a man is about to jump into the water,1549,a man is about to jump into the water,True,0.03375757485628128
i2t,1549,A man jumps off a rock.,1549,A man jumps off a rock.,True,0.9080782532691956
i2t,1549,A person climbing to the top of a cliff,1549,A person climbing to the top of a cliff,False,0.056459084153175354
i2t,1549,a person takes a jump,1549,a person takes a jump,True,0.03958500549197197
i2t,1549,A person jumps near the sea.,1549,A person jumps near the sea.,True,0.7145900726318359
i2t,1549,Boys jumping off of a rock,1549,Boys jumping off of a rock,True,0.9612008333206177
i2t,1549,couple jump on the beach,1549,couple jump on the beach,False,0.86093670129776
i2t,1549,The woman jumps off the rock.,1549,The woman jumps off the rock.,False,0.8668924570083618
i2t,1549,A couple jumps on the beach.,1549,A couple jumps on the beach.,False,0.6609919667243958
i2t,1549,A person jumps at the sea.,1549,A person jumps at the sea.,True,0.6409078240394592
i2t,1549,A man takes a jump into the sea.,1549,A man takes a jump into the sea.,True,0.87986820936203
i2t,1549,The woman jumps the cliff.,1549,The woman jumps the cliff.,False,0.9182071089744568
i2t,1549,The couple jumps on the beach.,1549,The couple jumps on the beach.,False,0.7338593006134033
i2t,1549,The man sits on the rock.,1549,The man sits on the rock.,False,0.0026743412017822266
i2t,1549,A man stands on the rock.,1549,A man stands on the rock.,False,0.0271399337798357
i2t,1549,the person rests on the rock,1549,the person rests on the rock,False,0.0009233459713868797
i2t,1549,A man is climbing a rock.,1549,A man is climbing a rock.,False,0.05790096893906593
i2t,1549,a man jumping in the background,1549,a man jumping in the background,True,0.05571722611784935
i2t,1549,The girl is climbing a rock.,1549,The girl is climbing a rock.,False,0.02498404122889042
i2t,1549,A person sitting on a cliff,1549,A person sitting on a cliff,False,0.003988537006080151
i2t,1549,A man is jumping into the sea.,1549,A man is jumping into the sea.,True,0.843070924282074
i2t,1549,The man jumps into the sea.,1549,The man jumps into the sea.,True,0.8657163381576538
i2t,1549,A man jumps into the sea.,1549,A man jumps into the sea.,True,0.8437226414680481
i2t,1549,A person jumps into the sea.,1549,A person jumps into the sea.,True,0.6270881295204163
i2t,1549,A woman jumps off a cliff.,1549,A woman jumps off a cliff.,False,0.7733575701713562
i2t,1549,A man jumps into the water at sea.,1549,A man jumps into the water at sea.,True,0.21672560274600983
i2t,1549,A man jumps across a cliff in the sunset.,1549,A man jumps across a cliff in the sunset.,False,0.14425162971019745
i2t,1549,Boy jumps in sea,1549,Boy jumps in sea,True,0.982644259929657
i2t,2384,a dog is lying on the grass,2384,a dog is lying on the grass,True,0.003568136366084218
i2t,2384,A dog is resting in the grass,2384,A dog is resting in the grass,True,0.006611053831875324
i2t,2384,dog rests on the grass,2384,dog rests on the grass,True,0.021480005234479904
i2t,2384,dog lie on the grass,2384,dog lie on the grass,True,0.029901698231697083
i2t,2384,a dog lying on the lawn,2384,a dog lying on the lawn,True,0.002559527987614274
i2t,2384,A dog lies on the ground.,2384,A dog lies on the ground.,True,0.0027446001768112183
i2t,2384,A dog is laying down on the lawn.,2384,A dog is laying down on the lawn.,True,0.0012973165139555931
i2t,2384,A dog rests on the grass.,2384,A dog rests on the grass.,True,0.0040071215480566025
i2t,2384,A dog is laying on the grass.,2384,A dog is laying on the grass.,True,0.002812848426401615
i2t,2384,A dog lies on the grass.,2384,A dog lies on the grass.,True,0.0041144541464746
i2t,2384,THE DOG REST IN THE GRASS,2384,THE DOG REST IN THE GRASS,True,0.006933514028787613
i2t,2384,dog rest in the field,2384,dog rest in the field,True,0.02032451704144478
i2t,2384,A dog rests in the grass.,2384,A dog rests in the grass.,True,0.0025687366724014282
i2t,2384,A dog lies in grass.,2384,A dog lies in grass.,True,0.0031099882908165455
i2t,2384,The dog is rolling in the grass.,2384,The dog is rolling in the grass.,True,0.00026873714523389935
i2t,2384,An animal resting on the grass.,2384,An animal resting on the grass.,True,0.0007925931713543832
i2t,2384,The animal lays in the grass.,2384,The animal lays in the grass.,True,0.00036034261574968696
i2t,2384,An animal lying in the grass.,2384,An animal lying in the grass.,True,0.0004762275202665478
i2t,2384,The animal rests in the grass.,2384,The animal rests in the grass.,True,0.0003155502781737596
i2t,2384,An animal laying in the grass.,2384,An animal laying in the grass.,True,0.0003955231804866344
i2t,2384,The dog lies in the grass.,2384,The dog lies in the grass.,True,0.003015552880242467
i2t,2384,A dog lies over the front.,2384,A dog lies over the front.,True,0.0009917335119098425
i2t,2384,A dog rests on the field,2384,A dog rests on the field,True,0.0036902432329952717
i2t,2384,A dog rests on the lawn.,2384,A dog rests on the lawn.,True,0.0017509659519419074
i2t,2384,A dog rests in the lawn.,2384,A dog rests in the lawn.,True,0.0021948080975562334
i2t,2384,A dog is lying on the lawn.,2384,A dog is lying on the lawn.,True,0.0018645304953679442
i2t,2384,A puppy lays in the background,2384,A puppy lays in the background,True,8.453183545498177e-05
i2t,2384,Dog lies on the ground with a pink background.,2384,Dog lies on the ground with a pink background.,False,5.421016612672247e-05
i2t,2384,A pug lies in the grass panting.,2384,A pug lies in the grass panting.,False,0.001627652090974152
i2t,2384,the dog lie on the floor,2384,the dog lie on the floor,False,0.0005536259268410504
i2t,2384,A dog lies on the floor.,2384,A dog lies on the floor.,False,0.0001261206198250875
i2t,2384,the dog lies on the floor.,2384,the dog lies on the floor.,False,0.00031170216971077025
i2t,2384,A dog lying on the floor.,2384,A dog lying on the floor.,False,6.579025648534298e-05
i2t,2384,A dog rests on a lawn.,2384,A dog rests on a lawn.,True,0.0017382509540766478
i2t,2384,A dog lays in the grass.,2384,A dog lays in the grass.,True,0.0023006286937743425
i2t,2081,A person sits at a window.,2081,A person sits at a window.,True,0.18057729303836823
i2t,2081,A person sitting at a window.,2081,A person sitting at a window.,True,0.26026660203933716
i2t,2081,The person sits by the window.,2081,The person sits by the window.,True,0.004087415989488363
i2t,2081,The woman is sitting on the windowsill.,2081,The woman is sitting on the windowsill.,True,0.9083563089370728
i2t,2081,A person standing by a window.,2081,A person standing by a window.,False,0.03046359494328499
i2t,2081,A person sitting at home,2081,A person sitting at home,True,0.0563046932220459
i2t,2081,A person stands at the window.,2081,A person stands at the window.,False,0.004646238870918751
i2t,2081,A person sits at home.,2081,A person sits at home.,True,0.019039195030927658
i2t,2081,person standing at window,2081,person standing at window,False,0.006282125599682331
i2t,2081,A woman is looking at the view.,2081,A woman is looking at the view.,False,0.01399551797658205
i2t,2081,A woman sits in the windowsill.,2081,A woman sits in the windowsill.,True,0.9572684168815613
i2t,2081,A woman sits on a windowsill.,2081,A woman sits on a windowsill.,True,0.9633352756500244
i2t,2081,A woman sits in a window sill.,2081,A woman sits in a window sill.,True,0.9739975929260254
i2t,2081,A girl is sitting by the window.,2081,A girl is sitting by the window.,True,0.698033332824707
i2t,2081,A girl sits by a window.,2081,A girl sits by a window.,True,0.6651414036750793
i2t,2081,A woman leans looking out the window.,2081,A woman leans looking out the window.,False,0.4248879849910736
i2t,2081,A woman stretches by a window.,2081,A woman stretches by a window.,False,0.3286608159542084
i2t,2081,A girl sits at a window,2081,A girl sits at a window,True,0.7933332324028015
i2t,2081,A girl can be seen sitting by the window.,2081,A girl can be seen sitting by the window.,True,0.23341524600982666
i2t,2081,A woman walks over and discovers there's a window.,2081,A woman walks over and discovers there's a window.,False,0.008869360201060772
i2t,2081,A man sits near to the windowsill,2081,A man sits near to the windowsill,False,0.0012514819391071796
i2t,2081,A MAN SITS IN THE WINDOWSILL,2081,A MAN SITS IN THE WINDOWSILL,False,0.0006977634620852768
i2t,2081,A woman staring out a window.,2081,A woman staring out a window.,False,0.19048301875591278
i2t,2081,The woman stands at the window.,2081,The woman stands at the window.,False,0.005545250605791807
i2t,2081,Woman staring out window,2081,Woman staring out window,False,0.5730962157249451
i2t,2081,A person staring out the window,2081,A person staring out the window,False,0.015253692865371704
i2t,2081,A woman sits in a window.,2081,A woman sits in a window.,True,0.8340674042701721
i2t,2081,A woman looks out a window.,2081,A woman looks out a window.,False,0.2853671610355377
i2t,10959,The boat sails on the water.,10959,The boat sails on the water.,True,0.004566727206110954
i2t,10959,A boat can moor while at sea.,10959,A boat can moor while at sea.,True,0.020329276099801064
i2t,10959,boat sail a sea,10959,boat sail a sea,True,0.06686502695083618
i2t,10959,The boat is sailing on the sea.,10959,The boat is sailing on the sea.,True,0.01397981308400631
i2t,10959,The boat sails on the river.,10959,The boat sails on the river.,False,0.0002069466863758862
i2t,10959,A person stands on a boat.,10959,A person stands on a boat.,True,0.04834909364581108
i2t,10959,A person sails a boat.,10959,A person sails a boat.,True,0.08383070677518845
i2t,10959,A main sailing a boat.,10959,A main sailing a boat.,True,0.025537876412272453
i2t,10959,The boat is sailing on the water.,10959,The boat is sailing on the water.,True,0.008486189879477024
i2t,10959,The boat is sailing in the sea.,10959,The boat is sailing in the sea.,True,0.011657818220555782
i2t,10959,A man stands on a sail boat.,10959,A man stands on a sail boat.,True,0.8894094824790955
i2t,10959,A person sailing on a boat,10959,A person sailing on a boat,True,0.23801523447036743
i2t,10959,A man stands on a boat in the water.,10959,A man stands on a boat in the water.,True,0.21153078973293304
i2t,10959,person jumps on a boat,10959,person jumps on a boat,False,0.004128717817366123
i2t,10959,A man standing on a boat.,10959,A man standing on a boat.,True,0.054394643753767014
i2t,10959,The man is standing on the deck of the ship.,10959,The man is standing on the deck of the ship.,True,0.019902173429727554
i2t,10959,A person jumps from the boat.,10959,A person jumps from the boat.,False,0.005105211865156889
i2t,10959,A businessman stands in a boat.,10959,A businessman stands in a boat.,False,0.02166661061346531
i2t,10959,The man looks at the ocean.,10959,The man looks at the ocean.,True,0.0005102336290292442
i2t,10959,A person looking at the sea.,10959,A person looking at the sea.,True,0.003139263018965721
i2t,10959,A person is looking at the ocean.,10959,A person is looking at the ocean.,True,0.0033910886850208044
i2t,10959,A person looking at the ocean.,10959,A person looking at the ocean.,True,0.0018326874123886228
i2t,10959,A person drives a boat.,10959,A person drives a boat.,False,0.00014305621152743697
i2t,10959,A boat with a sail is on the water.,10959,A boat with a sail is on the water.,True,0.00438286317512393
i2t,10959,Man standing near boat,10959,Man standing near boat,False,0.002029522554948926
i2t,10959,A fisherman sails a boat.,10959,A fisherman sails a boat.,False,0.0008455910719931126
i2t,10959,The boat sailed on open water.,10959,The boat sailed on open water.,True,0.003531685331836343
i2t,10959,The boat sailed the sea,10959,The boat sailed the sea,True,0.0011920830002054572
i2t,0,the person looks nice,0,the person looks nice,True,0.13224877417087555
i2t,0,Girl is standing in the grass.,0,Girl is standing in the grass.,True,0.4262251853942871
i2t,0,The woman stood in the grass.,0,The woman stood in the grass.,True,0.41867175698280334
i2t,0,The girl is standing in the grass.,0,The girl is standing in the grass.,True,0.36907175183296204
i2t,0,girl stands in field,0,girl stands in field,True,0.3460647165775299
i2t,0,A girl stands in a field.,0,A girl stands in a field.,True,0.1779838353395462
i2t,0,the girl  look is very nice.,0,the girl  look is very nice.,True,0.1723177582025528
i2t,0,A person posting a picture.,0,A person posting a picture.,False,0.0007065871031954885
i2t,0,A person stands in a field.,0,A person stands in a field.,True,0.1304265558719635
i2t,0,A person standing in a field.,0,A person standing in a field.,True,0.29428035020828247
i2t,0,The girl is standing in the meadow.,0,The girl is standing in the meadow.,True,0.5403426885604858
i2t,0,A girl standing on the meadow,0,A girl standing on the meadow,True,0.3153499662876129
i2t,0,A girl stands in the meadow.,0,A girl stands in the meadow.,True,0.33845967054367065
i2t,0,The girl stands in the field.,0,The girl stands in the field.,True,0.4400351643562317
i2t,0,A girl is walking in the field.,0,A girl is walking in the field.,False,0.2834167778491974
i2t,0,The girl sits in the field,0,The girl sits in the field,False,0.29351213574409485
i2t,0,The woman will walk in the meadow.,0,The woman will walk in the meadow.,False,0.366350382566452
i2t,0,A girl is sitting in the meadow.,0,A girl is sitting in the meadow.,False,0.15940189361572266
i2t,0,a girl standing on a meadow,0,a girl standing on a meadow,True,0.24280880391597748
i2t,0,girl standing in field,0,girl standing in field,True,0.25385919213294983
i2t,0,The woman is sitting in the field.,0,The woman is sitting in the field.,False,0.06752204149961472
i2t,0,A girl sitting in the field.,0,A girl sitting in the field.,False,0.15286797285079956
i2t,0,A woman stand in the grass,0,A woman stand in the grass,True,0.23261165618896484
i2t,0,A woman walking in a field,0,A woman walking in a field,False,0.09375818818807602
i2t,0,A woman is standing in a meadow.,0,A woman is standing in a meadow.,True,0.20905454456806183
i2t,0,A girl stands in the grass.,0,A girl stands in the grass.,True,0.27792835235595703
i2t,0,A girl is standing on the field.,0,A girl is standing on the field.,True,0.20129996538162231
i2t,0,A girl stands in a meadow.,0,A girl stands in a meadow.,True,0.2641426920890808
i2t,0,A woman stands in the field.,0,A woman stands in the field.,True,0.11209375411272049
i2t,0,A girl standing in grass.,0,A girl standing in grass.,True,0.26523494720458984
i2t,0,A girl sitting in a field.,0,A girl sitting in a field.,False,0.12212776392698288
i2t,0,A girl stands in grass.,0,A girl stands in grass.,True,0.3283030390739441
i2t,0,A woman stands in a meadow.,0,A woman stands in a meadow.,True,0.09208527207374573
i2t,0,A woman standing in a meadow.,0,A woman standing in a meadow.,True,0.16960012912750244
i2t,0,A little girl standing in a meadow,0,A little girl standing in a meadow,False,0.01224003080278635
i2t,0,A girl sits in a meadow.,0,A girl sits in a meadow.,False,0.128585547208786
i2t,1452,girl run on the road,1452,girl run on the road,False,0.24766859412193298
i2t,1452,A GIRL WALKS IN THE ROAD,1452,A GIRL WALKS IN THE ROAD,True,0.30955272912979126
i2t,1452,A girl runs on a path.,1452,A girl runs on a path.,False,0.32044562697410583
i2t,1452,A woman runs on the road.,1452,A woman runs on the road.,False,0.2376803159713745
i2t,1452,The girl runs on the hill,1452,The girl runs on the hill,False,0.14369504153728485
i2t,1452,The girl runs on the trail.,1452,The girl runs on the trail.,False,0.3414354920387268
i2t,1452,A girl runs down a road.,1452,A girl runs down a road.,False,0.5813828706741333
i2t,1452,A girls is walking to a car,1452,A girls is walking to a car,False,0.3638038635253906
i2t,1452,A person takes a step on their walk.,1452,A person takes a step on their walk.,True,0.10722245275974274
i2t,1452,A person takes the road.,1452,A person takes the road.,False,0.20517177879810333
i2t,1452,A girl walks down the road.,1452,A girl walks down the road.,True,0.5067740678787231
i2t,1452,A woman standing in the middle of a dirt road.,1452,A woman standing in the middle of a dirt road.,False,0.5189133286476135
i2t,1452,A girl is walking on a road,1452,A girl is walking on a road,True,0.5202315449714661
i2t,1452,A girl hitchikes by the road,1452,A girl hitchikes by the road,False,0.13918273150920868
i2t,1452,A girl hitchhikes on the side of the road.,1452,A girl hitchhikes on the side of the road.,False,0.158538818359375
i2t,1452,There is a woman walking down the road.,1452,There is a woman walking down the road.,True,0.6702761650085449
i2t,1452,A woman is walking on the road.,1452,A woman is walking on the road.,True,0.2632751166820526
i2t,1452,A girl walks on a road,1452,A girl walks on a road,True,0.3681682348251343
i2t,1452,A girl hitchhikes on the road.,1452,A girl hitchhikes on the road.,False,0.17044346034526825
i2t,1452,A person running the trail,1452,A person running the trail,False,0.6282572746276855
i2t,1452,A person walking on a trail.,1452,A person walking on a trail.,True,0.4040563702583313
i2t,1452,A man walking on a trail,1452,A man walking on a trail,False,0.04814399406313896
i2t,1452,A person running down the road,1452,A person running down the road,False,0.45527857542037964
i2t,1452,A woman is running on a trail.,1452,A woman is running on a trail.,False,0.2295309603214264
i2t,1452,People walking on a trail.,1452,People walking on a trail.,False,0.2402474284172058
i2t,1452,Men are walking on a trail.,1452,Men are walking on a trail.,False,0.045399200171232224
i2t,1452,A person walks down the mountain.,1452,A person walks down the mountain.,False,0.15831606090068817
i2t,1452,A man running on the trail.,1452,A man running on the trail.,False,0.027808574959635735
i2t,1452,A man is running up the hill.,1452,A man is running up the hill.,False,0.03884362056851387
i2t,1452,Many people take to the road.,1452,Many people take to the road.,False,0.07296935468912125
i2t,1452,Multiple persons walking a trail.,1452,Multiple persons walking a trail.,False,0.1988460123538971
i2t,1452,A woman walks towards the hill.,1452,A woman walks towards the hill.,True,0.1804358810186386
i2t,1452,a girl hitchikke on the road,1452,a girl hitchikke on the road,False,0.1289205551147461
i2t,1452,The person is walking the trail.,1452,The person is walking the trail.,True,0.7067918181419373
i2t,1452,A woman walks down the road.,1452,A woman walks down the road.,True,0.26134467124938965
i2t,1452,The girls run down the hill.,1452,The girls run down the hill.,False,0.4925609529018402
i2t,1452,The person rides on the trail.,1452,The person rides on the trail.,False,0.08587387204170227
i2t,1452,person walk on the hill,1452,person walk on the hill,True,0.05417446419596672
i2t,1452,A man goes for a walk on a path.,1452,A man goes for a walk on a path.,False,0.01623256504535675
i2t,1452,A person walks down a road towards a motorcycle.,1452,A person walks down a road towards a motorcycle.,True,0.9881894588470459
i2t,1452,A woman walks on a hill.,1452,A woman walks on a hill.,True,0.11092688143253326
i2t,1452,A woman walks along a trail.,1452,A woman walks along a trail.,True,0.12117264419794083
i2t,1452,They took a walk on the road in the forest,1452,They took a walk on the road in the forest,False,0.00041368050733581185
i2t,1452,Man walks on a path.,1452,Man walks on a path.,False,0.017995823174715042
i2t,1452,A women walks across the desert.,1452,A women walks across the desert.,True,0.03354472666978836
i2t,1452,A couple walks in the desert,1452,A couple walks in the desert,False,0.06545507907867432
i2t,1452,A woman runs of a road.,1452,A woman runs of a road.,False,0.39898353815078735
i2t,1452,A couple hiking in a desert.,1452,A couple hiking in a desert.,False,0.040609247982501984
i2t,1452,A woman is running down a road at sunset.,1452,A woman is running down a road at sunset.,False,0.19573351740837097
i2t,1452,A woman running down a road.,1452,A woman running down a road.,False,0.5053263902664185
i2t,1452,A person runs on a road through a mountain pass.,1452,A person runs on a road through a mountain pass.,False,0.04584883153438568
i2t,1452,A woman running on a hill.,1452,A woman running on a hill.,False,0.3181888461112976
i2t,6299,A PICTURE OF A TEAM PLAYER BRINGS UNITY,6299,A PICTURE OF A TEAM PLAYER BRINGS UNITY,False,4.244318188284524e-05
i2t,6299,A team takes the ball from the other team.,6299,A team takes the ball from the other team.,False,9.13216354092583e-06
i2t,6299,One person wins against another person,6299,One person wins against another person,False,0.002441277028992772
i2t,6299,a man will pass a wall,6299,a man will pass a wall,True,0.0014856361085548997
i2t,6299,people make a team.,6299,people make a team.,False,0.005190348718315363
i2t,6299,A person is pulling another person.,6299,A person is pulling another person.,True,0.0003492106625344604
i2t,6299,The person will carry the other person.,6299,The person will carry the other person.,False,0.00014652794925495982
i2t,6299,the person is running in a Team,6299,the person is running in a Team,False,8.378408892895095e-06
i2t,6299,A person working with a team,6299,A person working with a team,False,8.166054612956941e-05
i2t,6299,The teacher helps the student.,6299,The teacher helps the student.,False,6.3310362747870386e-06
i2t,6299,A person pulls another person.,6299,A person pulls another person.,True,0.0010726439068093896
i2t,6299,A man climbs a wall.,6299,A man climbs a wall.,True,0.002897202270105481
i2t,6299,A man climbs up a wall.,6299,A man climbs up a wall.,True,0.0020143939182162285
i2t,6299,A person helps another person climb.,6299,A person helps another person climb.,True,0.0022420594468712807
i2t,6299,a man walking on an edge,6299,a man walking on an edge,False,0.0004690344212576747
i2t,6299,The woman pulls the man.,6299,The woman pulls the man.,False,0.0004769430379383266
i2t,6299,A man climns a wall.,6299,A man climns a wall.,False,0.022170795127749443
i2t,6299,A woman climbs a wall.,6299,A woman climbs a wall.,False,0.00019250833429396152
i2t,6299,a man jumping in the background,6299,a man jumping in the background,False,1.0835525245056488e-05
i2t,6299,a person hangs the wall,6299,a person hangs the wall,True,0.002290758304297924
i2t,6299,man stand behind the wall,6299,man stand behind the wall,False,0.00031612091697752476
i2t,6299,A man leaning on a wall,6299,A man leaning on a wall,False,7.989761070348322e-05
i2t,6299,The boy is standing behind the wall.,6299,The boy is standing behind the wall.,False,1.0116957128047943e-05
i2t,6299,this person makes the image,6299,this person makes the image,False,2.8138707421021536e-05
i2t,6299,The boy stands against the wall.,6299,The boy stands against the wall.,False,2.968777516798582e-05
i2t,6299,a person sitting on the wall,6299,a person sitting on the wall,False,8.274928404716775e-05
i2t,6299,The man did a wall sit.,6299,The man did a wall sit.,False,0.00011050891043851152
i2t,6299,A person is accompanying another person.,6299,A person is accompanying another person.,False,1.0943684173980728e-05
i2t,6299,A person is encouraging another person,6299,A person is encouraging another person,False,2.056438461295329e-05
i2t,6299,The woman pushes the man to do better.,6299,The woman pushes the man to do better.,False,0.00014739239122718573
i2t,6299,The woman pushes the man.,6299,The woman pushes the man.,False,4.4387659727362916e-05
i2t,6299,A person supports another person.,6299,A person supports another person.,False,0.00016048918769229203
i2t,6299,Man stepping Up,6299,Man stepping Up,True,0.00027105925255455077
i2t,6299,A man carrying another person.,6299,A man carrying another person.,True,2.081079401250463e-05
i2t,6299,A person walks on the building's edge.,6299,A person walks on the building's edge.,False,6.574841972906142e-05
i2t,6299,A person climbs over a wall,6299,A person climbs over a wall,True,0.0011167819611728191
i2t,6299,woman clim the wall,6299,woman clim the wall,False,0.02166730724275112
i2t,6299,A man is climbing to the top of a cliff.,6299,A man is climbing to the top of a cliff.,False,2.599929939606227e-05
