direction,query,candidate,image_id,caption,model_pred,raw_answer
t2i,A girl sits on a ball.,221,221,A girl sits on a ball.,yes,yes.
t2i,A girl sits on a ball.,2980,2980,A girl sits on a ball.,yes,yes.
t2i,A girl sits on a ball.,910,910,A girl sits on a ball.,yes,yes.
t2i,A girl sits on a ball.,7789,7789,A girl sits on a ball.,yes,yes.
t2i,A girl sits on a ball.,461,461,A girl sits on a ball.,yes,yes.
t2i,A girl sits on a ball.,1318,1318,A girl sits on a ball.,yes,yes.
t2i,A girl sits on a ball.,6675,6675,A girl sits on a ball.,yes,yes.
t2i,A girl sits on a ball.,1940,1940,A girl sits on a ball.,no,no.
t2i,A girl sits on a ball.,2687,2687,A girl sits on a ball.,no,no.
t2i,A girl sits on a ball.,5526,5526,A girl sits on a ball.,yes,yes.
t2i,A girl sits on a ball.,7560,7560,A girl sits on a ball.,no,no.
t2i,A girl sits on a ball.,3626,3626,A girl sits on a ball.,no,no.
t2i,A girl sits on a ball.,789,789,A girl sits on a ball.,no,no.
t2i,A girl sits on a ball.,2054,2054,A girl sits on a ball.,no,no.
t2i,A girl sits on a ball.,6349,6349,A girl sits on a ball.,no,no.
t2i,A girl sits on a ball.,328,328,A girl sits on a ball.,no,no.
t2i,A girl sits on a ball.,10622,10622,A girl sits on a ball.,no,no.
t2i,A girl sits on a ball.,6021,6021,A girl sits on a ball.,no,no.
t2i,A girl sits on a ball.,8006,8006,A girl sits on a ball.,no,no.
t2i,A girl sits on a ball.,2904,2904,A girl sits on a ball.,yes,yes.
t2i,A girl sits on a ball.,6226,6226,A girl sits on a ball.,no,no.
t2i,A girl sits on a ball.,5485,5485,A girl sits on a ball.,no,no.
t2i,A girl sits on a ball.,11219,11219,A girl sits on a ball.,yes,yes.
t2i,A girl sits on a ball.,177,177,A girl sits on a ball.,no,no.
t2i,A girl sits on a ball.,9237,9237,A girl sits on a ball.,no,no.
t2i,A girl sits on a ball.,6907,6907,A girl sits on a ball.,no,no.
t2i,A girl sits on a ball.,909,909,A girl sits on a ball.,no,no.
t2i,A girl sits on a ball.,3813,3813,A girl sits on a ball.,no,no.
t2i,A girl sits on a ball.,10324,10324,A girl sits on a ball.,no,no.
t2i,A girl sits on a ball.,260,260,A girl sits on a ball.,yes,yes.
t2i,This person carries another person.,6058,6058,This person carries another person.,yes,yes.
t2i,This person carries another person.,13012,13012,This person carries another person.,yes,yes.
t2i,This person carries another person.,5869,5869,This person carries another person.,yes,yes.
t2i,This person carries another person.,7150,7150,This person carries another person.,yes,yes.
t2i,This person carries another person.,7378,7378,This person carries another person.,yes,yes.
t2i,This person carries another person.,8480,8480,This person carries another person.,yes,yes.
t2i,This person carries another person.,4636,4636,This person carries another person.,no,no.
t2i,This person carries another person.,7756,7756,This person carries another person.,yes,yes.
t2i,This person carries another person.,9446,9446,This person carries another person.,yes,yes.
t2i,This person carries another person.,6051,6051,This person carries another person.,yes,yes.
t2i,This person carries another person.,8564,8564,This person carries another person.,yes,yes.
t2i,This person carries another person.,3174,3174,This person carries another person.,no,no.
t2i,This person carries another person.,9275,9275,This person carries another person.,yes,yes.
t2i,This person carries another person.,4202,4202,This person carries another person.,yes,yes.
t2i,This person carries another person.,11089,11089,This person carries another person.,yes,yes.
t2i,This person carries another person.,2008,2008,This person carries another person.,no,no.
t2i,This person carries another person.,2923,2923,This person carries another person.,yes,yes.
t2i,This person carries another person.,11780,11780,This person carries another person.,no,no.
t2i,This person carries another person.,8035,8035,This person carries another person.,no,no.
t2i,This person carries another person.,522,522,This person carries another person.,no,no.
t2i,This person carries another person.,1907,1907,This person carries another person.,no,no.
t2i,This person carries another person.,7781,7781,This person carries another person.,no,no.
t2i,This person carries another person.,8165,8165,This person carries another person.,no,no.
t2i,This person carries another person.,3559,3559,This person carries another person.,no,no.
t2i,This person carries another person.,4914,4914,This person carries another person.,no,no.
t2i,This person carries another person.,11151,11151,This person carries another person.,no,no.
t2i,This person carries another person.,7342,7342,This person carries another person.,no,no.
t2i,This person carries another person.,10850,10850,This person carries another person.,no,no.
t2i,This person carries another person.,12982,12982,This person carries another person.,no,no.
t2i,This person carries another person.,2186,2186,This person carries another person.,no,no.
t2i,This person carries another person.,8833,8833,This person carries another person.,yes,yes.
t2i,This person carries another person.,3269,3269,This person carries another person.,yes,yes.
t2i,This person carries another person.,2727,2727,This person carries another person.,yes,yes.
t2i,This person carries another person.,13306,13306,This person carries another person.,no,no.
t2i,This person carries another person.,10949,10949,This person carries another person.,yes,yes.
t2i,This person carries another person.,895,895,This person carries another person.,no,no.
t2i,This person carries another person.,12177,12177,This person carries another person.,yes,yes.
t2i,This person carries another person.,7066,7066,This person carries another person.,no,no.
t2i,This person carries another person.,67,67,This person carries another person.,yes,yes.
t2i,This person carries another person.,838,838,This person carries another person.,no,no.
t2i,This person carries another person.,4089,4089,This person carries another person.,yes,yes.
t2i,This person carries another person.,12440,12440,This person carries another person.,yes,yes.
t2i,This person carries another person.,9210,9210,This person carries another person.,yes,yes.
t2i,This person carries another person.,338,338,This person carries another person.,yes,yes.
t2i,This person carries another person.,11562,11562,This person carries another person.,yes,yes.
t2i,This person carries another person.,13196,13196,This person carries another person.,no,no.
t2i,This person carries another person.,4168,4168,This person carries another person.,yes,yes.
t2i,This person carries another person.,3717,3717,This person carries another person.,no,no.
t2i,A man runs through the city.,961,961,A man runs through the city.,no,no.
t2i,A man runs through the city.,4819,4819,A man runs through the city.,yes,yes.
t2i,A man runs through the city.,2915,2915,A man runs through the city.,yes,yes.
t2i,A man runs through the city.,2740,2740,A man runs through the city.,yes,yes.
t2i,A man runs through the city.,1159,1159,A man runs through the city.,yes,yes.
t2i,A man runs through the city.,11659,11659,A man runs through the city.,yes,yes.
t2i,A man runs through the city.,3445,3445,A man runs through the city.,no,no.
t2i,A man runs through the city.,750,750,A man runs through the city.,no,no.
t2i,A man runs through the city.,8323,8323,A man runs through the city.,no,no.
t2i,A man runs through the city.,2655,2655,A man runs through the city.,no,no.
t2i,A man runs through the city.,8699,8699,A man runs through the city.,yes,yes.
t2i,A man runs through the city.,7353,7353,A man runs through the city.,no,no.
t2i,A man runs through the city.,119,119,A man runs through the city.,yes,yes.
t2i,A man runs through the city.,3781,3781,A man runs through the city.,yes,yes.
t2i,A man runs through the city.,10027,10027,A man runs through the city.,no,no.
t2i,A man runs through the city.,10067,10067,A man runs through the city.,no,no.
t2i,A man runs through the city.,1130,1130,A man runs through the city.,no,no.
t2i,A man runs through the city.,9269,9269,A man runs through the city.,no,no.
t2i,A man runs through the city.,7771,7771,A man runs through the city.,no,no.
t2i,A man runs through the city.,7005,7005,A man runs through the city.,yes,yes.
t2i,A man runs through the city.,2039,2039,A man runs through the city.,no,no.
t2i,A man runs through the city.,6304,6304,A man runs through the city.,no,no.
t2i,A man runs through the city.,12139,12139,A man runs through the city.,no,no.
t2i,A man runs through the city.,6746,6746,A man runs through the city.,no,no.
t2i,A man runs through the city.,11547,11547,A man runs through the city.,no,no.
t2i,A man runs through the city.,10548,10548,A man runs through the city.,yes,yes.
t2i,A man runs through the city.,11433,11433,A man runs through the city.,no,no.
t2i,A man runs through the city.,1057,1057,A man runs through the city.,no,no.
t2i,A man runs through the city.,93,93,A man runs through the city.,no,no.
t2i,A man runs through the city.,283,283,A man runs through the city.,no,no.
t2i,A man runs through the city.,1858,1858,A man runs through the city.,no,no.
t2i,A man runs through the city.,2472,2472,A man runs through the city.,yes,yes.
t2i,A man runs through the city.,588,588,A man runs through the city.,yes,yes.
t2i,"Boats, at a marina.",5676,5676,"Boats, at a marina.",yes,yes.
t2i,"Boats, at a marina.",6566,6566,"Boats, at a marina.",yes,yes.
t2i,"Boats, at a marina.",4059,4059,"Boats, at a marina.",yes,yes.
t2i,"Boats, at a marina.",7371,7371,"Boats, at a marina.",yes,yes.
t2i,"Boats, at a marina.",5857,5857,"Boats, at a marina.",yes,yes.
t2i,"Boats, at a marina.",2219,2219,"Boats, at a marina.",no,no.
t2i,"Boats, at a marina.",1121,1121,"Boats, at a marina.",yes,yes.
t2i,"Boats, at a marina.",2479,2479,"Boats, at a marina.",yes,yes.
t2i,"Boats, at a marina.",7128,7128,"Boats, at a marina.",yes,yes.
t2i,"Boats, at a marina.",13613,13613,"Boats, at a marina.",yes,yes.
t2i,"Boats, at a marina.",4480,4480,"Boats, at a marina.",yes,yes.
t2i,"Boats, at a marina.",4615,4615,"Boats, at a marina.",yes,yes.
t2i,"Boats, at a marina.",7424,7424,"Boats, at a marina.",yes,yes.
t2i,"Boats, at a marina.",10604,10604,"Boats, at a marina.",yes,yes.
t2i,"Boats, at a marina.",10605,10605,"Boats, at a marina.",yes,yes.
t2i,"Boats, at a marina.",12688,12688,"Boats, at a marina.",yes,yes.
t2i,"Boats, at a marina.",4188,4188,"Boats, at a marina.",yes,yes.
t2i,"Boats, at a marina.",1696,1696,"Boats, at a marina.",no,no.
t2i,"Boats, at a marina.",13672,13672,"Boats, at a marina.",yes,yes.
t2i,"Boats, at a marina.",3076,3076,"Boats, at a marina.",yes,yes.
t2i,"Boats, at a marina.",9421,9421,"Boats, at a marina.",yes,yes.
t2i,"Boats, at a marina.",6567,6567,"Boats, at a marina.",yes,yes.
t2i,"Boats, at a marina.",4179,4179,"Boats, at a marina.",no,no.
t2i,"Boats, at a marina.",9353,9353,"Boats, at a marina.",yes,yes.
t2i,"Boats, at a marina.",9992,9992,"Boats, at a marina.",yes,yes.
t2i,"Boats, at a marina.",3469,3469,"Boats, at a marina.",yes,yes.
t2i,"Boats, at a marina.",1798,1798,"Boats, at a marina.",no,no.
t2i,"Boats, at a marina.",13839,13839,"Boats, at a marina.",no,no.
t2i,"Boats, at a marina.",12487,12487,"Boats, at a marina.",yes,yes.
t2i,The woman and her son walk along the trail.,2940,2940,The woman and her son walk along the trail.,yes,yes.
t2i,The woman and her son walk along the trail.,4655,4655,The woman and her son walk along the trail.,yes,yes.
t2i,The woman and her son walk along the trail.,9413,9413,The woman and her son walk along the trail.,yes,yes.
t2i,The woman and her son walk along the trail.,1224,1224,The woman and her son walk along the trail.,no,no.
t2i,The woman and her son walk along the trail.,439,439,The woman and her son walk along the trail.,yes,yes.
t2i,The woman and her son walk along the trail.,10504,10504,The woman and her son walk along the trail.,no,no.
t2i,The woman and her son walk along the trail.,2065,2065,The woman and her son walk along the trail.,no,no.
t2i,The woman and her son walk along the trail.,5754,5754,The woman and her son walk along the trail.,yes,yes.
t2i,The woman and her son walk along the trail.,3440,3440,The woman and her son walk along the trail.,no,no.
t2i,The woman and her son walk along the trail.,2931,2931,The woman and her son walk along the trail.,yes,yes.
t2i,The woman and her son walk along the trail.,3011,3011,The woman and her son walk along the trail.,no,no.
t2i,The woman and her son walk along the trail.,1570,1570,The woman and her son walk along the trail.,no,no.
t2i,The woman and her son walk along the trail.,3165,3165,The woman and her son walk along the trail.,no,no.
t2i,The woman and her son walk along the trail.,1031,1031,The woman and her son walk along the trail.,no,no.
t2i,The woman and her son walk along the trail.,3559,3559,The woman and her son walk along the trail.,yes,yes.
t2i,The woman and her son walk along the trail.,942,942,The woman and her son walk along the trail.,no,no.
t2i,The woman and her son walk along the trail.,2181,2181,The woman and her son walk along the trail.,no,no.
t2i,The woman and her son walk along the trail.,9621,9621,The woman and her son walk along the trail.,no,no.
t2i,The woman and her son walk along the trail.,1150,1150,The woman and her son walk along the trail.,no,no.
t2i,The woman and her son walk along the trail.,1799,1799,The woman and her son walk along the trail.,no,no.
t2i,The woman and her son walk along the trail.,1442,1442,The woman and her son walk along the trail.,no,no.
t2i,The woman and her son walk along the trail.,6568,6568,The woman and her son walk along the trail.,no,no.
t2i,The woman and her son walk along the trail.,11651,11651,The woman and her son walk along the trail.,no,no.
t2i,The woman and her son walk along the trail.,1936,1936,The woman and her son walk along the trail.,no,no.
t2i,The woman and her son walk along the trail.,3716,3716,The woman and her son walk along the trail.,yes,yes.
t2i,The woman and her son walk along the trail.,668,668,The woman and her son walk along the trail.,yes,yes.
t2i,The woman and her son walk along the trail.,3084,3084,The woman and her son walk along the trail.,yes,yes.
t2i,The woman and her son walk along the trail.,9341,9341,The woman and her son walk along the trail.,yes,yes.
t2i,The woman and her son walk along the trail.,7437,7437,The woman and her son walk along the trail.,yes,yes.
t2i,The woman and her son walk along the trail.,1313,1313,The woman and her son walk along the trail.,no,no.
t2i,The woman and her son walk along the trail.,3629,3629,The woman and her son walk along the trail.,no,no.
t2i,The woman and her son walk along the trail.,10785,10785,The woman and her son walk along the trail.,no,no.
t2i,The woman and her son walk along the trail.,11379,11379,The woman and her son walk along the trail.,no,no.
t2i,The animals run in the meadow.,1191,1191,The animals run in the meadow.,yes,yes.
t2i,The animals run in the meadow.,4247,4247,The animals run in the meadow.,no,no.
t2i,The animals run in the meadow.,5699,5699,The animals run in the meadow.,yes,yes.
t2i,The animals run in the meadow.,4639,4639,The animals run in the meadow.,yes,yes.
t2i,The animals run in the meadow.,8459,8459,The animals run in the meadow.,yes,yes.
t2i,The animals run in the meadow.,13709,13709,The animals run in the meadow.,yes,yes.
t2i,The animals run in the meadow.,10377,10377,The animals run in the meadow.,no,no.
t2i,The animals run in the meadow.,4053,4053,The animals run in the meadow.,yes,yes.
t2i,The animals run in the meadow.,1976,1976,The animals run in the meadow.,yes,yes.
t2i,The animals run in the meadow.,4393,4393,The animals run in the meadow.,yes,yes.
t2i,The animals run in the meadow.,3734,3734,The animals run in the meadow.,yes,yes.
t2i,The animals run in the meadow.,669,669,The animals run in the meadow.,yes,yes.
t2i,The animals run in the meadow.,10932,10932,The animals run in the meadow.,yes,yes.
t2i,The animals run in the meadow.,5621,5621,The animals run in the meadow.,no,no.
t2i,The animals run in the meadow.,2030,2030,The animals run in the meadow.,yes,yes.
t2i,The animals run in the meadow.,670,670,The animals run in the meadow.,no,no.
t2i,The animals run in the meadow.,3688,3688,The animals run in the meadow.,yes,yes.
t2i,The animals run in the meadow.,8236,8236,The animals run in the meadow.,no,no.
t2i,The animals run in the meadow.,13542,13542,The animals run in the meadow.,yes,yes.
t2i,The animals run in the meadow.,4335,4335,The animals run in the meadow.,yes,yes.
t2i,The animals run in the meadow.,3350,3350,The animals run in the meadow.,yes,yes.
t2i,The animals run in the meadow.,11551,11551,The animals run in the meadow.,no,no.
t2i,The animals run in the meadow.,3848,3848,The animals run in the meadow.,yes,yes.
t2i,The animals run in the meadow.,1859,1859,The animals run in the meadow.,yes,yes.
t2i,The animals run in the meadow.,5469,5469,The animals run in the meadow.,yes,yes.
t2i,The animals run in the meadow.,1524,1524,The animals run in the meadow.,yes,yes.
t2i,The animals run in the meadow.,5799,5799,The animals run in the meadow.,yes,yes.
t2i,The animals run in the meadow.,10158,10158,The animals run in the meadow.,yes,yes.
t2i,The animals run in the meadow.,7076,7076,The animals run in the meadow.,no,no.
t2i,The animals run in the meadow.,11718,11718,The animals run in the meadow.,no,no.
t2i,The animals run in the meadow.,309,309,The animals run in the meadow.,yes,yes.
t2i,The animals run in the meadow.,13909,13909,The animals run in the meadow.,no,no.
t2i,The animals run in the meadow.,12241,12241,The animals run in the meadow.,no,no.
t2i,The animals run in the meadow.,6229,6229,The animals run in the meadow.,no,no.
t2i,The animals run in the meadow.,6228,6228,The animals run in the meadow.,yes,yes.
t2i,The animals run in the meadow.,14076,14076,The animals run in the meadow.,yes,yes.
t2i,The animals run in the meadow.,11334,11334,The animals run in the meadow.,yes,yes.
t2i,The animals run in the meadow.,7891,7891,The animals run in the meadow.,no,no.
t2i,The animals run in the meadow.,742,742,The animals run in the meadow.,yes,yes.
t2i,Player run with ball,9177,9177,Player run with ball,no,no.
t2i,Player run with ball,9503,9503,Player run with ball,yes,yes.
t2i,Player run with ball,8724,8724,Player run with ball,yes,yes.
t2i,Player run with ball,2263,2263,Player run with ball,no,no.
t2i,Player run with ball,9944,9944,Player run with ball,yes,yes.
t2i,Player run with ball,11401,11401,Player run with ball,no,no.
t2i,Player run with ball,8102,8102,Player run with ball,no,no.
t2i,Player run with ball,94,94,Player run with ball,no,no.
t2i,Player run with ball,3765,3765,Player run with ball,no,no.
t2i,Player run with ball,12832,12832,Player run with ball,no,no.
t2i,Player run with ball,8377,8377,Player run with ball,yes,yes.
t2i,Player run with ball,3148,3148,Player run with ball,no,no
t2i,Player run with ball,6129,6129,Player run with ball,yes,yes.
t2i,Player run with ball,8573,8573,Player run with ball,yes,yes.
t2i,Player run with ball,4353,4353,Player run with ball,yes,yes.
t2i,Player run with ball,9573,9573,Player run with ball,yes,yes.
t2i,Player run with ball,4698,4698,Player run with ball,no,no.
t2i,Player run with ball,8739,8739,Player run with ball,yes,yes.
t2i,Player run with ball,13793,13793,Player run with ball,no,no.
t2i,Player run with ball,1556,1556,Player run with ball,no,no.
t2i,Player run with ball,5397,5397,Player run with ball,no,no.
t2i,Player run with ball,9798,9798,Player run with ball,no,no.
t2i,Player run with ball,9085,9085,Player run with ball,no,no.
t2i,Player run with ball,13407,13407,Player run with ball,no,no.
t2i,Player run with ball,5550,5550,Player run with ball,no,no.
t2i,Player run with ball,3330,3330,Player run with ball,no,no.
t2i,Player run with ball,4417,4417,Player run with ball,yes,yes.
t2i,Player run with ball,2662,2662,Player run with ball,yes,yes.
t2i,Player run with ball,3147,3147,Player run with ball,yes,yes.
t2i,Player run with ball,1631,1631,Player run with ball,yes,yes.
t2i,Player run with ball,5525,5525,Player run with ball,yes,yes.
t2i,Player run with ball,3824,3824,Player run with ball,yes,yes.
t2i,Player run with ball,5480,5480,Player run with ball,yes,yes.
t2i,Player run with ball,9843,9843,Player run with ball,yes,yes.
t2i,Player run with ball,794,794,Player run with ball,yes,yes.
t2i,Player run with ball,5521,5521,Player run with ball,yes,yes.
t2i,Player run with ball,11377,11377,Player run with ball,no,no.
t2i,Player run with ball,7148,7148,Player run with ball,yes,yes.
t2i,Player run with ball,9598,9598,Player run with ball,yes,yes.
t2i,Player run with ball,3909,3909,Player run with ball,yes,yes.
t2i,Player run with ball,2380,2380,Player run with ball,yes,yes.
t2i,Player run with ball,1678,1678,Player run with ball,yes,yes.
t2i,Player run with ball,613,613,Player run with ball,yes,yes.
t2i,Player run with ball,7313,7313,Player run with ball,yes,yes.
t2i,Player run with ball,4947,4947,Player run with ball,yes,yes.
t2i,Player run with ball,12090,12090,Player run with ball,no,no
t2i,Player run with ball,2416,2416,Player run with ball,yes,yes.
t2i,Player run with ball,514,514,Player run with ball,no,no.
t2i,Player run with ball,5402,5402,Player run with ball,yes,yes.
t2i,Player run with ball,13554,13554,Player run with ball,yes,yes.
t2i,Player run with ball,9846,9846,Player run with ball,no,no.
t2i,Player run with ball,4052,4052,Player run with ball,no,no.
t2i,Player run with ball,4048,4048,Player run with ball,yes,yes.
t2i,Player run with ball,10375,10375,Player run with ball,yes,yes.
t2i,Player run with ball,8054,8054,Player run with ball,no,no.
t2i,Player run with ball,9978,9978,Player run with ball,no,no.
t2i,The man jumped across the mountain.,445,445,The man jumped across the mountain.,no,no.
t2i,The man jumped across the mountain.,3800,3800,The man jumped across the mountain.,no,no.
t2i,The man jumped across the mountain.,8196,8196,The man jumped across the mountain.,no,no.
t2i,The man jumped across the mountain.,682,682,The man jumped across the mountain.,no,no.
t2i,The man jumped across the mountain.,7741,7741,The man jumped across the mountain.,no,no.
t2i,The man jumped across the mountain.,12124,12124,The man jumped across the mountain.,no,no.
t2i,The man jumped across the mountain.,11748,11748,The man jumped across the mountain.,yes,yes.
t2i,The man jumped across the mountain.,9100,9100,The man jumped across the mountain.,no,no.
t2i,The man jumped across the mountain.,9582,9582,The man jumped across the mountain.,no,no.
t2i,The man jumped across the mountain.,7886,7886,The man jumped across the mountain.,no,no.
t2i,The man jumped across the mountain.,705,705,The man jumped across the mountain.,yes,yes.
t2i,The man jumped across the mountain.,4964,4964,The man jumped across the mountain.,no,no.
t2i,The man jumped across the mountain.,4824,4824,The man jumped across the mountain.,no,no.
t2i,The man jumped across the mountain.,9386,9386,The man jumped across the mountain.,yes,yes.
t2i,The man jumped across the mountain.,2641,2641,The man jumped across the mountain.,no,no.
t2i,The man jumped across the mountain.,3699,3699,The man jumped across the mountain.,no,no.
t2i,The man jumped across the mountain.,7821,7821,The man jumped across the mountain.,no,no.
t2i,The man jumped across the mountain.,10713,10713,The man jumped across the mountain.,no,no.
t2i,The man jumped across the mountain.,11762,11762,The man jumped across the mountain.,no,no.
t2i,The man jumped across the mountain.,289,289,The man jumped across the mountain.,no,no.
t2i,The man jumped across the mountain.,1544,1544,The man jumped across the mountain.,no,no.
t2i,The man jumped across the mountain.,7822,7822,The man jumped across the mountain.,no,no.
t2i,The man jumped across the mountain.,6217,6217,The man jumped across the mountain.,no,no.
t2i,The man jumped across the mountain.,364,364,The man jumped across the mountain.,no,no.
t2i,The man jumped across the mountain.,11015,11015,The man jumped across the mountain.,no,no.
t2i,The man jumped across the mountain.,6605,6605,The man jumped across the mountain.,no,no.
t2i,The man jumped across the mountain.,5168,5168,The man jumped across the mountain.,no,no.
t2i,The man jumped across the mountain.,3195,3195,The man jumped across the mountain.,no,no.
t2i,The man jumped across the mountain.,11771,11771,The man jumped across the mountain.,no,no.
t2i,The man jumped across the mountain.,8730,8730,The man jumped across the mountain.,no,no.
t2i,A woman is jumping in the sunset.,12373,12373,A woman is jumping in the sunset.,yes,yes.
t2i,A woman is jumping in the sunset.,1890,1890,A woman is jumping in the sunset.,yes,yes.
t2i,A woman is jumping in the sunset.,12656,12656,A woman is jumping in the sunset.,yes,yes.
t2i,A woman is jumping in the sunset.,7866,7866,A woman is jumping in the sunset.,yes,yes.
t2i,A woman is jumping in the sunset.,6169,6169,A woman is jumping in the sunset.,yes,yes.
t2i,A woman is jumping in the sunset.,3875,3875,A woman is jumping in the sunset.,yes,yes.
t2i,A woman is jumping in the sunset.,7741,7741,A woman is jumping in the sunset.,yes,yes.
t2i,A woman is jumping in the sunset.,7822,7822,A woman is jumping in the sunset.,yes,yes.
t2i,A woman is jumping in the sunset.,2283,2283,A woman is jumping in the sunset.,no,no.
t2i,A woman is jumping in the sunset.,6387,6387,A woman is jumping in the sunset.,yes,yes.
t2i,A woman is jumping in the sunset.,6706,6706,A woman is jumping in the sunset.,yes,yes.
t2i,A woman is jumping in the sunset.,6633,6633,A woman is jumping in the sunset.,yes,yes.
t2i,A woman is jumping in the sunset.,4498,4498,A woman is jumping in the sunset.,yes,yes.
t2i,A woman is jumping in the sunset.,7964,7964,A woman is jumping in the sunset.,yes,yes.
t2i,A woman is jumping in the sunset.,10579,10579,A woman is jumping in the sunset.,yes,yes.
t2i,A woman is jumping in the sunset.,9139,9139,A woman is jumping in the sunset.,yes,yes.
t2i,A woman is jumping in the sunset.,8914,8914,A woman is jumping in the sunset.,yes,yes.
t2i,A woman is jumping in the sunset.,6187,6187,A woman is jumping in the sunset.,no,no.
t2i,A woman is jumping in the sunset.,6547,6547,A woman is jumping in the sunset.,yes,yes.
t2i,A woman is jumping in the sunset.,9386,9386,A woman is jumping in the sunset.,no,no.
t2i,A woman is jumping in the sunset.,12083,12083,A woman is jumping in the sunset.,no,no.
t2i,A woman is jumping in the sunset.,4768,4768,A woman is jumping in the sunset.,yes,yes.
t2i,A woman is jumping in the sunset.,13381,13381,A woman is jumping in the sunset.,yes,yes.
t2i,A woman is jumping in the sunset.,7764,7764,A woman is jumping in the sunset.,no,no.
t2i,A woman is jumping in the sunset.,7809,7809,A woman is jumping in the sunset.,no,no.
t2i,A person looks ready for a show.,9871,9871,A person looks ready for a show.,no,no.
t2i,A person looks ready for a show.,5432,5432,A person looks ready for a show.,no,no.
t2i,A person looks ready for a show.,5693,5693,A person looks ready for a show.,no,no.
t2i,A person looks ready for a show.,7380,7380,A person looks ready for a show.,no,no.
t2i,A person looks ready for a show.,4122,4122,A person looks ready for a show.,no,no.
t2i,A person looks ready for a show.,5602,5602,A person looks ready for a show.,no,no.
t2i,A person looks ready for a show.,13732,13732,A person looks ready for a show.,no,no.
t2i,A person looks ready for a show.,4521,4521,A person looks ready for a show.,no,no.
t2i,A person looks ready for a show.,10219,10219,A person looks ready for a show.,no,no.
t2i,A person looks ready for a show.,11280,11280,A person looks ready for a show.,no,no.
t2i,A person looks ready for a show.,3290,3290,A person looks ready for a show.,no,no.
t2i,A person looks ready for a show.,13318,13318,A person looks ready for a show.,yes,yes.
t2i,A person looks ready for a show.,10950,10950,A person looks ready for a show.,no,no.
t2i,A person looks ready for a show.,3683,3683,A person looks ready for a show.,yes,yes.
t2i,A person looks ready for a show.,15,15,A person looks ready for a show.,no,no.
t2i,A person looks ready for a show.,9720,9720,A person looks ready for a show.,no,no.
t2i,A person looks ready for a show.,11443,11443,A person looks ready for a show.,no,no.
t2i,A person looks ready for a show.,7131,7131,A person looks ready for a show.,yes,yes.
t2i,A person looks ready for a show.,7487,7487,A person looks ready for a show.,no,no.
t2i,A person looks ready for a show.,4223,4223,A person looks ready for a show.,yes,yes.
t2i,A person looks ready for a show.,6592,6592,A person looks ready for a show.,no,no.
t2i,A person looks ready for a show.,102,102,A person looks ready for a show.,yes,yes.
t2i,A person looks ready for a show.,7849,7849,A person looks ready for a show.,no,no.
t2i,A person looks ready for a show.,4839,4839,A person looks ready for a show.,no,no.
t2i,A person looks ready for a show.,8895,8895,A person looks ready for a show.,no,no.
t2i,A person looks ready for a show.,10738,10738,A person looks ready for a show.,yes,yes.
t2i,A person looks ready for a show.,9329,9329,A person looks ready for a show.,no,no.
t2i,A person looks ready for a show.,9482,9482,A person looks ready for a show.,no,no.
t2i,A person looks ready for a show.,4249,4249,A person looks ready for a show.,no,no.
t2i,A person looks ready for a show.,4248,4248,A person looks ready for a show.,no,no.
t2i,A person looks ready for a show.,1422,1422,A person looks ready for a show.,yes,yes.
t2i,A person looks ready for a show.,1906,1906,A person looks ready for a show.,yes,yes.
t2i,A person looks ready for a show.,3238,3238,A person looks ready for a show.,yes,yes.
t2i,A person looks ready for a show.,8828,8828,A person looks ready for a show.,no,no.
t2i,A person looks ready for a show.,98,98,A person looks ready for a show.,yes,yes.
t2i,A person looks ready for a show.,6497,6497,A person looks ready for a show.,no,no.
t2i,A person looks ready for a show.,7349,7349,A person looks ready for a show.,no,no.
t2i,A person looks ready for a show.,1686,1686,A person looks ready for a show.,yes,yes.
t2i,A person looks ready for a show.,3247,3247,A person looks ready for a show.,yes,yes.
t2i,A person looks ready for a show.,4112,4112,A person looks ready for a show.,yes,yes.
t2i,A person looks ready for a show.,3779,3779,A person looks ready for a show.,yes,yes.
t2i,A person looks ready for a show.,8899,8899,A person looks ready for a show.,yes,yes.
t2i,A person looks ready for a show.,3933,3933,A person looks ready for a show.,no,no.
t2i,A person looks ready for a show.,8442,8442,A person looks ready for a show.,yes,yes.
t2i,A person looks ready for a show.,10079,10079,A person looks ready for a show.,yes,yes.
t2i,A person looks ready for a show.,9827,9827,A person looks ready for a show.,yes,yes.
t2i,A person looks ready for a show.,1021,1021,A person looks ready for a show.,no,no.
t2i,A person looks ready for a show.,10777,10777,A person looks ready for a show.,no,no.
t2i,A person looks ready for a show.,6539,6539,A person looks ready for a show.,yes,yes.
t2i,A person looks ready for a show.,12611,12611,A person looks ready for a show.,yes,yes.
t2i,A person looks ready for a show.,9082,9082,A person looks ready for a show.,yes,yes.
t2i,A person looks ready for a show.,9321,9321,A person looks ready for a show.,yes,yes.
t2i,A person looks ready for a show.,2013,2013,A person looks ready for a show.,no,no.
t2i,A person looks ready for a show.,7691,7691,A person looks ready for a show.,no,no.
t2i,A person looks ready for a show.,11081,11081,A person looks ready for a show.,yes,yes.
t2i,A person looks ready for a show.,7610,7610,A person looks ready for a show.,yes,yes.
t2i,The person will sing into the microphone.,12835,12835,The person will sing into the microphone.,no,no.
t2i,The person will sing into the microphone.,3515,3515,The person will sing into the microphone.,yes,yes.
t2i,The person will sing into the microphone.,10770,10770,The person will sing into the microphone.,no,no.
t2i,The person will sing into the microphone.,241,241,The person will sing into the microphone.,yes,yes.
t2i,The person will sing into the microphone.,12834,12834,The person will sing into the microphone.,yes,yes.
t2i,The person will sing into the microphone.,4203,4203,The person will sing into the microphone.,yes,yes.
t2i,The person will sing into the microphone.,8789,8789,The person will sing into the microphone.,no,no.
t2i,The person will sing into the microphone.,2595,2595,The person will sing into the microphone.,yes,yes.
t2i,The person will sing into the microphone.,3115,3115,The person will sing into the microphone.,yes,yes.
t2i,The person will sing into the microphone.,4837,4837,The person will sing into the microphone.,yes,yes.
t2i,The person will sing into the microphone.,7583,7583,The person will sing into the microphone.,yes,yes.
t2i,The person will sing into the microphone.,13318,13318,The person will sing into the microphone.,yes,yes.
t2i,The person will sing into the microphone.,3413,3413,The person will sing into the microphone.,yes,yes.
t2i,The person will sing into the microphone.,8226,8226,The person will sing into the microphone.,yes,yes.
t2i,The person will sing into the microphone.,3610,3610,The person will sing into the microphone.,yes,yes.
t2i,The person will sing into the microphone.,3238,3238,The person will sing into the microphone.,yes,yes.
t2i,The person will sing into the microphone.,13961,13961,The person will sing into the microphone.,yes,yes.
t2i,The person will sing into the microphone.,3227,3227,The person will sing into the microphone.,yes,yes.
t2i,The person will sing into the microphone.,4411,4411,The person will sing into the microphone.,yes,yes.
t2i,The person will sing into the microphone.,3468,3468,The person will sing into the microphone.,yes,yes.
t2i,The person will sing into the microphone.,1818,1818,The person will sing into the microphone.,yes,yes.
t2i,The person will sing into the microphone.,6934,6934,The person will sing into the microphone.,no,no.
t2i,The person will sing into the microphone.,4321,4321,The person will sing into the microphone.,yes,yes.
t2i,The person will sing into the microphone.,3246,3246,The person will sing into the microphone.,yes,yes.
t2i,The person will sing into the microphone.,3256,3256,The person will sing into the microphone.,yes,yes.
t2i,The person will sing into the microphone.,3677,3677,The person will sing into the microphone.,yes,yes.
t2i,The person will sing into the microphone.,1685,1685,The person will sing into the microphone.,yes,yes.
t2i,The person will sing into the microphone.,1512,1512,The person will sing into the microphone.,yes,yes.
t2i,The person will sing into the microphone.,3882,3882,The person will sing into the microphone.,yes,yes.
t2i,The person will sing into the microphone.,1102,1102,The person will sing into the microphone.,yes,yes.
t2i,The person will sing into the microphone.,4009,4009,The person will sing into the microphone.,yes,yes.
t2i,The person will sing into the microphone.,3088,3088,The person will sing into the microphone.,yes,yes.
t2i,The person will sing into the microphone.,7774,7774,The person will sing into the microphone.,yes,yes.
t2i,The man is taking a walk in the park.,1948,1948,The man is taking a walk in the park.,no,no.
t2i,The man is taking a walk in the park.,961,961,The man is taking a walk in the park.,no,no.
t2i,The man is taking a walk in the park.,542,542,The man is taking a walk in the park.,yes,yes.
t2i,The man is taking a walk in the park.,7390,7390,The man is taking a walk in the park.,yes,yes.
t2i,The man is taking a walk in the park.,3253,3253,The man is taking a walk in the park.,no,no.
t2i,The man is taking a walk in the park.,3365,3365,The man is taking a walk in the park.,yes,yes.
t2i,The man is taking a walk in the park.,2857,2857,The man is taking a walk in the park.,yes,yes.
t2i,The man is taking a walk in the park.,1535,1535,The man is taking a walk in the park.,no,no.
t2i,The man is taking a walk in the park.,7293,7293,The man is taking a walk in the park.,yes,yes.
t2i,The man is taking a walk in the park.,1303,1303,The man is taking a walk in the park.,no,no.
t2i,The man is taking a walk in the park.,5755,5755,The man is taking a walk in the park.,yes,yes.
t2i,The man is taking a walk in the park.,5663,5663,The man is taking a walk in the park.,yes,yes.
t2i,The man is taking a walk in the park.,2861,2861,The man is taking a walk in the park.,no,no.
t2i,The man is taking a walk in the park.,4143,4143,The man is taking a walk in the park.,yes,yes.
t2i,The man is taking a walk in the park.,10845,10845,The man is taking a walk in the park.,yes,yes.
t2i,The man is taking a walk in the park.,9383,9383,The man is taking a walk in the park.,yes,yes.
t2i,The man is taking a walk in the park.,8898,8898,The man is taking a walk in the park.,yes,yes.
t2i,The man is taking a walk in the park.,1724,1724,The man is taking a walk in the park.,yes,yes.
t2i,The man is taking a walk in the park.,1018,1018,The man is taking a walk in the park.,yes,yes.
t2i,The man is taking a walk in the park.,13595,13595,The man is taking a walk in the park.,yes,yes.
t2i,The man is taking a walk in the park.,11723,11723,The man is taking a walk in the park.,yes,yes.
t2i,The man is taking a walk in the park.,11784,11784,The man is taking a walk in the park.,yes,yes.
t2i,The man is taking a walk in the park.,8596,8596,The man is taking a walk in the park.,no,no.
t2i,The man is taking a walk in the park.,1292,1292,The man is taking a walk in the park.,yes,yes.
t2i,The man is taking a walk in the park.,2299,2299,The man is taking a walk in the park.,yes,yes.
t2i,The man is taking a walk in the park.,5427,5427,The man is taking a walk in the park.,yes,yes.
t2i,The man is taking a walk in the park.,624,624,The man is taking a walk in the park.,no,no.
t2i,The man is taking a walk in the park.,1740,1740,The man is taking a walk in the park.,no,no.
t2i,The man is taking a walk in the park.,2997,2997,The man is taking a walk in the park.,yes,yes.
t2i,The man is taking a walk in the park.,1660,1660,The man is taking a walk in the park.,no,no.
t2i,The man is taking a walk in the park.,2756,2756,The man is taking a walk in the park.,no,no.
t2i,The man is taking a walk in the park.,8314,8314,The man is taking a walk in the park.,yes,yes.
t2i,The man is taking a walk in the park.,3727,3727,The man is taking a walk in the park.,no,no.
t2i,The man is taking a walk in the park.,9645,9645,The man is taking a walk in the park.,yes,yes.
t2i,The man is taking a walk in the park.,811,811,The man is taking a walk in the park.,yes,yes.
t2i,The man is taking a walk in the park.,7654,7654,The man is taking a walk in the park.,no,no.
t2i,A player celebrates with his teammates.,12317,12317,A player celebrates with his teammates.,no,no.
t2i,A player celebrates with his teammates.,4541,4541,A player celebrates with his teammates.,no,no.
t2i,A player celebrates with his teammates.,1006,1006,A player celebrates with his teammates.,no,no.
t2i,A player celebrates with his teammates.,10896,10896,A player celebrates with his teammates.,no,no.
t2i,A player celebrates with his teammates.,2508,2508,A player celebrates with his teammates.,yes,yes.
t2i,A player celebrates with his teammates.,4883,4883,A player celebrates with his teammates.,yes,yes.
t2i,A player celebrates with his teammates.,353,353,A player celebrates with his teammates.,no,no.
t2i,A player celebrates with his teammates.,13345,13345,A player celebrates with his teammates.,no,no.
t2i,A player celebrates with his teammates.,1207,1207,A player celebrates with his teammates.,no,no.
t2i,A player celebrates with his teammates.,3777,3777,A player celebrates with his teammates.,no,no.
t2i,A player celebrates with his teammates.,10018,10018,A player celebrates with his teammates.,no,no.
t2i,A player celebrates with his teammates.,9837,9837,A player celebrates with his teammates.,no,no.
t2i,A player celebrates with his teammates.,9464,9464,A player celebrates with his teammates.,no,no.
t2i,A player celebrates with his teammates.,3217,3217,A player celebrates with his teammates.,yes,yes.
t2i,A player celebrates with his teammates.,5701,5701,A player celebrates with his teammates.,no,no.
t2i,A player celebrates with his teammates.,2271,2271,A player celebrates with his teammates.,no,no.
t2i,A player celebrates with his teammates.,10736,10736,A player celebrates with his teammates.,yes,yes.
t2i,A player celebrates with his teammates.,3968,3968,A player celebrates with his teammates.,no,no.
t2i,A player celebrates with his teammates.,344,344,A player celebrates with his teammates.,no,no.
t2i,A player celebrates with his teammates.,3544,3544,A player celebrates with his teammates.,yes,yes.
t2i,A player celebrates with his teammates.,12010,12010,A player celebrates with his teammates.,yes,yes.
t2i,A player celebrates with his teammates.,4459,4459,A player celebrates with his teammates.,no,no.
t2i,A player celebrates with his teammates.,11282,11282,A player celebrates with his teammates.,yes,yes.
t2i,A player celebrates with his teammates.,14009,14009,A player celebrates with his teammates.,no,no.
t2i,A player celebrates with his teammates.,10533,10533,A player celebrates with his teammates.,no,no.
t2i,A player celebrates with his teammates.,12961,12961,A player celebrates with his teammates.,yes,yes.
t2i,A player celebrates with his teammates.,6589,6589,A player celebrates with his teammates.,yes,yes.
t2i,A player celebrates with his teammates.,5272,5272,A player celebrates with his teammates.,no,no.
t2i,A player celebrates with his teammates.,8773,8773,A player celebrates with his teammates.,yes,yes.
t2i,A player celebrates with his teammates.,10509,10509,A player celebrates with his teammates.,yes,yes.
t2i,A player celebrates with his teammates.,3411,3411,A player celebrates with his teammates.,yes,yes.
t2i,A player celebrates with his teammates.,5765,5765,A player celebrates with his teammates.,no,no.
t2i,A player celebrates with his teammates.,7945,7945,A player celebrates with his teammates.,no,no.
t2i,A player celebrates with his teammates.,1125,1125,A player celebrates with his teammates.,yes,yes.
t2i,A player celebrates with his teammates.,2899,2899,A player celebrates with his teammates.,no,no.
t2i,A player celebrates with his teammates.,4116,4116,A player celebrates with his teammates.,yes,yes.
t2i,A player celebrates with his teammates.,11367,11367,A player celebrates with his teammates.,yes,yes.
t2i,A player celebrates with his teammates.,8005,8005,A player celebrates with his teammates.,no,no.
t2i,A player celebrates with his teammates.,714,714,A player celebrates with his teammates.,yes,yes.
t2i,A player celebrates with his teammates.,12783,12783,A player celebrates with his teammates.,yes,yes.
t2i,A player celebrates with his teammates.,4138,4138,A player celebrates with his teammates.,yes,yes.
t2i,A player celebrates with his teammates.,2832,2832,A player celebrates with his teammates.,yes,yes.
t2i,A player celebrates with his teammates.,5199,5199,A player celebrates with his teammates.,yes,yes.
t2i,A player celebrates with his teammates.,9709,9709,A player celebrates with his teammates.,yes,yes.
t2i,A player celebrates with his teammates.,4345,4345,A player celebrates with his teammates.,yes,yes.
t2i,A player celebrates with his teammates.,10074,10074,A player celebrates with his teammates.,yes,yes.
t2i,A player celebrates with his teammates.,7876,7876,A player celebrates with his teammates.,no,no.
t2i,A player celebrates with his teammates.,9249,9249,A player celebrates with his teammates.,yes,yes.
t2i,A WORKER STANDS IN FRONT,11073,11073,A WORKER STANDS IN FRONT,yes,yes.
t2i,A WORKER STANDS IN FRONT,8410,8410,A WORKER STANDS IN FRONT,yes,yes.
t2i,A WORKER STANDS IN FRONT,13828,13828,A WORKER STANDS IN FRONT,no,no.
t2i,A WORKER STANDS IN FRONT,10499,10499,A WORKER STANDS IN FRONT,yes,yes.
t2i,A WORKER STANDS IN FRONT,6389,6389,A WORKER STANDS IN FRONT,no,no.
t2i,A WORKER STANDS IN FRONT,5136,5136,A WORKER STANDS IN FRONT,yes,yes.
t2i,A WORKER STANDS IN FRONT,13620,13620,A WORKER STANDS IN FRONT,no,no.
t2i,A WORKER STANDS IN FRONT,10104,10104,A WORKER STANDS IN FRONT,yes,yes.
t2i,A WORKER STANDS IN FRONT,11280,11280,A WORKER STANDS IN FRONT,no,no.
t2i,A WORKER STANDS IN FRONT,13969,13969,A WORKER STANDS IN FRONT,no,no.
t2i,A WORKER STANDS IN FRONT,13840,13840,A WORKER STANDS IN FRONT,no,no.
t2i,A WORKER STANDS IN FRONT,12424,12424,A WORKER STANDS IN FRONT,no,no.
t2i,A WORKER STANDS IN FRONT,4164,4164,A WORKER STANDS IN FRONT,yes,yes.
t2i,A WORKER STANDS IN FRONT,8593,8593,A WORKER STANDS IN FRONT,no,no.
t2i,A WORKER STANDS IN FRONT,3112,3112,A WORKER STANDS IN FRONT,yes,yes.
t2i,A WORKER STANDS IN FRONT,13918,13918,A WORKER STANDS IN FRONT,no,no
t2i,A WORKER STANDS IN FRONT,12632,12632,A WORKER STANDS IN FRONT,no,no.
t2i,A WORKER STANDS IN FRONT,10835,10835,A WORKER STANDS IN FRONT,no,no.
t2i,A WORKER STANDS IN FRONT,8174,8174,A WORKER STANDS IN FRONT,yes,yes.
t2i,A WORKER STANDS IN FRONT,11075,11075,A WORKER STANDS IN FRONT,no,no.
t2i,A WORKER STANDS IN FRONT,3675,3675,A WORKER STANDS IN FRONT,no,no
t2i,A WORKER STANDS IN FRONT,8486,8486,A WORKER STANDS IN FRONT,no,no.
t2i,A WORKER STANDS IN FRONT,11417,11417,A WORKER STANDS IN FRONT,no,no.
t2i,A WORKER STANDS IN FRONT,3978,3978,A WORKER STANDS IN FRONT,no,no.
t2i,A WORKER STANDS IN FRONT,5175,5175,A WORKER STANDS IN FRONT,no,no.
t2i,A WORKER STANDS IN FRONT,4494,4494,A WORKER STANDS IN FRONT,no,no.
t2i,A WORKER STANDS IN FRONT,3437,3437,A WORKER STANDS IN FRONT,no,no.
t2i,A WORKER STANDS IN FRONT,3333,3333,A WORKER STANDS IN FRONT,no,no.
t2i,A WORKER STANDS IN FRONT,7719,7719,A WORKER STANDS IN FRONT,no,no.
t2i,A WORKER STANDS IN FRONT,9634,9634,A WORKER STANDS IN FRONT,no,no.
t2i,A WORKER STANDS IN FRONT,8960,8960,A WORKER STANDS IN FRONT,no,no.
t2i,A WORKER STANDS IN FRONT,7691,7691,A WORKER STANDS IN FRONT,no,no.
t2i,A WORKER STANDS IN FRONT,6181,6181,A WORKER STANDS IN FRONT,no,no.
t2i,A WORKER STANDS IN FRONT,7254,7254,A WORKER STANDS IN FRONT,no,no.
t2i,A WORKER STANDS IN FRONT,5372,5372,A WORKER STANDS IN FRONT,no,no.
t2i,A WORKER STANDS IN FRONT,11294,11294,A WORKER STANDS IN FRONT,no,no.
t2i,A WORKER STANDS IN FRONT,4273,4273,A WORKER STANDS IN FRONT,yes,yes.
t2i,A WORKER STANDS IN FRONT,3385,3385,A WORKER STANDS IN FRONT,yes,yes.
t2i,A WORKER STANDS IN FRONT,4255,4255,A WORKER STANDS IN FRONT,no,no.
t2i,A WORKER STANDS IN FRONT,6824,6824,A WORKER STANDS IN FRONT,no,no.
t2i,A WORKER STANDS IN FRONT,5626,5626,A WORKER STANDS IN FRONT,yes,yes.
t2i,A WORKER STANDS IN FRONT,3608,3608,A WORKER STANDS IN FRONT,no,no.
t2i,A WORKER STANDS IN FRONT,10721,10721,A WORKER STANDS IN FRONT,no,no.
t2i,A WORKER STANDS IN FRONT,7402,7402,A WORKER STANDS IN FRONT,yes,yes.
t2i,A WORKER STANDS IN FRONT,12108,12108,A WORKER STANDS IN FRONT,no,no.
t2i,A WORKER STANDS IN FRONT,9418,9418,A WORKER STANDS IN FRONT,no,no.
t2i,A WORKER STANDS IN FRONT,9681,9681,A WORKER STANDS IN FRONT,no,no.
t2i,A person jumping into water.,8421,8421,A person jumping into water.,yes,yes.
t2i,A person jumping into water.,8247,8247,A person jumping into water.,no,no.
t2i,A person jumping into water.,3190,3190,A person jumping into water.,no,no.
t2i,A person jumping into water.,2283,2283,A person jumping into water.,yes,yes.
t2i,A person jumping into water.,8103,8103,A person jumping into water.,yes,yes.
t2i,A person jumping into water.,4784,4784,A person jumping into water.,yes,yes.
t2i,A person jumping into water.,7969,7969,A person jumping into water.,no,no.
t2i,A person jumping into water.,12597,12597,A person jumping into water.,yes,yes.
t2i,A person jumping into water.,866,866,A person jumping into water.,yes,yes.
t2i,A person jumping into water.,13351,13351,A person jumping into water.,yes,yes.
t2i,A person jumping into water.,9532,9532,A person jumping into water.,yes,yes.
t2i,A person jumping into water.,6387,6387,A person jumping into water.,yes,yes.
t2i,A person jumping into water.,4656,4656,A person jumping into water.,yes,yes.
t2i,A person jumping into water.,2777,2777,A person jumping into water.,yes,yes.
t2i,A person jumping into water.,6954,6954,A person jumping into water.,no,no.
t2i,A person jumping into water.,1095,1095,A person jumping into water.,yes,yes.
t2i,A person jumping into water.,272,272,A person jumping into water.,no,no.
t2i,A person jumping into water.,13847,13847,A person jumping into water.,yes,yes.
t2i,A person jumping into water.,6474,6474,A person jumping into water.,yes,yes.
t2i,A person jumping into water.,5927,5927,A person jumping into water.,yes,yes.
t2i,A person jumping into water.,9149,9149,A person jumping into water.,yes,yes.
t2i,A person jumping into water.,6330,6330,A person jumping into water.,yes,yes.
t2i,A person jumping into water.,4907,4907,A person jumping into water.,yes,yes.
t2i,A person jumping into water.,1028,1028,A person jumping into water.,no,no.
t2i,A person jumping into water.,10366,10366,A person jumping into water.,yes,yes.
t2i,A person jumping into water.,3854,3854,A person jumping into water.,yes,yes.
t2i,A person jumping into water.,1409,1409,A person jumping into water.,yes,yes.
t2i,A person jumping into water.,446,446,A person jumping into water.,yes,yes.
t2i,A person jumping into water.,681,681,A person jumping into water.,yes,yes.
t2i,A person jumping into water.,1447,1447,A person jumping into water.,yes,yes.
t2i,A person jumping into water.,7584,7584,A person jumping into water.,yes,yes.
t2i,A person jumping into water.,10689,10689,A person jumping into water.,yes,yes.
t2i,A person jumping into water.,8647,8647,A person jumping into water.,yes,yes.
t2i,A person jumping into water.,5266,5266,A person jumping into water.,yes,yes.
t2i,A person jumping into water.,687,687,A person jumping into water.,yes,yes.
t2i,A person jumping into water.,2784,2784,A person jumping into water.,yes,yes.
t2i,A person jumping into water.,13313,13313,A person jumping into water.,yes,yes.
t2i,A person jumping into water.,106,106,A person jumping into water.,no,no.
t2i,A person jumping into water.,3436,3436,A person jumping into water.,yes,yes.
t2i,A girl is sitting on the field.,8204,8204,A girl is sitting on the field.,yes,yes.
t2i,A girl is sitting on the field.,3018,3018,A girl is sitting on the field.,yes,yes.
t2i,A girl is sitting on the field.,675,675,A girl is sitting on the field.,yes,yes.
t2i,A girl is sitting on the field.,789,789,A girl is sitting on the field.,yes,yes.
t2i,A girl is sitting on the field.,2315,2315,A girl is sitting on the field.,yes,yes.
t2i,A girl is sitting on the field.,260,260,A girl is sitting on the field.,yes,yes.
t2i,A girl is sitting on the field.,9948,9948,A girl is sitting on the field.,no,no.
t2i,A girl is sitting on the field.,2938,2938,A girl is sitting on the field.,yes,yes.
t2i,A girl is sitting on the field.,7007,7007,A girl is sitting on the field.,yes,yes.
t2i,A girl is sitting on the field.,9280,9280,A girl is sitting on the field.,yes,yes.
t2i,A girl is sitting on the field.,7560,7560,A girl is sitting on the field.,yes,yes.
t2i,A girl is sitting on the field.,1009,1009,A girl is sitting on the field.,yes,yes.
t2i,A girl is sitting on the field.,931,931,A girl is sitting on the field.,yes,yes.
t2i,A girl is sitting on the field.,6477,6477,A girl is sitting on the field.,yes,yes.
t2i,A girl is sitting on the field.,6580,6580,A girl is sitting on the field.,no,no.
t2i,A girl is sitting on the field.,11871,11871,A girl is sitting on the field.,no,no.
t2i,A girl is sitting on the field.,2207,2207,A girl is sitting on the field.,yes,yes.
t2i,A girl is sitting on the field.,13600,13600,A girl is sitting on the field.,no,no.
t2i,A girl is sitting on the field.,1479,1479,A girl is sitting on the field.,no,no.
t2i,A girl is sitting on the field.,4440,4440,A girl is sitting on the field.,no,no.
t2i,A girl is sitting on the field.,652,652,A girl is sitting on the field.,no,no.
t2i,A girl is sitting on the field.,1690,1690,A girl is sitting on the field.,yes,yes.
t2i,A girl is sitting on the field.,5314,5314,A girl is sitting on the field.,yes,yes.
t2i,A girl is sitting on the field.,9851,9851,A girl is sitting on the field.,yes,yes.
t2i,A girl is sitting on the field.,2393,2393,A girl is sitting on the field.,yes,yes.
t2i,A girl is sitting on the field.,1869,1869,A girl is sitting on the field.,yes,yes.
t2i,A girl is sitting on the field.,5525,5525,A girl is sitting on the field.,no,no.
t2i,A girl is sitting on the field.,6072,6072,A girl is sitting on the field.,no,no.
t2i,A girl is sitting on the field.,2054,2054,A girl is sitting on the field.,no,no.
t2i,A girl is sitting on the field.,735,735,A girl is sitting on the field.,no,no.
t2i,A girl is sitting on the field.,2980,2980,A girl is sitting on the field.,no,no.
t2i,A girl is sitting on the field.,4957,4957,A girl is sitting on the field.,no,no.
t2i,A girl is sitting on the field.,12908,12908,A girl is sitting on the field.,no,no.
t2i,A girl is sitting on the field.,4251,4251,A girl is sitting on the field.,yes,yes.
t2i,man walking in the alley,11427,11427,man walking in the alley,no,no.
t2i,man walking in the alley,13335,13335,man walking in the alley,no,no.
t2i,man walking in the alley,8323,8323,man walking in the alley,yes,yes.
t2i,man walking in the alley,3184,3184,man walking in the alley,no,no
t2i,man walking in the alley,3581,3581,man walking in the alley,no,no.
t2i,man walking in the alley,2154,2154,man walking in the alley,no,no.
t2i,man walking in the alley,10086,10086,man walking in the alley,yes,yes.
t2i,man walking in the alley,12108,12108,man walking in the alley,no,no.
t2i,man walking in the alley,10696,10696,man walking in the alley,no,no.
t2i,man walking in the alley,10726,10726,man walking in the alley,no,no.
t2i,man walking in the alley,149,149,man walking in the alley,yes,yes.
t2i,man walking in the alley,7831,7831,man walking in the alley,yes,yes.
t2i,man walking in the alley,2998,2998,man walking in the alley,yes,yes.
t2i,man walking in the alley,3183,3183,man walking in the alley,yes,yes.
t2i,man walking in the alley,13787,13787,man walking in the alley,yes,yes.
t2i,man walking in the alley,1018,1018,man walking in the alley,yes,yes.
t2i,man walking in the alley,3188,3188,man walking in the alley,yes,yes.
t2i,man walking in the alley,9932,9932,man walking in the alley,no,no.
t2i,man walking in the alley,9269,9269,man walking in the alley,no,no.
t2i,man walking in the alley,1056,1056,man walking in the alley,yes,yes.
t2i,man walking in the alley,3766,3766,man walking in the alley,no,no.
t2i,man walking in the alley,7299,7299,man walking in the alley,no,no.
t2i,man walking in the alley,366,366,man walking in the alley,no,no.
t2i,man walking in the alley,1292,1292,man walking in the alley,no,no
t2i,man walking in the alley,8734,8734,man walking in the alley,no,no.
t2i,man walking in the alley,11547,11547,man walking in the alley,yes,yes.
t2i,man walking in the alley,4546,4546,man walking in the alley,no,no.
t2i,man walking in the alley,9092,9092,man walking in the alley,yes,yes.
t2i,man walking in the alley,359,359,man walking in the alley,yes,yes.
t2i,A woman kayaking in a lake.,9174,9174,A woman kayaking in a lake.,yes,yes.
t2i,A woman kayaking in a lake.,10523,10523,A woman kayaking in a lake.,yes,yes.
t2i,A woman kayaking in a lake.,4752,4752,A woman kayaking in a lake.,no,no.
t2i,A woman kayaking in a lake.,6138,6138,A woman kayaking in a lake.,yes,yes.
t2i,A woman kayaking in a lake.,5527,5527,A woman kayaking in a lake.,no,no.
t2i,A woman kayaking in a lake.,10731,10731,A woman kayaking in a lake.,no,no.
t2i,A woman kayaking in a lake.,1862,1862,A woman kayaking in a lake.,no,no.
t2i,A woman kayaking in a lake.,5890,5890,A woman kayaking in a lake.,no,no.
t2i,A woman kayaking in a lake.,2327,2327,A woman kayaking in a lake.,no,no.
t2i,A woman kayaking in a lake.,1553,1553,A woman kayaking in a lake.,no,no.
t2i,A woman kayaking in a lake.,7837,7837,A woman kayaking in a lake.,yes,yes.
t2i,A woman kayaking in a lake.,6024,6024,A woman kayaking in a lake.,yes,yes.
t2i,A woman kayaking in a lake.,10131,10131,A woman kayaking in a lake.,no,no.
t2i,A woman kayaking in a lake.,10446,10446,A woman kayaking in a lake.,no,no.
t2i,A woman kayaking in a lake.,12471,12471,A woman kayaking in a lake.,no,no.
t2i,A woman kayaking in a lake.,9119,9119,A woman kayaking in a lake.,no,no.
t2i,A woman kayaking in a lake.,5904,5904,A woman kayaking in a lake.,no,no.
t2i,A woman kayaking in a lake.,4678,4678,A woman kayaking in a lake.,no,no.
t2i,A woman kayaking in a lake.,2672,2672,A woman kayaking in a lake.,no,no.
t2i,A woman kayaking in a lake.,6996,6996,A woman kayaking in a lake.,no,no.
t2i,A woman kayaking in a lake.,5295,5295,A woman kayaking in a lake.,no,no.
t2i,A girl is running on the street.,4654,4654,A girl is running on the street.,yes,yes.
t2i,A girl is running on the street.,3831,3831,A girl is running on the street.,yes,yes.
t2i,A girl is running on the street.,12832,12832,A girl is running on the street.,yes,yes.
t2i,A girl is running on the street.,10519,10519,A girl is running on the street.,yes,yes.
t2i,A girl is running on the street.,1977,1977,A girl is running on the street.,yes,yes.
t2i,A girl is running on the street.,7605,7605,A girl is running on the street.,yes,yes.
t2i,A girl is running on the street.,1903,1903,A girl is running on the street.,no,no.
t2i,A girl is running on the street.,9146,9146,A girl is running on the street.,yes,yes.
t2i,A girl is running on the street.,3121,3121,A girl is running on the street.,yes,yes.
t2i,A girl is running on the street.,2785,2785,A girl is running on the street.,yes,yes.
t2i,A girl is running on the street.,10383,10383,A girl is running on the street.,no,no.
t2i,A girl is running on the street.,1295,1295,A girl is running on the street.,yes,yes.
t2i,A girl is running on the street.,2422,2422,A girl is running on the street.,yes,yes.
t2i,A girl is running on the street.,10548,10548,A girl is running on the street.,no,no.
t2i,A girl is running on the street.,825,825,A girl is running on the street.,yes,yes.
t2i,A girl is running on the street.,4738,4738,A girl is running on the street.,yes,yes.
t2i,A girl is running on the street.,2622,2622,A girl is running on the street.,yes,yes.
t2i,A girl is running on the street.,4819,4819,A girl is running on the street.,no,no.
t2i,A girl is running on the street.,4643,4643,A girl is running on the street.,yes,yes.
t2i,A girl is running on the street.,1743,1743,A girl is running on the street.,no,no.
t2i,A girl is running on the street.,13230,13230,A girl is running on the street.,yes,yes.
t2i,A girl is running on the street.,79,79,A girl is running on the street.,yes,yes.
t2i,A girl is running on the street.,13481,13481,A girl is running on the street.,no,no.
t2i,A girl is running on the street.,569,569,A girl is running on the street.,no,no.
t2i,A girl is running on the street.,10339,10339,A girl is running on the street.,no,no.
t2i,A girl is running on the street.,9777,9777,A girl is running on the street.,yes,yes.
t2i,A girl is running on the street.,7725,7725,A girl is running on the street.,yes,yes.
t2i,A girl is running on the street.,397,397,A girl is running on the street.,no,no.
t2i,A girl is running on the street.,10840,10840,A girl is running on the street.,yes,yes.
t2i,A girl is running on the street.,4649,4649,A girl is running on the street.,yes,yes.
t2i,A girl is running on the street.,2169,2169,A girl is running on the street.,yes,yes.
t2i,A girl is running on the street.,9856,9856,A girl is running on the street.,yes,yes.
t2i,A girl is running on the street.,5579,5579,A girl is running on the street.,yes,yes.
t2i,A girl is running on the street.,7001,7001,A girl is running on the street.,yes,yes.
t2i,A girl is running on the street.,8098,8098,A girl is running on the street.,no,no.
t2i,A girl is running on the street.,12381,12381,A girl is running on the street.,no,no.
t2i,A girl is running on the street.,2188,2188,A girl is running on the street.,no,no.
t2i,A couple kiss in a meadow.,5666,5666,A couple kiss in a meadow.,yes,yes.
t2i,A couple kiss in a meadow.,9535,9535,A couple kiss in a meadow.,yes,yes.
t2i,A couple kiss in a meadow.,4740,4740,A couple kiss in a meadow.,yes,yes.
t2i,A couple kiss in a meadow.,4754,4754,A couple kiss in a meadow.,yes,yes.
t2i,A couple kiss in a meadow.,12495,12495,A couple kiss in a meadow.,no,no.
t2i,A couple kiss in a meadow.,8746,8746,A couple kiss in a meadow.,no,no.
t2i,A couple kiss in a meadow.,10591,10591,A couple kiss in a meadow.,yes,yes.
t2i,A couple kiss in a meadow.,3045,3045,A couple kiss in a meadow.,yes,yes.
t2i,A couple kiss in a meadow.,5082,5082,A couple kiss in a meadow.,yes,yes.
t2i,A couple kiss in a meadow.,11870,11870,A couple kiss in a meadow.,no,no.
t2i,A couple kiss in a meadow.,7214,7214,A couple kiss in a meadow.,no,no.
t2i,A couple kiss in a meadow.,11055,11055,A couple kiss in a meadow.,yes,yes.
t2i,A couple kiss in a meadow.,13815,13815,A couple kiss in a meadow.,no,no.
t2i,A couple kiss in a meadow.,10208,10208,A couple kiss in a meadow.,no,no.
t2i,A couple kiss in a meadow.,1432,1432,A couple kiss in a meadow.,no,no.
t2i,A couple kiss in a meadow.,5343,5343,A couple kiss in a meadow.,no,no.
t2i,A couple kiss in a meadow.,5665,5665,A couple kiss in a meadow.,no,no.
t2i,A couple kiss in a meadow.,6845,6845,A couple kiss in a meadow.,yes,yes.
t2i,A couple kiss in a meadow.,4080,4080,A couple kiss in a meadow.,no,no.
t2i,A couple kiss in a meadow.,8122,8122,A couple kiss in a meadow.,no,no.
t2i,A couple kiss in a meadow.,13266,13266,A couple kiss in a meadow.,no,no.
t2i,A couple kiss in a meadow.,10087,10087,A couple kiss in a meadow.,no,no.
t2i,A couple kiss in a meadow.,12330,12330,A couple kiss in a meadow.,no,no.
t2i,A couple kiss in a meadow.,5567,5567,A couple kiss in a meadow.,yes,yes.
t2i,A couple kiss in a meadow.,13138,13138,A couple kiss in a meadow.,no,no.
t2i,A couple kiss in a meadow.,12927,12927,A couple kiss in a meadow.,yes,yes.
t2i,man cook in kitchen,11875,11875,man cook in kitchen,yes,yes.
t2i,man cook in kitchen,5238,5238,man cook in kitchen,yes,yes.
t2i,man cook in kitchen,10177,10177,man cook in kitchen,yes,yes.
t2i,man cook in kitchen,3962,3962,man cook in kitchen,no,no
t2i,man cook in kitchen,12670,12670,man cook in kitchen,yes,yes.
t2i,man cook in kitchen,9778,9778,man cook in kitchen,yes,yes.
t2i,man cook in kitchen,12081,12081,man cook in kitchen,yes,yes.
t2i,man cook in kitchen,5102,5102,man cook in kitchen,yes,yes.
t2i,man cook in kitchen,12484,12484,man cook in kitchen,yes,yes.
t2i,man cook in kitchen,7436,7436,man cook in kitchen,yes,yes.
t2i,man cook in kitchen,12842,12842,man cook in kitchen,yes,yes.
t2i,man cook in kitchen,4483,4483,man cook in kitchen,yes,yes.
t2i,man cook in kitchen,1179,1179,man cook in kitchen,yes,yes.
t2i,man cook in kitchen,11535,11535,man cook in kitchen,yes,yes.
t2i,man cook in kitchen,5905,5905,man cook in kitchen,no,no.
t2i,man cook in kitchen,5367,5367,man cook in kitchen,yes,yes.
t2i,man cook in kitchen,1722,1722,man cook in kitchen,yes,yes.
t2i,man cook in kitchen,475,475,man cook in kitchen,yes,yes.
t2i,man cook in kitchen,14029,14029,man cook in kitchen,yes,yes.
t2i,man cook in kitchen,11129,11129,man cook in kitchen,no,no.
t2i,man cook in kitchen,1879,1879,man cook in kitchen,no,no.
t2i,man cook in kitchen,12602,12602,man cook in kitchen,yes,yes.
t2i,man cook in kitchen,11880,11880,man cook in kitchen,no,no.
t2i,man cook in kitchen,7956,7956,man cook in kitchen,yes,yes.
t2i,man cook in kitchen,7776,7776,man cook in kitchen,no,no.
t2i,man cook in kitchen,10453,10453,man cook in kitchen,no,no
t2i,man cook in kitchen,6476,6476,man cook in kitchen,yes,yes.
t2i,A puppy stands in the grass.,3003,3003,A puppy stands in the grass.,no,no.
t2i,A puppy stands in the grass.,5400,5400,A puppy stands in the grass.,no,no.
t2i,A puppy stands in the grass.,1970,1970,A puppy stands in the grass.,no,no.
t2i,A puppy stands in the grass.,1620,1620,A puppy stands in the grass.,no,no.
t2i,A puppy stands in the grass.,7581,7581,A puppy stands in the grass.,no,no.
t2i,A puppy stands in the grass.,1988,1988,A puppy stands in the grass.,no,no.
t2i,A puppy stands in the grass.,2794,2794,A puppy stands in the grass.,no,no.
t2i,A puppy stands in the grass.,4439,4439,A puppy stands in the grass.,no,no.
t2i,A puppy stands in the grass.,1704,1704,A puppy stands in the grass.,yes,yes.
t2i,A puppy stands in the grass.,1658,1658,A puppy stands in the grass.,no,no.
t2i,A puppy stands in the grass.,1637,1637,A puppy stands in the grass.,yes,yes.
t2i,A puppy stands in the grass.,5048,5048,A puppy stands in the grass.,no,no.
t2i,A puppy stands in the grass.,9361,9361,A puppy stands in the grass.,yes,yes.
t2i,A puppy stands in the grass.,5401,5401,A puppy stands in the grass.,yes,yes.
t2i,A puppy stands in the grass.,5621,5621,A puppy stands in the grass.,yes,yes.
t2i,A puppy stands in the grass.,83,83,A puppy stands in the grass.,yes,yes.
t2i,A puppy stands in the grass.,4639,4639,A puppy stands in the grass.,no,no.
t2i,A puppy stands in the grass.,11899,11899,A puppy stands in the grass.,no,no.
t2i,A puppy stands in the grass.,7580,7580,A puppy stands in the grass.,yes,yes.
t2i,A puppy stands in the grass.,4638,4638,A puppy stands in the grass.,yes,yes.
t2i,A puppy stands in the grass.,12178,12178,A puppy stands in the grass.,yes,yes.
t2i,A puppy stands in the grass.,3606,3606,A puppy stands in the grass.,no,no.
t2i,A puppy stands in the grass.,1674,1674,A puppy stands in the grass.,no,no.
t2i,A puppy stands in the grass.,1116,1116,A puppy stands in the grass.,no,no.
t2i,A man walking in a forest.,1948,1948,A man walking in a forest.,yes,yes.
t2i,A man walking in a forest.,1327,1327,A man walking in a forest.,yes,yes.
t2i,A man walking in a forest.,2333,2333,A man walking in a forest.,yes,yes.
t2i,A man walking in a forest.,8413,8413,A man walking in a forest.,yes,yes.
t2i,A man walking in a forest.,961,961,A man walking in a forest.,no,no.
t2i,A man walking in a forest.,3390,3390,A man walking in a forest.,yes,yes.
t2i,A man walking in a forest.,667,667,A man walking in a forest.,yes,yes.
t2i,A man walking in a forest.,1645,1645,A man walking in a forest.,yes,yes.
t2i,A man walking in a forest.,2060,2060,A man walking in a forest.,no,no.
t2i,A man walking in a forest.,1061,1061,A man walking in a forest.,no,no.
t2i,A man walking in a forest.,366,366,A man walking in a forest.,yes,yes.
t2i,A man walking in a forest.,10933,10933,A man walking in a forest.,yes,yes.
t2i,A man walking in a forest.,8314,8314,A man walking in a forest.,yes,yes.
t2i,A man walking in a forest.,7120,7120,A man walking in a forest.,yes,yes.
t2i,A man walking in a forest.,3345,3345,A man walking in a forest.,yes,yes.
t2i,A man walking in a forest.,7544,7544,A man walking in a forest.,no,no.
t2i,A man walking in a forest.,1150,1150,A man walking in a forest.,no,no.
t2i,A man walking in a forest.,11473,11473,A man walking in a forest.,yes,yes.
t2i,A man walking in a forest.,749,749,A man walking in a forest.,yes,yes.
t2i,A man walking in a forest.,3722,3722,A man walking in a forest.,yes,yes.
t2i,A man walking in a forest.,2826,2826,A man walking in a forest.,yes,yes.
t2i,A man walking in a forest.,7676,7676,A man walking in a forest.,no,no.
t2i,A man walking in a forest.,13456,13456,A man walking in a forest.,yes,yes.
t2i,A man walking in a forest.,1724,1724,A man walking in a forest.,yes,yes.
t2i,A man walking in a forest.,3674,3674,A man walking in a forest.,yes,yes.
t2i,A man walking in a forest.,743,743,A man walking in a forest.,yes,yes.
t2i,A man walking in a forest.,855,855,A man walking in a forest.,yes,yes.
t2i,A man walking in a forest.,8333,8333,A man walking in a forest.,yes,yes.
t2i,The dressed up actors take a pose.,3312,3312,The dressed up actors take a pose.,yes,yes.
t2i,The dressed up actors take a pose.,1957,1957,The dressed up actors take a pose.,yes,yes.
t2i,The dressed up actors take a pose.,3957,3957,The dressed up actors take a pose.,no,no.
t2i,The dressed up actors take a pose.,4178,4178,The dressed up actors take a pose.,yes,yes.
t2i,The dressed up actors take a pose.,7358,7358,The dressed up actors take a pose.,no,no.
t2i,The dressed up actors take a pose.,10894,10894,The dressed up actors take a pose.,yes,yes.
t2i,The dressed up actors take a pose.,4136,4136,The dressed up actors take a pose.,yes,yes.
t2i,The dressed up actors take a pose.,13760,13760,The dressed up actors take a pose.,yes,yes.
t2i,The dressed up actors take a pose.,9773,9773,The dressed up actors take a pose.,no,no.
t2i,The dressed up actors take a pose.,5356,5356,The dressed up actors take a pose.,yes,yes.
t2i,The dressed up actors take a pose.,5369,5369,The dressed up actors take a pose.,yes,yes.
t2i,The dressed up actors take a pose.,5807,5807,The dressed up actors take a pose.,yes,yes.
t2i,The dressed up actors take a pose.,10802,10802,The dressed up actors take a pose.,yes,yes.
t2i,The dressed up actors take a pose.,7833,7833,The dressed up actors take a pose.,yes,yes.
t2i,The dressed up actors take a pose.,10148,10148,The dressed up actors take a pose.,yes,yes.
t2i,The dressed up actors take a pose.,13770,13770,The dressed up actors take a pose.,no,no.
t2i,The dressed up actors take a pose.,2862,2862,The dressed up actors take a pose.,no,no.
t2i,The dressed up actors take a pose.,12565,12565,The dressed up actors take a pose.,no,no.
t2i,The dressed up actors take a pose.,11895,11895,The dressed up actors take a pose.,yes,yes.
t2i,The dressed up actors take a pose.,11835,11835,The dressed up actors take a pose.,yes,yes.
t2i,The dressed up actors take a pose.,10862,10862,The dressed up actors take a pose.,yes,yes.
t2i,The dressed up actors take a pose.,12247,12247,The dressed up actors take a pose.,no,no.
t2i,The dressed up actors take a pose.,9542,9542,The dressed up actors take a pose.,yes,yes.
t2i,The dressed up actors take a pose.,13391,13391,The dressed up actors take a pose.,yes,yes.
t2i,The dressed up actors take a pose.,12775,12775,The dressed up actors take a pose.,yes,yes.
t2i,The dressed up actors take a pose.,2490,2490,The dressed up actors take a pose.,yes,yes.
t2i,The dressed up actors take a pose.,4433,4433,The dressed up actors take a pose.,yes,yes.
t2i,The dressed up actors take a pose.,8921,8921,The dressed up actors take a pose.,yes,yes.
t2i,The dressed up actors take a pose.,12866,12866,The dressed up actors take a pose.,yes,yes.
t2i,The dressed up actors take a pose.,4434,4434,The dressed up actors take a pose.,no,no.
t2i,The dressed up actors take a pose.,3930,3930,The dressed up actors take a pose.,yes,yes.
t2i,The dressed up actors take a pose.,3335,3335,The dressed up actors take a pose.,yes,yes.
t2i,The dressed up actors take a pose.,8993,8993,The dressed up actors take a pose.,yes,yes.
t2i,The dressed up actors take a pose.,13269,13269,The dressed up actors take a pose.,yes,yes.
t2i,The dressed up actors take a pose.,10145,10145,The dressed up actors take a pose.,yes,yes.
t2i,The dressed up actors take a pose.,13195,13195,The dressed up actors take a pose.,yes,yes.
t2i,The dressed up actors take a pose.,9827,9827,The dressed up actors take a pose.,yes,yes.
t2i,The dressed up actors take a pose.,4112,4112,The dressed up actors take a pose.,yes,yes.
t2i,The dressed up actors take a pose.,4348,4348,The dressed up actors take a pose.,yes,yes.
t2i,The dressed up actors take a pose.,13873,13873,The dressed up actors take a pose.,no,no
t2i,The dressed up actors take a pose.,435,435,The dressed up actors take a pose.,yes,yes.
t2i,The dressed up actors take a pose.,414,414,The dressed up actors take a pose.,yes,yes.
t2i,The dressed up actors take a pose.,1322,1322,The dressed up actors take a pose.,no,no.
t2i,The dressed up actors take a pose.,9419,9419,The dressed up actors take a pose.,yes,yes.
t2i,The dressed up actors take a pose.,7429,7429,The dressed up actors take a pose.,yes,yes.
t2i,The dressed up actors take a pose.,2987,2987,The dressed up actors take a pose.,yes,yes.
t2i,The dressed up actors take a pose.,4154,4154,The dressed up actors take a pose.,yes,yes.
t2i,The dressed up actors take a pose.,13738,13738,The dressed up actors take a pose.,yes,yes.
t2i,The dressed up actors take a pose.,13113,13113,The dressed up actors take a pose.,no,no.
t2i,The dressed up actors take a pose.,9511,9511,The dressed up actors take a pose.,yes,yes.
t2i,The dressed up actors take a pose.,4290,4290,The dressed up actors take a pose.,yes,yes.
t2i,A person jumps in front of a background.,10110,10110,A person jumps in front of a background.,yes,yes.
t2i,A person jumps in front of a background.,3265,3265,A person jumps in front of a background.,yes,yes.
t2i,A person jumps in front of a background.,3370,3370,A person jumps in front of a background.,yes,yes.
t2i,A person jumps in front of a background.,8247,8247,A person jumps in front of a background.,yes,yes.
t2i,A person jumps in front of a background.,7981,7981,A person jumps in front of a background.,yes,yes.
t2i,A person jumps in front of a background.,3190,3190,A person jumps in front of a background.,yes,yes.
t2i,A person jumps in front of a background.,2283,2283,A person jumps in front of a background.,yes,yes.
t2i,A person jumps in front of a background.,4819,4819,A person jumps in front of a background.,yes,yes.
t2i,A person jumps in front of a background.,12373,12373,A person jumps in front of a background.,yes,yes.
t2i,A person jumps in front of a background.,7741,7741,A person jumps in front of a background.,yes,yes.
t2i,A person jumps in front of a background.,6706,6706,A person jumps in front of a background.,yes,yes.
t2i,A person jumps in front of a background.,9139,9139,A person jumps in front of a background.,yes,yes.
t2i,A person jumps in front of a background.,8748,8748,A person jumps in front of a background.,yes,yes.
t2i,A person jumps in front of a background.,6217,6217,A person jumps in front of a background.,yes,yes.
t2i,A person jumps in front of a background.,9906,9906,A person jumps in front of a background.,yes,yes.
t2i,A person jumps in front of a background.,7822,7822,A person jumps in front of a background.,yes,yes.
t2i,A person jumps in front of a background.,6633,6633,A person jumps in front of a background.,yes,yes.
t2i,A person jumps in front of a background.,4964,4964,A person jumps in front of a background.,yes,yes.
t2i,A person jumps in front of a background.,7764,7764,A person jumps in front of a background.,yes,yes.
t2i,A person jumps in front of a background.,6187,6187,A person jumps in front of a background.,yes,yes.
t2i,A person jumps in front of a background.,6245,6245,A person jumps in front of a background.,yes,yes.
t2i,A person jumps in front of a background.,13270,13270,A person jumps in front of a background.,yes,yes.
t2i,A person jumps in front of a background.,5531,5531,A person jumps in front of a background.,yes,yes.
t2i,A person jumps in front of a background.,10713,10713,A person jumps in front of a background.,yes,yes.
t2i,A person jumps in front of a background.,2462,2462,A person jumps in front of a background.,no,no.
t2i,A person jumps in front of a background.,12124,12124,A person jumps in front of a background.,yes,yes.
t2i,A person jumps in front of a background.,12380,12380,A person jumps in front of a background.,yes,yes.
t2i,A person jumps in front of a background.,14005,14005,A person jumps in front of a background.,yes,yes.
t2i,A person jumps in front of a background.,31,31,A person jumps in front of a background.,yes,yes.
t2i,A person jumps in front of a background.,2619,2619,A person jumps in front of a background.,yes,yes.
t2i,A person jumps in front of a background.,10660,10660,A person jumps in front of a background.,yes,yes.
t2i,A person jumps in front of a background.,8332,8332,A person jumps in front of a background.,yes,yes.
t2i,A person jumps in front of a background.,5830,5830,A person jumps in front of a background.,yes,yes.
t2i,A person jumps in front of a background.,6878,6878,A person jumps in front of a background.,yes,yes.
t2i,A person jumps in front of a background.,11748,11748,A person jumps in front of a background.,yes,yes.
t2i,A person jumps in front of a background.,3950,3950,A person jumps in front of a background.,yes,yes.
t2i,Players walking onto the pitch.,10508,10508,Players walking onto the pitch.,yes,yes.
t2i,Players walking onto the pitch.,2775,2775,Players walking onto the pitch.,no,no.
t2i,Players walking onto the pitch.,3380,3380,Players walking onto the pitch.,yes,yes.
t2i,Players walking onto the pitch.,2827,2827,Players walking onto the pitch.,no,no.
t2i,Players walking onto the pitch.,12298,12298,Players walking onto the pitch.,no,no.
t2i,Players walking onto the pitch.,2609,2609,Players walking onto the pitch.,yes,yes.
t2i,Players walking onto the pitch.,12994,12994,Players walking onto the pitch.,yes,yes.
t2i,Players walking onto the pitch.,12698,12698,Players walking onto the pitch.,yes,yes.
t2i,Players walking onto the pitch.,5198,5198,Players walking onto the pitch.,yes,yes.
t2i,Players walking onto the pitch.,6395,6395,Players walking onto the pitch.,yes,yes.
t2i,Players walking onto the pitch.,1380,1380,Players walking onto the pitch.,yes,yes.
t2i,Players walking onto the pitch.,3997,3997,Players walking onto the pitch.,no,no.
t2i,Players walking onto the pitch.,13490,13490,Players walking onto the pitch.,yes,yes.
t2i,Players walking onto the pitch.,10621,10621,Players walking onto the pitch.,no,no.
t2i,Players walking onto the pitch.,7009,7009,Players walking onto the pitch.,no,no.
t2i,Players walking onto the pitch.,11117,11117,Players walking onto the pitch.,no,no.
t2i,Players walking onto the pitch.,5256,5256,Players walking onto the pitch.,yes,yes.
t2i,Players walking onto the pitch.,6533,6533,Players walking onto the pitch.,no,no.
t2i,Players walking onto the pitch.,5705,5705,Players walking onto the pitch.,yes,yes.
t2i,Players walking onto the pitch.,3932,3932,Players walking onto the pitch.,yes,yes.
t2i,Players walking onto the pitch.,5235,5235,Players walking onto the pitch.,yes,yes.
t2i,Players walking onto the pitch.,1124,1124,Players walking onto the pitch.,yes,yes.
t2i,Players walking onto the pitch.,8265,8265,Players walking onto the pitch.,no,no.
t2i,Players walking onto the pitch.,1973,1973,Players walking onto the pitch.,no,no.
t2i,Players walking onto the pitch.,13407,13407,Players walking onto the pitch.,no,no.
t2i,Players walking onto the pitch.,346,346,Players walking onto the pitch.,no,no.
t2i,Players walking onto the pitch.,3237,3237,Players walking onto the pitch.,no,no.
t2i,Players walking onto the pitch.,10839,10839,Players walking onto the pitch.,no,no.
t2i,Players walking onto the pitch.,11765,11765,Players walking onto the pitch.,no,no.
t2i,Players walking onto the pitch.,10510,10510,Players walking onto the pitch.,yes,yes.
t2i,Players walking onto the pitch.,8586,8586,Players walking onto the pitch.,yes,yes.
t2i,Players walking onto the pitch.,4010,4010,Players walking onto the pitch.,no,no.
t2i,Players walking onto the pitch.,4587,4587,Players walking onto the pitch.,yes,yes.
t2i,Players walking onto the pitch.,12873,12873,Players walking onto the pitch.,no,no.
t2i,Players walking onto the pitch.,6614,6614,Players walking onto the pitch.,no,no.
t2i,Players walking onto the pitch.,1499,1499,Players walking onto the pitch.,no,no.
t2i,Players walking onto the pitch.,12699,12699,Players walking onto the pitch.,yes,yes.
t2i,Players walking onto the pitch.,3845,3845,Players walking onto the pitch.,yes,yes.
t2i,Players walking onto the pitch.,3841,3841,Players walking onto the pitch.,yes,yes.
t2i,Players walking onto the pitch.,5802,5802,Players walking onto the pitch.,no,no.
t2i,Players walking onto the pitch.,3554,3554,Players walking onto the pitch.,no,no.
t2i,Players walking onto the pitch.,9250,9250,Players walking onto the pitch.,yes,yes.
t2i,Players walking onto the pitch.,12650,12650,Players walking onto the pitch.,yes,yes.
t2i,A man sits at a desk.,532,532,A man sits at a desk.,yes,yes.
t2i,A man sits at a desk.,1171,1171,A man sits at a desk.,yes,yes.
t2i,A man sits at a desk.,13863,13863,A man sits at a desk.,no,no.
t2i,A man sits at a desk.,14025,14025,A man sits at a desk.,no,no.
t2i,A man sits at a desk.,298,298,A man sits at a desk.,no,no.
t2i,A man sits at a desk.,701,701,A man sits at a desk.,no,no.
t2i,A man sits at a desk.,3493,3493,A man sits at a desk.,no,no.
t2i,A man sits at a desk.,11976,11976,A man sits at a desk.,no,no.
t2i,A man sits at a desk.,2719,2719,A man sits at a desk.,no,no.
t2i,A man sits at a desk.,3538,3538,A man sits at a desk.,yes,yes.
t2i,A man sits at a desk.,826,826,A man sits at a desk.,yes,yes.
t2i,A man sits at a desk.,9295,9295,A man sits at a desk.,yes,yes.
t2i,A man sits at a desk.,10226,10226,A man sits at a desk.,yes,yes.
t2i,A man sits at a desk.,583,583,A man sits at a desk.,yes,yes.
t2i,A man sits at a desk.,7870,7870,A man sits at a desk.,no,no.
t2i,A man sits at a desk.,8209,8209,A man sits at a desk.,no,no.
t2i,A man sits at a desk.,6797,6797,A man sits at a desk.,yes,yes.
t2i,A man sits at a desk.,8501,8501,A man sits at a desk.,no,no.
t2i,A man sits at a desk.,9080,9080,A man sits at a desk.,no,no.
t2i,A man sits at a desk.,7182,7182,A man sits at a desk.,no,no.
t2i,A man sits at a desk.,3435,3435,A man sits at a desk.,yes,yes.
t2i,A man sits at a desk.,8763,8763,A man sits at a desk.,yes,yes.
t2i,A man sits at a desk.,8114,8114,A man sits at a desk.,no,no.
t2i,A man sits at a desk.,10374,10374,A man sits at a desk.,yes,yes.
t2i,A man sits at a desk.,9884,9884,A man sits at a desk.,yes,yes.
t2i,A man sits at a desk.,13695,13695,A man sits at a desk.,no,no.
t2i,A man sits at a desk.,3356,3356,A man sits at a desk.,no,no.
t2i,A man sits at a desk.,3191,3191,A man sits at a desk.,yes,yes.
t2i,A man sits at a desk.,831,831,A man sits at a desk.,yes,yes.
t2i,A man sits at a desk.,11681,11681,A man sits at a desk.,no,no.
t2i,A man sits at a desk.,174,174,A man sits at a desk.,no,no.
t2i,A man sits at a desk.,3673,3673,A man sits at a desk.,no,no.
t2i,A man sits at a desk.,1541,1541,A man sits at a desk.,yes,yes.
t2i,A man sits at a desk.,8483,8483,A man sits at a desk.,no,no.
t2i,A man sits at a desk.,5740,5740,A man sits at a desk.,no,no.
t2i,A man sits at a desk.,3428,3428,A man sits at a desk.,no,no.
t2i,A man sits at a desk.,1289,1289,A man sits at a desk.,no,no.
t2i,The person sit in the window opposite side,4855,4855,The person sit in the window opposite side,no,no.
t2i,The person sit in the window opposite side,7944,7944,The person sit in the window opposite side,yes,yes.
t2i,The person sit in the window opposite side,3729,3729,The person sit in the window opposite side,yes,yes.
t2i,The person sit in the window opposite side,144,144,The person sit in the window opposite side,no,no
t2i,The person sit in the window opposite side,9825,9825,The person sit in the window opposite side,no,no
t2i,The person sit in the window opposite side,10053,10053,The person sit in the window opposite side,yes,yes.
t2i,The person sit in the window opposite side,9874,9874,The person sit in the window opposite side,no,no.
t2i,The person sit in the window opposite side,3393,3393,The person sit in the window opposite side,yes,yes.
t2i,The person sit in the window opposite side,11848,11848,The person sit in the window opposite side,yes,yes.
t2i,The person sit in the window opposite side,6152,6152,The person sit in the window opposite side,no,no.
t2i,The person sit in the window opposite side,3749,3749,The person sit in the window opposite side,no,no.
t2i,The person sit in the window opposite side,4914,4914,The person sit in the window opposite side,no,no.
t2i,The person sit in the window opposite side,9035,9035,The person sit in the window opposite side,yes,yes.
t2i,The person sit in the window opposite side,7717,7717,The person sit in the window opposite side,no,no.
t2i,The person sit in the window opposite side,14087,14087,The person sit in the window opposite side,yes,yes.
t2i,The person sit in the window opposite side,11303,11303,The person sit in the window opposite side,no,no.
t2i,The person sit in the window opposite side,2081,2081,The person sit in the window opposite side,yes,yes.
t2i,The person sit in the window opposite side,7492,7492,The person sit in the window opposite side,yes,yes.
t2i,The person sit in the window opposite side,6121,6121,The person sit in the window opposite side,yes,yes.
t2i,The person sit in the window opposite side,4548,4548,The person sit in the window opposite side,no,no.
t2i,The person sit in the window opposite side,3394,3394,The person sit in the window opposite side,no,no.
t2i,The person sit in the window opposite side,7882,7882,The person sit in the window opposite side,no,no
t2i,The person sit in the window opposite side,11954,11954,The person sit in the window opposite side,no,no.
t2i,The person sit in the window opposite side,2706,2706,The person sit in the window opposite side,no,no.
t2i,The person sit in the window opposite side,6497,6497,The person sit in the window opposite side,no,no.
t2i,The person sit in the window opposite side,12767,12767,The person sit in the window opposite side,yes,yes.
t2i,The person sit in the window opposite side,9471,9471,The person sit in the window opposite side,yes,yes.
t2i,The person sit in the window opposite side,1610,1610,The person sit in the window opposite side,yes,yes.
t2i,The person sit in the window opposite side,3344,3344,The person sit in the window opposite side,no,no.
t2i,The person sit in the window opposite side,13210,13210,The person sit in the window opposite side,no,no.
t2i,The person sit in the window opposite side,2869,2869,The person sit in the window opposite side,yes,yes.
t2i,The person sit in the window opposite side,11302,11302,The person sit in the window opposite side,yes,yes.
t2i,The person sit in the window opposite side,5574,5574,The person sit in the window opposite side,no,no.
t2i,The person sit in the window opposite side,12970,12970,The person sit in the window opposite side,no,no.
t2i,The person sit in the window opposite side,6177,6177,The person sit in the window opposite side,no,no.
t2i,The person sit in the window opposite side,7491,7491,The person sit in the window opposite side,no,no.
t2i,The person sit in the window opposite side,753,753,The person sit in the window opposite side,yes,yes.
t2i,The person sit in the window opposite side,5860,5860,The person sit in the window opposite side,no,no
t2i,A person working with a team,11965,11965,A person working with a team,no,no.
t2i,A person working with a team,12204,12204,A person working with a team,yes,yes.
t2i,A person working with a team,8251,8251,A person working with a team,no,no.
t2i,A person working with a team,7347,7347,A person working with a team,no,no.
t2i,A person working with a team,1957,1957,A person working with a team,no,no.
t2i,A person working with a team,9170,9170,A person working with a team,no,no.
t2i,A person working with a team,12708,12708,A person working with a team,no,no.
t2i,A person working with a team,1171,1171,A person working with a team,no,no.
t2i,A person working with a team,1046,1046,A person working with a team,no,no.
t2i,A person working with a team,2654,2654,A person working with a team,no,no.
t2i,A person working with a team,11765,11765,A person working with a team,yes,yes.
t2i,A person working with a team,2666,2666,A person working with a team,no,no.
t2i,A person working with a team,9769,9769,A person working with a team,yes,yes.
t2i,A person working with a team,10995,10995,A person working with a team,yes,yes.
t2i,A person working with a team,11363,11363,A person working with a team,no,no.
t2i,A person working with a team,9501,9501,A person working with a team,no,no.
t2i,A person working with a team,6227,6227,A person working with a team,yes,yes.
t2i,A person working with a team,8656,8656,A person working with a team,no,no
t2i,A person working with a team,5610,5610,A person working with a team,yes,yes.
t2i,A person working with a team,6246,6246,A person working with a team,no,no.
t2i,A person working with a team,6557,6557,A person working with a team,yes,yes.
t2i,A person working with a team,10813,10813,A person working with a team,yes,yes.
t2i,A person working with a team,8583,8583,A person working with a team,no,no.
t2i,A person working with a team,10299,10299,A person working with a team,yes,yes.
t2i,A person working with a team,1185,1185,A person working with a team,yes,yes.
t2i,A person working with a team,7585,7585,A person working with a team,yes,yes.
t2i,A person working with a team,10537,10537,A person working with a team,no,no.
t2i,A person working with a team,13443,13443,A person working with a team,yes,yes.
t2i,A person working with a team,9080,9080,A person working with a team,yes,yes.
t2i,A person working with a team,8960,8960,A person working with a team,no,no.
t2i,A person working with a team,6062,6062,A person working with a team,yes,yes.
t2i,A person working with a team,3525,3525,A person working with a team,yes,yes.
t2i,A person working with a team,9000,9000,A person working with a team,no,no.
t2i,A person working with a team,8341,8341,A person working with a team,no,no
t2i,A person working with a team,7691,7691,A person working with a team,no,no.
t2i,A person working with a team,13575,13575,A person working with a team,no,no.
t2i,A person working with a team,9934,9934,A person working with a team,no,no.
t2i,A person working with a team,3487,3487,A person working with a team,no,no.
t2i,A person working with a team,12761,12761,A person working with a team,no,no.
t2i,A person working with a team,185,185,A person working with a team,no,no.
t2i,A woman lies on a sofa.,12588,12588,A woman lies on a sofa.,yes,yes.
t2i,A woman lies on a sofa.,7118,7118,A woman lies on a sofa.,no,no.
t2i,A woman lies on a sofa.,6965,6965,A woman lies on a sofa.,yes,yes.
t2i,A woman lies on a sofa.,13898,13898,A woman lies on a sofa.,yes,yes.
t2i,A woman lies on a sofa.,11045,11045,A woman lies on a sofa.,yes,yes.
t2i,A woman lies on a sofa.,752,752,A woman lies on a sofa.,no,no.
t2i,A woman lies on a sofa.,10492,10492,A woman lies on a sofa.,yes,yes.
t2i,A woman lies on a sofa.,3389,3389,A woman lies on a sofa.,yes,yes.
t2i,A woman lies on a sofa.,1555,1555,A woman lies on a sofa.,yes,yes.
t2i,A woman lies on a sofa.,13463,13463,A woman lies on a sofa.,yes,yes.
t2i,A woman lies on a sofa.,13588,13588,A woman lies on a sofa.,yes,yes.
t2i,A woman lies on a sofa.,13652,13652,A woman lies on a sofa.,yes,yes.
t2i,A woman lies on a sofa.,3619,3619,A woman lies on a sofa.,yes,yes.
t2i,A woman lies on a sofa.,3466,3466,A woman lies on a sofa.,yes,yes.
t2i,A woman lies on a sofa.,5714,5714,A woman lies on a sofa.,yes,yes.
t2i,A woman lies on a sofa.,10506,10506,A woman lies on a sofa.,yes,yes.
t2i,A woman lies on a sofa.,2841,2841,A woman lies on a sofa.,yes,yes.
t2i,A woman lies on a sofa.,2451,2451,A woman lies on a sofa.,no,no.
t2i,A woman lies on a sofa.,14074,14074,A woman lies on a sofa.,no,no.
t2i,A woman lies on a sofa.,11812,11812,A woman lies on a sofa.,yes,yes.
t2i,A woman lies on a sofa.,13604,13604,A woman lies on a sofa.,yes,yes.
t2i,A woman lies on a sofa.,2523,2523,A woman lies on a sofa.,no,no.
t2i,A woman lies on a sofa.,9399,9399,A woman lies on a sofa.,no,no.
t2i,A woman lies on a sofa.,11244,11244,A woman lies on a sofa.,yes,yes.
t2i,A woman lies on a sofa.,1992,1992,A woman lies on a sofa.,yes,yes.
t2i,A woman lies on a sofa.,1301,1301,A woman lies on a sofa.,yes,yes.
t2i,A woman lies on a sofa.,1801,1801,A woman lies on a sofa.,yes,yes.
t2i,A woman lies on a sofa.,1733,1733,A woman lies on a sofa.,yes,yes.
t2i,A woman lies on a sofa.,11592,11592,A woman lies on a sofa.,yes,yes.
t2i,player score a goal,4503,4503,player score a goal,no,no
t2i,player score a goal,4882,4882,player score a goal,no,no
t2i,player score a goal,4541,4541,player score a goal,no,no.
t2i,player score a goal,11121,11121,player score a goal,no,no.
t2i,player score a goal,11186,11186,player score a goal,no,no.
t2i,player score a goal,13296,13296,player score a goal,yes,yes.
t2i,player score a goal,10968,10968,player score a goal,no,no.
t2i,player score a goal,1556,1556,player score a goal,no,no.
t2i,player score a goal,13045,13045,player score a goal,no,no
t2i,player score a goal,2266,2266,player score a goal,no,no
t2i,player score a goal,13793,13793,player score a goal,no,no
t2i,player score a goal,5703,5703,player score a goal,no,no
t2i,player score a goal,11558,11558,player score a goal,yes,yes.
t2i,player score a goal,7582,7582,player score a goal,yes,yes.
t2i,player score a goal,9661,9661,player score a goal,yes,yes.
t2i,player score a goal,3427,3427,player score a goal,no,no.
t2i,player score a goal,1348,1348,player score a goal,no,no
t2i,player score a goal,262,262,player score a goal,no,no.
t2i,player score a goal,9979,9979,player score a goal,no,no
t2i,player score a goal,9247,9247,player score a goal,no,no
t2i,player score a goal,12845,12845,player score a goal,no,no
t2i,player score a goal,3626,3626,player score a goal,no,no.
t2i,player score a goal,4948,4948,player score a goal,no,no.
t2i,player score a goal,4417,4417,player score a goal,no,no.
t2i,player score a goal,4306,4306,player score a goal,yes,yes.
t2i,player score a goal,11523,11523,player score a goal,no,no
t2i,player score a goal,5874,5874,player score a goal,no,no.
t2i,player score a goal,1631,1631,player score a goal,no,no
t2i,player score a goal,6557,6557,player score a goal,no,no
t2i,player score a goal,7524,7524,player score a goal,yes,yes.
t2i,player score a goal,3153,3153,player score a goal,no,no
t2i,player score a goal,509,509,player score a goal,no,no.
t2i,player score a goal,9267,9267,player score a goal,no,no
t2i,player score a goal,6882,6882,player score a goal,no,no.
t2i,player score a goal,1629,1629,player score a goal,yes,yes.
t2i,player score a goal,8654,8654,player score a goal,yes,yes.
t2i,player score a goal,1424,1424,player score a goal,yes,yes.
t2i,player score a goal,3259,3259,player score a goal,yes,yes.
t2i,player score a goal,4414,4414,player score a goal,yes,yes.
t2i,player score a goal,4981,4981,player score a goal,yes,yes.
t2i,player score a goal,3154,3154,player score a goal,yes,yes.
t2i,player score a goal,2204,2204,player score a goal,yes,yes.
t2i,player score a goal,4356,4356,player score a goal,yes,yes.
t2i,player score a goal,6764,6764,player score a goal,no,no
t2i,player score a goal,9970,9970,player score a goal,yes,yes.
t2i,A person sits on a rock.,7799,7799,A person sits on a rock.,yes,yes.
t2i,A person sits on a rock.,9099,9099,A person sits on a rock.,yes,yes.
t2i,A person sits on a rock.,6081,6081,A person sits on a rock.,yes,yes.
t2i,A person sits on a rock.,12518,12518,A person sits on a rock.,yes,yes.
t2i,A person sits on a rock.,8709,8709,A person sits on a rock.,yes,yes.
t2i,A person sits on a rock.,6553,6553,A person sits on a rock.,yes,yes.
t2i,A person sits on a rock.,5154,5154,A person sits on a rock.,yes,yes.
t2i,A person sits on a rock.,8281,8281,A person sits on a rock.,yes,yes.
t2i,A person sits on a rock.,1707,1707,A person sits on a rock.,yes,yes.
t2i,A person sits on a rock.,10883,10883,A person sits on a rock.,yes,yes.
t2i,A person sits on a rock.,8437,8437,A person sits on a rock.,yes,yes.
t2i,A person sits on a rock.,3615,3615,A person sits on a rock.,yes,yes.
t2i,A person sits on a rock.,7417,7417,A person sits on a rock.,yes,yes.
t2i,A person sits on a rock.,12199,12199,A person sits on a rock.,no,no.
t2i,A person sits on a rock.,9676,9676,A person sits on a rock.,yes,yes.
t2i,A person sits on a rock.,9962,9962,A person sits on a rock.,yes,yes.
t2i,A person sits on a rock.,7635,7635,A person sits on a rock.,yes,yes.
t2i,A person sits on a rock.,4803,4803,A person sits on a rock.,no,no.
t2i,A person sits on a rock.,12663,12663,A person sits on a rock.,no,no.
t2i,A person sits on a rock.,8607,8607,A person sits on a rock.,yes,yes.
t2i,A person sits on a rock.,8220,8220,A person sits on a rock.,no,no.
t2i,A person sits on a rock.,13601,13601,A person sits on a rock.,yes,yes.
t2i,A person sits on a rock.,57,57,A person sits on a rock.,yes,yes.
t2i,A person sits on a rock.,10821,10821,A person sits on a rock.,no,no.
t2i,A person sits on a rock.,5120,5120,A person sits on a rock.,yes,yes.
t2i,A person sits on a rock.,10596,10596,A person sits on a rock.,no,no.
t2i,A person sits on a rock.,2151,2151,A person sits on a rock.,yes,yes.
t2i,A person sits on a rock.,2020,2020,A person sits on a rock.,yes,yes.
t2i,A person sits on a rock.,9284,9284,A person sits on a rock.,yes,yes.
t2i,A person sits on a rock.,11240,11240,A person sits on a rock.,yes,yes.
t2i,A person sits on a rock.,4437,4437,A person sits on a rock.,yes,yes.
t2i,A person sits on a rock.,12964,12964,A person sits on a rock.,yes,yes.
t2i,A person sits on a rock.,5162,5162,A person sits on a rock.,yes,yes.
t2i,A person sits on a rock.,235,235,A person sits on a rock.,no,no.
t2i,A person sits on a rock.,6406,6406,A person sits on a rock.,no,no.
t2i,A person sits on a rock.,8507,8507,A person sits on a rock.,no,no.
t2i,A person sits on a rock.,7233,7233,A person sits on a rock.,yes,yes.
t2i,A person sits on a rock.,5362,5362,A person sits on a rock.,yes,yes.
t2i,A person sits on a rock.,8951,8951,A person sits on a rock.,yes,yes.
t2i,A person sits on a rock.,3739,3739,A person sits on a rock.,yes,yes.
t2i,A person sits on a rock.,11609,11609,A person sits on a rock.,yes,yes.
t2i,A woman sits on a branch above the sand.,4554,4554,A woman sits on a branch above the sand.,no,no.
t2i,A woman sits on a branch above the sand.,10270,10270,A woman sits on a branch above the sand.,no,no.
t2i,A woman sits on a branch above the sand.,5154,5154,A woman sits on a branch above the sand.,no,no.
t2i,A woman sits on a branch above the sand.,7015,7015,A woman sits on a branch above the sand.,no,no.
t2i,A woman sits on a branch above the sand.,11450,11450,A woman sits on a branch above the sand.,no,no.
t2i,A woman sits on a branch above the sand.,137,137,A woman sits on a branch above the sand.,no,no.
t2i,A woman sits on a branch above the sand.,12518,12518,A woman sits on a branch above the sand.,no,no.
t2i,A woman sits on a branch above the sand.,11343,11343,A woman sits on a branch above the sand.,no,no.
t2i,A woman sits on a branch above the sand.,1707,1707,A woman sits on a branch above the sand.,no,no.
t2i,A woman sits on a branch above the sand.,6297,6297,A woman sits on a branch above the sand.,no,no.
t2i,A woman sits on a branch above the sand.,1632,1632,A woman sits on a branch above the sand.,yes,yes.
t2i,A woman sits on a branch above the sand.,2840,2840,A woman sits on a branch above the sand.,no,no.
t2i,A woman sits on a branch above the sand.,7742,7742,A woman sits on a branch above the sand.,no,no.
t2i,A woman sits on a branch above the sand.,4803,4803,A woman sits on a branch above the sand.,no,no.
t2i,A woman sits on a branch above the sand.,11591,11591,A woman sits on a branch above the sand.,no,no.
t2i,A woman sits on a branch above the sand.,5849,5849,A woman sits on a branch above the sand.,no,no.
t2i,A woman sits on a branch above the sand.,696,696,A woman sits on a branch above the sand.,no,no.
t2i,A woman sits on a branch above the sand.,10409,10409,A woman sits on a branch above the sand.,no,no.
t2i,A woman sits on a branch above the sand.,5150,5150,A woman sits on a branch above the sand.,yes,yes.
t2i,A woman sits on a branch above the sand.,8630,8630,A woman sits on a branch above the sand.,no,no.
t2i,A woman sits on a branch above the sand.,3764,3764,A woman sits on a branch above the sand.,no,no.
t2i,A woman sits on a branch above the sand.,8536,8536,A woman sits on a branch above the sand.,no,no.
t2i,A woman sits on a branch above the sand.,3556,3556,A woman sits on a branch above the sand.,no,no.
t2i,A woman sits on a branch above the sand.,5590,5590,A woman sits on a branch above the sand.,no,no.
t2i,A woman sits on a branch above the sand.,3123,3123,A woman sits on a branch above the sand.,no,no.
t2i,A woman sits on a branch above the sand.,6310,6310,A woman sits on a branch above the sand.,no,no.
t2i,A woman sits on a branch above the sand.,7861,7861,A woman sits on a branch above the sand.,no,no.
t2i,A woman sits on a branch above the sand.,2180,2180,A woman sits on a branch above the sand.,no,no.
t2i,A woman sits on a branch above the sand.,2882,2882,A woman sits on a branch above the sand.,no,no.
t2i,A woman sits on a branch above the sand.,11413,11413,A woman sits on a branch above the sand.,no,no.
t2i,A woman sits on a branch above the sand.,6951,6951,A woman sits on a branch above the sand.,no,no.
t2i,A woman sits on a branch above the sand.,10255,10255,A woman sits on a branch above the sand.,no,no.
t2i,A woman sits on a branch above the sand.,9437,9437,A woman sits on a branch above the sand.,no,no.
t2i,A woman sits on a branch above the sand.,3794,3794,A woman sits on a branch above the sand.,no,no.
t2i,A woman sits on a branch above the sand.,9607,9607,A woman sits on a branch above the sand.,no,no.
t2i,A woman sits on a branch above the sand.,10511,10511,A woman sits on a branch above the sand.,no,no.
t2i,A woman sits on a branch above the sand.,10793,10793,A woman sits on a branch above the sand.,no,no.
t2i,A woman sits on a branch above the sand.,1139,1139,A woman sits on a branch above the sand.,no,no.
t2i,A woman sits on a branch above the sand.,12313,12313,A woman sits on a branch above the sand.,no,no.
t2i,A woman sits on a branch above the sand.,12454,12454,A woman sits on a branch above the sand.,no,no.
t2i,A woman sits on a branch above the sand.,10095,10095,A woman sits on a branch above the sand.,no,no.
t2i,The girl sat on the stair.,4325,4325,The girl sat on the stair.,yes,yes.
t2i,The girl sat on the stair.,9966,9966,The girl sat on the stair.,yes,yes.
t2i,The girl sat on the stair.,1320,1320,The girl sat on the stair.,yes,yes.
t2i,The girl sat on the stair.,5707,5707,The girl sat on the stair.,yes,yes.
t2i,The girl sat on the stair.,13460,13460,The girl sat on the stair.,no,no.
t2i,The girl sat on the stair.,8188,8188,The girl sat on the stair.,yes,yes.
t2i,The girl sat on the stair.,9649,9649,The girl sat on the stair.,yes,yes.
t2i,The girl sat on the stair.,8105,8105,The girl sat on the stair.,yes,yes.
t2i,The girl sat on the stair.,3113,3113,The girl sat on the stair.,no,no.
t2i,The girl sat on the stair.,13883,13883,The girl sat on the stair.,no,no.
t2i,The girl sat on the stair.,1585,1585,The girl sat on the stair.,yes,yes.
t2i,The girl sat on the stair.,11534,11534,The girl sat on the stair.,no,no.
t2i,The girl sat on the stair.,3769,3769,The girl sat on the stair.,yes,yes.
t2i,The girl sat on the stair.,10137,10137,The girl sat on the stair.,yes,yes.
t2i,The girl sat on the stair.,13803,13803,The girl sat on the stair.,no,no.
t2i,The girl sat on the stair.,3749,3749,The girl sat on the stair.,no,no.
t2i,The girl sat on the stair.,11303,11303,The girl sat on the stair.,no,no.
t2i,The girl sat on the stair.,6419,6419,The girl sat on the stair.,yes,yes.
t2i,The girl sat on the stair.,12138,12138,The girl sat on the stair.,no,no.
t2i,The girl sat on the stair.,143,143,The girl sat on the stair.,yes,yes.
t2i,The girl sat on the stair.,1354,1354,The girl sat on the stair.,yes,yes.
t2i,The girl sat on the stair.,6551,6551,The girl sat on the stair.,no,no.
t2i,The girl sat on the stair.,4572,4572,The girl sat on the stair.,no,no.
t2i,The girl sat on the stair.,12483,12483,The girl sat on the stair.,no,no.
t2i,The girl sat on the stair.,3337,3337,The girl sat on the stair.,no,no.
t2i,The girl sat on the stair.,8189,8189,The girl sat on the stair.,yes,yes.
t2i,The girl sat on the stair.,9965,9965,The girl sat on the stair.,no,no.
t2i,The girl sat on the stair.,1710,1710,The girl sat on the stair.,yes,yes.
t2i,The girl sat on the stair.,10996,10996,The girl sat on the stair.,no,no.
t2i,The girl sat on the stair.,4793,4793,The girl sat on the stair.,no,no.
t2i,A woman walks past a window in an airport.,5751,5751,A woman walks past a window in an airport.,no,no.
t2i,A woman walks past a window in an airport.,861,861,A woman walks past a window in an airport.,no,no.
t2i,A woman walks past a window in an airport.,6046,6046,A woman walks past a window in an airport.,no,no.
t2i,A woman walks past a window in an airport.,7882,7882,A woman walks past a window in an airport.,no,no.
t2i,A woman walks past a window in an airport.,5541,5541,A woman walks past a window in an airport.,no,no.
t2i,A woman walks past a window in an airport.,6099,6099,A woman walks past a window in an airport.,no,no.
t2i,A woman walks past a window in an airport.,6412,6412,A woman walks past a window in an airport.,no,no.
t2i,A woman walks past a window in an airport.,8642,8642,A woman walks past a window in an airport.,no,no.
t2i,A woman walks past a window in an airport.,8452,8452,A woman walks past a window in an airport.,no,no.
t2i,A woman walks past a window in an airport.,4694,4694,A woman walks past a window in an airport.,no,no.
t2i,A woman walks past a window in an airport.,8486,8486,A woman walks past a window in an airport.,yes,yes.
t2i,A woman walks past a window in an airport.,13911,13911,A woman walks past a window in an airport.,yes,yes.
t2i,A woman walks past a window in an airport.,98,98,A woman walks past a window in an airport.,no,no.
t2i,A woman walks past a window in an airport.,3097,3097,A woman walks past a window in an airport.,no,no.
t2i,A woman walks past a window in an airport.,8593,8593,A woman walks past a window in an airport.,no,no.
t2i,A woman walks past a window in an airport.,271,271,A woman walks past a window in an airport.,no,no.
t2i,A woman walks past a window in an airport.,3404,3404,A woman walks past a window in an airport.,no,no.
t2i,A woman walks past a window in an airport.,12154,12154,A woman walks past a window in an airport.,no,no.
t2i,A woman walks past a window in an airport.,9269,9269,A woman walks past a window in an airport.,no,no.
t2i,A woman walks past a window in an airport.,5943,5943,A woman walks past a window in an airport.,no,no.
t2i,A woman walks past a window in an airport.,5116,5116,A woman walks past a window in an airport.,no,no.
t2i,A woman walks past a window in an airport.,4869,4869,A woman walks past a window in an airport.,no,no.
t2i,A woman walks past a window in an airport.,12483,12483,A woman walks past a window in an airport.,no,no.
t2i,A woman walks past a window in an airport.,1015,1015,A woman walks past a window in an airport.,no,no.
t2i,A woman walks past a window in an airport.,5286,5286,A woman walks past a window in an airport.,no,no.
t2i,A woman walks past a window in an airport.,2132,2132,A woman walks past a window in an airport.,no,no.
t2i,A woman walks past a window in an airport.,13795,13795,A woman walks past a window in an airport.,no,no.
t2i,A woman walks past a window in an airport.,13794,13794,A woman walks past a window in an airport.,no,no.
t2i,A woman walks past a window in an airport.,11068,11068,A woman walks past a window in an airport.,no,no.
t2i,A woman walks past a window in an airport.,12826,12826,A woman walks past a window in an airport.,no,no.
t2i,A woman walks past a window in an airport.,8904,8904,A woman walks past a window in an airport.,no,no.
t2i,A woman sitting in a terrace.,2133,2133,A woman sitting in a terrace.,yes,yes.
t2i,A woman sitting in a terrace.,3768,3768,A woman sitting in a terrace.,yes,yes.
t2i,A woman sitting in a terrace.,3254,3254,A woman sitting in a terrace.,no,no.
t2i,A woman sitting in a terrace.,3328,3328,A woman sitting in a terrace.,yes,yes.
t2i,A woman sitting in a terrace.,219,219,A woman sitting in a terrace.,yes,yes.
t2i,A woman sitting in a terrace.,7879,7879,A woman sitting in a terrace.,no,no.
t2i,A woman sitting in a terrace.,2068,2068,A woman sitting in a terrace.,no,no.
t2i,A woman sitting in a terrace.,1627,1627,A woman sitting in a terrace.,no,no.
t2i,A woman sitting in a terrace.,5607,5607,A woman sitting in a terrace.,no,no.
t2i,A woman sitting in a terrace.,2492,2492,A woman sitting in a terrace.,no,no.
t2i,A woman sitting in a terrace.,2136,2136,A woman sitting in a terrace.,yes,yes.
t2i,A woman sitting in a terrace.,3749,3749,A woman sitting in a terrace.,no,no.
t2i,A woman sitting in a terrace.,303,303,A woman sitting in a terrace.,yes,yes.
t2i,A woman sitting in a terrace.,2455,2455,A woman sitting in a terrace.,yes,yes.
t2i,A woman sitting in a terrace.,6612,6612,A woman sitting in a terrace.,no,no.
t2i,A woman sitting in a terrace.,3708,3708,A woman sitting in a terrace.,yes,yes.
t2i,A woman sitting in a terrace.,4601,4601,A woman sitting in a terrace.,yes,yes.
t2i,A woman sitting in a terrace.,3114,3114,A woman sitting in a terrace.,yes,yes.
t2i,A woman sitting in a terrace.,4454,4454,A woman sitting in a terrace.,yes,yes.
t2i,A woman sitting in a terrace.,1441,1441,A woman sitting in a terrace.,yes,yes.
t2i,A woman sitting in a terrace.,985,985,A woman sitting in a terrace.,no,no.
t2i,A woman sitting in a terrace.,9809,9809,A woman sitting in a terrace.,no,no.
t2i,A woman sitting in a terrace.,11518,11518,A woman sitting in a terrace.,no,no.
t2i,A woman sitting in a terrace.,2706,2706,A woman sitting in a terrace.,no,no.
t2i,A woman sitting in a terrace.,10502,10502,A woman sitting in a terrace.,no,no.
t2i,A woman sitting in a terrace.,9326,9326,A woman sitting in a terrace.,no,no.
t2i,A woman sitting in a terrace.,2650,2650,A woman sitting in a terrace.,yes,yes.
t2i,A woman sitting in a terrace.,6758,6758,A woman sitting in a terrace.,no,no.
t2i,A woman sitting in a terrace.,891,891,A woman sitting in a terrace.,no,no.
t2i,A woman sitting in a terrace.,3337,3337,A woman sitting in a terrace.,yes,yes.
t2i,A woman sitting in a terrace.,180,180,A woman sitting in a terrace.,no,no.
t2i,A woman sitting in a terrace.,12354,12354,A woman sitting in a terrace.,yes,yes.
t2i,A woman sitting in a terrace.,3910,3910,A woman sitting in a terrace.,no,no.
t2i,A woman sitting in a terrace.,133,133,A woman sitting in a terrace.,yes,yes.
t2i,A woman sitting in a terrace.,1989,1989,A woman sitting in a terrace.,yes,yes.
t2i,A woman sitting in a terrace.,12386,12386,A woman sitting in a terrace.,no,no.
t2i,A woman sitting in a terrace.,2433,2433,A woman sitting in a terrace.,no,no.
t2i,A woman sitting in a terrace.,5720,5720,A woman sitting in a terrace.,yes,yes.
t2i,A woman sitting in a terrace.,4941,4941,A woman sitting in a terrace.,no,no.
t2i,Two men are running up a trail.,1667,1667,Two men are running up a trail.,yes,yes.
t2i,Two men are running up a trail.,1233,1233,Two men are running up a trail.,yes,yes.
t2i,Two men are running up a trail.,1824,1824,Two men are running up a trail.,yes,yes.
t2i,Two men are running up a trail.,961,961,Two men are running up a trail.,no,no.
t2i,Two men are running up a trail.,7467,7467,Two men are running up a trail.,no,no.
t2i,Two men are running up a trail.,9168,9168,Two men are running up a trail.,yes,yes.
t2i,Two men are running up a trail.,2060,2060,Two men are running up a trail.,no,no.
t2i,Two men are running up a trail.,2193,2193,Two men are running up a trail.,no,no.
t2i,Two men are running up a trail.,4455,4455,Two men are running up a trail.,no,no.
t2i,Two men are running up a trail.,2540,2540,Two men are running up a trail.,no,no.
t2i,Two men are running up a trail.,11743,11743,Two men are running up a trail.,no,no.
t2i,Two men are running up a trail.,774,774,Two men are running up a trail.,yes,yes.
t2i,Two men are running up a trail.,2311,2311,Two men are running up a trail.,no,no.
t2i,Two men are running up a trail.,11382,11382,Two men are running up a trail.,no,no.
t2i,Two men are running up a trail.,10261,10261,Two men are running up a trail.,no,no.
t2i,Two men are running up a trail.,3165,3165,Two men are running up a trail.,no,no.
t2i,Two men are running up a trail.,10599,10599,Two men are running up a trail.,no,no.
t2i,Two men are running up a trail.,6983,6983,Two men are running up a trail.,no,no.
t2i,Two men are running up a trail.,2806,2806,Two men are running up a trail.,no,no.
t2i,Two men are running up a trail.,6288,6288,Two men are running up a trail.,no,no.
t2i,Two men are running up a trail.,3784,3784,Two men are running up a trail.,no,no.
t2i,Two men are running up a trail.,2585,2585,Two men are running up a trail.,no,no.
t2i,Two men are running up a trail.,6605,6605,Two men are running up a trail.,yes,yes.
t2i,Two men are running up a trail.,4209,4209,Two men are running up a trail.,no,no.
t2i,Two men are running up a trail.,575,575,Two men are running up a trail.,no,no.
t2i,Two men are running up a trail.,5111,5111,Two men are running up a trail.,no,no.
t2i,Two men are running up a trail.,6944,6944,Two men are running up a trail.,no,no.
t2i,Two men are running up a trail.,11738,11738,Two men are running up a trail.,no,no.
t2i,A sculpture of a person walking,6746,6746,A sculpture of a person walking,yes,yes.
t2i,A sculpture of a person walking,11773,11773,A sculpture of a person walking,yes,yes.
t2i,A sculpture of a person walking,10247,10247,A sculpture of a person walking,yes,yes.
t2i,A sculpture of a person walking,8847,8847,A sculpture of a person walking,no,no
t2i,A sculpture of a person walking,5303,5303,A sculpture of a person walking,no,no
t2i,A sculpture of a person walking,4422,4422,A sculpture of a person walking,no,no.
t2i,A sculpture of a person walking,8323,8323,A sculpture of a person walking,no,no
t2i,A sculpture of a person walking,6963,6963,A sculpture of a person walking,yes,yes.
t2i,A sculpture of a person walking,4942,4942,A sculpture of a person walking,no,no.
t2i,A sculpture of a person walking,2607,2607,A sculpture of a person walking,no,no.
t2i,A sculpture of a person walking,7680,7680,A sculpture of a person walking,no,no.
t2i,A sculpture of a person walking,2835,2835,A sculpture of a person walking,no,no.
t2i,A sculpture of a person walking,101,101,A sculpture of a person walking,no,no.
t2i,A sculpture of a person walking,6745,6745,A sculpture of a person walking,no,no
t2i,A sculpture of a person walking,2375,2375,A sculpture of a person walking,no,no.
t2i,A sculpture of a person walking,10168,10168,A sculpture of a person walking,no,no.
t2i,A sculpture of a person walking,9054,9054,A sculpture of a person walking,no,no.
t2i,A sculpture of a person walking,11028,11028,A sculpture of a person walking,no,no.
t2i,A sculpture of a person walking,13186,13186,A sculpture of a person walking,no,no.
t2i,A sculpture of a person walking,9932,9932,A sculpture of a person walking,no,no.
t2i,A sculpture of a person walking,1737,1737,A sculpture of a person walking,no,no.
t2i,A sculpture of a person walking,9910,9910,A sculpture of a person walking,no,no.
t2i,A sculpture of a person walking,11547,11547,A sculpture of a person walking,no,no.
t2i,A sculpture of a person walking,1408,1408,A sculpture of a person walking,no,no.
t2i,A sculpture of a person walking,8734,8734,A sculpture of a person walking,no,no.
t2i,A sculpture of a person walking,4546,4546,A sculpture of a person walking,no,no.
t2i,A sculpture of a person walking,8928,8928,A sculpture of a person walking,no,no.
t2i,A sculpture of a person walking,11979,11979,A sculpture of a person walking,no,no.
t2i,A sculpture of a person walking,5746,5746,A sculpture of a person walking,no,no.
t2i,A sculpture of a person walking,3301,3301,A sculpture of a person walking,no,no
t2i,A sculpture of a person walking,10809,10809,A sculpture of a person walking,no,no.
t2i,A sculpture of a person walking,2998,2998,A sculpture of a person walking,no,no.
t2i,A sculpture of a person walking,5202,5202,A sculpture of a person walking,no,no.
t2i,A girl sits against a tree.,4710,4710,A girl sits against a tree.,yes,yes.
t2i,A girl sits against a tree.,2315,2315,A girl sits against a tree.,no,no.
t2i,A girl sits against a tree.,114,114,A girl sits against a tree.,yes,yes.
t2i,A girl sits against a tree.,323,323,A girl sits against a tree.,yes,yes.
t2i,A girl sits against a tree.,4885,4885,A girl sits against a tree.,yes,yes.
t2i,A girl sits against a tree.,11344,11344,A girl sits against a tree.,yes,yes.
t2i,A girl sits against a tree.,2687,2687,A girl sits against a tree.,no,no.
t2i,A girl sits against a tree.,1687,1687,A girl sits against a tree.,yes,yes.
t2i,A girl sits against a tree.,137,137,A girl sits against a tree.,yes,yes.
t2i,A girl sits against a tree.,5849,5849,A girl sits against a tree.,yes,yes.
t2i,A girl sits against a tree.,696,696,A girl sits against a tree.,yes,yes.
t2i,A girl sits against a tree.,8535,8535,A girl sits against a tree.,yes,yes.
t2i,A girl sits against a tree.,4610,4610,A girl sits against a tree.,no,no.
t2i,A girl sits against a tree.,809,809,A girl sits against a tree.,no,no.
t2i,A girl sits against a tree.,3749,3749,A girl sits against a tree.,no,no.
t2i,A girl sits against a tree.,8290,8290,A girl sits against a tree.,yes,yes.
t2i,A girl sits against a tree.,12215,12215,A girl sits against a tree.,no,no.
t2i,A girl sits against a tree.,6522,6522,A girl sits against a tree.,yes,yes.
t2i,A girl sits against a tree.,1804,1804,A girl sits against a tree.,no,no.
t2i,A girl sits against a tree.,4167,4167,A girl sits against a tree.,yes,yes.
t2i,A girl sits against a tree.,3990,3990,A girl sits against a tree.,yes,yes.
t2i,A girl sits against a tree.,2643,2643,A girl sits against a tree.,yes,yes.
t2i,A girl sits against a tree.,11300,11300,A girl sits against a tree.,no,no.
t2i,A girl sits against a tree.,2767,2767,A girl sits against a tree.,yes,yes.
t2i,A girl sits against a tree.,6310,6310,A girl sits against a tree.,yes,yes.
t2i,A girl sits against a tree.,8,8,A girl sits against a tree.,yes,yes.
t2i,A girl sits against a tree.,8536,8536,A girl sits against a tree.,yes,yes.
t2i,A girl sits against a tree.,11591,11591,A girl sits against a tree.,no,no.
t2i,A girl sits against a tree.,5040,5040,A girl sits against a tree.,no,no.
t2i,A girl sits against a tree.,11343,11343,A girl sits against a tree.,no,no.
t2i,A girl sits against a tree.,1139,1139,A girl sits against a tree.,yes,yes.
t2i,A girl sits against a tree.,1261,1261,A girl sits against a tree.,yes,yes.
t2i,A girl sits against a tree.,1741,1741,A girl sits against a tree.,no,no.
t2i,A girl sits against a tree.,3509,3509,A girl sits against a tree.,yes,yes.
t2i,A woman sleeps on a couch,11045,11045,A woman sleeps on a couch,yes,yes.
t2i,A woman sleeps on a couch,12588,12588,A woman sleeps on a couch,no,no.
t2i,A woman sleeps on a couch,3389,3389,A woman sleeps on a couch,no,no
t2i,A woman sleeps on a couch,10492,10492,A woman sleeps on a couch,no,no.
t2i,A woman sleeps on a couch,13463,13463,A woman sleeps on a couch,no,no
t2i,A woman sleeps on a couch,12255,12255,A woman sleeps on a couch,yes,yes.
t2i,A woman sleeps on a couch,6965,6965,A woman sleeps on a couch,no,no.
t2i,A woman sleeps on a couch,1810,1810,A woman sleeps on a couch,no,no.
t2i,A woman sleeps on a couch,11146,11146,A woman sleeps on a couch,no,no.
t2i,A woman sleeps on a couch,11244,11244,A woman sleeps on a couch,no,no.
t2i,A woman sleeps on a couch,13588,13588,A woman sleeps on a couch,yes,yes.
t2i,A woman sleeps on a couch,13652,13652,A woman sleeps on a couch,yes,yes.
t2i,A woman sleeps on a couch,3619,3619,A woman sleeps on a couch,no,no.
t2i,A woman sleeps on a couch,14074,14074,A woman sleeps on a couch,no,no.
t2i,A woman sleeps on a couch,1301,1301,A woman sleeps on a couch,no,no
t2i,A woman sleeps on a couch,4453,4453,A woman sleeps on a couch,yes,yes.
t2i,A woman sleeps on a couch,6361,6361,A woman sleeps on a couch,yes,yes.
t2i,A woman sleeps on a couch,3466,3466,A woman sleeps on a couch,no,no.
t2i,A woman sleeps on a couch,2451,2451,A woman sleeps on a couch,no,no.
t2i,A woman sleeps on a couch,11812,11812,A woman sleeps on a couch,no,no.
t2i,A woman sleeps on a couch,2841,2841,A woman sleeps on a couch,no,no.
t2i,A woman sleeps on a couch,9399,9399,A woman sleeps on a couch,no,no.
t2i,A woman sleeps on a couch,11592,11592,A woman sleeps on a couch,no,no
t2i,A woman sleeps on a couch,5714,5714,A woman sleeps on a couch,no,no
t2i,A woman sleeps on a couch,1733,1733,A woman sleeps on a couch,no,no.
t2i,A woman sleeps on a couch,12727,12727,A woman sleeps on a couch,no,no.
t2i,Girls stand in the park.,89,89,Girls stand in the park.,no,no.
t2i,Girls stand in the park.,8903,8903,Girls stand in the park.,no,no.
t2i,Girls stand in the park.,5898,5898,Girls stand in the park.,no,no.
t2i,Girls stand in the park.,5232,5232,Girls stand in the park.,no,no.
t2i,Girls stand in the park.,9088,9088,Girls stand in the park.,no,no.
t2i,Girls stand in the park.,4605,4605,Girls stand in the park.,no,no.
t2i,Girls stand in the park.,1740,1740,Girls stand in the park.,no,no.
t2i,Girls stand in the park.,13482,13482,Girls stand in the park.,no,no.
t2i,Girls stand in the park.,12196,12196,Girls stand in the park.,no,no.
t2i,Girls stand in the park.,154,154,Girls stand in the park.,no,no.
t2i,Girls stand in the park.,3761,3761,Girls stand in the park.,no,no.
t2i,Girls stand in the park.,9883,9883,Girls stand in the park.,yes,yes.
t2i,Girls stand in the park.,8542,8542,Girls stand in the park.,no,no.
t2i,Girls stand in the park.,138,138,Girls stand in the park.,yes,yes.
t2i,Girls stand in the park.,6739,6739,Girls stand in the park.,no,no.
t2i,Girls stand in the park.,3666,3666,Girls stand in the park.,no,no.
t2i,Girls stand in the park.,12413,12413,Girls stand in the park.,no,no.
t2i,Girls stand in the park.,1869,1869,Girls stand in the park.,no,no.
t2i,Girls stand in the park.,7671,7671,Girls stand in the park.,no,no.
t2i,Girls stand in the park.,3880,3880,Girls stand in the park.,no,no.
t2i,Girls stand in the park.,7508,7508,Girls stand in the park.,no,no.
t2i,Girls stand in the park.,1621,1621,Girls stand in the park.,no,no.
t2i,Girls stand in the park.,2298,2298,Girls stand in the park.,no,no.
t2i,Girls stand in the park.,12514,12514,Girls stand in the park.,no,no.
t2i,Girls stand in the park.,11259,11259,Girls stand in the park.,no,no.
t2i,Girls stand in the park.,12402,12402,Girls stand in the park.,no,no.
t2i,Girls stand in the park.,14055,14055,Girls stand in the park.,no,no.
t2i,Girls stand in the park.,6862,6862,Girls stand in the park.,no,no.
t2i,Girls stand in the park.,11723,11723,Girls stand in the park.,no,no.
t2i,Girls stand in the park.,11294,11294,Girls stand in the park.,no,no.
t2i,Girls stand in the park.,13558,13558,Girls stand in the park.,no,no.
t2i,Girls stand in the park.,899,899,Girls stand in the park.,no,no.
t2i,Girls stand in the park.,2355,2355,Girls stand in the park.,no,no.
t2i,Girls stand in the park.,9272,9272,Girls stand in the park.,no,no.
t2i,Girls stand in the park.,3879,3879,Girls stand in the park.,no,no.
t2i,Girls stand in the park.,887,887,Girls stand in the park.,yes,yes.
t2i,Girls stand in the park.,12367,12367,Girls stand in the park.,no,no.
t2i,Girls stand in the park.,10320,10320,Girls stand in the park.,no,no.
t2i,Girls stand in the park.,4545,4545,Girls stand in the park.,no,no.
t2i,Girls stand in the park.,3101,3101,Girls stand in the park.,no,no.
t2i,Girls stand in the park.,9621,9621,Girls stand in the park.,no,no.
t2i,Girls stand in the park.,6679,6679,Girls stand in the park.,no,no.
t2i,Girls stand in the park.,940,940,Girls stand in the park.,no,no.
t2i,Girls stand in the park.,10302,10302,Girls stand in the park.,no,no.
t2i,Girls stand in the park.,914,914,Girls stand in the park.,no,no.
t2i,Girls stand in the park.,1210,1210,Girls stand in the park.,no,no.
t2i,Girls stand in the park.,9931,9931,Girls stand in the park.,no,no.
t2i,Girls stand in the park.,11096,11096,Girls stand in the park.,yes,yes.
t2i,Girls stand in the park.,5352,5352,Girls stand in the park.,no,no.
t2i,An animal lying in the grass.,4431,4431,An animal lying in the grass.,yes,yes.
t2i,An animal lying in the grass.,3003,3003,An animal lying in the grass.,yes,yes.
t2i,An animal lying in the grass.,9319,9319,An animal lying in the grass.,no,no.
t2i,An animal lying in the grass.,6913,6913,An animal lying in the grass.,yes,yes.
t2i,An animal lying in the grass.,3111,3111,An animal lying in the grass.,yes,yes.
t2i,An animal lying in the grass.,11475,11475,An animal lying in the grass.,yes,yes.
t2i,An animal lying in the grass.,11008,11008,An animal lying in the grass.,no,no.
t2i,An animal lying in the grass.,6331,6331,An animal lying in the grass.,no,no.
t2i,An animal lying in the grass.,8716,8716,An animal lying in the grass.,yes,yes.
t2i,An animal lying in the grass.,9402,9402,An animal lying in the grass.,no,no.
t2i,An animal lying in the grass.,13185,13185,An animal lying in the grass.,yes,yes.
t2i,An animal lying in the grass.,1105,1105,An animal lying in the grass.,yes,yes.
t2i,An animal lying in the grass.,7542,7542,An animal lying in the grass.,yes,yes.
t2i,An animal lying in the grass.,202,202,An animal lying in the grass.,yes,yes.
t2i,An animal lying in the grass.,6290,6290,An animal lying in the grass.,yes,yes.
t2i,An animal lying in the grass.,22,22,An animal lying in the grass.,yes,yes.
t2i,An animal lying in the grass.,8569,8569,An animal lying in the grass.,yes,yes.
t2i,An animal lying in the grass.,4670,4670,An animal lying in the grass.,yes,yes.
t2i,An animal lying in the grass.,2935,2935,An animal lying in the grass.,yes,yes.
t2i,An animal lying in the grass.,11335,11335,An animal lying in the grass.,yes,yes.
t2i,An animal lying in the grass.,7561,7561,An animal lying in the grass.,yes,yes.
t2i,An animal lying in the grass.,4267,4267,An animal lying in the grass.,yes,yes.
t2i,An animal lying in the grass.,1620,1620,An animal lying in the grass.,yes,yes.
t2i,An animal lying in the grass.,2645,2645,An animal lying in the grass.,yes,yes.
t2i,An animal lying in the grass.,5462,5462,An animal lying in the grass.,yes,yes.
t2i,An animal lying in the grass.,7086,7086,An animal lying in the grass.,no,no.
t2i,An animal lying in the grass.,7869,7869,An animal lying in the grass.,yes,yes.
t2i,An animal lying in the grass.,13247,13247,An animal lying in the grass.,yes,yes.
t2i,An animal lying in the grass.,3308,3308,An animal lying in the grass.,yes,yes.
t2i,An animal lying in the grass.,2534,2534,An animal lying in the grass.,yes,yes.
t2i,An animal lying in the grass.,1721,1721,An animal lying in the grass.,yes,yes.
t2i,An animal lying in the grass.,13662,13662,An animal lying in the grass.,yes,yes.
t2i,An animal lying in the grass.,12210,12210,An animal lying in the grass.,yes,yes.
t2i,An animal lying in the grass.,4505,4505,An animal lying in the grass.,yes,yes.
t2i,An animal lying in the grass.,8462,8462,An animal lying in the grass.,yes,yes.
t2i,An animal lying in the grass.,8237,8237,An animal lying in the grass.,yes,yes.
t2i,An animal lying in the grass.,13450,13450,An animal lying in the grass.,yes,yes.
t2i,A lion sits in the grass.,4671,4671,A lion sits in the grass.,yes,yes.
t2i,A lion sits in the grass.,7920,7920,A lion sits in the grass.,no,no.
t2i,A lion sits in the grass.,13662,13662,A lion sits in the grass.,yes,yes.
t2i,A lion sits in the grass.,11474,11474,A lion sits in the grass.,yes,yes.
t2i,A lion sits in the grass.,11475,11475,A lion sits in the grass.,no,no.
t2i,A lion sits in the grass.,7291,7291,A lion sits in the grass.,yes,yes.
t2i,A lion sits in the grass.,8457,8457,A lion sits in the grass.,no,no.
t2i,A lion sits in the grass.,3111,3111,A lion sits in the grass.,no,no.
t2i,A lion sits in the grass.,3003,3003,A lion sits in the grass.,no,no.
t2i,A lion sits in the grass.,8682,8682,A lion sits in the grass.,yes,yes.
t2i,A lion sits in the grass.,9455,9455,A lion sits in the grass.,no,no.
t2i,A lion sits in the grass.,9456,9456,A lion sits in the grass.,no,no.
t2i,A lion sits in the grass.,12310,12310,A lion sits in the grass.,no,no.
t2i,A lion sits in the grass.,1105,1105,A lion sits in the grass.,no,no.
t2i,A lion sits in the grass.,464,464,A lion sits in the grass.,no,no.
t2i,A lion sits in the grass.,4670,4670,A lion sits in the grass.,yes,yes.
t2i,A lion sits in the grass.,7086,7086,A lion sits in the grass.,no,no.
t2i,A lion sits in the grass.,4431,4431,A lion sits in the grass.,no,no.
t2i,A lion sits in the grass.,13247,13247,A lion sits in the grass.,no,no.
t2i,A lion sits in the grass.,9549,9549,A lion sits in the grass.,no,no.
t2i,A lion sits in the grass.,3013,3013,A lion sits in the grass.,no,no.
t2i,The person plays a song.,385,385,The person plays a song.,yes,yes.
t2i,The person plays a song.,1934,1934,The person plays a song.,yes,yes.
t2i,The person plays a song.,2606,2606,The person plays a song.,yes,yes.
t2i,The person plays a song.,10078,10078,The person plays a song.,yes,yes.
t2i,The person plays a song.,2045,2045,The person plays a song.,yes,yes.
t2i,The person plays a song.,2210,2210,The person plays a song.,yes,yes.
t2i,The person plays a song.,4681,4681,The person plays a song.,no,no.
t2i,The person plays a song.,3788,3788,The person plays a song.,yes,yes.
t2i,The person plays a song.,615,615,The person plays a song.,yes,yes.
t2i,The person plays a song.,4011,4011,The person plays a song.,yes,yes.
t2i,The person plays a song.,1509,1509,The person plays a song.,yes,yes.
t2i,The person plays a song.,13318,13318,The person plays a song.,yes,yes.
t2i,The person plays a song.,3882,3882,The person plays a song.,no,no.
t2i,The person plays a song.,11934,11934,The person plays a song.,yes,yes.
t2i,The person plays a song.,12799,12799,The person plays a song.,yes,yes.
t2i,The person plays a song.,3227,3227,The person plays a song.,yes,yes.
t2i,The person plays a song.,7583,7583,The person plays a song.,yes,yes.
t2i,The person plays a song.,1894,1894,The person plays a song.,no,no.
t2i,The person plays a song.,7534,7534,The person plays a song.,yes,yes.
t2i,The person plays a song.,3027,3027,The person plays a song.,no,no.
t2i,The person plays a song.,2568,2568,The person plays a song.,yes,yes.
t2i,The person plays a song.,5511,5511,The person plays a song.,yes,yes.
t2i,The person plays a song.,1648,1648,The person plays a song.,yes,yes.
t2i,The person plays a song.,2680,2680,The person plays a song.,yes,yes.
t2i,The person plays a song.,2376,2376,The person plays a song.,yes,yes.
t2i,The person plays a song.,2851,2851,The person plays a song.,yes,yes.
t2i,The person plays a song.,8226,8226,The person plays a song.,no,no.
t2i,The person plays a song.,1412,1412,The person plays a song.,yes,yes.
t2i,The person plays a song.,3419,3419,The person plays a song.,yes,yes.
t2i,The person plays a song.,282,282,The person plays a song.,yes,yes.
t2i,The person plays a song.,1332,1332,The person plays a song.,yes,yes.
t2i,The person plays a song.,3173,3173,The person plays a song.,yes,yes.
t2i,The person plays a song.,2012,2012,The person plays a song.,yes,yes.
t2i,The person plays a song.,9760,9760,The person plays a song.,yes,yes.
t2i,The person plays a song.,13861,13861,The person plays a song.,yes,yes.
t2i,The person plays a song.,4357,4357,The person plays a song.,yes,yes.
t2i,The person plays a song.,2692,2692,The person plays a song.,yes,yes.
t2i,The person plays a song.,4270,4270,The person plays a song.,yes,yes.
t2i,The person plays a song.,2495,2495,The person plays a song.,yes,yes.
t2i,The person plays a song.,10827,10827,The person plays a song.,yes,yes.
t2i,The person plays a song.,4204,4204,The person plays a song.,yes,yes.
t2i,The person plays a song.,3242,3242,The person plays a song.,yes,yes.
t2i,The person plays a song.,2541,2541,The person plays a song.,yes,yes.
t2i,The person plays a song.,5510,5510,The person plays a song.,yes,yes.
t2i,The person plays a song.,3321,3321,The person plays a song.,yes,yes.
t2i,The person plays a song.,3292,3292,The person plays a song.,yes,yes.
t2i,The person plays a song.,2633,2633,The person plays a song.,no,no.
t2i,A pianist performs on stage.,5510,5510,A pianist performs on stage.,no,no.
t2i,A pianist performs on stage.,1934,1934,A pianist performs on stage.,no,no.
t2i,A pianist performs on stage.,1412,1412,A pianist performs on stage.,no,no.
t2i,A pianist performs on stage.,2438,2438,A pianist performs on stage.,no,no.
t2i,A pianist performs on stage.,3173,3173,A pianist performs on stage.,no,no.
t2i,A pianist performs on stage.,3655,3655,A pianist performs on stage.,yes,yes.
t2i,A pianist performs on stage.,1870,1870,A pianist performs on stage.,yes,yes.
t2i,A pianist performs on stage.,3788,3788,A pianist performs on stage.,no,no.
t2i,A pianist performs on stage.,922,922,A pianist performs on stage.,yes,yes.
t2i,A pianist performs on stage.,2541,2541,A pianist performs on stage.,no,no.
t2i,A pianist performs on stage.,4799,4799,A pianist performs on stage.,yes,yes.
t2i,A pianist performs on stage.,362,362,A pianist performs on stage.,yes,yes.
t2i,A pianist performs on stage.,2148,2148,A pianist performs on stage.,yes,yes.
t2i,A pianist performs on stage.,11934,11934,A pianist performs on stage.,no,no.
t2i,A pianist performs on stage.,4075,4075,A pianist performs on stage.,no,no.
t2i,A pianist performs on stage.,3419,3419,A pianist performs on stage.,no,no.
t2i,A pianist performs on stage.,5511,5511,A pianist performs on stage.,no,no.
t2i,A pianist performs on stage.,7947,7947,A pianist performs on stage.,no,no.
t2i,A pianist performs on stage.,2568,2568,A pianist performs on stage.,no,no.
t2i,A pianist performs on stage.,282,282,A pianist performs on stage.,no,no.
t2i,A pianist performs on stage.,12088,12088,A pianist performs on stage.,no,no.
t2i,A woman lies on a bed.,1991,1991,A woman lies on a bed.,no,no.
t2i,A woman lies on a bed.,7134,7134,A woman lies on a bed.,no,no.
t2i,A woman lies on a bed.,6517,6517,A woman lies on a bed.,no,no.
t2i,A woman lies on a bed.,3139,3139,A woman lies on a bed.,yes,yes.
t2i,A woman lies on a bed.,12588,12588,A woman lies on a bed.,no,no.
t2i,A woman lies on a bed.,6518,6518,A woman lies on a bed.,no,no.
t2i,A woman lies on a bed.,401,401,A woman lies on a bed.,no,no.
t2i,A woman lies on a bed.,557,557,A woman lies on a bed.,no,no.
t2i,A woman lies on a bed.,3225,3225,A woman lies on a bed.,yes,yes.
t2i,A woman lies on a bed.,11146,11146,A woman lies on a bed.,yes,yes.
t2i,A woman lies on a bed.,5018,5018,A woman lies on a bed.,yes,yes.
t2i,A woman lies on a bed.,10792,10792,A woman lies on a bed.,yes,yes.
t2i,A woman lies on a bed.,6244,6244,A woman lies on a bed.,yes,yes.
t2i,A woman lies on a bed.,13788,13788,A woman lies on a bed.,no,no.
t2i,A woman lies on a bed.,13588,13588,A woman lies on a bed.,no,no.
t2i,A woman lies on a bed.,11201,11201,A woman lies on a bed.,yes,yes.
t2i,A woman lies on a bed.,13652,13652,A woman lies on a bed.,no,no.
t2i,A woman lies on a bed.,1758,1758,A woman lies on a bed.,no,no.
t2i,A woman lies on a bed.,111,111,A woman lies on a bed.,no,no.
t2i,A woman lies on a bed.,7216,7216,A woman lies on a bed.,yes,yes.
t2i,A woman lies on a bed.,13604,13604,A woman lies on a bed.,no,no.
t2i,A woman lies on a bed.,7056,7056,A woman lies on a bed.,yes,yes.
t2i,A woman lies on a bed.,2451,2451,A woman lies on a bed.,no,no.
t2i,A woman lies on a bed.,12058,12058,A woman lies on a bed.,no,no.
t2i,A woman lies on a bed.,7377,7377,A woman lies on a bed.,yes,yes.
t2i,A woman lies on a bed.,52,52,A woman lies on a bed.,yes,yes.
t2i,A woman lies on a bed.,1757,1757,A woman lies on a bed.,yes,yes.
t2i,A woman lies on a bed.,392,392,A woman lies on a bed.,no,no.
t2i,A woman lies on a bed.,1203,1203,A woman lies on a bed.,yes,yes.
t2i,A woman lies on a bed.,215,215,A woman lies on a bed.,yes,yes.
t2i,A woman lies on a bed.,6048,6048,A woman lies on a bed.,yes,yes.
t2i,A woman lies on a bed.,10089,10089,A woman lies on a bed.,yes,yes.
t2i,A woman lies on a bed.,3388,3388,A woman lies on a bed.,yes,yes.
t2i,A woman lies on a bed.,5558,5558,A woman lies on a bed.,yes,yes.
t2i,A woman lies on a bed.,275,275,A woman lies on a bed.,no,no.
t2i,The person appeared on the show,7380,7380,The person appeared on the show,no,no.
t2i,The person appeared on the show,5888,5888,The person appeared on the show,no,no.
t2i,The person appeared on the show,8922,8922,The person appeared on the show,no,no.
t2i,The person appeared on the show,12426,12426,The person appeared on the show,no,no.
t2i,The person appeared on the show,4945,4945,The person appeared on the show,no,no.
t2i,The person appeared on the show,7010,7010,The person appeared on the show,no,no.
t2i,The person appeared on the show,10238,10238,The person appeared on the show,no,no.
t2i,The person appeared on the show,12074,12074,The person appeared on the show,yes,yes.
t2i,The person appeared on the show,13394,13394,The person appeared on the show,no,no.
t2i,The person appeared on the show,13939,13939,The person appeared on the show,no,no.
t2i,The person appeared on the show,4199,4199,The person appeared on the show,no,no
t2i,The person appeared on the show,8149,8149,The person appeared on the show,no,no.
t2i,The person appeared on the show,9548,9548,The person appeared on the show,no,no
t2i,The person appeared on the show,13331,13331,The person appeared on the show,no,no
t2i,The person appeared on the show,8496,8496,The person appeared on the show,no,no.
t2i,The person appeared on the show,4650,4650,The person appeared on the show,yes,yes.
t2i,The person appeared on the show,4534,4534,The person appeared on the show,no,no.
t2i,The person appeared on the show,863,863,The person appeared on the show,no,no.
t2i,The person appeared on the show,10440,10440,The person appeared on the show,no,no.
t2i,The person appeared on the show,2779,2779,The person appeared on the show,no,no.
t2i,The person appeared on the show,3799,3799,The person appeared on the show,yes,yes.
t2i,The person appeared on the show,9916,9916,The person appeared on the show,no,no.
t2i,The person appeared on the show,13522,13522,The person appeared on the show,yes,yes.
t2i,The person appeared on the show,12345,12345,The person appeared on the show,no,no.
t2i,The person appeared on the show,3242,3242,The person appeared on the show,no,no
t2i,The person appeared on the show,7632,7632,The person appeared on the show,yes,yes.
t2i,The person appeared on the show,7145,7145,The person appeared on the show,no,no
t2i,The person appeared on the show,12616,12616,The person appeared on the show,no,no.
t2i,The person appeared on the show,13770,13770,The person appeared on the show,no,no.
t2i,The person appeared on the show,5121,5121,The person appeared on the show,yes,yes.
t2i,The person appeared on the show,12746,12746,The person appeared on the show,yes,yes.
t2i,The person appeared on the show,13194,13194,The person appeared on the show,yes,yes.
t2i,The person appeared on the show,1015,1015,The person appeared on the show,no,no.
t2i,The person appeared on the show,7369,7369,The person appeared on the show,no,no
t2i,The person appeared on the show,10477,10477,The person appeared on the show,no,no.
t2i,The person appeared on the show,9943,9943,The person appeared on the show,yes,yes.
t2i,The person appeared on the show,7833,7833,The person appeared on the show,no,no
t2i,The person appeared on the show,12361,12361,The person appeared on the show,no,no
t2i,The person appeared on the show,10321,10321,The person appeared on the show,no,no.
t2i,The person appeared on the show,13502,13502,The person appeared on the show,yes,yes.
t2i,The person appeared on the show,9321,9321,The person appeared on the show,yes,yes.
t2i,The person appeared on the show,5053,5053,The person appeared on the show,yes,yes.
t2i,The person appeared on the show,6233,6233,The person appeared on the show,yes,yes.
t2i,The person appeared on the show,13988,13988,The person appeared on the show,yes,yes.
t2i,The person appeared on the show,12882,12882,The person appeared on the show,yes,yes.
t2i,The person appeared on the show,9961,9961,The person appeared on the show,yes,yes.
t2i,The person appeared on the show,13191,13191,The person appeared on the show,yes,yes.
t2i,The person appeared on the show,10970,10970,The person appeared on the show,yes,yes.
t2i,The person appeared on the show,7478,7478,The person appeared on the show,yes,yes.
t2i,The person appeared on the show,12611,12611,The person appeared on the show,no,no
t2i,The person appeared on the show,13747,13747,The person appeared on the show,no,no
t2i,The person appeared on the show,4193,4193,The person appeared on the show,no,no
t2i,The person appeared on the show,13505,13505,The person appeared on the show,yes,yes.
t2i,The person appeared on the show,7091,7091,The person appeared on the show,yes,yes.
t2i,The person appeared on the show,12776,12776,The person appeared on the show,yes,yes.
t2i,The person appeared on the show,4175,4175,The person appeared on the show,yes,yes.
t2i,The person appeared on the show,4166,4166,The person appeared on the show,no,no
t2i,The woman is walking on the garden.,1740,1740,The woman is walking on the garden.,no,no.
t2i,The woman is walking on the garden.,12196,12196,The woman is walking on the garden.,yes,yes.
t2i,The woman is walking on the garden.,4605,4605,The woman is walking on the garden.,yes,yes.
t2i,The woman is walking on the garden.,13698,13698,The woman is walking on the garden.,no,no.
t2i,The woman is walking on the garden.,890,890,The woman is walking on the garden.,no,no.
t2i,The woman is walking on the garden.,12011,12011,The woman is walking on the garden.,no,no.
t2i,The woman is walking on the garden.,4942,4942,The woman is walking on the garden.,no,no.
t2i,The woman is walking on the garden.,11198,11198,The woman is walking on the garden.,no,no.
t2i,The woman is walking on the garden.,674,674,The woman is walking on the garden.,no,no.
t2i,The woman is walking on the garden.,7200,7200,The woman is walking on the garden.,no,no.
t2i,The woman is walking on the garden.,6606,6606,The woman is walking on the garden.,yes,yes.
t2i,The woman is walking on the garden.,624,624,The woman is walking on the garden.,yes,yes.
t2i,The woman is walking on the garden.,3439,3439,The woman is walking on the garden.,yes,yes.
t2i,The woman is walking on the garden.,2858,2858,The woman is walking on the garden.,yes,yes.
t2i,The woman is walking on the garden.,3782,3782,The woman is walking on the garden.,yes,yes.
t2i,The woman is walking on the garden.,5507,5507,The woman is walking on the garden.,no,no.
t2i,The woman is walking on the garden.,11005,11005,The woman is walking on the garden.,no,no.
t2i,The woman is walking on the garden.,7279,7279,The woman is walking on the garden.,no,no.
t2i,The woman is walking on the garden.,6428,6428,The woman is walking on the garden.,no,no.
t2i,The woman is walking on the garden.,4934,4934,The woman is walking on the garden.,no,no.
t2i,The woman is walking on the garden.,2312,2312,The woman is walking on the garden.,no,no.
t2i,The woman is walking on the garden.,11259,11259,The woman is walking on the garden.,yes,yes.
t2i,The woman is walking on the garden.,933,933,The woman is walking on the garden.,yes,yes.
t2i,The woman is walking on the garden.,2087,2087,The woman is walking on the garden.,no,no.
t2i,The woman is walking on the garden.,11729,11729,The woman is walking on the garden.,no,no.
t2i,The woman is walking on the garden.,9990,9990,The woman is walking on the garden.,yes,yes.
t2i,The woman is walking on the garden.,3037,3037,The woman is walking on the garden.,yes,yes.
t2i,The woman is walking on the garden.,813,813,The woman is walking on the garden.,no,no.
t2i,The woman is walking on the garden.,4092,4092,The woman is walking on the garden.,yes,yes.
t2i,The woman is walking on the garden.,5233,5233,The woman is walking on the garden.,yes,yes.
t2i,The woman is walking on the garden.,12,12,The woman is walking on the garden.,no,no.
t2i,The woman is walking on the garden.,3955,3955,The woman is walking on the garden.,no,no.
t2i,The woman is walking on the garden.,6641,6641,The woman is walking on the garden.,no,no.
t2i,The woman is walking on the garden.,8991,8991,The woman is walking on the garden.,no,no.
t2i,The woman is walking on the garden.,810,810,The woman is walking on the garden.,yes,yes.
t2i,The woman is walking on the garden.,2756,2756,The woman is walking on the garden.,yes,yes.
t2i,The woman is walking on the garden.,920,920,The woman is walking on the garden.,no,no.
t2i,boat floating on river,4298,4298,boat floating on river,yes,yes.
t2i,boat floating on river,4403,4403,boat floating on river,yes,yes.
t2i,boat floating on river,8368,8368,boat floating on river,yes,yes.
t2i,boat floating on river,386,386,boat floating on river,yes,yes.
t2i,boat floating on river,13072,13072,boat floating on river,yes,yes.
t2i,boat floating on river,12612,12612,boat floating on river,no,no.
t2i,boat floating on river,14051,14051,boat floating on river,yes,yes.
t2i,boat floating on river,1946,1946,boat floating on river,yes,yes.
t2i,boat floating on river,582,582,boat floating on river,yes,yes.
t2i,boat floating on river,3300,3300,boat floating on river,yes,yes.
t2i,boat floating on river,2989,2989,boat floating on river,no,no.
t2i,boat floating on river,3033,3033,boat floating on river,yes,yes.
t2i,boat floating on river,13545,13545,boat floating on river,yes,yes.
t2i,boat floating on river,5639,5639,boat floating on river,no,no
t2i,boat floating on river,3771,3771,boat floating on river,yes,yes.
t2i,boat floating on river,13070,13070,boat floating on river,yes,yes.
t2i,boat floating on river,4188,4188,boat floating on river,yes,yes.
t2i,boat floating on river,9105,9105,boat floating on river,no,no
t2i,boat floating on river,13071,13071,boat floating on river,yes,yes.
t2i,boat floating on river,13277,13277,boat floating on river,yes,yes.
t2i,boat floating on river,6103,6103,boat floating on river,yes,yes.
t2i,boat floating on river,4101,4101,boat floating on river,yes,yes.
t2i,boat floating on river,4170,4170,boat floating on river,yes,yes.
t2i,boat floating on river,757,757,boat floating on river,yes,yes.
t2i,boat floating on river,4096,4096,boat floating on river,no,no.
t2i,boat floating on river,9755,9755,boat floating on river,yes,yes.
t2i,boat floating on river,3514,3514,boat floating on river,yes,yes.
t2i,boat floating on river,7463,7463,boat floating on river,yes,yes.
t2i,boat floating on river,7036,7036,boat floating on river,no,no
t2i,boat floating on river,11333,11333,boat floating on river,yes,yes.
t2i,boat floating on river,4121,4121,boat floating on river,yes,yes.
t2i,boat floating on river,4276,4276,boat floating on river,yes,yes.
t2i,boat floating on river,13655,13655,boat floating on river,yes,yes.
t2i,boat floating on river,13888,13888,boat floating on river,yes,yes.
t2i,boat floating on river,9408,9408,boat floating on river,yes,yes.
t2i,boat floating on river,5786,5786,boat floating on river,yes,yes.
t2i,boat floating on river,13997,13997,boat floating on river,no,no.
t2i,A woman lies in a chair.,6850,6850,A woman lies in a chair.,no,no.
t2i,A woman lies in a chair.,12588,12588,A woman lies in a chair.,no,no.
t2i,A woman lies in a chair.,886,886,A woman lies in a chair.,no,no.
t2i,A woman lies in a chair.,4622,4622,A woman lies in a chair.,yes,yes.
t2i,A woman lies in a chair.,6518,6518,A woman lies in a chair.,no,no.
t2i,A woman lies in a chair.,702,702,A woman lies in a chair.,no,no.
t2i,A woman lies in a chair.,401,401,A woman lies in a chair.,no,no.
t2i,A woman lies in a chair.,11805,11805,A woman lies in a chair.,no,no.
t2i,A woman lies in a chair.,8222,8222,A woman lies in a chair.,no,no.
t2i,A woman lies in a chair.,5894,5894,A woman lies in a chair.,no,no.
t2i,A woman lies in a chair.,3358,3358,A woman lies in a chair.,no,no.
t2i,A woman lies in a chair.,13588,13588,A woman lies in a chair.,no,no.
t2i,A woman lies in a chair.,13652,13652,A woman lies in a chair.,no,no.
t2i,A woman lies in a chair.,8820,8820,A woman lies in a chair.,no,no.
t2i,A woman lies in a chair.,8350,8350,A woman lies in a chair.,no,no.
t2i,A woman lies in a chair.,5929,5929,A woman lies in a chair.,no,no.
t2i,A woman lies in a chair.,1628,1628,A woman lies in a chair.,no,no.
t2i,A woman lies in a chair.,2594,2594,A woman lies in a chair.,yes,yes.
t2i,A woman lies in a chair.,7173,7173,A woman lies in a chair.,no,no.
t2i,A woman lies in a chair.,3200,3200,A woman lies in a chair.,yes,yes.
t2i,A woman lies in a chair.,1347,1347,A woman lies in a chair.,no,no.
t2i,A woman lies in a chair.,10565,10565,A woman lies in a chair.,yes,yes.
t2i,A woman lies in a chair.,5886,5886,A woman lies in a chair.,no,no.
t2i,A woman lies in a chair.,2976,2976,A woman lies in a chair.,no,no.
t2i,A woman lies in a chair.,5596,5596,A woman lies in a chair.,no,no.
t2i,A woman lies in a chair.,13386,13386,A woman lies in a chair.,no,no.
t2i,A woman lies in a chair.,4926,4926,A woman lies in a chair.,no,no.
t2i,A woman lies in a chair.,3931,3931,A woman lies in a chair.,no,no.
t2i,A woman lies in a chair.,8591,8591,A woman lies in a chair.,no,no.
t2i,A woman lies in a chair.,10887,10887,A woman lies in a chair.,no,no.
t2i,A woman lies in a chair.,1426,1426,A woman lies in a chair.,no,no.
t2i,A woman lies in a chair.,10618,10618,A woman lies in a chair.,no,no.
t2i,A woman lies in a chair.,719,719,A woman lies in a chair.,no,no.
t2i,A woman lies in a chair.,1733,1733,A woman lies in a chair.,no,no.
t2i,A woman lies in a chair.,11878,11878,A woman lies in a chair.,no,no.
t2i,A woman lies in a chair.,11592,11592,A woman lies in a chair.,no,no.
t2i,A woman lies in a chair.,5714,5714,A woman lies in a chair.,no,no.
t2i,A woman lies in a chair.,13463,13463,A woman lies in a chair.,no,no.
t2i,A woman lies in a chair.,1680,1680,A woman lies in a chair.,no,no.
t2i,A woman lies in a chair.,10492,10492,A woman lies in a chair.,no,no.
t2i,A woman lies in a chair.,11045,11045,A woman lies in a chair.,no,no.
t2i,A woman lies in a chair.,2276,2276,A woman lies in a chair.,no,no.
t2i,A woman lies in a chair.,557,557,A woman lies in a chair.,no,no.
t2i,A woman lies in a chair.,275,275,A woman lies in a chair.,no,no.
t2i,A woman lies in a chair.,3619,3619,A woman lies in a chair.,no,no.
t2i,A woman lies in a chair.,3389,3389,A woman lies in a chair.,no,no.
t2i,A woman sits on a windowsill.,144,144,A woman sits on a windowsill.,yes,yes.
t2i,A woman sits on a windowsill.,1788,1788,A woman sits on a windowsill.,yes,yes.
t2i,A woman sits on a windowsill.,2081,2081,A woman sits on a windowsill.,yes,yes.
t2i,A woman sits on a windowsill.,7944,7944,A woman sits on a windowsill.,yes,yes.
t2i,A woman sits on a windowsill.,10053,10053,A woman sits on a windowsill.,yes,yes.
t2i,A woman sits on a windowsill.,6455,6455,A woman sits on a windowsill.,yes,yes.
t2i,A woman sits on a windowsill.,9825,9825,A woman sits on a windowsill.,no,no.
t2i,A woman sits on a windowsill.,6152,6152,A woman sits on a windowsill.,no,no.
t2i,A woman sits on a windowsill.,11848,11848,A woman sits on a windowsill.,yes,yes.
t2i,A woman sits on a windowsill.,3768,3768,A woman sits on a windowsill.,no,no.
t2i,A woman sits on a windowsill.,3749,3749,A woman sits on a windowsill.,yes,yes.
t2i,A woman sits on a windowsill.,2136,2136,A woman sits on a windowsill.,yes,yes.
t2i,A woman sits on a windowsill.,9035,9035,A woman sits on a windowsill.,yes,yes.
t2i,A woman sits on a windowsill.,14087,14087,A woman sits on a windowsill.,yes,yes.
t2i,A woman sits on a windowsill.,2231,2231,A woman sits on a windowsill.,yes,yes.
t2i,A woman sits on a windowsill.,12504,12504,A woman sits on a windowsill.,yes,yes.
t2i,A woman sits on a windowsill.,3394,3394,A woman sits on a windowsill.,no,no.
t2i,A woman sits on a windowsill.,6121,6121,A woman sits on a windowsill.,yes,yes.
t2i,A woman sits on a windowsill.,7492,7492,A woman sits on a windowsill.,no,no.
t2i,A woman sits on a windowsill.,9788,9788,A woman sits on a windowsill.,no,no.
t2i,A woman sits on a windowsill.,4548,4548,A woman sits on a windowsill.,no,no.
t2i,A woman sits on a windowsill.,7501,7501,A woman sits on a windowsill.,no,no.
t2i,A woman sits on a windowsill.,5274,5274,A woman sits on a windowsill.,yes,yes.
t2i,A woman sits on a windowsill.,11302,11302,A woman sits on a windowsill.,yes,yes.
t2i,A woman sits on a windowsill.,753,753,A woman sits on a windowsill.,yes,yes.
t2i,A woman sits on a windowsill.,5860,5860,A woman sits on a windowsill.,yes,yes.
t2i,A woman sits on a windowsill.,9874,9874,A woman sits on a windowsill.,yes,yes.
t2i,A woman sits on a windowsill.,12207,12207,A woman sits on a windowsill.,no,no.
t2i,A cat sits on the bed.,7880,7880,A cat sits on the bed.,yes,yes.
t2i,A cat sits on the bed.,9317,9317,A cat sits on the bed.,yes,yes.
t2i,A cat sits on the bed.,13114,13114,A cat sits on the bed.,yes,yes.
t2i,A cat sits on the bed.,7847,7847,A cat sits on the bed.,no,no.
t2i,A cat sits on the bed.,13509,13509,A cat sits on the bed.,no,no.
t2i,A cat sits on the bed.,13689,13689,A cat sits on the bed.,no,no.
t2i,A cat sits on the bed.,4717,4717,A cat sits on the bed.,no,no.
t2i,A cat sits on the bed.,12474,12474,A cat sits on the bed.,no,no.
t2i,A cat sits on the bed.,13763,13763,A cat sits on the bed.,no,no.
t2i,A cat sits on the bed.,9,9,A cat sits on the bed.,no,no
t2i,A cat sits on the bed.,12860,12860,A cat sits on the bed.,yes,yes.
t2i,A cat sits on the bed.,7056,7056,A cat sits on the bed.,yes,yes.
t2i,A cat sits on the bed.,3975,3975,A cat sits on the bed.,no,no.
t2i,A cat sits on the bed.,12475,12475,A cat sits on the bed.,yes,yes.
t2i,A cat sits on the bed.,6429,6429,A cat sits on the bed.,no,no.
t2i,A cat sits on the bed.,7881,7881,A cat sits on the bed.,no,no.
t2i,A cat sits on the bed.,7846,7846,A cat sits on the bed.,no,no.
t2i,A cat sits on the bed.,1967,1967,A cat sits on the bed.,no,no.
t2i,A cat sits on the bed.,7243,7243,A cat sits on the bed.,no,no.
t2i,A cat sits on the bed.,5914,5914,A cat sits on the bed.,no,no.
t2i,A cat sits on the bed.,11995,11995,A cat sits on the bed.,no,no.
t2i,A cat sits on the bed.,70,70,A cat sits on the bed.,no,no.
t2i,A cat sits on the bed.,11996,11996,A cat sits on the bed.,no,no.
t2i,A cat sits on the bed.,8943,8943,A cat sits on the bed.,no,no.
t2i,A cat sits on the bed.,4718,4718,A cat sits on the bed.,no,no.
t2i,A cat sits on the bed.,9157,9157,A cat sits on the bed.,no,no.
t2i,A cat sits on the bed.,13331,13331,A cat sits on the bed.,no,no.
t2i,A cat sits on the bed.,13353,13353,A cat sits on the bed.,no,no.
t2i,A cat sits on the bed.,8942,8942,A cat sits on the bed.,no,no.
t2i,A couple rides bicycles.,12715,12715,A couple rides bicycles.,no,no.
t2i,A couple rides bicycles.,6962,6962,A couple rides bicycles.,no,no.
t2i,A couple rides bicycles.,5064,5064,A couple rides bicycles.,no,no.
t2i,A couple rides bicycles.,11703,11703,A couple rides bicycles.,yes,yes.
t2i,A couple rides bicycles.,5212,5212,A couple rides bicycles.,no,no.
t2i,A couple rides bicycles.,9088,9088,A couple rides bicycles.,no,no.
t2i,A couple rides bicycles.,11704,11704,A couple rides bicycles.,yes,yes.
t2i,A couple rides bicycles.,8348,8348,A couple rides bicycles.,no,no.
t2i,A couple rides bicycles.,5466,5466,A couple rides bicycles.,no,no.
t2i,A couple rides bicycles.,12904,12904,A couple rides bicycles.,no,no.
t2i,A couple rides bicycles.,6526,6526,A couple rides bicycles.,no,no.
t2i,A couple rides bicycles.,81,81,A couple rides bicycles.,no,no.
t2i,A couple rides bicycles.,4559,4559,A couple rides bicycles.,no,no.
t2i,A couple rides bicycles.,6303,6303,A couple rides bicycles.,no,no.
t2i,A couple rides bicycles.,711,711,A couple rides bicycles.,no,no.
t2i,A couple rides bicycles.,8389,8389,A couple rides bicycles.,no,no.
t2i,A couple rides bicycles.,1633,1633,A couple rides bicycles.,no,no.
t2i,A couple rides bicycles.,2300,2300,A couple rides bicycles.,no,no.
t2i,A couple rides bicycles.,774,774,A couple rides bicycles.,no,no.
t2i,A couple rides bicycles.,4902,4902,A couple rides bicycles.,no,no.
t2i,A couple rides bicycles.,1434,1434,A couple rides bicycles.,no,no.
t2i,A couple rides bicycles.,9230,9230,A couple rides bicycles.,no,no.
t2i,A couple rides bicycles.,420,420,A couple rides bicycles.,no,no.
t2i,A couple rides bicycles.,12353,12353,A couple rides bicycles.,no,no.
t2i,A couple rides bicycles.,13810,13810,A couple rides bicycles.,no,no.
t2i,A couple rides bicycles.,12968,12968,A couple rides bicycles.,yes,yes.
t2i,A couple rides bicycles.,11356,11356,A couple rides bicycles.,no,no.
t2i,A couple rides bicycles.,2931,2931,A couple rides bicycles.,no,no
t2i,A couple rides bicycles.,5213,5213,A couple rides bicycles.,no,no.
t2i,A couple rides bicycles.,13780,13780,A couple rides bicycles.,no,no.
t2i,A couple rides bicycles.,8255,8255,A couple rides bicycles.,no,no.
t2i,A mother plays with a daughter.,7758,7758,A mother plays with a daughter.,yes,yes.
t2i,A mother plays with a daughter.,6648,6648,A mother plays with a daughter.,no,no.
t2i,A mother plays with a daughter.,1321,1321,A mother plays with a daughter.,no,no.
t2i,A mother plays with a daughter.,4913,4913,A mother plays with a daughter.,yes,yes.
t2i,A mother plays with a daughter.,1066,1066,A mother plays with a daughter.,yes,yes.
t2i,A mother plays with a daughter.,9883,9883,A mother plays with a daughter.,yes,yes.
t2i,A mother plays with a daughter.,12121,12121,A mother plays with a daughter.,yes,yes.
t2i,A mother plays with a daughter.,2725,2725,A mother plays with a daughter.,yes,yes.
t2i,A mother plays with a daughter.,201,201,A mother plays with a daughter.,yes,yes.
t2i,A mother plays with a daughter.,10971,10971,A mother plays with a daughter.,yes,yes.
t2i,A mother plays with a daughter.,10020,10020,A mother plays with a daughter.,no,no.
t2i,A mother plays with a daughter.,1543,1543,A mother plays with a daughter.,yes,yes.
t2i,A mother plays with a daughter.,13346,13346,A mother plays with a daughter.,yes,yes.
t2i,A mother plays with a daughter.,9049,9049,A mother plays with a daughter.,no,no.
t2i,A mother plays with a daughter.,9768,9768,A mother plays with a daughter.,yes,yes.
t2i,A mother plays with a daughter.,7875,7875,A mother plays with a daughter.,yes,yes.
t2i,A mother plays with a daughter.,8466,8466,A mother plays with a daughter.,yes,yes.
t2i,A mother plays with a daughter.,8004,8004,A mother plays with a daughter.,yes,yes.
t2i,A mother plays with a daughter.,4202,4202,A mother plays with a daughter.,yes,yes.
t2i,A mother plays with a daughter.,14024,14024,A mother plays with a daughter.,no,no.
t2i,A mother plays with a daughter.,11246,11246,A mother plays with a daughter.,yes,yes.
t2i,A mother plays with a daughter.,3707,3707,A mother plays with a daughter.,yes,yes.
t2i,A mother plays with a daughter.,4689,4689,A mother plays with a daughter.,yes,yes.
t2i,A mother plays with a daughter.,8770,8770,A mother plays with a daughter.,no,no.
t2i,A mother plays with a daughter.,7316,7316,A mother plays with a daughter.,yes,yes.
t2i,A mother plays with a daughter.,304,304,A mother plays with a daughter.,yes,yes.
t2i,A mother plays with a daughter.,7216,7216,A mother plays with a daughter.,no,no.
t2i,A mother plays with a daughter.,2057,2057,A mother plays with a daughter.,yes,yes.
t2i,A mother plays with a daughter.,13971,13971,A mother plays with a daughter.,yes,yes.
t2i,A mother plays with a daughter.,1489,1489,A mother plays with a daughter.,yes,yes.
t2i,A mother plays with a daughter.,11752,11752,A mother plays with a daughter.,yes,yes.
t2i,A mother plays with a daughter.,8202,8202,A mother plays with a daughter.,no,no.
t2i,A mother plays with a daughter.,7317,7317,A mother plays with a daughter.,yes,yes.
t2i,A mother plays with a daughter.,8771,8771,A mother plays with a daughter.,yes,yes.
t2i,A mother plays with a daughter.,7122,7122,A mother plays with a daughter.,no,no.
t2i,A mother plays with a daughter.,10028,10028,A mother plays with a daughter.,no,no.
t2i,A mother plays with a daughter.,3602,3602,A mother plays with a daughter.,yes,yes.
t2i,A mother plays with a daughter.,5935,5935,A mother plays with a daughter.,no,no.
t2i,A mother plays with a daughter.,11112,11112,A mother plays with a daughter.,yes,yes.
t2i,A mother plays with a daughter.,12895,12895,A mother plays with a daughter.,yes,yes.
t2i,A mother plays with a daughter.,4510,4510,A mother plays with a daughter.,yes,yes.
t2i,A mother plays with a daughter.,11728,11728,A mother plays with a daughter.,yes,yes.
t2i,The birds fly over the beach along the sunset,10574,10574,The birds fly over the beach along the sunset,yes,yes.
t2i,The birds fly over the beach along the sunset,10801,10801,The birds fly over the beach along the sunset,yes,yes.
t2i,The birds fly over the beach along the sunset,6296,6296,The birds fly over the beach along the sunset,yes,yes.
t2i,The birds fly over the beach along the sunset,4652,4652,The birds fly over the beach along the sunset,no,no.
t2i,The birds fly over the beach along the sunset,1890,1890,The birds fly over the beach along the sunset,no,no.
t2i,The birds fly over the beach along the sunset,12656,12656,The birds fly over the beach along the sunset,no,no.
t2i,The birds fly over the beach along the sunset,8177,8177,The birds fly over the beach along the sunset,no,no.
t2i,The birds fly over the beach along the sunset,6105,6105,The birds fly over the beach along the sunset,no,no.
t2i,The birds fly over the beach along the sunset,9836,9836,The birds fly over the beach along the sunset,no,no.
t2i,The birds fly over the beach along the sunset,7859,7859,The birds fly over the beach along the sunset,no,no.
t2i,The birds fly over the beach along the sunset,4328,4328,The birds fly over the beach along the sunset,no,no.
t2i,The birds fly over the beach along the sunset,6198,6198,The birds fly over the beach along the sunset,no,no.
t2i,The birds fly over the beach along the sunset,4310,4310,The birds fly over the beach along the sunset,no,no.
t2i,The birds fly over the beach along the sunset,1530,1530,The birds fly over the beach along the sunset,no,no.
t2i,The birds fly over the beach along the sunset,11330,11330,The birds fly over the beach along the sunset,no,no.
t2i,The birds fly over the beach along the sunset,9929,9929,The birds fly over the beach along the sunset,no,no.
t2i,The birds fly over the beach along the sunset,2893,2893,The birds fly over the beach along the sunset,no,no.
t2i,The birds fly over the beach along the sunset,2746,2746,The birds fly over the beach along the sunset,no,no.
t2i,The birds fly over the beach along the sunset,10404,10404,The birds fly over the beach along the sunset,no,no.
t2i,The birds fly over the beach along the sunset,8851,8851,The birds fly over the beach along the sunset,no,no.
t2i,The birds fly over the beach along the sunset,13122,13122,The birds fly over the beach along the sunset,no,no.
t2i,The birds fly over the beach along the sunset,8143,8143,The birds fly over the beach along the sunset,no,no.
t2i,The birds fly over the beach along the sunset,9928,9928,The birds fly over the beach along the sunset,no,no.
t2i,The birds fly over the beach along the sunset,13019,13019,The birds fly over the beach along the sunset,no,no.
t2i,The birds fly over the beach along the sunset,8142,8142,The birds fly over the beach along the sunset,no,no.
t2i,The birds fly over the beach along the sunset,6596,6596,The birds fly over the beach along the sunset,no,no.
t2i,The birds fly over the beach along the sunset,6383,6383,The birds fly over the beach along the sunset,no,no.
t2i,A person is one of many singing with the crowd.,3613,3613,A person is one of many singing with the crowd.,yes,yes.
t2i,A person is one of many singing with the crowd.,7579,7579,A person is one of many singing with the crowd.,no,no.
t2i,A person is one of many singing with the crowd.,13993,13993,A person is one of many singing with the crowd.,no,no.
t2i,A person is one of many singing with the crowd.,241,241,A person is one of many singing with the crowd.,no,no.
t2i,A person is one of many singing with the crowd.,6247,6247,A person is one of many singing with the crowd.,no,no.
t2i,A person is one of many singing with the crowd.,12617,12617,A person is one of many singing with the crowd.,no,no.
t2i,A person is one of many singing with the crowd.,2182,2182,A person is one of many singing with the crowd.,no,no.
t2i,A person is one of many singing with the crowd.,3516,3516,A person is one of many singing with the crowd.,no,no.
t2i,A person is one of many singing with the crowd.,4837,4837,A person is one of many singing with the crowd.,no,no.
t2i,A person is one of many singing with the crowd.,2366,2366,A person is one of many singing with the crowd.,no,no.
t2i,A person is one of many singing with the crowd.,12038,12038,A person is one of many singing with the crowd.,yes,yes.
t2i,A person is one of many singing with the crowd.,13700,13700,A person is one of many singing with the crowd.,no,no.
t2i,A person is one of many singing with the crowd.,5482,5482,A person is one of many singing with the crowd.,no,no.
t2i,A person is one of many singing with the crowd.,3970,3970,A person is one of many singing with the crowd.,yes,yes.
t2i,A person is one of many singing with the crowd.,690,690,A person is one of many singing with the crowd.,no,no.
t2i,A person is one of many singing with the crowd.,1513,1513,A person is one of many singing with the crowd.,no,no.
t2i,A person is one of many singing with the crowd.,13561,13561,A person is one of many singing with the crowd.,no,no.
t2i,A person is one of many singing with the crowd.,1679,1679,A person is one of many singing with the crowd.,no,no.
t2i,A person is one of many singing with the crowd.,4361,4361,A person is one of many singing with the crowd.,no,no.
t2i,A person is one of many singing with the crowd.,1906,1906,A person is one of many singing with the crowd.,no,no.
t2i,A person is one of many singing with the crowd.,6180,6180,A person is one of many singing with the crowd.,no,no.
t2i,A person is one of many singing with the crowd.,13520,13520,A person is one of many singing with the crowd.,no,no.
t2i,A person is one of many singing with the crowd.,3925,3925,A person is one of many singing with the crowd.,no,no.
t2i,A person is one of many singing with the crowd.,4411,4411,A person is one of many singing with the crowd.,no,no.
t2i,A person is one of many singing with the crowd.,3692,3692,A person is one of many singing with the crowd.,no,no.
t2i,A person is one of many singing with the crowd.,3246,3246,A person is one of many singing with the crowd.,no,no.
t2i,A person is one of many singing with the crowd.,7578,7578,A person is one of many singing with the crowd.,no,no.
t2i,A person is one of many singing with the crowd.,10515,10515,A person is one of many singing with the crowd.,yes,yes.
t2i,A person is one of many singing with the crowd.,1893,1893,A person is one of many singing with the crowd.,no,no.
t2i,A person is one of many singing with the crowd.,4221,4221,A person is one of many singing with the crowd.,no,no.
t2i,A person is one of many singing with the crowd.,3971,3971,A person is one of many singing with the crowd.,no,no.
t2i,A person is one of many singing with the crowd.,2633,2633,A person is one of many singing with the crowd.,no,no.
t2i,A person is one of many singing with the crowd.,11676,11676,A person is one of many singing with the crowd.,no,no.
t2i,A person is one of many singing with the crowd.,3882,3882,A person is one of many singing with the crowd.,no,no.
t2i,A person is one of many singing with the crowd.,10658,10658,A person is one of many singing with the crowd.,no,no.
t2i,A person is one of many singing with the crowd.,689,689,A person is one of many singing with the crowd.,yes,yes.
t2i,A person is one of many singing with the crowd.,10828,10828,A person is one of many singing with the crowd.,yes,yes.
t2i,A person is one of many singing with the crowd.,4363,4363,A person is one of many singing with the crowd.,no,no.
t2i,boy sit on the couch,2992,2992,boy sit on the couch,yes,yes.
t2i,boy sit on the couch,1779,1779,boy sit on the couch,no,no.
t2i,boy sit on the couch,3096,3096,boy sit on the couch,yes,yes.
t2i,boy sit on the couch,13498,13498,boy sit on the couch,yes,yes.
t2i,boy sit on the couch,6362,6362,boy sit on the couch,no,no.
t2i,boy sit on the couch,6683,6683,boy sit on the couch,no,no.
t2i,boy sit on the couch,1156,1156,boy sit on the couch,yes,yes.
t2i,boy sit on the couch,8366,8366,boy sit on the couch,no,no.
t2i,boy sit on the couch,6341,6341,boy sit on the couch,yes,yes.
t2i,boy sit on the couch,497,497,boy sit on the couch,no,no.
t2i,boy sit on the couch,5599,5599,boy sit on the couch,yes,yes.
t2i,boy sit on the couch,633,633,boy sit on the couch,yes,yes.
t2i,boy sit on the couch,5598,5598,boy sit on the couch,yes,yes.
t2i,boy sit on the couch,11303,11303,boy sit on the couch,no,no.
t2i,boy sit on the couch,5078,5078,boy sit on the couch,yes,yes.
t2i,boy sit on the couch,1248,1248,boy sit on the couch,no,no.
t2i,boy sit on the couch,11575,11575,boy sit on the couch,no,no.
t2i,boy sit on the couch,1330,1330,boy sit on the couch,yes,yes.
t2i,boy sit on the couch,8471,8471,boy sit on the couch,no,no.
t2i,boy sit on the couch,1419,1419,boy sit on the couch,yes,yes.
t2i,boy sit on the couch,12017,12017,boy sit on the couch,no,no
t2i,boy sit on the couch,2241,2241,boy sit on the couch,yes,yes.
t2i,boy sit on the couch,3056,3056,boy sit on the couch,no,no
t2i,boy sit on the couch,2851,2851,boy sit on the couch,no,no.
t2i,boy sit on the couch,2494,2494,boy sit on the couch,yes,yes.
t2i,boy sit on the couch,4863,4863,boy sit on the couch,no,no.
t2i,boy sit on the couch,12255,12255,boy sit on the couch,no,no.
t2i,boy sit on the couch,4864,4864,boy sit on the couch,no,no
t2i,A man stands in front of a whiteboard.,620,620,A man stands in front of a whiteboard.,no,no.
t2i,A man stands in front of a whiteboard.,12219,12219,A man stands in front of a whiteboard.,no,no.
t2i,A man stands in front of a whiteboard.,5771,5771,A man stands in front of a whiteboard.,yes,yes.
t2i,A man stands in front of a whiteboard.,3146,3146,A man stands in front of a whiteboard.,no,no.
t2i,A man stands in front of a whiteboard.,12136,12136,A man stands in front of a whiteboard.,no,no.
t2i,A man stands in front of a whiteboard.,12220,12220,A man stands in front of a whiteboard.,no,no.
t2i,A man stands in front of a whiteboard.,9684,9684,A man stands in front of a whiteboard.,yes,yes.
t2i,A man stands in front of a whiteboard.,9685,9685,A man stands in front of a whiteboard.,yes,yes.
t2i,A man stands in front of a whiteboard.,7100,7100,A man stands in front of a whiteboard.,no,no.
t2i,A man stands in front of a whiteboard.,209,209,A man stands in front of a whiteboard.,no,no
t2i,A man stands in front of a whiteboard.,8749,8749,A man stands in front of a whiteboard.,yes,yes.
t2i,A man stands in front of a whiteboard.,10252,10252,A man stands in front of a whiteboard.,no,no.
t2i,A man stands in front of a whiteboard.,9927,9927,A man stands in front of a whiteboard.,no,no.
t2i,A man stands in front of a whiteboard.,8977,8977,A man stands in front of a whiteboard.,no,no.
t2i,A man stands in front of a whiteboard.,13199,13199,A man stands in front of a whiteboard.,no,no.
t2i,A man stands in front of a whiteboard.,12629,12629,A man stands in front of a whiteboard.,no,no.
t2i,A man stands in front of a whiteboard.,6875,6875,A man stands in front of a whiteboard.,no,no.
t2i,A man stands in front of a whiteboard.,1613,1613,A man stands in front of a whiteboard.,no,no.
t2i,A man stands in front of a whiteboard.,7607,7607,A man stands in front of a whiteboard.,no,no.
t2i,A man stands in front of a whiteboard.,8114,8114,A man stands in front of a whiteboard.,no,no.
t2i,A man stands in front of a whiteboard.,11956,11956,A man stands in front of a whiteboard.,no,no.
t2i,A man stands in front of a whiteboard.,10393,10393,A man stands in front of a whiteboard.,no,no.
t2i,A man stands in front of a whiteboard.,9884,9884,A man stands in front of a whiteboard.,no,no.
t2i,A man stands in front of a whiteboard.,8233,8233,A man stands in front of a whiteboard.,no,no.
t2i,A man stands in front of a whiteboard.,5059,5059,A man stands in front of a whiteboard.,yes,yes.
t2i,A man stands in front of a whiteboard.,8858,8858,A man stands in front of a whiteboard.,yes,yes.
t2i,A man stands in front of a whiteboard.,9769,9769,A man stands in front of a whiteboard.,no,no.
t2i,A man stands in front of a whiteboard.,6246,6246,A man stands in front of a whiteboard.,no,no.
t2i,A man stands in front of a whiteboard.,7639,7639,A man stands in front of a whiteboard.,no,no.
t2i,A man stands in front of a whiteboard.,11092,11092,A man stands in front of a whiteboard.,no,no.
t2i,A man stands in front of a whiteboard.,10151,10151,A man stands in front of a whiteboard.,no,no.
t2i,A man stands in front of a whiteboard.,6357,6357,A man stands in front of a whiteboard.,no,no.
t2i,The train will go to crystal city.,4391,4391,The train will go to crystal city.,no,no.
t2i,The train will go to crystal city.,1863,1863,The train will go to crystal city.,no,no.
t2i,The train will go to crystal city.,11816,11816,The train will go to crystal city.,no,no.
t2i,The train will go to crystal city.,12996,12996,The train will go to crystal city.,no,no.
t2i,The train will go to crystal city.,3249,3249,The train will go to crystal city.,no,no.
t2i,The train will go to crystal city.,1847,1847,The train will go to crystal city.,no,no.
t2i,The train will go to crystal city.,11564,11564,The train will go to crystal city.,no,no.
t2i,The train will go to crystal city.,9154,9154,The train will go to crystal city.,no,no.
t2i,The train will go to crystal city.,2856,2856,The train will go to crystal city.,no,no.
t2i,The train will go to crystal city.,3958,3958,The train will go to crystal city.,no,no.
t2i,The train will go to crystal city.,3404,3404,The train will go to crystal city.,no,no.
t2i,The train will go to crystal city.,11216,11216,The train will go to crystal city.,no,no.
t2i,The train will go to crystal city.,4881,4881,The train will go to crystal city.,no,no.
t2i,The train will go to crystal city.,8491,8491,The train will go to crystal city.,no,no.
t2i,The train will go to crystal city.,13280,13280,The train will go to crystal city.,no,no.
t2i,The train will go to crystal city.,13571,13571,The train will go to crystal city.,no,no.
t2i,The train will go to crystal city.,1376,1376,The train will go to crystal city.,no,no.
t2i,The train will go to crystal city.,12070,12070,The train will go to crystal city.,no,no.
t2i,The train will go to crystal city.,2350,2350,The train will go to crystal city.,no,no.
t2i,The train will go to crystal city.,12826,12826,The train will go to crystal city.,no,no.
t2i,The train will go to crystal city.,4880,4880,The train will go to crystal city.,no,no.
t2i,The train will go to crystal city.,11242,11242,The train will go to crystal city.,no,no.
t2i,The train will go to crystal city.,6472,6472,The train will go to crystal city.,no,no.
t2i,The train will go to crystal city.,7691,7691,The train will go to crystal city.,no,no.
t2i,The train will go to crystal city.,7334,7334,The train will go to crystal city.,no,no.
t2i,The train will go to crystal city.,2404,2404,The train will go to crystal city.,no,no.
t2i,The train will go to crystal city.,4373,4373,The train will go to crystal city.,no,no.
t2i,The train will go to crystal city.,4701,4701,The train will go to crystal city.,no,no.
t2i,The train will go to crystal city.,13544,13544,The train will go to crystal city.,no,no.
t2i,The train will go to crystal city.,4389,4389,The train will go to crystal city.,no,no.
t2i,The train will go to crystal city.,4236,4236,The train will go to crystal city.,no,no.
t2i,The train will go to crystal city.,7335,7335,The train will go to crystal city.,no,no.
t2i,The train will go to crystal city.,11241,11241,The train will go to crystal city.,no,no.
t2i,The train will go to crystal city.,12020,12020,The train will go to crystal city.,no,no.
t2i,The train will go to crystal city.,13799,13799,The train will go to crystal city.,no,no.
t2i,The train will go to crystal city.,587,587,The train will go to crystal city.,no,no.
t2i,The train will go to crystal city.,7509,7509,The train will go to crystal city.,no,no.
t2i,The train will go to crystal city.,8916,8916,The train will go to crystal city.,no,no.
t2i,The train will go to crystal city.,3524,3524,The train will go to crystal city.,no,no.
t2i,The artist will play the guitar on stage.,10078,10078,The artist will play the guitar on stage.,no,no.
t2i,The artist will play the guitar on stage.,2045,2045,The artist will play the guitar on stage.,no,no.
t2i,The artist will play the guitar on stage.,3151,3151,The artist will play the guitar on stage.,yes,yes.
t2i,The artist will play the guitar on stage.,4681,4681,The artist will play the guitar on stage.,no,no.
t2i,The artist will play the guitar on stage.,2376,2376,The artist will play the guitar on stage.,no,no.
t2i,The artist will play the guitar on stage.,3506,3506,The artist will play the guitar on stage.,no,no.
t2i,The artist will play the guitar on stage.,363,363,The artist will play the guitar on stage.,yes,yes.
t2i,The artist will play the guitar on stage.,2157,2157,The artist will play the guitar on stage.,yes,yes.
t2i,The artist will play the guitar on stage.,2679,2679,The artist will play the guitar on stage.,no,no.
t2i,The artist will play the guitar on stage.,2210,2210,The artist will play the guitar on stage.,no,no.
t2i,The artist will play the guitar on stage.,8012,8012,The artist will play the guitar on stage.,yes,yes.
t2i,The artist will play the guitar on stage.,13862,13862,The artist will play the guitar on stage.,yes,yes.
t2i,The artist will play the guitar on stage.,489,489,The artist will play the guitar on stage.,no,no.
t2i,The artist will play the guitar on stage.,3241,3241,The artist will play the guitar on stage.,yes,yes.
t2i,The artist will play the guitar on stage.,921,921,The artist will play the guitar on stage.,yes,yes.
t2i,The artist will play the guitar on stage.,1868,1868,The artist will play the guitar on stage.,no,no.
t2i,The artist will play the guitar on stage.,2495,2495,The artist will play the guitar on stage.,yes,yes.
t2i,The artist will play the guitar on stage.,11571,11571,The artist will play the guitar on stage.,no,no.
t2i,The artist will play the guitar on stage.,1766,1766,The artist will play the guitar on stage.,no,no.
t2i,The artist will play the guitar on stage.,12616,12616,The artist will play the guitar on stage.,no,no.
t2i,The artist will play the guitar on stage.,13099,13099,The artist will play the guitar on stage.,yes,yes.
t2i,The artist will play the guitar on stage.,3288,3288,The artist will play the guitar on stage.,yes,yes.
t2i,The artist will play the guitar on stage.,11788,11788,The artist will play the guitar on stage.,no,no.
t2i,The artist will play the guitar on stage.,2802,2802,The artist will play the guitar on stage.,yes,yes.
t2i,The artist will play the guitar on stage.,2680,2680,The artist will play the guitar on stage.,no,no.
t2i,The artist will play the guitar on stage.,7583,7583,The artist will play the guitar on stage.,yes,yes.
t2i,The artist will play the guitar on stage.,12799,12799,The artist will play the guitar on stage.,yes,yes.
t2i,The artist will play the guitar on stage.,13861,13861,The artist will play the guitar on stage.,yes,yes.
t2i,The artist will play the guitar on stage.,9760,9760,The artist will play the guitar on stage.,yes,yes.
t2i,The artist will play the guitar on stage.,4204,4204,The artist will play the guitar on stage.,yes,yes.
t2i,The artist will play the guitar on stage.,3447,3447,The artist will play the guitar on stage.,yes,yes.
t2i,The artist will play the guitar on stage.,11392,11392,The artist will play the guitar on stage.,yes,yes.
t2i,The artist will play the guitar on stage.,3193,3193,The artist will play the guitar on stage.,yes,yes.
t2i,Mother sits at the beach.,889,889,Mother sits at the beach.,yes,yes.
t2i,Mother sits at the beach.,11732,11732,Mother sits at the beach.,no,no.
t2i,Mother sits at the beach.,6800,6800,Mother sits at the beach.,no,no.
t2i,Mother sits at the beach.,6297,6297,Mother sits at the beach.,no,no.
t2i,Mother sits at the beach.,7015,7015,Mother sits at the beach.,no,no.
t2i,Mother sits at the beach.,11450,11450,Mother sits at the beach.,no,no.
t2i,Mother sits at the beach.,10501,10501,Mother sits at the beach.,no,no.
t2i,Mother sits at the beach.,880,880,Mother sits at the beach.,no,no.
t2i,Mother sits at the beach.,6721,6721,Mother sits at the beach.,no,no.
t2i,Mother sits at the beach.,2658,2658,Mother sits at the beach.,no,no.
t2i,Mother sits at the beach.,5150,5150,Mother sits at the beach.,no,no.
t2i,Mother sits at the beach.,975,975,Mother sits at the beach.,no,no.
t2i,Mother sits at the beach.,10160,10160,Mother sits at the beach.,no,no.
t2i,Mother sits at the beach.,10330,10330,Mother sits at the beach.,yes,yes.
t2i,Mother sits at the beach.,2141,2141,Mother sits at the beach.,no,no.
t2i,Mother sits at the beach.,2180,2180,Mother sits at the beach.,no,no.
t2i,Mother sits at the beach.,3020,3020,Mother sits at the beach.,no,no.
t2i,Mother sits at the beach.,10661,10661,Mother sits at the beach.,no,no.
t2i,Mother sits at the beach.,10907,10907,Mother sits at the beach.,no,no.
t2i,Mother sits at the beach.,1363,1363,Mother sits at the beach.,no,no.
t2i,Mother sits at the beach.,6722,6722,Mother sits at the beach.,no,no.
t2i,Mother sits at the beach.,1392,1392,Mother sits at the beach.,no,no.
t2i,Mother sits at the beach.,2651,2651,Mother sits at the beach.,no,no.
t2i,Mother sits at the beach.,1227,1227,Mother sits at the beach.,no,no.
t2i,Mother sits at the beach.,2150,2150,Mother sits at the beach.,no,no.
t2i,Mother sits at the beach.,13011,13011,Mother sits at the beach.,no,no.
t2i,Mother sits at the beach.,6981,6981,Mother sits at the beach.,no,no.
t2i,Mother sits at the beach.,150,150,Mother sits at the beach.,no,no.
t2i,Mother sits at the beach.,3556,3556,Mother sits at the beach.,no,no.
t2i,Mother sits at the beach.,7209,7209,Mother sits at the beach.,no,no.
t2i,Mother sits at the beach.,3123,3123,Mother sits at the beach.,no,no.
t2i,Mother sits at the beach.,3200,3200,Mother sits at the beach.,no,no.
t2i,Mother sits at the beach.,8192,8192,Mother sits at the beach.,no,no.
t2i,Mother sits at the beach.,3844,3844,Mother sits at the beach.,no,no.
t2i,Mother sits at the beach.,11767,11767,Mother sits at the beach.,no,no.
t2i,Mother sits at the beach.,450,450,Mother sits at the beach.,no,no.
t2i,Mother sits at the beach.,276,276,Mother sits at the beach.,no,no.
t2i,Mother sits at the beach.,439,439,Mother sits at the beach.,no,no.
t2i,Mother sits at the beach.,539,539,Mother sits at the beach.,no,no.
t2i,Mother sits at the beach.,1526,1526,Mother sits at the beach.,no,no.
t2i,Mother sits at the beach.,34,34,Mother sits at the beach.,no,no.
t2i,Mother sits at the beach.,2356,2356,Mother sits at the beach.,no,no.
t2i,Mother sits at the beach.,12313,12313,Mother sits at the beach.,no,no.
t2i,Mother sits at the beach.,6017,6017,Mother sits at the beach.,no,no.
t2i,A player returns a ball.,10803,10803,A player returns a ball.,no,no.
t2i,A player returns a ball.,11555,11555,A player returns a ball.,no,no.
t2i,A player returns a ball.,1366,1366,A player returns a ball.,no,no.
t2i,A player returns a ball.,1043,1043,A player returns a ball.,yes,yes.
t2i,A player returns a ball.,8102,8102,A player returns a ball.,no,no.
t2i,A player returns a ball.,7804,7804,A player returns a ball.,no,no.
t2i,A player returns a ball.,6852,6852,A player returns a ball.,yes,yes.
t2i,A player returns a ball.,2332,2332,A player returns a ball.,no,no.
t2i,A player returns a ball.,1310,1310,A player returns a ball.,no,no.
t2i,A player returns a ball.,2286,2286,A player returns a ball.,yes,yes.
t2i,A player returns a ball.,6884,6884,A player returns a ball.,yes,yes.
t2i,A player returns a ball.,3620,3620,A player returns a ball.,yes,yes.
t2i,A player returns a ball.,4611,4611,A player returns a ball.,no,no.
t2i,A player returns a ball.,11669,11669,A player returns a ball.,no,no.
t2i,A player returns a ball.,1800,1800,A player returns a ball.,yes,yes.
t2i,A player returns a ball.,4091,4091,A player returns a ball.,yes,yes.
t2i,A player returns a ball.,3589,3589,A player returns a ball.,yes,yes.
t2i,A player returns a ball.,2737,2737,A player returns a ball.,yes,yes.
t2i,A player returns a ball.,1341,1341,A player returns a ball.,no,no.
t2i,A player returns a ball.,1469,1469,A player returns a ball.,yes,yes.
t2i,A player returns a ball.,13022,13022,A player returns a ball.,no,no.
t2i,A player returns a ball.,4245,4245,A player returns a ball.,no,no.
t2i,A player returns a ball.,6020,6020,A player returns a ball.,yes,yes.
t2i,A player returns a ball.,1300,1300,A player returns a ball.,no,no.
t2i,A player returns a ball.,5536,5536,A player returns a ball.,yes,yes.
t2i,A player returns a ball.,7245,7245,A player returns a ball.,yes,yes.
t2i,A player returns a ball.,11650,11650,A player returns a ball.,yes,yes.
t2i,A player returns a ball.,631,631,A player returns a ball.,no,no.
t2i,A player returns a ball.,1986,1986,A player returns a ball.,no,no.
t2i,A player returns a ball.,1820,1820,A player returns a ball.,no,no.
t2i,A player returns a ball.,421,421,A player returns a ball.,yes,yes.
t2i,A player returns a ball.,4381,4381,A player returns a ball.,no,no.
t2i,A player returns a ball.,3883,3883,A player returns a ball.,yes,yes.
t2i,A player returns a ball.,1308,1308,A player returns a ball.,yes,yes.
t2i,A player returns a ball.,13373,13373,A player returns a ball.,yes,yes.
t2i,A player returns a ball.,3074,3074,A player returns a ball.,yes,yes.
t2i,A player returns a ball.,2190,2190,A player returns a ball.,yes,yes.
t2i,A player returns a ball.,11595,11595,A player returns a ball.,no,no.
t2i,A player returns a ball.,13462,13462,A player returns a ball.,no,no.
t2i,A player returns a ball.,11567,11567,A player returns a ball.,yes,yes.
t2i,A player returns a ball.,3642,3642,A player returns a ball.,yes,yes.
t2i,A player returns a ball.,2817,2817,A player returns a ball.,yes,yes.
t2i,A player returns a ball.,2660,2660,A player returns a ball.,yes,yes.
t2i,A player returns a ball.,3022,3022,A player returns a ball.,yes,yes.
t2i,A player returns a ball.,3386,3386,A player returns a ball.,yes,yes.
t2i,A player returns a ball.,536,536,A player returns a ball.,yes,yes.
t2i,A player returns a ball.,11621,11621,A player returns a ball.,yes,yes.
t2i,A player returns a ball.,3981,3981,A player returns a ball.,yes,yes.
t2i,A player returns a ball.,3443,3443,A player returns a ball.,no,no.
t2i,A girl is leaning on a tree.,4710,4710,A girl is leaning on a tree.,yes,yes.
t2i,A girl is leaning on a tree.,3509,3509,A girl is leaning on a tree.,yes,yes.
t2i,A girl is leaning on a tree.,114,114,A girl is leaning on a tree.,yes,yes.
t2i,A girl is leaning on a tree.,4555,4555,A girl is leaning on a tree.,yes,yes.
t2i,A girl is leaning on a tree.,4885,4885,A girl is leaning on a tree.,yes,yes.
t2i,A girl is leaning on a tree.,11344,11344,A girl is leaning on a tree.,yes,yes.
t2i,A girl is leaning on a tree.,2315,2315,A girl is leaning on a tree.,no,no.
t2i,A girl is leaning on a tree.,8204,8204,A girl is leaning on a tree.,no,no.
t2i,A girl is leaning on a tree.,323,323,A girl is leaning on a tree.,yes,yes.
t2i,A girl is leaning on a tree.,9864,9864,A girl is leaning on a tree.,yes,yes.
t2i,A girl is leaning on a tree.,5849,5849,A girl is leaning on a tree.,yes,yes.
t2i,A girl is leaning on a tree.,696,696,A girl is leaning on a tree.,yes,yes.
t2i,A girl is leaning on a tree.,10653,10653,A girl is leaning on a tree.,yes,yes.
t2i,A girl is leaning on a tree.,11591,11591,A girl is leaning on a tree.,no,no.
t2i,A girl is leaning on a tree.,8848,8848,A girl is leaning on a tree.,yes,yes.
t2i,A girl is leaning on a tree.,8290,8290,A girl is leaning on a tree.,yes,yes.
t2i,A girl is leaning on a tree.,8535,8535,A girl is leaning on a tree.,yes,yes.
t2i,A girl is leaning on a tree.,10906,10906,A girl is leaning on a tree.,yes,yes.
t2i,A girl is leaning on a tree.,5039,5039,A girl is leaning on a tree.,yes,yes.
t2i,A girl is leaning on a tree.,12119,12119,A girl is leaning on a tree.,yes,yes.
t2i,A girl is leaning on a tree.,8630,8630,A girl is leaning on a tree.,yes,yes.
t2i,A girl is leaning on a tree.,4167,4167,A girl is leaning on a tree.,yes,yes.
t2i,A girl is leaning on a tree.,6522,6522,A girl is leaning on a tree.,yes,yes.
t2i,A girl is leaning on a tree.,9384,9384,A girl is leaning on a tree.,yes,yes.
t2i,A girl is leaning on a tree.,6310,6310,A girl is leaning on a tree.,yes,yes.
t2i,A girl is leaning on a tree.,12712,12712,A girl is leaning on a tree.,no,no.
t2i,A girl is leaning on a tree.,8536,8536,A girl is leaning on a tree.,yes,yes.
t2i,A girl is leaning on a tree.,1687,1687,A girl is leaning on a tree.,no,no.
t2i,A girl is leaning on a tree.,5040,5040,A girl is leaning on a tree.,yes,yes.
t2i,A girl is leaning on a tree.,1139,1139,A girl is leaning on a tree.,no,no.
t2i,A girl is leaning on a tree.,11343,11343,A girl is leaning on a tree.,no,no.
t2i,A girl is leaning on a tree.,2314,2314,A girl is leaning on a tree.,no,no.
t2i,A girl is leaning on a tree.,1653,1653,A girl is leaning on a tree.,yes,yes.
t2i,A girl is leaning on a tree.,1741,1741,A girl is leaning on a tree.,no,no.
t2i,The man sits on the sofa.,6362,6362,The man sits on the sofa.,yes,yes.
t2i,The man sits on the sofa.,2992,2992,The man sits on the sofa.,yes,yes.
t2i,The man sits on the sofa.,6683,6683,The man sits on the sofa.,yes,yes.
t2i,The man sits on the sofa.,3096,3096,The man sits on the sofa.,yes,yes.
t2i,The man sits on the sofa.,13863,13863,The man sits on the sofa.,no,no.
t2i,The man sits on the sofa.,8600,8600,The man sits on the sofa.,yes,yes.
t2i,The man sits on the sofa.,1156,1156,The man sits on the sofa.,yes,yes.
t2i,The man sits on the sofa.,13498,13498,The man sits on the sofa.,yes,yes.
t2i,The man sits on the sofa.,3772,3772,The man sits on the sofa.,no,no.
t2i,The man sits on the sofa.,7231,7231,The man sits on the sofa.,yes,yes.
t2i,The man sits on the sofa.,13148,13148,The man sits on the sofa.,yes,yes.
t2i,The man sits on the sofa.,1776,1776,The man sits on the sofa.,no,no.
t2i,The man sits on the sofa.,1278,1278,The man sits on the sofa.,yes,yes.
t2i,The man sits on the sofa.,11812,11812,The man sits on the sofa.,yes,yes.
t2i,The man sits on the sofa.,2023,2023,The man sits on the sofa.,yes,yes.
t2i,The man sits on the sofa.,7287,7287,The man sits on the sofa.,yes,yes.
t2i,The man sits on the sofa.,723,723,The man sits on the sofa.,no,no.
t2i,The man sits on the sofa.,959,959,The man sits on the sofa.,no,no.
t2i,The man sits on the sofa.,339,339,The man sits on the sofa.,no,no.
t2i,The man sits on the sofa.,11064,11064,The man sits on the sofa.,yes,yes.
t2i,The man sits on the sofa.,7724,7724,The man sits on the sofa.,yes,yes.
t2i,The man sits on the sofa.,2241,2241,The man sits on the sofa.,yes,yes.
t2i,The man sits on the sofa.,1330,1330,The man sits on the sofa.,yes,yes.
t2i,The man sits on the sofa.,1288,1288,The man sits on the sofa.,yes,yes.
t2i,The man sits on the sofa.,1886,1886,The man sits on the sofa.,no,no.
t2i,The man sits on the sofa.,497,497,The man sits on the sofa.,yes,yes.
t2i,The man sits on the sofa.,846,846,The man sits on the sofa.,no,no.
t2i,The man sits on the sofa.,2468,2468,The man sits on the sofa.,yes,yes.
t2i,The man sits on the sofa.,2757,2757,The man sits on the sofa.,no,no.
t2i,The man sits on the sofa.,617,617,The man sits on the sofa.,yes,yes.
t2i,The man sits on the sofa.,3376,3376,The man sits on the sofa.,yes,yes.
t2i,The man sits on the sofa.,2709,2709,The man sits on the sofa.,yes,yes.
t2i,A person sitting on a tree.,1951,1951,A person sitting on a tree.,yes,yes.
t2i,A person sitting on a tree.,6951,6951,A person sitting on a tree.,yes,yes.
t2i,A person sitting on a tree.,4710,4710,A person sitting on a tree.,no,no.
t2i,A person sitting on a tree.,10612,10612,A person sitting on a tree.,no,no.
t2i,A person sitting on a tree.,137,137,A person sitting on a tree.,yes,yes.
t2i,A person sitting on a tree.,4554,4554,A person sitting on a tree.,yes,yes.
t2i,A person sitting on a tree.,473,473,A person sitting on a tree.,no,no.
t2i,A person sitting on a tree.,11343,11343,A person sitting on a tree.,yes,yes.
t2i,A person sitting on a tree.,114,114,A person sitting on a tree.,yes,yes.
t2i,A person sitting on a tree.,5849,5849,A person sitting on a tree.,yes,yes.
t2i,A person sitting on a tree.,696,696,A person sitting on a tree.,yes,yes.
t2i,A person sitting on a tree.,4862,4862,A person sitting on a tree.,no,no.
t2i,A person sitting on a tree.,2357,2357,A person sitting on a tree.,yes,yes.
t2i,A person sitting on a tree.,7034,7034,A person sitting on a tree.,no,no.
t2i,A person sitting on a tree.,10511,10511,A person sitting on a tree.,no,no.
t2i,A person sitting on a tree.,1632,1632,A person sitting on a tree.,yes,yes.
t2i,A person sitting on a tree.,12985,12985,A person sitting on a tree.,no,no.
t2i,A person sitting on a tree.,3067,3067,A person sitting on a tree.,yes,yes.
t2i,A person sitting on a tree.,2579,2579,A person sitting on a tree.,yes,yes.
t2i,A person sitting on a tree.,13278,13278,A person sitting on a tree.,no,no.
t2i,A person sitting on a tree.,8630,8630,A person sitting on a tree.,no,no.
t2i,A person sitting on a tree.,8536,8536,A person sitting on a tree.,yes,yes.
t2i,A person sitting on a tree.,11591,11591,A person sitting on a tree.,yes,yes.
t2i,A person sitting on a tree.,9045,9045,A person sitting on a tree.,no,no.
t2i,A person sitting on a tree.,10613,10613,A person sitting on a tree.,no,no.
t2i,A person sitting on a tree.,10629,10629,A person sitting on a tree.,yes,yes.
t2i,A person sitting on a tree.,11300,11300,A person sitting on a tree.,no,no.
t2i,A person sitting on a tree.,12712,12712,A person sitting on a tree.,yes,yes.
t2i,A person sitting on a tree.,13558,13558,A person sitting on a tree.,no,no.
t2i,A person sitting on a tree.,6310,6310,A person sitting on a tree.,no,no.
t2i,A person sitting on a tree.,5086,5086,A person sitting on a tree.,yes,yes.
t2i,A person sitting on a tree.,10255,10255,A person sitting on a tree.,yes,yes.
t2i,A person sitting on a tree.,1687,1687,A person sitting on a tree.,yes,yes.
t2i,A person sitting on a tree.,1139,1139,A person sitting on a tree.,yes,yes.
t2i,A person sitting on a tree.,2433,2433,A person sitting on a tree.,no,no.
t2i,A person sitting on a tree.,10095,10095,A person sitting on a tree.,yes,yes.
t2i,Players play ball.,8102,8102,Players play ball.,no,no.
t2i,Players play ball.,5126,5126,Players play ball.,no,no.
t2i,Players play ball.,6603,6603,Players play ball.,no,no.
t2i,Players play ball.,13771,13771,Players play ball.,yes,yes.
t2i,Players play ball.,10081,10081,Players play ball.,no,no.
t2i,Players play ball.,3553,3553,Players play ball.,no,no.
t2i,Players play ball.,6437,6437,Players play ball.,no,no.
t2i,Players play ball.,4730,4730,Players play ball.,yes,yes.
t2i,Players play ball.,9579,9579,Players play ball.,no,no.
t2i,Players play ball.,1439,1439,Players play ball.,no,no.
t2i,Players play ball.,13793,13793,Players play ball.,yes,yes.
t2i,Players play ball.,41,41,Players play ball.,yes,yes.
t2i,Players play ball.,9798,9798,Players play ball.,yes,yes.
t2i,Players play ball.,1556,1556,Players play ball.,yes,yes.
t2i,Players play ball.,5550,5550,Players play ball.,yes,yes.
t2i,Players play ball.,12873,12873,Players play ball.,yes,yes.
t2i,Players play ball.,8573,8573,Players play ball.,yes,yes.
t2i,Players play ball.,8572,8572,Players play ball.,yes,yes.
t2i,Players play ball.,11523,11523,Players play ball.,yes,yes.
t2i,Players play ball.,9063,9063,Players play ball.,yes,yes.
t2i,Players play ball.,6511,6511,Players play ball.,yes,yes.
t2i,Players play ball.,7529,7529,Players play ball.,yes,yes.
t2i,Players play ball.,6557,6557,Players play ball.,no,no.
t2i,Players play ball.,3330,3330,Players play ball.,no,no.
t2i,Players play ball.,9598,9598,Players play ball.,yes,yes.
t2i,Players play ball.,6840,6840,Players play ball.,no,no.
t2i,Players play ball.,13407,13407,Players play ball.,yes,yes.
t2i,Players play ball.,3176,3176,Players play ball.,yes,yes.
t2i,Players play ball.,2367,2367,Players play ball.,no,no.
t2i,Players play ball.,3824,3824,Players play ball.,yes,yes.
t2i,Players play ball.,6226,6226,Players play ball.,yes,yes.
t2i,Players play ball.,3725,3725,Players play ball.,no,no.
t2i,Players play ball.,3148,3148,Players play ball.,yes,yes.
t2i,Players play ball.,794,794,Players play ball.,no,no.
t2i,Players play ball.,3765,3765,Players play ball.,no,no.
t2i,Players play ball.,5525,5525,Players play ball.,no,no.
t2i,Players play ball.,1939,1939,Players play ball.,yes,yes.
t2i,Players play ball.,2263,2263,Players play ball.,yes,yes.
t2i,Players play ball.,2623,2623,Players play ball.,yes,yes.
t2i,Players play ball.,12024,12024,Players play ball.,yes,yes.
t2i,Players play ball.,8739,8739,Players play ball.,yes,yes.
t2i,Players play ball.,6227,6227,Players play ball.,yes,yes.
t2i,Players play ball.,3133,3133,Players play ball.,yes,yes.
t2i,Players play ball.,792,792,Players play ball.,yes,yes.
t2i,Players play ball.,6075,6075,Players play ball.,yes,yes.
t2i,Players play ball.,2571,2571,Players play ball.,no,no.
t2i,Players play ball.,1630,1630,Players play ball.,yes,yes.
t2i,Players play ball.,12317,12317,Players play ball.,no,no.
t2i,Players play ball.,11282,11282,Players play ball.,no,no.
t2i,Players play ball.,4412,4412,Players play ball.,yes,yes.
t2i,Players play ball.,11522,11522,Players play ball.,no,no.
t2i,Players play ball.,914,914,Players play ball.,no,no.
t2i,Players play ball.,3554,3554,Players play ball.,yes,yes.
t2i,A girl runs on a bridge.,7841,7841,A girl runs on a bridge.,no,no.
t2i,A girl runs on a bridge.,2043,2043,A girl runs on a bridge.,no,no.
t2i,A girl runs on a bridge.,3831,3831,A girl runs on a bridge.,no,no.
t2i,A girl runs on a bridge.,1822,1822,A girl runs on a bridge.,no,no.
t2i,A girl runs on a bridge.,12734,12734,A girl runs on a bridge.,yes,yes.
t2i,A girl runs on a bridge.,2537,2537,A girl runs on a bridge.,no,no.
t2i,A girl runs on a bridge.,1663,1663,A girl runs on a bridge.,no,no.
t2i,A girl runs on a bridge.,6701,6701,A girl runs on a bridge.,yes,yes.
t2i,A girl runs on a bridge.,4927,4927,A girl runs on a bridge.,no,no.
t2i,A girl runs on a bridge.,3637,3637,A girl runs on a bridge.,yes,yes.
t2i,A girl runs on a bridge.,7677,7677,A girl runs on a bridge.,no,no.
t2i,A girl runs on a bridge.,8846,8846,A girl runs on a bridge.,no,no.
t2i,A girl runs on a bridge.,12573,12573,A girl runs on a bridge.,yes,yes.
t2i,A girl runs on a bridge.,1285,1285,A girl runs on a bridge.,no,no.
t2i,A girl runs on a bridge.,3782,3782,A girl runs on a bridge.,no,no.
t2i,A girl runs on a bridge.,3338,3338,A girl runs on a bridge.,yes,yes.
t2i,A girl runs on a bridge.,9901,9901,A girl runs on a bridge.,no,no.
t2i,A girl runs on a bridge.,1833,1833,A girl runs on a bridge.,yes,yes.
t2i,A girl runs on a bridge.,11405,11405,A girl runs on a bridge.,no,no.
t2i,A girl runs on a bridge.,1071,1071,A girl runs on a bridge.,no,no.
t2i,A girl runs on a bridge.,1193,1193,A girl runs on a bridge.,yes,yes.
t2i,A girl runs on a bridge.,104,104,A girl runs on a bridge.,yes,yes.
t2i,A girl runs on a bridge.,13134,13134,A girl runs on a bridge.,yes,yes.
t2i,A girl runs on a bridge.,11565,11565,A girl runs on a bridge.,yes,yes.
t2i,A girl runs on a bridge.,748,748,A girl runs on a bridge.,yes,yes.
t2i,A girl runs on a bridge.,9802,9802,A girl runs on a bridge.,no,no.
t2i,A girl runs on a bridge.,6034,6034,A girl runs on a bridge.,no,no.
t2i,A girl runs on a bridge.,6304,6304,A girl runs on a bridge.,no,no.
t2i,A girl runs on a bridge.,12907,12907,A girl runs on a bridge.,yes,yes.
t2i,A girl runs on a bridge.,8337,8337,A girl runs on a bridge.,no,no.
t2i,A girl runs on a bridge.,3252,3252,A girl runs on a bridge.,no,no.
t2i,A girl runs on a bridge.,9786,9786,A girl runs on a bridge.,no,no.
t2i,A girl runs on a bridge.,5585,5585,A girl runs on a bridge.,no,no.
t2i,A girl runs on a bridge.,10519,10519,A girl runs on a bridge.,no,no.
t2i,A girl runs on a bridge.,2465,2465,A girl runs on a bridge.,no,no.
t2i,A girl runs on a bridge.,13230,13230,A girl runs on a bridge.,no,no.
t2i,A girl runs on a bridge.,8098,8098,A girl runs on a bridge.,no,no.
t2i,A girl runs on a bridge.,7605,7605,A girl runs on a bridge.,no,no.
t2i,A girl runs on a bridge.,1295,1295,A girl runs on a bridge.,no,no.
t2i,The boy is standing on the field,12750,12750,The boy is standing on the field,yes,yes.
t2i,The boy is standing on the field,735,735,The boy is standing on the field,yes,yes.
t2i,The boy is standing on the field,9473,9473,The boy is standing on the field,yes,yes.
t2i,The boy is standing on the field,5397,5397,The boy is standing on the field,no,no.
t2i,The boy is standing on the field,11806,11806,The boy is standing on the field,yes,yes.
t2i,The boy is standing on the field,12714,12714,The boy is standing on the field,no,no.
t2i,The boy is standing on the field,5183,5183,The boy is standing on the field,yes,yes.
t2i,The boy is standing on the field,9474,9474,The boy is standing on the field,yes,yes.
t2i,The boy is standing on the field,3553,3553,The boy is standing on the field,no,no.
t2i,The boy is standing on the field,3835,3835,The boy is standing on the field,yes,yes.
t2i,The boy is standing on the field,2727,2727,The boy is standing on the field,yes,yes.
t2i,The boy is standing on the field,3201,3201,The boy is standing on the field,no,no.
t2i,The boy is standing on the field,2392,2392,The boy is standing on the field,yes,yes.
t2i,The boy is standing on the field,6001,6001,The boy is standing on the field,yes,yes.
t2i,The boy is standing on the field,11523,11523,The boy is standing on the field,yes,yes.
t2i,The boy is standing on the field,12936,12936,The boy is standing on the field,no,no.
t2i,The boy is standing on the field,8380,8380,The boy is standing on the field,no,no.
t2i,The boy is standing on the field,2428,2428,The boy is standing on the field,yes,yes.
t2i,The boy is standing on the field,1479,1479,The boy is standing on the field,no,no.
t2i,The boy is standing on the field,3175,3175,The boy is standing on the field,yes,yes.
t2i,The boy is standing on the field,650,650,The boy is standing on the field,no,no.
t2i,The boy is standing on the field,384,384,The boy is standing on the field,yes,yes.
t2i,The boy is standing on the field,7972,7972,The boy is standing on the field,no,no.
t2i,The boy is standing on the field,5789,5789,The boy is standing on the field,no,no.
t2i,The boy is standing on the field,635,635,The boy is standing on the field,yes,yes.
t2i,The boy is standing on the field,2576,2576,The boy is standing on the field,yes,yes.
t2i,The boy is standing on the field,460,460,The boy is standing on the field,yes,yes.
t2i,The boy is standing on the field,13036,13036,The boy is standing on the field,yes,yes.
t2i,The boy is standing on the field,6792,6792,The boy is standing on the field,no,no.
t2i,The boy is standing on the field,8576,8576,The boy is standing on the field,yes,yes.
t2i,The boy is standing on the field,10510,10510,The boy is standing on the field,yes,yes.
t2i,The boy is standing on the field,1324,1324,The boy is standing on the field,yes,yes.
t2i,The boy is standing on the field,11264,11264,The boy is standing on the field,no,no.
t2i,The boy is standing on the field,9561,9561,The boy is standing on the field,yes,yes.
t2i,The boy is standing on the field,1631,1631,The boy is standing on the field,no,no.
t2i,The boy is standing on the field,9558,9558,The boy is standing on the field,yes,yes.
t2i,The boy is standing on the field,2662,2662,The boy is standing on the field,no,no.
t2i,The boy is standing on the field,6068,6068,The boy is standing on the field,yes,yes.
t2i,The boy is standing on the field,7153,7153,The boy is standing on the field,no,no.
t2i,The boy is standing on the field,3352,3352,The boy is standing on the field,no,no.
t2i,The boy is standing on the field,2441,2441,The boy is standing on the field,yes,yes.
t2i,person stands in room,2516,2516,person stands in room,yes,yes.
t2i,person stands in room,8934,8934,person stands in room,no,no.
t2i,person stands in room,1689,1689,person stands in room,no,no.
t2i,person stands in room,5411,5411,person stands in room,yes,yes.
t2i,person stands in room,12108,12108,person stands in room,no,no.
t2i,person stands in room,7380,7380,person stands in room,no,no.
t2i,person stands in room,209,209,person stands in room,no,no
t2i,person stands in room,6693,6693,person stands in room,no,no.
t2i,person stands in room,11793,11793,person stands in room,no,no.
t2i,person stands in room,6293,6293,person stands in room,no,no.
t2i,person stands in room,5372,5372,person stands in room,yes,yes.
t2i,person stands in room,7870,7870,person stands in room,yes,yes.
t2i,person stands in room,9080,9080,person stands in room,yes,yes.
t2i,person stands in room,8015,8015,person stands in room,yes,yes.
t2i,person stands in room,3896,3896,person stands in room,yes,yes.
t2i,person stands in room,6243,6243,person stands in room,no,no
t2i,person stands in room,13318,13318,person stands in room,no,no.
t2i,person stands in room,5059,5059,person stands in room,yes,yes
t2i,person stands in room,11818,11818,person stands in room,yes,yes.
t2i,person stands in room,8749,8749,person stands in room,yes,yes.
t2i,person stands in room,1214,1214,person stands in room,no,no.
t2i,person stands in room,7299,7299,person stands in room,no,no.
t2i,person stands in room,98,98,person stands in room,yes,yes.
t2i,person stands in room,5076,5076,person stands in room,no,no.
t2i,person stands in room,5433,5433,person stands in room,no,no.
t2i,person stands in room,704,704,person stands in room,yes,yes.
t2i,person stands in room,4463,4463,person stands in room,no,no.
t2i,person stands in room,196,196,person stands in room,yes,yes.
t2i,person stands in room,11956,11956,person stands in room,yes,yes.
t2i,person stands in room,6497,6497,person stands in room,yes,yes.
t2i,person stands in room,13210,13210,person stands in room,yes,yes.
t2i,person stands in room,8828,8828,person stands in room,yes,yes.
t2i,person stands in room,3097,3097,person stands in room,yes,yes.
t2i,person stands in room,13932,13932,person stands in room,yes,yes.
t2i,person stands in room,8904,8904,person stands in room,yes,yes.
t2i,person stands in room,1843,1843,person stands in room,yes,yes.
t2i,person stands in room,2599,2599,person stands in room,yes,yes.
t2i,person stands in room,13018,13018,person stands in room,no,no.
t2i,person stands in room,2449,2449,person stands in room,yes,yes.
t2i,person stands in room,1601,1601,person stands in room,yes,yes.
t2i,person stands in room,8841,8841,person stands in room,yes,yes.
t2i,person stands in room,10721,10721,person stands in room,no,no.
t2i,person stands in room,8519,8519,person stands in room,yes,yes.
t2i,person stands in room,3738,3738,person stands in room,yes,yes.
t2i,person stands in room,3146,3146,person stands in room,yes,yes.
t2i,A man stands in front.,12108,12108,A man stands in front.,no,no.
t2i,A man stands in front.,13620,13620,A man stands in front.,yes,yes.
t2i,A man stands in front.,10219,10219,A man stands in front.,yes,yes.
t2i,A man stands in front.,13969,13969,A man stands in front.,no,no.
t2i,A man stands in front.,5464,5464,A man stands in front.,no,no.
t2i,A man stands in front.,209,209,A man stands in front.,no,no.
t2i,A man stands in front.,7380,7380,A man stands in front.,no,no.
t2i,A man stands in front.,10499,10499,A man stands in front.,yes,yes.
t2i,A man stands in front.,5952,5952,A man stands in front.,no,no.
t2i,A man stands in front.,11280,11280,A man stands in front.,yes,yes.
t2i,A man stands in front.,210,210,A man stands in front.,yes,yes.
t2i,A man stands in front.,6188,6188,A man stands in front.,no,no.
t2i,A man stands in front.,12269,12269,A man stands in front.,yes,yes.
t2i,A man stands in front.,11908,11908,A man stands in front.,no,no.
t2i,A man stands in front.,13946,13946,A man stands in front.,no,no.
t2i,A man stands in front.,5202,5202,A man stands in front.,no,no.
t2i,A man stands in front.,6497,6497,A man stands in front.,no,no.
t2i,A man stands in front.,6657,6657,A man stands in front.,no,no.
t2i,A man stands in front.,5260,5260,A man stands in front.,no,no.
t2i,A man stands in front.,2762,2762,A man stands in front.,no,no.
t2i,A man stands in front.,12541,12541,A man stands in front.,no,no.
t2i,A man stands in front.,11888,11888,A man stands in front.,yes,yes.
t2i,A man stands in front.,4546,4546,A man stands in front.,no,no.
t2i,A man stands in front.,8486,8486,A man stands in front.,no,no.
t2i,A man stands in front.,9916,9916,A man stands in front.,yes,yes.
t2i,A man stands in front.,9373,9373,A man stands in front.,yes,yes.
t2i,A man stands in front.,11879,11879,A man stands in front.,no,no.
t2i,A man stands in front.,11425,11425,A man stands in front.,no,no.
t2i,A man stands in front.,10821,10821,A man stands in front.,no,no.
t2i,A man stands in front.,13567,13567,A man stands in front.,no,no.
t2i,A man stands in front.,98,98,A man stands in front.,yes,yes.
t2i,A man stands in front.,12966,12966,A man stands in front.,yes,yes.
t2i,A man stands in front.,776,776,A man stands in front.,no,no.
t2i,A man stands in front.,268,268,A man stands in front.,no,no.
t2i,A man stands in front.,2930,2930,A man stands in front.,no,no.
t2i,A man stands in front.,5771,5771,A man stands in front.,yes,yes.
t2i,A man stands in front.,3149,3149,A man stands in front.,no,no.
t2i,A man stands in front.,1737,1737,A man stands in front.,no,no.
t2i,A man stands in front.,12704,12704,A man stands in front.,yes,yes.
t2i,A man stands in front.,6867,6867,A man stands in front.,yes,yes.
t2i,A man stands in front.,443,443,A man stands in front.,yes,yes.
t2i,A man stands in front.,1232,1232,A man stands in front.,yes,yes.
t2i,A man stands in front.,5823,5823,A man stands in front.,no,no.
t2i,A man stands in front.,7497,7497,A man stands in front.,no,no.
t2i,A man stands in front.,3766,3766,A man stands in front.,no,no.
t2i,A man stands in front.,3889,3889,A man stands in front.,yes,yes.
t2i,A man stands in front.,9824,9824,A man stands in front.,no,no.
t2i,A man stands in front.,10721,10721,A man stands in front.,no,no.
t2i,A man stands in front.,5739,5739,A man stands in front.,yes,yes.
t2i,A man stands in front.,7691,7691,A man stands in front.,no,no.
t2i,A man stands in front.,1186,1186,A man stands in front.,yes,yes.
t2i,A man stands in front.,7872,7872,A man stands in front.,yes,yes.
t2i,The woman is going to wash her hair.,7312,7312,The woman is going to wash her hair.,yes,yes.
t2i,The woman is going to wash her hair.,5277,5277,The woman is going to wash her hair.,yes,yes.
t2i,The woman is going to wash her hair.,10938,10938,The woman is going to wash her hair.,no,no.
t2i,The woman is going to wash her hair.,9003,9003,The woman is going to wash her hair.,no,no.
t2i,The woman is going to wash her hair.,11722,11722,The woman is going to wash her hair.,no,no.
t2i,The woman is going to wash her hair.,11355,11355,The woman is going to wash her hair.,no,no.
t2i,The woman is going to wash her hair.,12254,12254,The woman is going to wash her hair.,no,no.
t2i,The woman is going to wash her hair.,10124,10124,The woman is going to wash her hair.,no,no.
t2i,The woman is going to wash her hair.,6163,6163,The woman is going to wash her hair.,no,no.
t2i,The woman is going to wash her hair.,6725,6725,The woman is going to wash her hair.,yes,yes.
t2i,The woman is going to wash her hair.,8950,8950,The woman is going to wash her hair.,yes,yes.
t2i,The woman is going to wash her hair.,12099,12099,The woman is going to wash her hair.,no,no.
t2i,The woman is going to wash her hair.,4096,4096,The woman is going to wash her hair.,no,no.
t2i,The woman is going to wash her hair.,10134,10134,The woman is going to wash her hair.,no,no.
t2i,The woman is going to wash her hair.,9329,9329,The woman is going to wash her hair.,no,no.
t2i,The woman is going to wash her hair.,9801,9801,The woman is going to wash her hair.,no,no.
t2i,The woman is going to wash her hair.,13049,13049,The woman is going to wash her hair.,no,no.
t2i,The woman is going to wash her hair.,9646,9646,The woman is going to wash her hair.,no,no.
t2i,The woman is going to wash her hair.,9809,9809,The woman is going to wash her hair.,no,no.
t2i,The woman is going to wash her hair.,6162,6162,The woman is going to wash her hair.,no,no.
t2i,The woman is going to wash her hair.,10287,10287,The woman is going to wash her hair.,no,no.
t2i,The woman is going to wash her hair.,11724,11724,The woman is going to wash her hair.,no,no.
t2i,The woman is going to wash her hair.,4473,4473,The woman is going to wash her hair.,no,no.
t2i,The woman is going to wash her hair.,5404,5404,The woman is going to wash her hair.,no,no.
t2i,The woman is going to wash her hair.,4599,4599,The woman is going to wash her hair.,no,no.
t2i,The woman is going to wash her hair.,10861,10861,The woman is going to wash her hair.,no,no.
t2i,A woman is swimming in a pool.,4843,4843,A woman is swimming in a pool.,yes,yes.
t2i,A woman is swimming in a pool.,6753,6753,A woman is swimming in a pool.,yes,yes.
t2i,A woman is swimming in a pool.,11942,11942,A woman is swimming in a pool.,yes,yes.
t2i,A woman is swimming in a pool.,5715,5715,A woman is swimming in a pool.,yes,yes.
t2i,A woman is swimming in a pool.,10920,10920,A woman is swimming in a pool.,no,no.
t2i,A woman is swimming in a pool.,7476,7476,A woman is swimming in a pool.,no,no.
t2i,A woman is swimming in a pool.,3221,3221,A woman is swimming in a pool.,no,no.
t2i,A woman is swimming in a pool.,10547,10547,A woman is swimming in a pool.,no,no.
t2i,A woman is swimming in a pool.,7835,7835,A woman is swimming in a pool.,yes,yes.
t2i,A woman is swimming in a pool.,8935,8935,A woman is swimming in a pool.,no,no.
t2i,A woman is swimming in a pool.,3805,3805,A woman is swimming in a pool.,yes,yes.
t2i,A woman is swimming in a pool.,1727,1727,A woman is swimming in a pool.,yes,yes.
t2i,A woman is swimming in a pool.,1531,1531,A woman is swimming in a pool.,yes,yes.
t2i,A woman is swimming in a pool.,7634,7634,A woman is swimming in a pool.,no,no.
t2i,A woman is swimming in a pool.,1640,1640,A woman is swimming in a pool.,yes,yes.
t2i,A woman is swimming in a pool.,7406,7406,A woman is swimming in a pool.,no,no.
t2i,A woman is swimming in a pool.,12446,12446,A woman is swimming in a pool.,yes,yes.
t2i,A woman is swimming in a pool.,6661,6661,A woman is swimming in a pool.,no,no.
t2i,A woman is swimming in a pool.,5596,5596,A woman is swimming in a pool.,no,no.
t2i,A woman is swimming in a pool.,4723,4723,A woman is swimming in a pool.,no,no.
t2i,A woman is swimming in a pool.,2227,2227,A woman is swimming in a pool.,no,no.
t2i,A woman is swimming in a pool.,8611,8611,A woman is swimming in a pool.,no,no.
t2i,A woman is swimming in a pool.,4576,4576,A woman is swimming in a pool.,yes,yes.
t2i,A woman is swimming in a pool.,2672,2672,A woman is swimming in a pool.,no,no.
t2i,A woman is swimming in a pool.,2147,2147,A woman is swimming in a pool.,yes,yes.
t2i,A woman is swimming in a pool.,4444,4444,A woman is swimming in a pool.,no,no.
t2i,A woman is swimming in a pool.,7625,7625,A woman is swimming in a pool.,yes,yes.
t2i,A woman is swimming in a pool.,6084,6084,A woman is swimming in a pool.,no,no.
t2i,A woman is swimming in a pool.,291,291,A woman is swimming in a pool.,no,no.
t2i,A woman is swimming in a pool.,4835,4835,A woman is swimming in a pool.,no,no.
t2i,A woman is swimming in a pool.,2588,2588,A woman is swimming in a pool.,yes,yes.
t2i,A woman is swimming in a pool.,6954,6954,A woman is swimming in a pool.,no,no.
t2i,A woman is swimming in a pool.,1493,1493,A woman is swimming in a pool.,no,no.
t2i,A woman is swimming in a pool.,884,884,A woman is swimming in a pool.,no,no.
t2i,A woman is swimming in a pool.,10598,10598,A woman is swimming in a pool.,no,no.
t2i,A person walking on a hill.,6289,6289,A person walking on a hill.,yes,yes.
t2i,A person walking on a hill.,674,674,A person walking on a hill.,yes,yes.
t2i,A person walking on a hill.,5937,5937,A person walking on a hill.,no,no.
t2i,A person walking on a hill.,2277,2277,A person walking on a hill.,no,no.
t2i,A person walking on a hill.,6619,6619,A person walking on a hill.,yes,yes.
t2i,A person walking on a hill.,2440,2440,A person walking on a hill.,yes,yes.
t2i,A person walking on a hill.,5413,5413,A person walking on a hill.,no,no.
t2i,A person walking on a hill.,10310,10310,A person walking on a hill.,yes,yes.
t2i,A person walking on a hill.,6986,6986,A person walking on a hill.,yes,yes.
t2i,A person walking on a hill.,10312,10312,A person walking on a hill.,no,no.
t2i,A person walking on a hill.,8676,8676,A person walking on a hill.,no,no.
t2i,A person walking on a hill.,11005,11005,A person walking on a hill.,yes,yes.
t2i,A person walking on a hill.,6585,6585,A person walking on a hill.,no,no.
t2i,A person walking on a hill.,919,919,A person walking on a hill.,yes,yes.
t2i,A person walking on a hill.,12163,12163,A person walking on a hill.,yes,yes.
t2i,A person walking on a hill.,3714,3714,A person walking on a hill.,yes,yes.
t2i,A person walking on a hill.,6556,6556,A person walking on a hill.,no,no.
t2i,A person walking on a hill.,2026,2026,A person walking on a hill.,yes,yes.
t2i,A person walking on a hill.,3784,3784,A person walking on a hill.,yes,yes.
t2i,A person walking on a hill.,8220,8220,A person walking on a hill.,no,no.
t2i,A person walking on a hill.,9147,9147,A person walking on a hill.,no,no.
t2i,A person walking on a hill.,7821,7821,A person walking on a hill.,no,no.
t2i,A person walking on a hill.,2867,2867,A person walking on a hill.,yes,yes.
t2i,A person walking on a hill.,3195,3195,A person walking on a hill.,yes,yes.
t2i,A person walking on a hill.,1737,1737,A person walking on a hill.,no,no.
t2i,A person walking on a hill.,8411,8411,A person walking on a hill.,no,no.
t2i,A person walking on a hill.,7747,7747,A person walking on a hill.,no,no.
t2i,A person walking on a hill.,2311,2311,A person walking on a hill.,yes,yes.
t2i,A person walking on a hill.,424,424,A person walking on a hill.,yes,yes.
t2i,A person walking on a hill.,1668,1668,A person walking on a hill.,yes,yes.
t2i,A person walking on a hill.,11122,11122,A person walking on a hill.,yes,yes.
t2i,A person walking on a hill.,3504,3504,A person walking on a hill.,yes,yes.
t2i,A person walking on a hill.,2349,2349,A person walking on a hill.,no,no.
t2i,A person walking on a hill.,2499,2499,A person walking on a hill.,no,no.
t2i,A person walking on a hill.,860,860,A person walking on a hill.,no,no.
t2i,A person walking on a hill.,3237,3237,A person walking on a hill.,yes,yes.
t2i,The animal sat in the meadow.,8047,8047,The animal sat in the meadow.,yes,yes.
t2i,The animal sat in the meadow.,4431,4431,The animal sat in the meadow.,no,no.
t2i,The animal sat in the meadow.,2207,2207,The animal sat in the meadow.,no,no.
t2i,The animal sat in the meadow.,1045,1045,The animal sat in the meadow.,no,no.
t2i,The animal sat in the meadow.,9319,9319,The animal sat in the meadow.,no,no.
t2i,The animal sat in the meadow.,37,37,The animal sat in the meadow.,yes,yes.
t2i,The animal sat in the meadow.,13038,13038,The animal sat in the meadow.,no,no.
t2i,The animal sat in the meadow.,11008,11008,The animal sat in the meadow.,no,no.
t2i,The animal sat in the meadow.,9402,9402,The animal sat in the meadow.,no,no.
t2i,The animal sat in the meadow.,1271,1271,The animal sat in the meadow.,yes,yes.
t2i,The animal sat in the meadow.,11900,11900,The animal sat in the meadow.,yes,yes.
t2i,The animal sat in the meadow.,13185,13185,The animal sat in the meadow.,yes,yes.
t2i,The animal sat in the meadow.,3887,3887,The animal sat in the meadow.,no,no.
t2i,The animal sat in the meadow.,7542,7542,The animal sat in the meadow.,no,no.
t2i,The animal sat in the meadow.,5621,5621,The animal sat in the meadow.,no,no.
t2i,The animal sat in the meadow.,3308,3308,The animal sat in the meadow.,yes,yes.
t2i,The animal sat in the meadow.,8257,8257,The animal sat in the meadow.,no,no.
t2i,The animal sat in the meadow.,12210,12210,The animal sat in the meadow.,yes,yes.
t2i,The animal sat in the meadow.,3695,3695,The animal sat in the meadow.,no,no.
t2i,The animal sat in the meadow.,3306,3306,The animal sat in the meadow.,no,no.
t2i,The animal sat in the meadow.,6278,6278,The animal sat in the meadow.,yes,yes.
t2i,The animal sat in the meadow.,2173,2173,The animal sat in the meadow.,yes,yes.
t2i,The animal sat in the meadow.,8986,8986,The animal sat in the meadow.,yes,yes.
t2i,The animal sat in the meadow.,299,299,The animal sat in the meadow.,yes,yes.
t2i,The animal sat in the meadow.,1258,1258,The animal sat in the meadow.,yes,yes.
t2i,The animal sat in the meadow.,6858,6858,The animal sat in the meadow.,yes,yes.
t2i,The animal sat in the meadow.,3110,3110,The animal sat in the meadow.,yes,yes.
t2i,The animal sat in the meadow.,1325,1325,The animal sat in the meadow.,no,no.
t2i,The animal sat in the meadow.,1620,1620,The animal sat in the meadow.,yes,yes.
t2i,The animal sat in the meadow.,4432,4432,The animal sat in the meadow.,yes,yes.
t2i,The animal sat in the meadow.,8741,8741,The animal sat in the meadow.,yes,yes.
t2i,The animal sat in the meadow.,2534,2534,The animal sat in the meadow.,yes,yes.
t2i,The animal sat in the meadow.,8462,8462,The animal sat in the meadow.,yes,yes.
t2i,The animal sat in the meadow.,1721,1721,The animal sat in the meadow.,yes,yes.
t2i,The animal sat in the meadow.,9870,9870,The animal sat in the meadow.,yes,yes.
t2i,The animal sat in the meadow.,11718,11718,The animal sat in the meadow.,no,no.
t2i,The animal sat in the meadow.,7561,7561,The animal sat in the meadow.,yes,yes.
t2i,The animal sat in the meadow.,13909,13909,The animal sat in the meadow.,no,no.
t2i,The animal sat in the meadow.,4708,4708,The animal sat in the meadow.,no,no.
t2i,The animal sat in the meadow.,6229,6229,The animal sat in the meadow.,no,no.
t2i,The animal sat in the meadow.,2305,2305,The animal sat in the meadow.,yes,yes.
t2i,The animal sat in the meadow.,7869,7869,The animal sat in the meadow.,no,no.
t2i,The animal sat in the meadow.,2688,2688,The animal sat in the meadow.,yes,yes.
t2i,The animal sat in the meadow.,8237,8237,The animal sat in the meadow.,no,no.
t2i,The animal sat in the meadow.,13450,13450,The animal sat in the meadow.,yes,yes.
t2i,animal sitting on lawn,3003,3003,animal sitting on lawn,yes,yes.
t2i,animal sitting on lawn,8716,8716,animal sitting on lawn,yes,yes.
t2i,animal sitting on lawn,1970,1970,animal sitting on lawn,no,no
t2i,animal sitting on lawn,2938,2938,animal sitting on lawn,no,no
t2i,animal sitting on lawn,3695,3695,animal sitting on lawn,yes,yes.
t2i,animal sitting on lawn,2034,2034,animal sitting on lawn,yes,yes.
t2i,animal sitting on lawn,3110,3110,animal sitting on lawn,yes,yes.
t2i,animal sitting on lawn,2554,2554,animal sitting on lawn,no,no
t2i,animal sitting on lawn,1178,1178,animal sitting on lawn,no,no
t2i,animal sitting on lawn,8295,8295,animal sitting on lawn,yes,yes.
t2i,animal sitting on lawn,377,377,animal sitting on lawn,yes,yes.
t2i,animal sitting on lawn,6278,6278,animal sitting on lawn,yes,yes.
t2i,animal sitting on lawn,22,22,animal sitting on lawn,yes,yes.
t2i,animal sitting on lawn,1105,1105,animal sitting on lawn,yes,yes.
t2i,animal sitting on lawn,10638,10638,animal sitting on lawn,yes,yes.
t2i,animal sitting on lawn,202,202,animal sitting on lawn,yes,yes.
t2i,animal sitting on lawn,2688,2688,animal sitting on lawn,yes,yes.
t2i,animal sitting on lawn,228,228,animal sitting on lawn,yes,yes.
t2i,animal sitting on lawn,1096,1096,animal sitting on lawn,yes,yes.
t2i,animal sitting on lawn,3013,3013,animal sitting on lawn,yes,yes.
t2i,animal sitting on lawn,3021,3021,animal sitting on lawn,yes,yes.
t2i,animal sitting on lawn,7561,7561,animal sitting on lawn,yes,yes.
t2i,animal sitting on lawn,4267,4267,animal sitting on lawn,yes,yes.
t2i,animal sitting on lawn,5462,5462,animal sitting on lawn,yes,yes.
t2i,animal sitting on lawn,11335,11335,animal sitting on lawn,no,no
t2i,animal sitting on lawn,13185,13185,animal sitting on lawn,yes,yes.
t2i,animal sitting on lawn,7869,7869,animal sitting on lawn,no,no.
t2i,animal sitting on lawn,7542,7542,animal sitting on lawn,yes,yes.
t2i,animal sitting on lawn,8237,8237,animal sitting on lawn,yes,yes.
t2i,animal sitting on lawn,3308,3308,animal sitting on lawn,yes,yes.
t2i,animal sitting on lawn,13712,13712,animal sitting on lawn,no,no.
t2i,animal sitting on lawn,9870,9870,animal sitting on lawn,yes,yes.
t2i,animal sitting on lawn,2461,2461,animal sitting on lawn,yes,yes.
t2i,animal sitting on lawn,3236,3236,animal sitting on lawn,yes,yes.
t2i,animal sitting on lawn,8462,8462,animal sitting on lawn,yes,yes.
t2i,animal sitting on lawn,1821,1821,animal sitting on lawn,yes,yes.
t2i,animal sitting on lawn,10250,10250,animal sitting on lawn,yes,yes.
t2i,animal sitting on lawn,4505,4505,animal sitting on lawn,yes,yes.
t2i,animal sitting on lawn,7224,7224,animal sitting on lawn,yes,yes.
t2i,animal sitting on lawn,8569,8569,animal sitting on lawn,yes,yes.
t2i,animal sitting on lawn,1184,1184,animal sitting on lawn,yes,yes.
t2i,animal sitting on lawn,2173,2173,animal sitting on lawn,yes,yes.
t2i,animal sitting on lawn,6913,6913,animal sitting on lawn,no,no.
t2i,animal sitting on lawn,1271,1271,animal sitting on lawn,yes,yes.
t2i,animal sitting on lawn,13688,13688,animal sitting on lawn,yes,yes.
t2i,A man sits in front of a white background,6683,6683,A man sits in front of a white background,no,no.
t2i,A man sits in front of a white background,6069,6069,A man sits in front of a white background,yes,yes.
t2i,A man sits in front of a white background,6293,6293,A man sits in front of a white background,yes,yes.
t2i,A man sits in front of a white background,8712,8712,A man sits in front of a white background,yes,yes.
t2i,A man sits in front of a white background,13863,13863,A man sits in front of a white background,yes,yes.
t2i,A man sits in front of a white background,2719,2719,A man sits in front of a white background,yes,yes.
t2i,A man sits in front of a white background,8822,8822,A man sits in front of a white background,yes,yes.
t2i,A man sits in front of a white background,831,831,A man sits in front of a white background,no,no.
t2i,A man sits in front of a white background,1171,1171,A man sits in front of a white background,yes,yes.
t2i,A man sits in front of a white background,1593,1593,A man sits in front of a white background,yes,yes.
t2i,A man sits in front of a white background,3199,3199,A man sits in front of a white background,no,no.
t2i,A man sits in front of a white background,4922,4922,A man sits in front of a white background,no,no.
t2i,A man sits in front of a white background,8375,8375,A man sits in front of a white background,yes,yes.
t2i,A man sits in front of a white background,1805,1805,A man sits in front of a white background,yes,yes.
t2i,A man sits in front of a white background,583,583,A man sits in front of a white background,yes,yes.
t2i,A man sits in front of a white background,3953,3953,A man sits in front of a white background,yes,yes.
t2i,A man sits in front of a white background,1289,1289,A man sits in front of a white background,yes,yes.
t2i,A man sits in front of a white background,9347,9347,A man sits in front of a white background,no,no.
t2i,A man sits in front of a white background,976,976,A man sits in front of a white background,yes,yes.
t2i,A man sits in front of a white background,9823,9823,A man sits in front of a white background,yes,yes.
t2i,A man sits in front of a white background,4013,4013,A man sits in front of a white background,yes,yes.
t2i,A man sits in front of a white background,9585,9585,A man sits in front of a white background,yes,yes.
t2i,A man sits in front of a white background,311,311,A man sits in front of a white background,yes,yes.
t2i,A man sits in front of a white background,3096,3096,A man sits in front of a white background,yes,yes.
t2i,A man sits in front of a white background,9721,9721,A man sits in front of a white background,yes,yes.
t2i,A man sits in front of a white background,2763,2763,A man sits in front of a white background,yes,yes.
t2i,A man sits in front of a white background,3064,3064,A man sits in front of a white background,yes,yes.
t2i,A man sits in front of a white background,5740,5740,A man sits in front of a white background,yes,yes.
t2i,A man sits in front of a white background,5770,5770,A man sits in front of a white background,yes,yes.
t2i,A man sits in front of a white background,175,175,A man sits in front of a white background,yes,yes.
t2i,A man sits in front of a white background,1837,1837,A man sits in front of a white background,yes,yes.
t2i,A man sits in front of a white background,701,701,A man sits in front of a white background,yes,yes.
t2i,A man sits in front of a white background,7182,7182,A man sits in front of a white background,no,no.
t2i,A man sits in front of a white background,998,998,A man sits in front of a white background,yes,yes.
t2i,A man sits in front of a white background,10760,10760,A man sits in front of a white background,no,no.
t2i,A man sits in front of a white background,9884,9884,A man sits in front of a white background,no,no.
t2i,A man sits in front of a white background,192,192,A man sits in front of a white background,yes,yes.
t2i,A man sits in front of a white background,2275,2275,A man sits in front of a white background,yes,yes.
t2i,The person poses for one minute.,7380,7380,The person poses for one minute.,no,no.
t2i,The person poses for one minute.,13863,13863,The person poses for one minute.,no,no.
t2i,The person poses for one minute.,8934,8934,The person poses for one minute.,no,no.
t2i,The person poses for one minute.,4422,4422,The person poses for one minute.,no,no.
t2i,The person poses for one minute.,12294,12294,The person poses for one minute.,no,no.
t2i,The person poses for one minute.,9871,9871,The person poses for one minute.,no,no.
t2i,The person poses for one minute.,1038,1038,The person poses for one minute.,no,no.
t2i,The person poses for one minute.,5770,5770,The person poses for one minute.,no,no.
t2i,The person poses for one minute.,1171,1171,The person poses for one minute.,no,no.
t2i,The person poses for one minute.,13960,13960,The person poses for one minute.,no,no.
t2i,The person poses for one minute.,1604,1604,The person poses for one minute.,no,no.
t2i,The person poses for one minute.,11973,11973,The person poses for one minute.,no,no.
t2i,The person poses for one minute.,3411,3411,The person poses for one minute.,no,no.
t2i,The person poses for one minute.,10107,10107,The person poses for one minute.,no,no.
t2i,The person poses for one minute.,5369,5369,The person poses for one minute.,no,no.
t2i,The person poses for one minute.,12837,12837,The person poses for one minute.,no,no.
t2i,The person poses for one minute.,13770,13770,The person poses for one minute.,no,no.
t2i,The person poses for one minute.,2862,2862,The person poses for one minute.,no,no.
t2i,The person poses for one minute.,2835,2835,The person poses for one minute.,no,no.
t2i,The person poses for one minute.,3661,3661,The person poses for one minute.,no,no.
t2i,The person poses for one minute.,12199,12199,The person poses for one minute.,no,no.
t2i,The person poses for one minute.,3149,3149,The person poses for one minute.,no,no.
t2i,The person poses for one minute.,6657,6657,The person poses for one minute.,no,no.
t2i,The person poses for one minute.,6616,6616,The person poses for one minute.,no,no.
t2i,The person poses for one minute.,4897,4897,The person poses for one minute.,no,no.
t2i,The person poses for one minute.,98,98,The person poses for one minute.,no,no.
t2i,The person poses for one minute.,2930,2930,The person poses for one minute.,no,no.
t2i,The person poses for one minute.,7898,7898,The person poses for one minute.,no,no.
t2i,The person poses for one minute.,5709,5709,The person poses for one minute.,no,no.
t2i,The person poses for one minute.,5872,5872,The person poses for one minute.,no,no.
t2i,The person poses for one minute.,6964,6964,The person poses for one minute.,no,no.
t2i,The person poses for one minute.,8304,8304,The person poses for one minute.,no,no.
t2i,The person poses for one minute.,13519,13519,The person poses for one minute.,no,no.
t2i,The person poses for one minute.,6746,6746,The person poses for one minute.,no,no.
t2i,The person poses for one minute.,9139,9139,The person poses for one minute.,no,no.
t2i,The person poses for one minute.,4463,4463,The person poses for one minute.,no,no.
t2i,The person poses for one minute.,10660,10660,The person poses for one minute.,no,no.
t2i,The person poses for one minute.,6187,6187,The person poses for one minute.,no,no.
t2i,The person poses for one minute.,9272,9272,The person poses for one minute.,no,no.
t2i,The person poses for one minute.,11766,11766,The person poses for one minute.,no,no.
t2i,The person poses for one minute.,9909,9909,The person poses for one minute.,no,no.
t2i,The person poses for one minute.,9926,9926,The person poses for one minute.,no,no.
t2i,The person poses for one minute.,1052,1052,The person poses for one minute.,no,no.
t2i,The person poses for one minute.,2302,2302,The person poses for one minute.,no,no.
t2i,The person poses for one minute.,10777,10777,The person poses for one minute.,no,no.
t2i,The person poses for one minute.,11348,11348,The person poses for one minute.,no,no.
t2i,The person poses for one minute.,1990,1990,The person poses for one minute.,no,no.
t2i,The person poses for one minute.,5563,5563,The person poses for one minute.,no,no.
t2i,The person poses for one minute.,10721,10721,The person poses for one minute.,no,no.
t2i,The person poses for one minute.,7691,7691,The person poses for one minute.,no,no.
t2i,The person poses for one minute.,7719,7719,The person poses for one minute.,no,no.
t2i,The person poses for one minute.,5464,5464,The person poses for one minute.,no,no.
t2i,The person poses for one minute.,9659,9659,The person poses for one minute.,no,no.
t2i,The person poses for one minute.,9172,9172,The person poses for one minute.,no,no.
t2i,A man walking with a camera,10542,10542,A man walking with a camera,no,no.
t2i,A man walking with a camera,10482,10482,A man walking with a camera,no,no.
t2i,A man walking with a camera,3963,3963,A man walking with a camera,yes,yes.
t2i,A man walking with a camera,10696,10696,A man walking with a camera,no,no.
t2i,A man walking with a camera,8323,8323,A man walking with a camera,no,no.
t2i,A man walking with a camera,1399,1399,A man walking with a camera,yes,yes.
t2i,A man walking with a camera,8847,8847,A man walking with a camera,no,no.
t2i,A man walking with a camera,13335,13335,A man walking with a camera,no,no.
t2i,A man walking with a camera,3460,3460,A man walking with a camera,no,no.
t2i,A man walking with a camera,6890,6890,A man walking with a camera,no,no.
t2i,A man walking with a camera,4241,4241,A man walking with a camera,no,no.
t2i,A man walking with a camera,1051,1051,A man walking with a camera,yes,yes.
t2i,A man walking with a camera,2504,2504,A man walking with a camera,no,no.
t2i,A man walking with a camera,2183,2183,A man walking with a camera,no,no.
t2i,A man walking with a camera,1815,1815,A man walking with a camera,no,no.
t2i,A man walking with a camera,3568,3568,A man walking with a camera,no,no
t2i,A man walking with a camera,2835,2835,A man walking with a camera,no,no.
t2i,A man walking with a camera,24,24,A man walking with a camera,no,no.
t2i,A man walking with a camera,145,145,A man walking with a camera,no,no.
t2i,A man walking with a camera,9092,9092,A man walking with a camera,no,no.
t2i,A man walking with a camera,1835,1835,A man walking with a camera,no,no.
t2i,A man walking with a camera,3766,3766,A man walking with a camera,no,no.
t2i,A man walking with a camera,2348,2348,A man walking with a camera,no,no.
t2i,A man walking with a camera,1056,1056,A man walking with a camera,no,no.
t2i,A man walking with a camera,9932,9932,A man walking with a camera,no,no.
t2i,A man walking with a camera,9824,9824,A man walking with a camera,no,no.
t2i,A man walking with a camera,1071,1071,A man walking with a camera,no,no.
t2i,A man walking with a camera,3263,3263,A man walking with a camera,yes,yes.
t2i,A man walking with a camera,3260,3260,A man walking with a camera,yes,yes.
t2i,A man walking with a camera,5092,5092,A man walking with a camera,yes,yes.
t2i,A man walking with a camera,2718,2718,A man walking with a camera,yes,yes.
t2i,A man walking with a camera,2626,2626,A man walking with a camera,no,no.
t2i,A man walking with a camera,80,80,A man walking with a camera,no,no.
t2i,A man walking with a camera,1737,1737,A man walking with a camera,no,no.
t2i,A man walking with a camera,12209,12209,A man walking with a camera,no,no.
t2i,A man walking with a camera,8745,8745,A man walking with a camera,no,no.
t2i,A man walking with a camera,8842,8842,A man walking with a camera,no,no.
t2i,A man walking with a camera,408,408,A man walking with a camera,no,no.
t2i,A man walking with a camera,9336,9336,A man walking with a camera,no,no.
t2i,A man walking with a camera,11741,11741,A man walking with a camera,no,no.
t2i,A man sits on a boat.,11641,11641,A man sits on a boat.,yes,yes.
t2i,A man sits on a boat.,5173,5173,A man sits on a boat.,no,no.
t2i,A man sits on a boat.,5091,5091,A man sits on a boat.,yes,yes.
t2i,A man sits on a boat.,11079,11079,A man sits on a boat.,yes,yes.
t2i,A man sits on a boat.,9314,9314,A man sits on a boat.,no,no.
t2i,A man sits on a boat.,11943,11943,A man sits on a boat.,yes,yes.
t2i,A man sits on a boat.,8000,8000,A man sits on a boat.,no,no.
t2i,A man sits on a boat.,515,515,A man sits on a boat.,no,no.
t2i,A man sits on a boat.,472,472,A man sits on a boat.,no,no.
t2i,A man sits on a boat.,13863,13863,A man sits on a boat.,no,no.
t2i,A man sits on a boat.,5925,5925,A man sits on a boat.,no,no.
t2i,A man sits on a boat.,13130,13130,A man sits on a boat.,no,no.
t2i,A man sits on a boat.,12516,12516,A man sits on a boat.,yes,yes.
t2i,A man sits on a boat.,3771,3771,A man sits on a boat.,no,no.
t2i,A man sits on a boat.,13277,13277,A man sits on a boat.,yes,yes.
t2i,A man sits on a boat.,5341,5341,A man sits on a boat.,no,no.
t2i,A man sits on a boat.,4188,4188,A man sits on a boat.,no,no.
t2i,A man sits on a boat.,8474,8474,A man sits on a boat.,no,no.
t2i,A man sits on a boat.,10740,10740,A man sits on a boat.,no,no.
t2i,A man sits on a boat.,2988,2988,A man sits on a boat.,yes,yes.
t2i,A man sits on a boat.,8094,8094,A man sits on a boat.,yes,yes.
t2i,A man sits on a boat.,11680,11680,A man sits on a boat.,no,no.
t2i,A man sits on a boat.,6183,6183,A man sits on a boat.,no,no.
t2i,A man sits on a boat.,7569,7569,A man sits on a boat.,no,no.
t2i,A man sits on a boat.,8002,8002,A man sits on a boat.,yes,yes.
t2i,A man sits on a boat.,12411,12411,A man sits on a boat.,yes,yes.
t2i,A man sits on a boat.,7538,7538,A man sits on a boat.,no,no.
t2i,A man sits on a boat.,6103,6103,A man sits on a boat.,no,no.
t2i,A man sits on a boat.,10477,10477,A man sits on a boat.,yes,yes.
t2i,A man sits on a boat.,14051,14051,A man sits on a boat.,yes,yes.
t2i,A man sits on a boat.,12744,12744,A man sits on a boat.,yes,yes.
t2i,A man sits on a boat.,9755,9755,A man sits on a boat.,yes,yes.
t2i,A couple hugs against a tree.,4754,4754,A couple hugs against a tree.,no,no.
t2i,A couple hugs against a tree.,11796,11796,A couple hugs against a tree.,yes,yes.
t2i,A couple hugs against a tree.,5083,5083,A couple hugs against a tree.,yes,yes.
t2i,A couple hugs against a tree.,6311,6311,A couple hugs against a tree.,no,no.
t2i,A couple hugs against a tree.,5082,5082,A couple hugs against a tree.,yes,yes.
t2i,A couple hugs against a tree.,9047,9047,A couple hugs against a tree.,no,no.
t2i,A couple hugs against a tree.,9921,9921,A couple hugs against a tree.,yes,yes.
t2i,A couple hugs against a tree.,10436,10436,A couple hugs against a tree.,no,no.
t2i,A couple hugs against a tree.,3858,3858,A couple hugs against a tree.,no,no.
t2i,A couple hugs against a tree.,10906,10906,A couple hugs against a tree.,no,no.
t2i,A couple hugs against a tree.,12330,12330,A couple hugs against a tree.,yes,yes.
t2i,A couple hugs against a tree.,9384,9384,A couple hugs against a tree.,no,no.
t2i,A couple hugs against a tree.,6845,6845,A couple hugs against a tree.,yes,yes.
t2i,A couple hugs against a tree.,895,895,A couple hugs against a tree.,no,no.
t2i,A couple hugs against a tree.,12901,12901,A couple hugs against a tree.,no,no.
t2i,A couple hugs against a tree.,2238,2238,A couple hugs against a tree.,no,no.
t2i,A couple hugs against a tree.,12420,12420,A couple hugs against a tree.,yes,yes.
t2i,A couple hugs against a tree.,9340,9340,A couple hugs against a tree.,yes,yes.
t2i,A couple hugs against a tree.,12253,12253,A couple hugs against a tree.,no,no.
t2i,A couple hugs against a tree.,5087,5087,A couple hugs against a tree.,no,no.
t2i,A couple hugs against a tree.,6214,6214,A couple hugs against a tree.,no,no.
t2i,A couple hugs against a tree.,10730,10730,A couple hugs against a tree.,no,no.
t2i,A couple hugs against a tree.,7105,7105,A couple hugs against a tree.,no,no.
t2i,A couple hugs against a tree.,6844,6844,A couple hugs against a tree.,no,no.
t2i,A couple hugs against a tree.,11055,11055,A couple hugs against a tree.,no,no.
t2i,A couple hugs against a tree.,12105,12105,A couple hugs against a tree.,no,no.
t2i,A couple hugs against a tree.,13579,13579,A couple hugs against a tree.,yes,yes.
t2i,A couple hugs against a tree.,4755,4755,A couple hugs against a tree.,yes,yes.
t2i,A person wants to sit on a couch.,2992,2992,A person wants to sit on a couch.,yes,yes.
t2i,A person wants to sit on a couch.,13498,13498,A person wants to sit on a couch.,yes,yes.
t2i,A person wants to sit on a couch.,3096,3096,A person wants to sit on a couch.,yes,yes.
t2i,A person wants to sit on a couch.,1156,1156,A person wants to sit on a couch.,yes,yes.
t2i,A person wants to sit on a couch.,6362,6362,A person wants to sit on a couch.,yes,yes.
t2i,A person wants to sit on a couch.,2241,2241,A person wants to sit on a couch.,yes,yes.
t2i,A person wants to sit on a couch.,12588,12588,A person wants to sit on a couch.,yes,yes.
t2i,A person wants to sit on a couch.,13863,13863,A person wants to sit on a couch.,no,no.
t2i,A person wants to sit on a couch.,7118,7118,A person wants to sit on a couch.,yes,yes.
t2i,A person wants to sit on a couch.,6965,6965,A person wants to sit on a couch.,yes,yes.
t2i,A person wants to sit on a couch.,8680,8680,A person wants to sit on a couch.,no,no.
t2i,A person wants to sit on a couch.,13331,13331,A person wants to sit on a couch.,no,no.
t2i,A person wants to sit on a couch.,1777,1777,A person wants to sit on a couch.,yes,yes.
t2i,A person wants to sit on a couch.,13148,13148,A person wants to sit on a couch.,no,no.
t2i,A person wants to sit on a couch.,3053,3053,A person wants to sit on a couch.,yes,yes.
t2i,A person wants to sit on a couch.,11303,11303,A person wants to sit on a couch.,no,no.
t2i,A person wants to sit on a couch.,1776,1776,A person wants to sit on a couch.,no,no.
t2i,A person wants to sit on a couch.,3906,3906,A person wants to sit on a couch.,yes,yes.
t2i,A person wants to sit on a couch.,11812,11812,A person wants to sit on a couch.,yes,yes.
t2i,A person wants to sit on a couch.,7638,7638,A person wants to sit on a couch.,no,no.
t2i,A person wants to sit on a couch.,2023,2023,A person wants to sit on a couch.,yes,yes.
t2i,A person wants to sit on a couch.,723,723,A person wants to sit on a couch.,no,no.
t2i,A person wants to sit on a couch.,8471,8471,A person wants to sit on a couch.,no,no.
t2i,A person wants to sit on a couch.,2523,2523,A person wants to sit on a couch.,no,no.
t2i,A person wants to sit on a couch.,6582,6582,A person wants to sit on a couch.,no,no.
t2i,A person wants to sit on a couch.,1278,1278,A person wants to sit on a couch.,yes,yes.
t2i,A person wants to sit on a couch.,7287,7287,A person wants to sit on a couch.,no,no.
t2i,A person wants to sit on a couch.,1330,1330,A person wants to sit on a couch.,yes,yes.
t2i,A person wants to sit on a couch.,959,959,A person wants to sit on a couch.,no,no.
t2i,A person wants to sit on a couch.,1288,1288,A person wants to sit on a couch.,yes,yes.
t2i,A person wants to sit on a couch.,3619,3619,A person wants to sit on a couch.,no,no.
t2i,A person wants to sit on a couch.,3466,3466,A person wants to sit on a couch.,yes,yes.
t2i,A person wants to sit on a couch.,846,846,A person wants to sit on a couch.,yes,yes.
t2i,A person wants to sit on a couch.,13588,13588,A person wants to sit on a couch.,no,no.
t2i,A person wants to sit on a couch.,2757,2757,A person wants to sit on a couch.,no,no.
t2i,A person wants to sit on a couch.,10492,10492,A person wants to sit on a couch.,no,no.
t2i,A person wants to sit on a couch.,639,639,A person wants to sit on a couch.,yes,yes.
t2i,A person wants to sit on a couch.,3736,3736,A person wants to sit on a couch.,yes,yes.
t2i,A person wants to sit on a couch.,5389,5389,A person wants to sit on a couch.,yes,yes.
t2i,A person wants to sit on a couch.,6361,6361,A person wants to sit on a couch.,no,no.
t2i,A person wants to sit on a couch.,1733,1733,A person wants to sit on a couch.,no,no.
t2i,The players look at each other on the pitch.,11121,11121,The players look at each other on the pitch.,no,no.
t2i,The players look at each other on the pitch.,6614,6614,The players look at each other on the pitch.,no,no.
t2i,The players look at each other on the pitch.,484,484,The players look at each other on the pitch.,yes,yes.
t2i,The players look at each other on the pitch.,684,684,The players look at each other on the pitch.,yes,yes.
t2i,The players look at each other on the pitch.,14045,14045,The players look at each other on the pitch.,yes,yes.
t2i,The players look at each other on the pitch.,5256,5256,The players look at each other on the pitch.,no,no.
t2i,The players look at each other on the pitch.,1556,1556,The players look at each other on the pitch.,no,no.
t2i,The players look at each other on the pitch.,4930,4930,The players look at each other on the pitch.,no,no.
t2i,The players look at each other on the pitch.,3380,3380,The players look at each other on the pitch.,no,no.
t2i,The players look at each other on the pitch.,8415,8415,The players look at each other on the pitch.,no,no.
t2i,The players look at each other on the pitch.,1104,1104,The players look at each other on the pitch.,no,no.
t2i,The players look at each other on the pitch.,13515,13515,The players look at each other on the pitch.,yes,yes.
t2i,The players look at each other on the pitch.,980,980,The players look at each other on the pitch.,no,no.
t2i,The players look at each other on the pitch.,10707,10707,The players look at each other on the pitch.,no,no.
t2i,The players look at each other on the pitch.,5056,5056,The players look at each other on the pitch.,no,no.
t2i,The players look at each other on the pitch.,3869,3869,The players look at each other on the pitch.,no,no.
t2i,The players look at each other on the pitch.,6533,6533,The players look at each other on the pitch.,yes,yes.
t2i,The players look at each other on the pitch.,2546,2546,The players look at each other on the pitch.,no,no.
t2i,The players look at each other on the pitch.,6613,6613,The players look at each other on the pitch.,no,no.
t2i,The players look at each other on the pitch.,5172,5172,The players look at each other on the pitch.,yes,yes.
t2i,The players look at each other on the pitch.,1429,1429,The players look at each other on the pitch.,no,no.
t2i,The players look at each other on the pitch.,8021,8021,The players look at each other on the pitch.,no,no.
t2i,The players look at each other on the pitch.,12465,12465,The players look at each other on the pitch.,no,no.
t2i,The players look at each other on the pitch.,11016,11016,The players look at each other on the pitch.,no,no.
t2i,The players look at each other on the pitch.,5032,5032,The players look at each other on the pitch.,no,no.
t2i,The players look at each other on the pitch.,11765,11765,The players look at each other on the pitch.,no,no.
t2i,The players look at each other on the pitch.,1125,1125,The players look at each other on the pitch.,yes,yes.
t2i,The players look at each other on the pitch.,10621,10621,The players look at each other on the pitch.,no,no.
t2i,The players look at each other on the pitch.,12066,12066,The players look at each other on the pitch.,no,no.
t2i,The players look at each other on the pitch.,3746,3746,The players look at each other on the pitch.,yes,yes.
t2i,The players look at each other on the pitch.,10161,10161,The players look at each other on the pitch.,yes,yes.
t2i,The players look at each other on the pitch.,2145,2145,The players look at each other on the pitch.,no,no.
t2i,The players look at each other on the pitch.,8360,8360,The players look at each other on the pitch.,yes,yes.
t2i,The players look at each other on the pitch.,10977,10977,The players look at each other on the pitch.,yes,yes.
t2i,The players look at each other on the pitch.,7814,7814,The players look at each other on the pitch.,no,no.
t2i,The players look at each other on the pitch.,7017,7017,The players look at each other on the pitch.,yes,yes.
t2i,The players look at each other on the pitch.,7009,7009,The players look at each other on the pitch.,yes,yes.
t2i,The players look at each other on the pitch.,6908,6908,The players look at each other on the pitch.,yes,yes.
t2i,The players look at each other on the pitch.,9187,9187,The players look at each other on the pitch.,no,no.
t2i,The players look at each other on the pitch.,457,457,The players look at each other on the pitch.,yes,yes.
t2i,The players look at each other on the pitch.,6074,6074,The players look at each other on the pitch.,yes,yes.
t2i,The players look at each other on the pitch.,6757,6757,The players look at each other on the pitch.,no,no.
t2i,The players look at each other on the pitch.,9159,9159,The players look at each other on the pitch.,no,no.
t2i,The players look at each other on the pitch.,5041,5041,The players look at each other on the pitch.,no,no.
t2i,The players look at each other on the pitch.,10826,10826,The players look at each other on the pitch.,no,no.
t2i,The players look at each other on the pitch.,6811,6811,The players look at each other on the pitch.,yes,yes.
t2i,The players look at each other on the pitch.,914,914,The players look at each other on the pitch.,no,no.
t2i,The players look at each other on the pitch.,11133,11133,The players look at each other on the pitch.,yes,yes.
t2i,The players look at each other on the pitch.,3826,3826,The players look at each other on the pitch.,yes,yes.
t2i,The players look at each other on the pitch.,6492,6492,The players look at each other on the pitch.,yes,yes.
t2i,The players look at each other on the pitch.,2392,2392,The players look at each other on the pitch.,no,no.
t2i,The players look at each other on the pitch.,6933,6933,The players look at each other on the pitch.,no,no.
t2i,A person completes against other soccer players.,2266,2266,A person completes against other soccer players.,yes,yes.
t2i,A person completes against other soccer players.,4882,4882,A person completes against other soccer players.,no,no.
t2i,A person completes against other soccer players.,4228,4228,A person completes against other soccer players.,yes,yes.
t2i,A person completes against other soccer players.,1043,1043,A person completes against other soccer players.,no,no.
t2i,A person completes against other soccer players.,13045,13045,A person completes against other soccer players.,no,no.
t2i,A person completes against other soccer players.,8380,8380,A person completes against other soccer players.,yes,yes.
t2i,A person completes against other soccer players.,6516,6516,A person completes against other soccer players.,yes,yes.
t2i,A person completes against other soccer players.,6893,6893,A person completes against other soccer players.,yes,yes.
t2i,A person completes against other soccer players.,4189,4189,A person completes against other soccer players.,no,no.
t2i,A person completes against other soccer players.,1925,1925,A person completes against other soccer players.,no,no.
t2i,A person completes against other soccer players.,2623,2623,A person completes against other soccer players.,yes,yes.
t2i,A person completes against other soccer players.,12873,12873,A person completes against other soccer players.,no,no.
t2i,A person completes against other soccer players.,5550,5550,A person completes against other soccer players.,no,no.
t2i,A person completes against other soccer players.,1556,1556,A person completes against other soccer players.,yes,yes.
t2i,A person completes against other soccer players.,433,433,A person completes against other soccer players.,yes,yes.
t2i,A person completes against other soccer players.,1476,1476,A person completes against other soccer players.,yes,yes.
t2i,A person completes against other soccer players.,6757,6757,A person completes against other soccer players.,yes,yes.
t2i,A person completes against other soccer players.,12648,12648,A person completes against other soccer players.,yes,yes.
t2i,A person completes against other soccer players.,8739,8739,A person completes against other soccer players.,yes,yes.
t2i,A person completes against other soccer players.,8813,8813,A person completes against other soccer players.,no,no.
t2i,A person completes against other soccer players.,864,864,A person completes against other soccer players.,no,no.
t2i,A person completes against other soccer players.,9598,9598,A person completes against other soccer players.,yes,yes.
t2i,A person completes against other soccer players.,41,41,A person completes against other soccer players.,yes,yes.
t2i,A person completes against other soccer players.,3255,3255,A person completes against other soccer players.,no,no.
t2i,A person completes against other soccer players.,12936,12936,A person completes against other soccer players.,no,no.
t2i,A person completes against other soccer players.,7560,7560,A person completes against other soccer players.,no,no.
t2i,A person completes against other soccer players.,6269,6269,A person completes against other soccer players.,no,no.
t2i,A person completes against other soccer players.,4711,4711,A person completes against other soccer players.,no,no.
t2i,A person completes against other soccer players.,3330,3330,A person completes against other soccer players.,no,no.
t2i,A person completes against other soccer players.,11765,11765,A person completes against other soccer players.,no,no.
t2i,A person completes against other soccer players.,509,509,A person completes against other soccer players.,no,no.
t2i,A person completes against other soccer players.,9798,9798,A person completes against other soccer players.,yes,yes.
t2i,A person completes against other soccer players.,113,113,A person completes against other soccer players.,no,no.
t2i,A person completes against other soccer players.,13793,13793,A person completes against other soccer players.,no,no.
t2i,A person completes against other soccer players.,3822,3822,A person completes against other soccer players.,no,no.
t2i,A person completes against other soccer players.,4353,4353,A person completes against other soccer players.,yes,yes.
t2i,A person completes against other soccer players.,4396,4396,A person completes against other soccer players.,yes,yes.
t2i,A person completes against other soccer players.,8855,8855,A person completes against other soccer players.,yes,yes.
t2i,A person completes against other soccer players.,4581,4581,A person completes against other soccer players.,yes,yes.
t2i,A person completes against other soccer players.,9572,9572,A person completes against other soccer players.,yes,yes.
t2i,A person completes against other soccer players.,530,530,A person completes against other soccer players.,yes,yes.
t2i,A person completes against other soccer players.,12452,12452,A person completes against other soccer players.,yes,yes.
t2i,A person completes against other soccer players.,8518,8518,A person completes against other soccer players.,yes,yes.
t2i,A person completes against other soccer players.,1678,1678,A person completes against other soccer players.,yes,yes.
t2i,A person completes against other soccer players.,12437,12437,A person completes against other soccer players.,yes,yes.
t2i,A person completes against other soccer players.,2518,2518,A person completes against other soccer players.,no,no.
t2i,A person completes against other soccer players.,4356,4356,A person completes against other soccer players.,no,no.
t2i,A person completes against other soccer players.,3162,3162,A person completes against other soccer players.,yes,yes.
t2i,A person completes against other soccer players.,2204,2204,A person completes against other soccer players.,no,no.
t2i,A person completes against other soccer players.,11253,11253,A person completes against other soccer players.,no,no.
t2i,A person completes against other soccer players.,9982,9982,A person completes against other soccer players.,yes,yes.
t2i,An athlete performs at the festival.,3950,3950,An athlete performs at the festival.,yes,yes.
t2i,An athlete performs at the festival.,3994,3994,An athlete performs at the festival.,yes,yes.
t2i,An athlete performs at the festival.,13433,13433,An athlete performs at the festival.,no,no.
t2i,An athlete performs at the festival.,3511,3511,An athlete performs at the festival.,yes,yes.
t2i,An athlete performs at the festival.,2771,2771,An athlete performs at the festival.,no,no.
t2i,An athlete performs at the festival.,2958,2958,An athlete performs at the festival.,no,no.
t2i,An athlete performs at the festival.,6332,6332,An athlete performs at the festival.,no,no.
t2i,An athlete performs at the festival.,4845,4845,An athlete performs at the festival.,no,no.
t2i,An athlete performs at the festival.,6989,6989,An athlete performs at the festival.,no,no.
t2i,An athlete performs at the festival.,6988,6988,An athlete performs at the festival.,no,no.
t2i,An athlete performs at the festival.,2758,2758,An athlete performs at the festival.,yes,yes.
t2i,An athlete performs at the festival.,8764,8764,An athlete performs at the festival.,yes,yes.
t2i,An athlete performs at the festival.,5482,5482,An athlete performs at the festival.,no,no.
t2i,An athlete performs at the festival.,4169,4169,An athlete performs at the festival.,no,no.
t2i,An athlete performs at the festival.,9432,9432,An athlete performs at the festival.,no,no.
t2i,An athlete performs at the festival.,11683,11683,An athlete performs at the festival.,no,no.
t2i,An athlete performs at the festival.,5966,5966,An athlete performs at the festival.,no,no.
t2i,An athlete performs at the festival.,2995,2995,An athlete performs at the festival.,yes,yes.
t2i,An athlete performs at the festival.,4351,4351,An athlete performs at the festival.,no,no.
t2i,An athlete performs at the festival.,751,751,An athlete performs at the festival.,yes,yes.
t2i,An athlete performs at the festival.,3086,3086,An athlete performs at the festival.,no,no.
t2i,An athlete performs at the festival.,1230,1230,An athlete performs at the festival.,yes,yes.
t2i,An athlete performs at the festival.,8408,8408,An athlete performs at the festival.,no,no.
t2i,An athlete performs at the festival.,2769,2769,An athlete performs at the festival.,no,no.
t2i,An athlete performs at the festival.,11934,11934,An athlete performs at the festival.,no,no.
t2i,An athlete performs at the festival.,1906,1906,An athlete performs at the festival.,no,no.
t2i,An athlete performs at the festival.,1101,1101,An athlete performs at the festival.,no,no.
t2i,An athlete performs at the festival.,9173,9173,An athlete performs at the festival.,no,no.
t2i,An athlete performs at the festival.,2633,2633,An athlete performs at the festival.,no,no.
t2i,An athlete performs at the festival.,5344,5344,An athlete performs at the festival.,no,no.
t2i,An athlete performs at the festival.,2569,2569,An athlete performs at the festival.,no,no.
t2i,An athlete performs at the festival.,2753,2753,An athlete performs at the festival.,no,no.
t2i,An athlete performs at the festival.,2977,2977,An athlete performs at the festival.,yes,yes.
t2i,An athlete performs at the festival.,5498,5498,An athlete performs at the festival.,no,no.
t2i,An athlete performs at the festival.,264,264,An athlete performs at the festival.,yes,yes.
t2i,An athlete performs at the festival.,478,478,An athlete performs at the festival.,yes,yes.
t2i,An athlete performs at the festival.,707,707,An athlete performs at the festival.,yes,yes.
t2i,An athlete performs at the festival.,1516,1516,An athlete performs at the festival.,no,no.
t2i,An athlete performs at the festival.,6729,6729,An athlete performs at the festival.,no,no.
t2i,An athlete performs at the festival.,263,263,An athlete performs at the festival.,no,no.
t2i,An athlete performs at the festival.,7515,7515,An athlete performs at the festival.,yes,yes.
t2i,An athlete performs at the festival.,3862,3862,An athlete performs at the festival.,no,no.
t2i,the person enters the room,2014,2014,the person enters the room,no,no
t2i,the person enters the room,4422,4422,the person enters the room,no,no.
t2i,the person enters the room,7412,7412,the person enters the room,no,no.
t2i,the person enters the room,12220,12220,the person enters the room,no,no.
t2i,the person enters the room,5464,5464,the person enters the room,no,no
t2i,the person enters the room,9871,9871,the person enters the room,no,no
t2i,the person enters the room,5432,5432,the person enters the room,no,no.
t2i,the person enters the room,7380,7380,the person enters the room,no,no.
t2i,the person enters the room,9170,9170,the person enters the room,no,no.
t2i,the person enters the room,6693,6693,the person enters the room,no,no
t2i,the person enters the room,5076,5076,the person enters the room,no,no.
t2i,the person enters the room,13667,13667,the person enters the room,no,no.
t2i,the person enters the room,5433,5433,the person enters the room,no,no.
t2i,the person enters the room,210,210,the person enters the room,no,no.
t2i,the person enters the room,7299,7299,the person enters the room,no,no.
t2i,the person enters the room,13018,13018,the person enters the room,no,no
t2i,the person enters the room,8519,8519,the person enters the room,yes,yes.
t2i,the person enters the room,861,861,the person enters the room,yes,yes.
t2i,the person enters the room,11956,11956,the person enters the room,yes,yes.
t2i,the person enters the room,98,98,the person enters the room,no,no
t2i,the person enters the room,1214,1214,the person enters the room,no,no
t2i,the person enters the room,6425,6425,the person enters the room,no,no
t2i,the person enters the room,9269,9269,the person enters the room,no,no
t2i,the person enters the room,704,704,the person enters the room,no,no.
t2i,the person enters the room,8218,8218,the person enters the room,no,no
t2i,the person enters the room,9932,9932,the person enters the room,no,no.
t2i,the person enters the room,2516,2516,the person enters the room,no,no
t2i,the person enters the room,8045,8045,the person enters the room,no,no
t2i,the person enters the room,929,929,the person enters the room,no,no
t2i,the person enters the room,13685,13685,the person enters the room,no,no
t2i,the person enters the room,6480,6480,the person enters the room,yes,yes.
t2i,the person enters the room,8904,8904,the person enters the room,yes,yes.
t2i,the person enters the room,6256,6256,the person enters the room,yes,yes.
t2i,the person enters the room,6426,6426,the person enters the room,no,no
t2i,the person enters the room,5411,5411,the person enters the room,no,no
t2i,the person enters the room,3060,3060,the person enters the room,no,no
t2i,the person enters the room,3097,3097,the person enters the room,yes,yes.
t2i,the person enters the room,196,196,the person enters the room,no,no.
t2i,the person enters the room,7413,7413,the person enters the room,yes,yes.
t2i,A group of dancers perform a show,2496,2496,A group of dancers perform a show,yes,yes.
t2i,A group of dancers perform a show,4700,4700,A group of dancers perform a show,yes,yes.
t2i,A group of dancers perform a show,13269,13269,A group of dancers perform a show,yes,yes.
t2i,A group of dancers perform a show,2149,2149,A group of dancers perform a show,yes,yes.
t2i,A group of dancers perform a show,1106,1106,A group of dancers perform a show,yes,yes.
t2i,A group of dancers perform a show,12815,12815,A group of dancers perform a show,yes,yes.
t2i,A group of dancers perform a show,12745,12745,A group of dancers perform a show,yes,yes.
t2i,A group of dancers perform a show,1582,1582,A group of dancers perform a show,yes,yes.
t2i,A group of dancers perform a show,12594,12594,A group of dancers perform a show,yes,yes.
t2i,A group of dancers perform a show,4838,4838,A group of dancers perform a show,no,no.
t2i,A group of dancers perform a show,2287,2287,A group of dancers perform a show,yes,yes.
t2i,A group of dancers perform a show,4280,4280,A group of dancers perform a show,yes,yes.
t2i,A group of dancers perform a show,1322,1322,A group of dancers perform a show,no,no.
t2i,A group of dancers perform a show,3650,3650,A group of dancers perform a show,yes,yes.
t2i,A group of dancers perform a show,4409,4409,A group of dancers perform a show,yes,yes.
t2i,A group of dancers perform a show,4112,4112,A group of dancers perform a show,yes,yes.
t2i,A group of dancers perform a show,11119,11119,A group of dancers perform a show,yes,yes.
t2i,A group of dancers perform a show,1871,1871,A group of dancers perform a show,yes,yes.
t2i,A group of dancers perform a show,10258,10258,A group of dancers perform a show,no,no.
t2i,A group of dancers perform a show,9694,9694,A group of dancers perform a show,yes,yes.
t2i,A group of dancers perform a show,5866,5866,A group of dancers perform a show,no,no.
t2i,A group of dancers perform a show,11406,11406,A group of dancers perform a show,no,no.
t2i,A group of dancers perform a show,3930,3930,A group of dancers perform a show,yes,yes.
t2i,A group of dancers perform a show,11581,11581,A group of dancers perform a show,yes,yes.
t2i,A group of dancers perform a show,9229,9229,A group of dancers perform a show,no,no.
t2i,A group of dancers perform a show,1510,1510,A group of dancers perform a show,no,no.
t2i,A group of dancers perform a show,6808,6808,A group of dancers perform a show,yes,yes.
t2i,A group of dancers perform a show,13568,13568,A group of dancers perform a show,yes,yes.
t2i,The girl eats chocolate.,4734,4734,The girl eats chocolate.,yes,yes.
t2i,The girl eats chocolate.,8872,8872,The girl eats chocolate.,yes,yes.
t2i,The girl eats chocolate.,7428,7428,The girl eats chocolate.,yes,yes.
t2i,The girl eats chocolate.,10624,10624,The girl eats chocolate.,no,no.
t2i,The girl eats chocolate.,4735,4735,The girl eats chocolate.,no,no.
t2i,The girl eats chocolate.,11868,11868,The girl eats chocolate.,no,no.
t2i,The girl eats chocolate.,8922,8922,The girl eats chocolate.,no,no.
t2i,The girl eats chocolate.,9206,9206,The girl eats chocolate.,no,no.
t2i,The girl eats chocolate.,7082,7082,The girl eats chocolate.,no,no.
t2i,The girl eats chocolate.,1088,1088,The girl eats chocolate.,no,no.
t2i,The girl eats chocolate.,7454,7454,The girl eats chocolate.,no,no.
t2i,The girl eats chocolate.,7817,7817,The girl eats chocolate.,no,no.
t2i,The girl eats chocolate.,10007,10007,The girl eats chocolate.,no,no.
t2i,The girl eats chocolate.,7067,7067,The girl eats chocolate.,no,no.
t2i,The girl eats chocolate.,6244,6244,The girl eats chocolate.,no,no.
t2i,The girl eats chocolate.,6739,6739,The girl eats chocolate.,no,no.
t2i,The girl eats chocolate.,8680,8680,The girl eats chocolate.,no,no.
t2i,The girl eats chocolate.,4159,4159,The girl eats chocolate.,no,no.
t2i,The girl eats chocolate.,1586,1586,The girl eats chocolate.,no,no.
t2i,The girl eats chocolate.,6981,6981,The girl eats chocolate.,no,no.
t2i,The girl eats chocolate.,9300,9300,The girl eats chocolate.,no,no.
t2i,The girl eats chocolate.,6611,6611,The girl eats chocolate.,no,no.
t2i,The girl eats chocolate.,8394,8394,The girl eats chocolate.,no,no.
t2i,The girl eats chocolate.,1251,1251,The girl eats chocolate.,no,no.
t2i,The girl eats chocolate.,6385,6385,The girl eats chocolate.,no,no.
t2i,The girl eats chocolate.,11066,11066,The girl eats chocolate.,no,no.
t2i,The girl eats chocolate.,11638,11638,The girl eats chocolate.,no,no.
t2i,The girl eats chocolate.,13030,13030,The girl eats chocolate.,no,no.
t2i,The girl eats chocolate.,1806,1806,The girl eats chocolate.,no,no.
t2i,The girl eats chocolate.,2676,2676,The girl eats chocolate.,no,no.
t2i,The girl eats chocolate.,4232,4232,The girl eats chocolate.,no,no.
t2i,The girl eats chocolate.,11482,11482,The girl eats chocolate.,no,no.
t2i,A man walks on the shore.,576,576,A man walks on the shore.,yes,yes.
t2i,A man walks on the shore.,8738,8738,A man walks on the shore.,yes,yes.
t2i,A man walks on the shore.,3399,3399,A man walks on the shore.,yes,yes.
t2i,A man walks on the shore.,6946,6946,A man walks on the shore.,yes,yes.
t2i,A man walks on the shore.,4265,4265,A man walks on the shore.,no,no.
t2i,A man walks on the shore.,10609,10609,A man walks on the shore.,yes,yes.
t2i,A man walks on the shore.,908,908,A man walks on the shore.,no,no.
t2i,A man walks on the shore.,2295,2295,A man walks on the shore.,yes,yes.
t2i,A man walks on the shore.,1530,1530,A man walks on the shore.,yes,yes.
t2i,A man walks on the shore.,1022,1022,A man walks on the shore.,yes,yes.
t2i,A man walks on the shore.,6657,6657,A man walks on the shore.,yes,yes.
t2i,A man walks on the shore.,2055,2055,A man walks on the shore.,yes,yes.
t2i,A man walks on the shore.,503,503,A man walks on the shore.,yes,yes.
t2i,A man walks on the shore.,10706,10706,A man walks on the shore.,yes,yes.
t2i,A man walks on the shore.,5195,5195,A man walks on the shore.,yes,yes.
t2i,A man walks on the shore.,3179,3179,A man walks on the shore.,yes,yes.
t2i,A man walks on the shore.,423,423,A man walks on the shore.,yes,yes.
t2i,A man walks on the shore.,5260,5260,A man walks on the shore.,yes,yes.
t2i,A man walks on the shore.,347,347,A man walks on the shore.,yes,yes.
t2i,A man walks on the shore.,11425,11425,A man walks on the shore.,no,no.
t2i,A man walks on the shore.,1842,1842,A man walks on the shore.,yes,yes.
t2i,A man walks on the shore.,318,318,A man walks on the shore.,yes,yes.
t2i,A man walks on the shore.,1588,1588,A man walks on the shore.,no,no.
t2i,A man walks on the shore.,1459,1459,A man walks on the shore.,no,no.
t2i,A man walks on the shore.,9130,9130,A man walks on the shore.,no,no.
t2i,A man walks on the shore.,3665,3665,A man walks on the shore.,no,no.
t2i,A man walks on the shore.,7548,7548,A man walks on the shore.,yes,yes.
t2i,A man walks on the shore.,2395,2395,A man walks on the shore.,yes,yes.
t2i,A man walks on the shore.,2166,2166,A man walks on the shore.,no,no.
t2i,A man walks on the shore.,388,388,A man walks on the shore.,yes,yes.
t2i,A man walks on the shore.,1176,1176,A man walks on the shore.,yes,yes.
t2i,A man walks on the shore.,502,502,A man walks on the shore.,yes,yes.
t2i,A man walks on the shore.,3430,3430,A man walks on the shore.,yes,yes.
t2i,A man walks on the shore.,4727,4727,A man walks on the shore.,yes,yes.
t2i,A man walks on the shore.,3764,3764,A man walks on the shore.,yes,yes.
t2i,A man walks on the shore.,2118,2118,A man walks on the shore.,yes,yes.
t2i,A man walks on the shore.,1399,1399,A man walks on the shore.,yes,yes.
t2i,A man walks on the shore.,145,145,A man walks on the shore.,yes,yes.
t2i,A man walks on the shore.,545,545,A man walks on the shore.,yes,yes.
t2i,A woman is standing on a lake.,2781,2781,A woman is standing on a lake.,yes,yes.
t2i,A woman is standing on a lake.,2018,2018,A woman is standing on a lake.,yes,yes.
t2i,A woman is standing on a lake.,962,962,A woman is standing on a lake.,yes,yes.
t2i,A woman is standing on a lake.,3274,3274,A woman is standing on a lake.,yes,yes.
t2i,A woman is standing on a lake.,6490,6490,A woman is standing on a lake.,yes,yes.
t2i,A woman is standing on a lake.,5490,5490,A woman is standing on a lake.,no,no.
t2i,A woman is standing on a lake.,9787,9787,A woman is standing on a lake.,no,no.
t2i,A woman is standing on a lake.,762,762,A woman is standing on a lake.,no,no.
t2i,A woman is standing on a lake.,7969,7969,A woman is standing on a lake.,no,no.
t2i,A woman is standing on a lake.,4108,4108,A woman is standing on a lake.,no,no.
t2i,A woman is standing on a lake.,8978,8978,A woman is standing on a lake.,yes,yes.
t2i,A woman is standing on a lake.,622,622,A woman is standing on a lake.,yes,yes.
t2i,A woman is standing on a lake.,4474,4474,A woman is standing on a lake.,yes,yes.
t2i,A woman is standing on a lake.,218,218,A woman is standing on a lake.,yes,yes.
t2i,A woman is standing on a lake.,2327,2327,A woman is standing on a lake.,yes,yes.
t2i,A woman is standing on a lake.,527,527,A woman is standing on a lake.,yes,yes.
t2i,A woman is standing on a lake.,5927,5927,A woman is standing on a lake.,no,no.
t2i,A woman is standing on a lake.,6034,6034,A woman is standing on a lake.,yes,yes.
t2i,A woman is standing on a lake.,8785,8785,A woman is standing on a lake.,yes,yes.
t2i,A woman is standing on a lake.,4722,4722,A woman is standing on a lake.,no,no.
t2i,A woman is standing on a lake.,2902,2902,A woman is standing on a lake.,yes,yes.
t2i,A woman is standing on a lake.,2272,2272,A woman is standing on a lake.,yes,yes.
t2i,A woman is standing on a lake.,6547,6547,A woman is standing on a lake.,no,no.
t2i,A woman is standing on a lake.,118,118,A woman is standing on a lake.,yes,yes.
t2i,A woman is standing on a lake.,13120,13120,A woman is standing on a lake.,yes,yes.
t2i,A woman is standing on a lake.,13034,13034,A woman is standing on a lake.,no,no.
t2i,A woman is standing on a lake.,13838,13838,A woman is standing on a lake.,yes,yes.
t2i,A woman is standing on a lake.,11454,11454,A woman is standing on a lake.,yes,yes.
t2i,A woman is standing on a lake.,9731,9731,A woman is standing on a lake.,yes,yes.
t2i,A woman is standing on a lake.,2930,2930,A woman is standing on a lake.,no,no.
t2i,A woman is standing on a lake.,1862,1862,A woman is standing on a lake.,yes,yes.
t2i,A woman is standing on a lake.,10731,10731,A woman is standing on a lake.,yes,yes.
t2i,A woman is standing on a lake.,2993,2993,A woman is standing on a lake.,no,no.
t2i,A woman is standing on a lake.,13551,13551,A woman is standing on a lake.,yes,yes.
t2i,A woman is standing on a lake.,5449,5449,A woman is standing on a lake.,no,no.
t2i,A woman is standing on a lake.,8467,8467,A woman is standing on a lake.,yes,yes.
t2i,A woman is standing on a lake.,10491,10491,A woman is standing on a lake.,no,no.
t2i,A woman is standing on a lake.,6196,6196,A woman is standing on a lake.,yes,yes.
t2i,A cat rests on the grass,37,37,A cat rests on the grass,yes,yes.
t2i,A cat rests on the grass,8294,8294,A cat rests on the grass,yes,yes.
t2i,A cat rests on the grass,3003,3003,A cat rests on the grass,no,no.
t2i,A cat rests on the grass,2034,2034,A cat rests on the grass,yes,yes.
t2i,A cat rests on the grass,3021,3021,A cat rests on the grass,yes,yes.
t2i,A cat rests on the grass,5697,5697,A cat rests on the grass,yes,yes.
t2i,A cat rests on the grass,4431,4431,A cat rests on the grass,yes,yes.
t2i,A cat rests on the grass,9023,9023,A cat rests on the grass,yes,yes.
t2i,A cat rests on the grass,4505,4505,A cat rests on the grass,yes,yes.
t2i,A cat rests on the grass,1942,1942,A cat rests on the grass,yes,yes.
t2i,A cat rests on the grass,9609,9609,A cat rests on the grass,yes,yes.
t2i,A cat rests on the grass,5851,5851,A cat rests on the grass,yes,yes.
t2i,A cat rests on the grass,1044,1044,A cat rests on the grass,yes,yes.
t2i,A cat rests on the grass,6985,6985,A cat rests on the grass,no,no.
t2i,A cat rests on the grass,1969,1969,A cat rests on the grass,yes,yes.
t2i,A cat rests on the grass,464,464,A cat rests on the grass,yes,yes.
t2i,A cat rests on the grass,11288,11288,A cat rests on the grass,yes,yes.
t2i,A cat rests on the grass,1105,1105,A cat rests on the grass,yes,yes.
t2i,A cat rests on the grass,7457,7457,A cat rests on the grass,no,no.
t2i,A cat rests on the grass,8295,8295,A cat rests on the grass,yes,yes.
t2i,A cat rests on the grass,8569,8569,A cat rests on the grass,yes,yes.
t2i,A cat rests on the grass,202,202,A cat rests on the grass,yes,yes.
t2i,A cat rests on the grass,1720,1720,A cat rests on the grass,yes,yes.
t2i,A cat rests on the grass,13688,13688,A cat rests on the grass,yes,yes.
t2i,A cat rests on the grass,6913,6913,A cat rests on the grass,no,no.
t2i,person stand besides the tree,10612,10612,person stand besides the tree,yes,yes.
t2i,person stand besides the tree,3509,3509,person stand besides the tree,yes,yes.
t2i,person stand besides the tree,4710,4710,person stand besides the tree,yes,yes.
t2i,person stand besides the tree,6037,6037,person stand besides the tree,yes,yes.
t2i,person stand besides the tree,138,138,person stand besides the tree,yes,yes.
t2i,person stand besides the tree,11344,11344,person stand besides the tree,no,no
t2i,person stand besides the tree,10809,10809,person stand besides the tree,no,no.
t2i,person stand besides the tree,1951,1951,person stand besides the tree,no,no.
t2i,person stand besides the tree,2049,2049,person stand besides the tree,yes,yes.
t2i,person stand besides the tree,473,473,person stand besides the tree,no,no.
t2i,person stand besides the tree,9384,9384,person stand besides the tree,yes,yes.
t2i,person stand besides the tree,9143,9143,person stand besides the tree,yes,yes.
t2i,person stand besides the tree,11969,11969,person stand besides the tree,no,no.
t2i,person stand besides the tree,7544,7544,person stand besides the tree,yes,yes.
t2i,person stand besides the tree,12330,12330,person stand besides the tree,no,no.
t2i,person stand besides the tree,11329,11329,person stand besides the tree,no,no
t2i,person stand besides the tree,728,728,person stand besides the tree,yes,yes.
t2i,person stand besides the tree,12901,12901,person stand besides the tree,no,no
t2i,person stand besides the tree,7293,7293,person stand besides the tree,yes,yes.
t2i,person stand besides the tree,2238,2238,person stand besides the tree,no,no.
t2i,person stand besides the tree,375,375,person stand besides the tree,no,no.
t2i,person stand besides the tree,10906,10906,person stand besides the tree,no,no.
t2i,person stand besides the tree,6522,6522,person stand besides the tree,yes,yes.
t2i,person stand besides the tree,1218,1218,person stand besides the tree,yes,yes.
t2i,person stand besides the tree,10242,10242,person stand besides the tree,no,no
t2i,person stand besides the tree,8290,8290,person stand besides the tree,no,no
t2i,person stand besides the tree,8980,8980,person stand besides the tree,yes,yes.
t2i,person stand besides the tree,154,154,person stand besides the tree,no,no.
t2i,person stand besides the tree,6320,6320,person stand besides the tree,yes,yes.
t2i,person stand besides the tree,10100,10100,person stand besides the tree,no,no.
t2i,person stand besides the tree,10886,10886,person stand besides the tree,yes,yes.
t2i,person stand besides the tree,7676,7676,person stand besides the tree,no,no.
t2i,person stand besides the tree,1948,1948,person stand besides the tree,no,no.
t2i,person stand besides the tree,11300,11300,person stand besides the tree,no,no
t2i,person stand besides the tree,11914,11914,person stand besides the tree,yes,yes.
t2i,person stand besides the tree,8779,8779,person stand besides the tree,yes,yes.
t2i,person stand besides the tree,10982,10982,person stand besides the tree,no,no.
t2i,person stand besides the tree,8495,8495,person stand besides the tree,no,no
t2i,person stand besides the tree,13278,13278,person stand besides the tree,no,no
t2i,person stand besides the tree,11135,11135,person stand besides the tree,yes,yes.
t2i,person stand besides the tree,9942,9942,person stand besides the tree,no,no
t2i,person stand besides the tree,2041,2041,person stand besides the tree,yes,yes.
t2i,person stand besides the tree,678,678,person stand besides the tree,yes,yes.
t2i,person stand besides the tree,1590,1590,person stand besides the tree,no,no
t2i,A woman sits looking at a field.,2135,2135,A woman sits looking at a field.,no,no.
t2i,A woman sits looking at a field.,2316,2316,A woman sits looking at a field.,yes,yes.
t2i,A woman sits looking at a field.,11871,11871,A woman sits looking at a field.,no,no.
t2i,A woman sits looking at a field.,4551,4551,A woman sits looking at a field.,no,no.
t2i,A woman sits looking at a field.,3166,3166,A woman sits looking at a field.,no,no.
t2i,A woman sits looking at a field.,1347,1347,A woman sits looking at a field.,yes,yes.
t2i,A woman sits looking at a field.,1861,1861,A woman sits looking at a field.,yes,yes.
t2i,A woman sits looking at a field.,5314,5314,A woman sits looking at a field.,yes,yes.
t2i,A woman sits looking at a field.,1009,1009,A woman sits looking at a field.,no,no.
t2i,A woman sits looking at a field.,2909,2909,A woman sits looking at a field.,yes,yes.
t2i,A woman sits looking at a field.,984,984,A woman sits looking at a field.,yes,yes.
t2i,A woman sits looking at a field.,4923,4923,A woman sits looking at a field.,yes,yes.
t2i,A woman sits looking at a field.,6580,6580,A woman sits looking at a field.,no,no.
t2i,A woman sits looking at a field.,7098,7098,A woman sits looking at a field.,no,no.
t2i,A woman sits looking at a field.,2100,2100,A woman sits looking at a field.,yes,yes.
t2i,A woman sits looking at a field.,8192,8192,A woman sits looking at a field.,no,no.
t2i,A woman sits looking at a field.,5240,5240,A woman sits looking at a field.,yes,yes.
t2i,A woman sits looking at a field.,2847,2847,A woman sits looking at a field.,no,no.
t2i,A woman sits looking at a field.,5971,5971,A woman sits looking at a field.,no,no.
t2i,A woman sits looking at a field.,1479,1479,A woman sits looking at a field.,no,no.
t2i,A woman sits looking at a field.,3429,3429,A woman sits looking at a field.,no,no.
t2i,A woman sits looking at a field.,2748,2748,A woman sits looking at a field.,no,no.
t2i,A woman sits looking at a field.,4415,4415,A woman sits looking at a field.,no,no.
t2i,A woman sits looking at a field.,813,813,A woman sits looking at a field.,no,no.
t2i,A woman sits looking at a field.,12312,12312,A woman sits looking at a field.,no,no.
t2i,A woman sits looking at a field.,1869,1869,A woman sits looking at a field.,no,no.
t2i,A woman sits looking at a field.,1011,1011,A woman sits looking at a field.,no,no.
t2i,A woman sits looking at a field.,8412,8412,A woman sits looking at a field.,no,no.
t2i,A woman sits looking at a field.,10195,10195,A woman sits looking at a field.,yes,yes.
t2i,A woman sits looking at a field.,8079,8079,A woman sits looking at a field.,no,no.
t2i,A woman sits looking at a field.,3213,3213,A woman sits looking at a field.,no,no.
t2i,A woman sits looking at a field.,2040,2040,A woman sits looking at a field.,no,no.
t2i,A woman sits looking at a field.,7233,7233,A woman sits looking at a field.,no,no.
t2i,A woman sits looking at a field.,2361,2361,A woman sits looking at a field.,no,no.
t2i,A player vies for a ball.,1043,1043,A player vies for a ball.,no,no.
t2i,A player vies for a ball.,2860,2860,A player vies for a ball.,no,no.
t2i,A player vies for a ball.,5280,5280,A player vies for a ball.,no,no.
t2i,A player vies for a ball.,1310,1310,A player vies for a ball.,yes,yes.
t2i,A player vies for a ball.,8415,8415,A player vies for a ball.,no,no.
t2i,A player vies for a ball.,6516,6516,A player vies for a ball.,yes,yes.
t2i,A player vies for a ball.,8380,8380,A player vies for a ball.,yes,yes.
t2i,A player vies for a ball.,4228,4228,A player vies for a ball.,yes,yes.
t2i,A player vies for a ball.,411,411,A player vies for a ball.,yes,yes.
t2i,A player vies for a ball.,13045,13045,A player vies for a ball.,no,no.
t2i,A player vies for a ball.,6434,6434,A player vies for a ball.,yes,yes.
t2i,A player vies for a ball.,9572,9572,A player vies for a ball.,yes,yes.
t2i,A player vies for a ball.,330,330,A player vies for a ball.,yes,yes.
t2i,A player vies for a ball.,51,51,A player vies for a ball.,yes,yes.
t2i,A player vies for a ball.,3162,3162,A player vies for a ball.,yes,yes.
t2i,A player vies for a ball.,112,112,A player vies for a ball.,yes,yes.
t2i,A player vies for a ball.,13362,13362,A player vies for a ball.,yes,yes.
t2i,A player vies for a ball.,1517,1517,A player vies for a ball.,yes,yes.
t2i,A player vies for a ball.,13367,13367,A player vies for a ball.,yes,yes.
t2i,A player vies for a ball.,9770,9770,A player vies for a ball.,yes,yes.
t2i,A player vies for a ball.,11612,11612,A player vies for a ball.,yes,yes.
t2i,A player vies for a ball.,5358,5358,A player vies for a ball.,yes,yes.
t2i,A player vies for a ball.,8606,8606,A player vies for a ball.,yes,yes.
t2i,A player vies for a ball.,881,881,A player vies for a ball.,yes,yes.
t2i,A player vies for a ball.,7820,7820,A player vies for a ball.,yes,yes.
t2i,A player vies for a ball.,5704,5704,A player vies for a ball.,yes,yes.
t2i,A player vies for a ball.,6259,6259,A player vies for a ball.,yes,yes.
t2i,A player vies for a ball.,5156,5156,A player vies for a ball.,yes,yes.
t2i,A player vies for a ball.,7823,7823,A player vies for a ball.,yes,yes.
t2i,A player vies for a ball.,530,530,A player vies for a ball.,yes,yes.
t2i,A player vies for a ball.,6893,6893,A player vies for a ball.,yes,yes.
t2i,A player vies for a ball.,11167,11167,A player vies for a ball.,yes,yes.
t2i,A player vies for a ball.,4581,4581,A player vies for a ball.,yes,yes.
t2i,A player vies for a ball.,4396,4396,A player vies for a ball.,yes,yes.
t2i,A player vies for a ball.,1243,1243,A player vies for a ball.,yes,yes.
t2i,A player vies for a ball.,2071,2071,A player vies for a ball.,yes,yes.
t2i,A player vies for a ball.,11484,11484,A player vies for a ball.,yes,yes.
t2i,A player vies for a ball.,12863,12863,A player vies for a ball.,yes,yes.
t2i,A player vies for a ball.,4353,4353,A player vies for a ball.,yes,yes.
t2i,A player vies for a ball.,2702,2702,A player vies for a ball.,yes,yes.
t2i,A player vies for a ball.,7672,7672,A player vies for a ball.,yes,yes.
t2i,A player vies for a ball.,12024,12024,A player vies for a ball.,yes,yes.
t2i,A player vies for a ball.,13746,13746,A player vies for a ball.,yes,yes.
t2i,A player vies for a ball.,9305,9305,A player vies for a ball.,yes,yes.
t2i,A player vies for a ball.,4130,4130,A player vies for a ball.,yes,yes.
t2i,A player vies for a ball.,8736,8736,A player vies for a ball.,yes,yes.
t2i,A player vies for a ball.,5984,5984,A player vies for a ball.,yes,yes.
t2i,A player vies for a ball.,9982,9982,A player vies for a ball.,yes,yes.
t2i,A person jumps into the sea.,3370,3370,A person jumps into the sea.,no,no.
t2i,A person jumps into the sea.,3190,3190,A person jumps into the sea.,no,no.
t2i,A person jumps into the sea.,12597,12597,A person jumps into the sea.,yes,yes.
t2i,A person jumps into the sea.,6474,6474,A person jumps into the sea.,yes,yes.
t2i,A person jumps into the sea.,2283,2283,A person jumps into the sea.,yes,yes.
t2i,A person jumps into the sea.,9282,9282,A person jumps into the sea.,no,no.
t2i,A person jumps into the sea.,8247,8247,A person jumps into the sea.,no,no.
t2i,A person jumps into the sea.,8421,8421,A person jumps into the sea.,yes,yes.
t2i,A person jumps into the sea.,2701,2701,A person jumps into the sea.,yes,yes.
t2i,A person jumps into the sea.,4784,4784,A person jumps into the sea.,yes,yes.
t2i,A person jumps into the sea.,13847,13847,A person jumps into the sea.,yes,yes.
t2i,A person jumps into the sea.,9532,9532,A person jumps into the sea.,yes,yes.
t2i,A person jumps into the sea.,7584,7584,A person jumps into the sea.,yes,yes.
t2i,A person jumps into the sea.,272,272,A person jumps into the sea.,yes,yes.
t2i,A person jumps into the sea.,357,357,A person jumps into the sea.,yes,yes.
t2i,A person jumps into the sea.,4656,4656,A person jumps into the sea.,yes,yes.
t2i,A person jumps into the sea.,6700,6700,A person jumps into the sea.,yes,yes.
t2i,A person jumps into the sea.,2784,2784,A person jumps into the sea.,yes,yes.
t2i,A person jumps into the sea.,4907,4907,A person jumps into the sea.,yes,yes.
t2i,A person jumps into the sea.,6330,6330,A person jumps into the sea.,yes,yes.
t2i,A person jumps into the sea.,3854,3854,A person jumps into the sea.,yes,yes.
t2i,A person jumps into the sea.,2777,2777,A person jumps into the sea.,yes,yes.
t2i,A person jumps into the sea.,6387,6387,A person jumps into the sea.,yes,yes.
t2i,A person jumps into the sea.,10689,10689,A person jumps into the sea.,yes,yes.
t2i,A person jumps into the sea.,1409,1409,A person jumps into the sea.,yes,yes.
t2i,A person jumps into the sea.,866,866,A person jumps into the sea.,yes,yes.
t2i,A person jumps into the sea.,1447,1447,A person jumps into the sea.,yes,yes.
t2i,A person jumps into the sea.,681,681,A person jumps into the sea.,yes,yes.
t2i,A person jumps into the sea.,446,446,A person jumps into the sea.,yes,yes.
t2i,A person jumps into the sea.,11798,11798,A person jumps into the sea.,yes,yes.
t2i,A person jumps into the sea.,364,364,A person jumps into the sea.,yes,yes.
t2i,A person jumps into the sea.,8647,8647,A person jumps into the sea.,yes,yes.
t2i,A person jumps into the sea.,5266,5266,A person jumps into the sea.,yes,yes.
t2i,A person jumps into the sea.,994,994,A person jumps into the sea.,yes,yes.
t2i,A person jumps into the sea.,687,687,A person jumps into the sea.,yes,yes.
t2i,A person jumps into the sea.,4971,4971,A person jumps into the sea.,yes,yes.
t2i,A dog lies on the grass.,8716,8716,A dog lies on the grass.,yes,yes.
t2i,A dog lies on the grass.,11335,11335,A dog lies on the grass.,yes,yes.
t2i,A dog lies on the grass.,6913,6913,A dog lies on the grass.,yes,yes.
t2i,A dog lies on the grass.,1970,1970,A dog lies on the grass.,yes,yes.
t2i,A dog lies on the grass.,3003,3003,A dog lies on the grass.,yes,yes.
t2i,A dog lies on the grass.,1045,1045,A dog lies on the grass.,yes,yes.
t2i,A dog lies on the grass.,7660,7660,A dog lies on the grass.,yes,yes.
t2i,A dog lies on the grass.,3695,3695,A dog lies on the grass.,yes,yes.
t2i,A dog lies on the grass.,5452,5452,A dog lies on the grass.,yes,yes.
t2i,A dog lies on the grass.,1271,1271,A dog lies on the grass.,no,no.
t2i,A dog lies on the grass.,3887,3887,A dog lies on the grass.,yes,yes.
t2i,A dog lies on the grass.,22,22,A dog lies on the grass.,yes,yes.
t2i,A dog lies on the grass.,2935,2935,A dog lies on the grass.,yes,yes.
t2i,A dog lies on the grass.,1080,1080,A dog lies on the grass.,yes,yes.
t2i,A dog lies on the grass.,1658,1658,A dog lies on the grass.,yes,yes.
t2i,A dog lies on the grass.,2529,2529,A dog lies on the grass.,yes,yes.
t2i,A dog lies on the grass.,13334,13334,A dog lies on the grass.,yes,yes.
t2i,A dog lies on the grass.,10717,10717,A dog lies on the grass.,yes,yes.
t2i,A dog lies on the grass.,4335,4335,A dog lies on the grass.,no,no.
t2i,A dog lies on the grass.,1620,1620,A dog lies on the grass.,yes,yes.
t2i,A dog lies on the grass.,7581,7581,A dog lies on the grass.,yes,yes.
t2i,A dog lies on the grass.,3236,3236,A dog lies on the grass.,yes,yes.
t2i,A dog lies on the grass.,12675,12675,A dog lies on the grass.,yes,yes.
t2i,A dog lies on the grass.,9812,9812,A dog lies on the grass.,yes,yes.
t2i,A dog lies on the grass.,10250,10250,A dog lies on the grass.,yes,yes.
t2i,A dog lies on the grass.,1821,1821,A dog lies on the grass.,yes,yes.
t2i,A dog lies on the grass.,5142,5142,A dog lies on the grass.,yes,yes.
t2i,A dog lies on the grass.,2384,2384,A dog lies on the grass.,yes,yes.
t2i,A dog lies on the grass.,3332,3332,A dog lies on the grass.,yes,yes.
t2i,A dog lies on the grass.,9946,9946,A dog lies on the grass.,yes,yes.
t2i,A dog lies on the grass.,1096,1096,A dog lies on the grass.,yes,yes.
t2i,The woman is sitting on the windowsill.,144,144,The woman is sitting on the windowsill.,no,no.
t2i,The woman is sitting on the windowsill.,7944,7944,The woman is sitting on the windowsill.,yes,yes.
t2i,The woman is sitting on the windowsill.,10053,10053,The woman is sitting on the windowsill.,yes,yes.
t2i,The woman is sitting on the windowsill.,6152,6152,The woman is sitting on the windowsill.,no,no.
t2i,The woman is sitting on the windowsill.,1788,1788,The woman is sitting on the windowsill.,yes,yes.
t2i,The woman is sitting on the windowsill.,6455,6455,The woman is sitting on the windowsill.,yes,yes.
t2i,The woman is sitting on the windowsill.,9825,9825,The woman is sitting on the windowsill.,no,no.
t2i,The woman is sitting on the windowsill.,11848,11848,The woman is sitting on the windowsill.,yes,yes.
t2i,The woman is sitting on the windowsill.,4855,4855,The woman is sitting on the windowsill.,no,no.
t2i,The woman is sitting on the windowsill.,3729,3729,The woman is sitting on the windowsill.,no,no.
t2i,The woman is sitting on the windowsill.,2136,2136,The woman is sitting on the windowsill.,yes,yes.
t2i,The woman is sitting on the windowsill.,9035,9035,The woman is sitting on the windowsill.,yes,yes.
t2i,The woman is sitting on the windowsill.,2231,2231,The woman is sitting on the windowsill.,yes,yes.
t2i,The woman is sitting on the windowsill.,2081,2081,The woman is sitting on the windowsill.,yes,yes.
t2i,The woman is sitting on the windowsill.,7434,7434,The woman is sitting on the windowsill.,yes,yes.
t2i,The woman is sitting on the windowsill.,5274,5274,The woman is sitting on the windowsill.,yes,yes.
t2i,The woman is sitting on the windowsill.,7943,7943,The woman is sitting on the windowsill.,no,no.
t2i,The woman is sitting on the windowsill.,3749,3749,The woman is sitting on the windowsill.,no,no.
t2i,The woman is sitting on the windowsill.,11303,11303,The woman is sitting on the windowsill.,no,no.
t2i,The woman is sitting on the windowsill.,6121,6121,The woman is sitting on the windowsill.,yes,yes.
t2i,The woman is sitting on the windowsill.,7492,7492,The woman is sitting on the windowsill.,no,no.
t2i,The woman is sitting on the windowsill.,3394,3394,The woman is sitting on the windowsill.,no,no.
t2i,The woman is sitting on the windowsill.,14087,14087,The woman is sitting on the windowsill.,yes,yes.
t2i,The woman is sitting on the windowsill.,4548,4548,The woman is sitting on the windowsill.,no,no.
t2i,The woman is sitting on the windowsill.,11302,11302,The woman is sitting on the windowsill.,yes,yes.
t2i,The woman is sitting on the windowsill.,12504,12504,The woman is sitting on the windowsill.,yes,yes.
t2i,The woman is sitting on the windowsill.,753,753,The woman is sitting on the windowsill.,yes,yes.
t2i,The woman is sitting on the windowsill.,5860,5860,The woman is sitting on the windowsill.,yes,yes.
t2i,The woman is sitting on the windowsill.,9874,9874,The woman is sitting on the windowsill.,yes,yes.
t2i,The woman is sitting on the windowsill.,6412,6412,The woman is sitting on the windowsill.,no,no.
t2i,A man stands on a sail boat.,7584,7584,A man stands on a sail boat.,no,no.
t2i,A man stands on a sail boat.,5399,5399,A man stands on a sail boat.,yes,yes.
t2i,A man stands on a sail boat.,8646,8646,A man stands on a sail boat.,no,no.
t2i,A man stands on a sail boat.,12674,12674,A man stands on a sail boat.,no,no.
t2i,A man stands on a sail boat.,6104,6104,A man stands on a sail boat.,yes,yes.
t2i,A man stands on a sail boat.,11017,11017,A man stands on a sail boat.,no,no.
t2i,A man stands on a sail boat.,13817,13817,A man stands on a sail boat.,no,no.
t2i,A man stands on a sail boat.,10959,10959,A man stands on a sail boat.,yes,yes.
t2i,A man stands on a sail boat.,3300,3300,A man stands on a sail boat.,no,no.
t2i,A man stands on a sail boat.,7854,7854,A man stands on a sail boat.,yes,yes.
t2i,A man stands on a sail boat.,13181,13181,A man stands on a sail boat.,no,no.
t2i,A man stands on a sail boat.,673,673,A man stands on a sail boat.,no,no.
t2i,A man stands on a sail boat.,11943,11943,A man stands on a sail boat.,no,no.
t2i,A man stands on a sail boat.,12419,12419,A man stands on a sail boat.,yes,yes.
t2i,A man stands on a sail boat.,681,681,A man stands on a sail boat.,no,no.
t2i,A man stands on a sail boat.,2699,2699,A man stands on a sail boat.,no,no.
t2i,A man stands on a sail boat.,4003,4003,A man stands on a sail boat.,no,no.
t2i,A man stands on a sail boat.,4101,4101,A man stands on a sail boat.,yes,yes.
t2i,A man stands on a sail boat.,28,28,A man stands on a sail boat.,no,no.
t2i,A man stands on a sail boat.,1438,1438,A man stands on a sail boat.,no,no.
t2i,A man stands on a sail boat.,7570,7570,A man stands on a sail boat.,no,no.
t2i,A man stands on a sail boat.,4095,4095,A man stands on a sail boat.,no,no.
t2i,A man stands on a sail boat.,7036,7036,A man stands on a sail boat.,no,no.
t2i,A man stands on a sail boat.,6941,6941,A man stands on a sail boat.,no,no.
t2i,A man stands on a sail boat.,8000,8000,A man stands on a sail boat.,no,no.
t2i,A man stands on a sail boat.,5924,5924,A man stands on a sail boat.,yes,yes.
t2i,A man stands on a sail boat.,12818,12818,A man stands on a sail boat.,no,no.
t2i,A man stands on a sail boat.,11902,11902,A man stands on a sail boat.,yes,yes.
t2i,A man stands on a sail boat.,8969,8969,A man stands on a sail boat.,yes,yes.
t2i,A man stands on a sail boat.,12744,12744,A man stands on a sail boat.,no,no.
t2i,A man stands on a sail boat.,5091,5091,A man stands on a sail boat.,no,no.
t2i,Girl is standing in the grass.,7007,7007,Girl is standing in the grass.,no,no.
t2i,Girl is standing in the grass.,8204,8204,Girl is standing in the grass.,no,no.
t2i,Girl is standing in the grass.,7966,7966,Girl is standing in the grass.,yes,yes.
t2i,Girl is standing in the grass.,3018,3018,Girl is standing in the grass.,no,no.
t2i,Girl is standing in the grass.,2938,2938,Girl is standing in the grass.,no,no.
t2i,Girl is standing in the grass.,2353,2353,Girl is standing in the grass.,no,no.
t2i,Girl is standing in the grass.,257,257,Girl is standing in the grass.,no,no.
t2i,Girl is standing in the grass.,8903,8903,Girl is standing in the grass.,yes,yes.
t2i,Girl is standing in the grass.,13038,13038,Girl is standing in the grass.,no,no.
t2i,Girl is standing in the grass.,9319,9319,Girl is standing in the grass.,no,no.
t2i,Girl is standing in the grass.,9304,9304,Girl is standing in the grass.,no,no.
t2i,Girl is standing in the grass.,3470,3470,Girl is standing in the grass.,no,no.
t2i,Girl is standing in the grass.,11377,11377,Girl is standing in the grass.,no,no.
t2i,Girl is standing in the grass.,6072,6072,Girl is standing in the grass.,yes,yes.
t2i,Girl is standing in the grass.,6428,6428,Girl is standing in the grass.,no,no.
t2i,Girl is standing in the grass.,4957,4957,Girl is standing in the grass.,yes,yes.
t2i,Girl is standing in the grass.,7586,7586,Girl is standing in the grass.,no,no.
t2i,Girl is standing in the grass.,3579,3579,Girl is standing in the grass.,yes,yes.
t2i,Girl is standing in the grass.,9631,9631,Girl is standing in the grass.,yes,yes.
t2i,Girl is standing in the grass.,13144,13144,Girl is standing in the grass.,yes,yes.
t2i,Girl is standing in the grass.,652,652,Girl is standing in the grass.,no,no.
t2i,Girl is standing in the grass.,2086,2086,Girl is standing in the grass.,no,no.
t2i,Girl is standing in the grass.,5315,5315,Girl is standing in the grass.,no,no.
t2i,Girl is standing in the grass.,2390,2390,Girl is standing in the grass.,yes,yes.
t2i,Girl is standing in the grass.,2393,2393,Girl is standing in the grass.,no,no.
t2i,Girl is standing in the grass.,9851,9851,Girl is standing in the grass.,no,no.
t2i,Girl is standing in the grass.,1721,1721,Girl is standing in the grass.,no,no.
t2i,Girl is standing in the grass.,1480,1480,Girl is standing in the grass.,no,no.
t2i,Girl is standing in the grass.,2461,2461,Girl is standing in the grass.,no,no.
t2i,Girl is standing in the grass.,13908,13908,Girl is standing in the grass.,no,no.
t2i,Girl is standing in the grass.,11008,11008,Girl is standing in the grass.,no,no.
t2i,Girl is standing in the grass.,3308,3308,Girl is standing in the grass.,no,no.
t2i,Girl is standing in the grass.,9402,9402,Girl is standing in the grass.,no,no.
t2i,Girl is standing in the grass.,342,342,Girl is standing in the grass.,no,no.
t2i,Girl is standing in the grass.,10304,10304,Girl is standing in the grass.,no,no.
t2i,Girl is standing in the grass.,4432,4432,Girl is standing in the grass.,no,no.
t2i,Girl is standing in the grass.,8775,8775,Girl is standing in the grass.,yes,yes.
t2i,Girl is standing in the grass.,82,82,Girl is standing in the grass.,yes,yes.
t2i,Girl is standing in the grass.,7807,7807,Girl is standing in the grass.,yes,yes.
t2i,Girl is standing in the grass.,9968,9968,Girl is standing in the grass.,no,no.
t2i,Girl is standing in the grass.,5962,5962,Girl is standing in the grass.,yes,yes.
t2i,Girl is standing in the grass.,7991,7991,Girl is standing in the grass.,no,no.
t2i,Girl is standing in the grass.,0,0,Girl is standing in the grass.,yes,yes.
t2i,Girl is standing in the grass.,3947,3947,Girl is standing in the grass.,yes,yes.
t2i,Girl is standing in the grass.,11198,11198,Girl is standing in the grass.,yes,yes.
t2i,Girl is standing in the grass.,675,675,Girl is standing in the grass.,no,no.
t2i,Girl is standing in the grass.,8098,8098,Girl is standing in the grass.,no,no.
t2i,Girl is standing in the grass.,789,789,Girl is standing in the grass.,no,no.
t2i,Girl is standing in the grass.,4251,4251,Girl is standing in the grass.,no,no.
t2i,Girl is standing in the grass.,3009,3009,Girl is standing in the grass.,yes,yes.
t2i,Girl is standing in the grass.,3105,3105,Girl is standing in the grass.,no,no.
t2i,A person walks down a road towards a motorcycle.,10816,10816,A person walks down a road towards a motorcycle.,no,no.
t2i,A person walks down a road towards a motorcycle.,7722,7722,A person walks down a road towards a motorcycle.,no,no.
t2i,A person walks down a road towards a motorcycle.,12655,12655,A person walks down a road towards a motorcycle.,no,no.
t2i,A person walks down a road towards a motorcycle.,6118,6118,A person walks down a road towards a motorcycle.,no,no.
t2i,A person walks down a road towards a motorcycle.,4470,4470,A person walks down a road towards a motorcycle.,no,no.
t2i,A person walks down a road towards a motorcycle.,6119,6119,A person walks down a road towards a motorcycle.,no,no.
t2i,A person walks down a road towards a motorcycle.,5303,5303,A person walks down a road towards a motorcycle.,no,no.
t2i,A person walks down a road towards a motorcycle.,8790,8790,A person walks down a road towards a motorcycle.,no,no.
t2i,A person walks down a road towards a motorcycle.,10276,10276,A person walks down a road towards a motorcycle.,no,no.
t2i,A person walks down a road towards a motorcycle.,3581,3581,A person walks down a road towards a motorcycle.,no,no.
t2i,A person walks down a road towards a motorcycle.,7747,7747,A person walks down a road towards a motorcycle.,no,no.
t2i,A person walks down a road towards a motorcycle.,3165,3165,A person walks down a road towards a motorcycle.,no,no.
t2i,A person walks down a road towards a motorcycle.,420,420,A person walks down a road towards a motorcycle.,no,no.
t2i,A person walks down a road towards a motorcycle.,569,569,A person walks down a road towards a motorcycle.,yes,yes.
t2i,A person walks down a road towards a motorcycle.,10540,10540,A person walks down a road towards a motorcycle.,no,no.
t2i,A person walks down a road towards a motorcycle.,8964,8964,A person walks down a road towards a motorcycle.,no,no.
t2i,A person walks down a road towards a motorcycle.,5755,5755,A person walks down a road towards a motorcycle.,no,no.
t2i,A person walks down a road towards a motorcycle.,2773,2773,A person walks down a road towards a motorcycle.,no,no.
t2i,A person walks down a road towards a motorcycle.,1051,1051,A person walks down a road towards a motorcycle.,no,no.
t2i,A person walks down a road towards a motorcycle.,2027,2027,A person walks down a road towards a motorcycle.,no,no.
t2i,A person walks down a road towards a motorcycle.,6697,6697,A person walks down a road towards a motorcycle.,no,no.
t2i,A person walks down a road towards a motorcycle.,11422,11422,A person walks down a road towards a motorcycle.,no,no.
t2i,A person walks down a road towards a motorcycle.,1292,1292,A person walks down a road towards a motorcycle.,no,no.
t2i,A person walks down a road towards a motorcycle.,2104,2104,A person walks down a road towards a motorcycle.,no,no.
t2i,A person walks down a road towards a motorcycle.,12416,12416,A person walks down a road towards a motorcycle.,no,no.
t2i,A person walks down a road towards a motorcycle.,6014,6014,A person walks down a road towards a motorcycle.,no,no.
t2i,A person walks down a road towards a motorcycle.,10935,10935,A person walks down a road towards a motorcycle.,no,no.
t2i,A person walks down a road towards a motorcycle.,7832,7832,A person walks down a road towards a motorcycle.,no,no.
t2i,A person walks down a road towards a motorcycle.,12102,12102,A person walks down a road towards a motorcycle.,no,no.
t2i,A person walks down a road towards a motorcycle.,9370,9370,A person walks down a road towards a motorcycle.,no,no.
t2i,A person walks down a road towards a motorcycle.,1452,1452,A person walks down a road towards a motorcycle.,yes,yes.
t2i,A person walks down a road towards a motorcycle.,2346,2346,A person walks down a road towards a motorcycle.,no,no.
t2i,A person walks down a road towards a motorcycle.,398,398,A person walks down a road towards a motorcycle.,no,no.
t2i,A person walks down a road towards a motorcycle.,523,523,A person walks down a road towards a motorcycle.,no,no.
t2i,A man climns a wall.,6073,6073,A man climns a wall.,no,no.
t2i,A man climns a wall.,13798,13798,A man climns a wall.,no,no.
t2i,A man climns a wall.,13335,13335,A man climns a wall.,no,no.
t2i,A man climns a wall.,12240,12240,A man climns a wall.,no,no.
t2i,A man climns a wall.,235,235,A man climns a wall.,no,no.
t2i,A man climns a wall.,10110,10110,A man climns a wall.,no,no.
t2i,A man climns a wall.,603,603,A man climns a wall.,no,no.
t2i,A man climns a wall.,5443,5443,A man climns a wall.,no,no.
t2i,A man climns a wall.,9089,9089,A man climns a wall.,no,no.
t2i,A man climns a wall.,5535,5535,A man climns a wall.,yes,yes.
t2i,A man climns a wall.,198,198,A man climns a wall.,no,no.
t2i,A man climns a wall.,7806,7806,A man climns a wall.,no,no.
t2i,A man climns a wall.,267,267,A man climns a wall.,no,no.
t2i,A man climns a wall.,10714,10714,A man climns a wall.,no,no.
t2i,A man climns a wall.,3608,3608,A man climns a wall.,no,no.
t2i,A man climns a wall.,5978,5978,A man climns a wall.,no,no.
t2i,A man climns a wall.,8977,8977,A man climns a wall.,no,no.
t2i,A man climns a wall.,11818,11818,A man climns a wall.,no,no.
t2i,A man climns a wall.,6036,6036,A man climns a wall.,no,no.
t2i,A man climns a wall.,8027,8027,A man climns a wall.,no,no.
t2i,A man climns a wall.,101,101,A man climns a wall.,no,no.
t2i,A man climns a wall.,9824,9824,A man climns a wall.,no,no.
t2i,A man climns a wall.,9932,9932,A man climns a wall.,no,no.
t2i,A man climns a wall.,1056,1056,A man climns a wall.,no,no.
t2i,A man climns a wall.,8894,8894,A man climns a wall.,no,no.
t2i,A man climns a wall.,9092,9092,A man climns a wall.,no,no.
t2i,A man climns a wall.,3766,3766,A man climns a wall.,no,no.
t2i,A man climns a wall.,2849,2849,A man climns a wall.,yes,yes.
t2i,A man climns a wall.,5119,5119,A man climns a wall.,yes,yes.
t2i,A man climns a wall.,13251,13251,A man climns a wall.,yes,yes.
t2i,A man climns a wall.,10692,10692,A man climns a wall.,yes,yes.
t2i,A man climns a wall.,11156,11156,A man climns a wall.,no,no.
t2i,A man climns a wall.,7044,7044,A man climns a wall.,yes,yes.
t2i,A man climns a wall.,5298,5298,A man climns a wall.,yes,yes.
t2i,A man climns a wall.,12342,12342,A man climns a wall.,no,no.
t2i,A man climns a wall.,5169,5169,A man climns a wall.,yes,yes.
t2i,A man climns a wall.,6329,6329,A man climns a wall.,no,no.
t2i,A man climns a wall.,6342,6342,A man climns a wall.,no,no.
t2i,A man climns a wall.,7000,7000,A man climns a wall.,yes,yes.
t2i,A man climns a wall.,10691,10691,A man climns a wall.,yes,yes.
i2t,221,girl sits on ball,221,girl sits on ball,yes,yes.
i2t,221,Girl sits on a ball.,221,Girl sits on a ball.,yes,yes.
i2t,221,A girl sits on a ball.,221,A girl sits on a ball.,yes,yes.
i2t,221,this person makes the image,221,this person makes the image,no,no
i2t,221,A woman is sitting on a ball.,221,A woman is sitting on a ball.,yes,yes.
i2t,221,A girl sitting on a ball.,221,A girl sitting on a ball.,yes,yes.
i2t,221,girl sit on the groung,221,girl sit on the groung,no,no.
i2t,221,A girl sits on a soccer ball.,221,A girl sits on a soccer ball.,no,no.
i2t,221,The girl played with the ball.,221,The girl played with the ball.,yes,yes.
i2t,221,A person is playing with the ball.,221,A person is playing with the ball.,no,no.
i2t,221,the girl sits in the pool,221,the girl sits in the pool,no,no.
i2t,221,The girl can sit with no background.,221,The girl can sit with no background.,no,no.
i2t,221,"woman, ball, outside",221,"woman, ball, outside",no,no.
i2t,221,One girl enjoy in a beach.,221,One girl enjoy in a beach.,yes,yes.
i2t,221,The woman sits on the floor.,221,The woman sits on the floor.,no,no.
i2t,221,The girl sits on the blanket.,221,The girl sits on the blanket.,no,no.
i2t,221,A woman sit on the mat,221,A woman sit on the mat,no,no.
i2t,221,A woman sitting on a mat,221,A woman sitting on a mat,no,no.
i2t,221,The woman sits on the table.,221,The woman sits on the table.,no,no.
i2t,221,A girl sitting on the ground.,221,A girl sitting on the ground.,no,no.
i2t,221,The woman lays on the floor.,221,The woman lays on the floor.,no,no.
i2t,221,A woman sitting on a mat.,221,A woman sitting on a mat.,no,no.
i2t,221,A girl plays with the ball.,221,A girl plays with the ball.,no,no.
i2t,221,A girl plays with a ball.,221,A girl plays with a ball.,no,no.
i2t,221,A girl enjoys her time at the beach.,221,A girl enjoys her time at the beach.,no,no.
i2t,221,A girl enjoys the beach.,221,A girl enjoys the beach.,no,no.
i2t,221,girl lie on the beach,221,girl lie on the beach,no,no.
i2t,221,The girl is enjoying the beach.,221,The girl is enjoying the beach.,no,no.
i2t,221,A girl is enjoying the beach.,221,A girl is enjoying the beach.,no,no.
i2t,221,The girl smiles in front of the pool.,221,The girl smiles in front of the pool.,no,no.
i2t,221,Girls enjoying a beach.,221,Girls enjoying a beach.,no,no.
i2t,221,A girl lying on the beach.,221,A girl lying on the beach.,no,no.
i2t,221,A girl lies on the beach.,221,A girl lies on the beach.,no,no.
i2t,221,A woman enjoys the beach.,221,A woman enjoys the beach.,no,no.
i2t,221,A woman is enjoying the beach.,221,A woman is enjoying the beach.,no,no.
i2t,221,A woman enjoys time at the beach.,221,A woman enjoys time at the beach.,yes,yes.
i2t,221,The woman enjoys the beach.,221,The woman enjoys the beach.,no,no.
i2t,221,A person plays with a ball on the beach.,221,A person plays with a ball on the beach.,no,no.
i2t,103,A PICTURE OF A TEAM PLAYER BRINGS UNITY,103,A PICTURE OF A TEAM PLAYER BRINGS UNITY,yes,yes.
i2t,103,People assist a person.,103,People assist a person.,yes,yes.
i2t,103,A group of people run as a team,103,A group of people run as a team,no,no.
i2t,103,A team player runs in the game.,103,A team player runs in the game.,no,no.
i2t,103,A person takes a team.,103,A person takes a team.,no,no.
i2t,103,A person can bring up an emotion with a photo.,103,A person can bring up an emotion with a photo.,no,no.
i2t,103,people make a team.,103,people make a team.,yes,yes.
i2t,103,Picture taken of a soldier,103,Picture taken of a soldier,no,no.
i2t,103,The nurse pushed the patient.,103,The nurse pushed the patient.,no,no.
i2t,103,Nurses assist their patient.,103,Nurses assist their patient.,no,no.
i2t,103,A person meets a soldier.,103,A person meets a soldier.,no,no.
i2t,103,Army team shoot some terrorists.,103,Army team shoot some terrorists.,no,no.
i2t,103,A photographer is taking a picture of soldiers.,103,A photographer is taking a picture of soldiers.,no,no.
i2t,103,person meets soldiers,103,person meets soldiers,no,no.
i2t,103,A person meets with a soldier.,103,A person meets with a soldier.,no,no.
i2t,103,These soldiers are walking in the road.,103,These soldiers are walking in the road.,no,no.
i2t,103,Several soldiers walk in a field.,103,Several soldiers walk in a field.,no,no.
i2t,103,A group of soldiers carry a flag outside.,103,A group of soldiers carry a flag outside.,no,no.
i2t,103,Soldiers are walking down the street.,103,Soldiers are walking down the street.,no,no.
i2t,103,The person enters the season.,103,The person enters the season.,no,no.
i2t,103,the game is very interest.,103,the game is very interest.,no,no.
i2t,103,A team is participating in a drill.,103,A team is participating in a drill.,yes,yes.
i2t,103,Men are walking on a trail.,103,Men are walking on a trail.,no,no.
i2t,103,The person leads the shoot team.,103,The person leads the shoot team.,no,no.
i2t,103,This team could take the game.,103,This team could take the game.,no,no.
i2t,103,A person takes a hit.,103,A person takes a hit.,no,no.
i2t,103,there is a soldier standing in the front.,103,there is a soldier standing in the front.,no,no.
i2t,103,The soldiers stand in front,103,The soldiers stand in front,no,no.
i2t,103,Players pose as a team.,103,Players pose as a team.,no,no.
i2t,103,A person coaches a team.,103,A person coaches a team.,no,no.
i2t,103,A soldier walks the field.,103,A soldier walks the field.,no,no.
i2t,103,The soldiers are walking down the road.,103,The soldiers are walking down the road.,no,no.
i2t,103,Soldiers walk down the street.,103,Soldiers walk down the street.,no,no.
i2t,4819,Man want to run on the road,4819,Man want to run on the road,yes,yes.
i2t,4819,this person makes the image,4819,this person makes the image,no,no
i2t,4819,The man ran on the street.,4819,The man ran on the street.,yes,yes.
i2t,4819,A person run in the city,4819,A person run in the city,yes,yes.
i2t,4819,The man runs down the street.,4819,The man runs down the street.,yes,yes.
i2t,4819,man run on the road,4819,man run on the road,yes,yes.
i2t,4819,a person takes a jump,4819,a person takes a jump,yes,yes.
i2t,4819,A man runs in the street,4819,A man runs in the street,yes,yes.
i2t,4819,The player leaped in the air,4819,The player leaped in the air,no,no.
i2t,4819,A person goes up a street.,4819,A person goes up a street.,no,no.
i2t,4819,A man runs through the city.,4819,A man runs through the city.,yes,yes.
i2t,4819,A man runs on the street.,4819,A man runs on the street.,yes,yes.
i2t,4819,A man running in the street.,4819,A man running in the street.,yes,yes.
i2t,4819,A man runs in the city.,4819,A man runs in the city.,yes,yes.
i2t,4819,A person runs on the street,4819,A person runs on the street,yes,yes.
i2t,4819,A person runs in the city.,4819,A person runs in the city.,yes,yes.
i2t,4819,A person takes a run on street,4819,A person takes a run on street,yes,yes.
i2t,4819,The person runs on the street.,4819,The person runs on the street.,yes,yes.
i2t,4819,A person traveling the city.,4819,A person traveling the city.,yes,yes.
i2t,4819,A girl is running on the street.,4819,A girl is running on the street.,no,no.
i2t,4819,A girl running on the street.,4819,A girl running on the street.,no,no.
i2t,4819,A woman running on the street.,4819,A woman running on the street.,no,no.
i2t,4819,A person plays in the street,4819,A person plays in the street,yes,yes.
i2t,4819,A child running in the street.,4819,A child running in the street.,no,no.
i2t,4819,The kid will run on the street.,4819,The kid will run on the street.,no,no.
i2t,4819,a man jumping in the background,4819,a man jumping in the background,no,no.
i2t,4819,A person wander in the street,4819,A person wander in the street,yes,yes.
i2t,4819,A person walks in the background.,4819,A person walks in the background.,no,no.
i2t,4819,The person quickly goes across the street.,4819,The person quickly goes across the street.,no,no.
i2t,4819,person see a street,4819,person see a street,no,no.
i2t,4819,A man is jumping in the background.,4819,A man is jumping in the background.,no,no.
i2t,4819,The boy runs on the street.,4819,The boy runs on the street.,yes,yes.
i2t,4819,The kid runs on the street.,4819,The kid runs on the street.,no,no.
i2t,4819,A child runs toward the street.,4819,A child runs toward the street.,no,no.
i2t,4819,Boy running on the road,4819,Boy running on the road,yes,yes.
i2t,4819,A kid is running in the street.,4819,A kid is running in the street.,no,no.
i2t,4819,A person models how to run down a street.,4819,A person models how to run down a street.,yes,yes.
i2t,4819,A kid runs down the street.,4819,A kid runs down the street.,no,no.
i2t,4819,A person running in the city.,4819,A person running in the city.,yes,yes.
i2t,4819,person running in street,4819,person running in street,yes,yes.
i2t,3076,"The boat is floating on the water,",3076,"The boat is floating on the water,",no,no.
i2t,3076,A ship is docked at a harbor,3076,A ship is docked at a harbor,no,no.
i2t,3076,the ship will  dock at port,3076,the ship will  dock at port,no,no.
i2t,3076,boat dock on the port,3076,boat dock on the port,yes,yes.
i2t,3076,The boat is docked in the harbour.,3076,The boat is docked in the harbour.,no,no.
i2t,3076,The boat sailed in the harbor.,3076,The boat sailed in the harbor.,no,no.
i2t,3076,A person posting a picture.,3076,A person posting a picture.,no,no.
i2t,3076,Ship is docked at a harbour.,3076,Ship is docked at a harbour.,no,no.
i2t,3076,The person displays one image.,3076,The person displays one image.,no,no.
i2t,3076,A ship is docked at a harbor.,3076,A ship is docked at a harbor.,no,no.
i2t,3076,a boat mooring on the lake,3076,a boat mooring on the lake,no,no.
i2t,3076,boats moored in marina,3076,boats moored in marina,yes,yes.
i2t,3076,Boats dock at a harbor.,3076,Boats dock at a harbor.,yes,yes.
i2t,3076,Boats moor in the harbor.,3076,Boats moor in the harbor.,yes,yes.
i2t,3076,Boat moored at a dock,3076,Boat moored at a dock,no,no.
i2t,3076,A boat docks near a beach.,3076,A boat docks near a beach.,no,no.
i2t,3076,A boat tied up at the harbor.,3076,A boat tied up at the harbor.,no,no.
i2t,3076,"Boats, at a marina.",3076,"Boats, at a marina.",yes,yes.
i2t,3076,Boats docked at a port.,3076,Boats docked at a port.,yes,yes.
i2t,3076,Boats are moored in the lake.,3076,Boats are moored in the lake.,yes,yes.
i2t,3076,a woman is walking by the pier,3076,a woman is walking by the pier,no,no
i2t,3076,Boats are docked in a harbour,3076,Boats are docked in a harbour,yes,yes.
i2t,3076,The woman is standing on the pier.,3076,The woman is standing on the pier.,no,no.
i2t,3076,A woman is standing on a pier.,3076,A woman is standing on a pier.,no,no.
i2t,3076,The woman stands on the pier.,3076,The woman stands on the pier.,no,no.
i2t,3076,A man walking on the pier.,3076,A man walking on the pier.,no,no.
i2t,3076,The man is sitting on the dock.,3076,The man is sitting on the dock.,no,no.
i2t,3076,Many boats are moored at the marina.,3076,Many boats are moored at the marina.,yes,yes.
i2t,3076,A few sail boats are in a sea.,3076,A few sail boats are in a sea.,no,no.
i2t,3076,The person will stand on the pier.,3076,The person will stand on the pier.,no,no.
i2t,3076,The man will walk on the pier.,3076,The man will walk on the pier.,no,no.
i2t,3076,Some boats are mooring by the sea.,3076,Some boats are mooring by the sea.,yes,yes.
i2t,3076,Ships are docked on the port.,3076,Ships are docked on the port.,yes,yes.
i2t,3076,People are standing in the pier.,3076,People are standing in the pier.,no,no.
i2t,3076,"The boat is docked at the pier, and the moor is visible.",3076,"The boat is docked at the pier, and the moor is visible.",no,no.
i2t,3076,Boats sit at a pier,3076,Boats sit at a pier,yes,yes.
i2t,3076,A boat is moored in a jetty.,3076,A boat is moored in a jetty.,no,no.
i2t,3076,Yachts docked at a marina,3076,Yachts docked at a marina,yes,yes.
i2t,3076,Boats moored in a quay,3076,Boats moored in a quay,yes,yes.
i2t,3076,A boat sits off the moor by the dock.,3076,A boat sits off the moor by the dock.,no,no.
i2t,3076,A group of yachts are moored at the marina.,3076,A group of yachts are moored at the marina.,yes,yes.
i2t,3084,A child and parent is walking in the forest.,3084,A child and parent is walking in the forest.,yes,yes.
i2t,3084,A person can bring up an emotion with a photo.,3084,A person can bring up an emotion with a photo.,no,no.
i2t,3084,The person displays one image.,3084,The person displays one image.,no,no.
i2t,3084,People capture photographs.,3084,People capture photographs.,no,no.
i2t,3084,Kids take a walk in the forest.,3084,Kids take a walk in the forest.,yes,yes.
i2t,3084,A mother is walking in the forest.,3084,A mother is walking in the forest.,yes,yes.
i2t,3084,A woman is hiking in the forest.,3084,A woman is hiking in the forest.,yes,yes.
i2t,3084,Children walk hand in hand,3084,Children walk hand in hand,no,no.
i2t,3084,A woman is hiking on a trail.,3084,A woman is hiking on a trail.,yes,yes.
i2t,3084,The person takes photographs,3084,The person takes photographs,no,no.
i2t,3084,Children walking in the forest,3084,Children walking in the forest,yes,yes.
i2t,3084,Children walking in the forest.,3084,Children walking in the forest.,yes,yes.
i2t,3084,A kid goes for a walk in the forest.,3084,A kid goes for a walk in the forest.,no,no.
i2t,3084,The woman and her son walk along the trail.,3084,The woman and her son walk along the trail.,yes,yes.
i2t,3084,A couple hike in the forest,3084,A couple hike in the forest,no,no
i2t,3084,A father and daughter walk in the forest,3084,A father and daughter walk in the forest,no,no
i2t,3084,A kid walks in the forest.,3084,A kid walks in the forest.,no,no.
i2t,3084,boy walking in forest,3084,boy walking in forest,yes,yes.
i2t,3084,Men are walking on a trail.,3084,Men are walking on a trail.,no,no.
i2t,3084,person walk in the forest,3084,person walk in the forest,yes,yes.
i2t,3084,People walking through the forest.,3084,People walking through the forest.,yes,yes.
i2t,3084,A person walking in the woods.,3084,A person walking in the woods.,yes,yes.
i2t,3084,The girl is carry a bucket of water.,3084,The girl is carry a bucket of water.,no,no.
i2t,3084,A child is walking in the forest.,3084,A child is walking in the forest.,yes,yes.
i2t,3084,A person hikes in the woods.,3084,A person hikes in the woods.,yes,yes.
i2t,3084,Men hike on a trail.,3084,Men hike on a trail.,no,no.
i2t,3084,A couple are walking in a forest.,3084,A couple are walking in a forest.,no,no.
i2t,3084,woman hike on the forest,3084,woman hike on the forest,yes,yes.
i2t,3084,A woman is trekking in a forest.,3084,A woman is trekking in a forest.,yes,yes.
i2t,3084,The woman hikes in the forest.,3084,The woman hikes in the forest.,yes,yes.
i2t,3084,A woman takes a hike through the forest.,3084,A woman takes a hike through the forest.,yes,yes.
i2t,3084,A woman hiking in the forest.,3084,A woman hiking in the forest.,yes,yes.
i2t,3084,Women trek through the forrest.,3084,Women trek through the forrest.,yes,yes.
i2t,3084,A woman hikes in a forest.,3084,A woman hikes in a forest.,yes,yes.
i2t,1191,The dog runs in a meadow.,1191,The dog runs in a meadow.,yes,yes.
i2t,1191,Dogs run in the meadow.,1191,Dogs run in the meadow.,yes,yes.
i2t,1191,A dog runs in a field.,1191,A dog runs in a field.,yes,yes.
i2t,1191,A girls runs in the open field.,1191,A girls runs in the open field.,no,no.
i2t,1191,The animals run in the meadow.,1191,The animals run in the meadow.,yes,yes.
i2t,1191,is this puppy running in the field?,1191,is this puppy running in the field?,no,no.
i2t,1191,A dog runs in the meadow.,1191,A dog runs in the meadow.,yes,yes.
i2t,1191,An animal runs in a field.,1191,An animal runs in a field.,yes,yes.
i2t,1191,Dogs run through the park.,1191,Dogs run through the park.,no,no.
i2t,1191,The species runs in the meadow.,1191,The species runs in the meadow.,yes,yes.
i2t,1191,Two animals run down the meadow,1191,Two animals run down the meadow,no,no.
i2t,1191,A dog runs through the field.,1191,A dog runs through the field.,yes,yes.
i2t,1191,A dog runs through a meadow,1191,A dog runs through a meadow,yes,yes.
i2t,1191,A dog runs through a meadow.,1191,A dog runs through a meadow.,yes,yes.
i2t,1191,The dogs are sitting in the field.,1191,The dogs are sitting in the field.,no,no.
i2t,1191,The dogs sit in the field.,1191,The dogs sit in the field.,no,no.
i2t,1191,The dog is rolling in the grass.,1191,The dog is rolling in the grass.,no,no.
i2t,1191,The dog are walking across the grass.,1191,The dog are walking across the grass.,no,no.
i2t,1191,a dog is lying on the grass,1191,a dog is lying on the grass,yes,yes.
i2t,1191,A dog is resting in the grass,1191,A dog is resting in the grass,yes,yes.
i2t,1191,The puppy is laying in the background.,1191,The puppy is laying in the background.,no,no.
i2t,1191,Dogs are walking on a camera.,1191,Dogs are walking on a camera.,no,no.
i2t,1191,See the horse trot through the meadow?,1191,See the horse trot through the meadow?,no,no.
i2t,1191,Four dogs are running in a meadow.,1191,Four dogs are running in a meadow.,no,no.
i2t,1191,A puppy runs through the meadow.,1191,A puppy runs through the meadow.,no,no.
i2t,1191,Girls walk in a meadow.,1191,Girls walk in a meadow.,no,no.
i2t,1191,A dog stands in the grass near another dog.,1191,A dog stands in the grass near another dog.,no,no.
i2t,1191,The puppy is running in the meadow.,1191,The puppy is running in the meadow.,no,no.
i2t,1191,A puppy is running on the meadow.,1191,A puppy is running on the meadow.,no,no.
i2t,1191,a puppy runs in the meadow,1191,a puppy runs in the meadow,yes,yes.
i2t,792,the person is running in a Team,792,the person is running in a Team,yes,yes.
i2t,792,A team takes the ball from the other team.,792,A team takes the ball from the other team.,yes,yes.
i2t,792,A group of people run as a team,792,A group of people run as a team,yes,yes.
i2t,792,A PICTURE OF A TEAM PLAYER BRINGS UNITY,792,A PICTURE OF A TEAM PLAYER BRINGS UNITY,no,no.
i2t,792,A person runs as a player in competitive sport.,792,A person runs as a player in competitive sport.,no,no.
i2t,792,A team player runs in the game.,792,A team player runs in the game.,yes,yes.
i2t,792,the player out runs the other team,792,the player out runs the other team,yes,yes.
i2t,792,are those players starching at practice?,792,are those players starching at practice?,no,no.
i2t,792,People playing on a team.,792,People playing on a team.,yes,yes.
i2t,792,"soccer, ball, men",792,"soccer, ball, men",yes,yes.
i2t,792,Soccer players using a ball,792,Soccer players using a ball,yes,yes.
i2t,792,A person completes against other soccer players.,792,A person completes against other soccer players.,yes,yes.
i2t,792,Soccer players warming for a game,792,Soccer players warming for a game,no,no.
i2t,792,Players run for a football,792,Players run for a football,yes,yes.
i2t,792,A team plays on the field,792,A team plays on the field,yes,yes.
i2t,792,soccer players play,792,soccer players play,yes,yes.
i2t,792,football celebrate a football,792,football celebrate a football,no,no.
i2t,792,The team plays on the field.,792,The team plays on the field.,yes,yes.
i2t,792,Players playing on a field.,792,Players playing on a field.,yes,yes.
i2t,792,The player will go for the ball.,792,The player will go for the ball.,yes,yes.
i2t,792,A soccer player is saving the shot.,792,A soccer player is saving the shot.,no,no.
i2t,792,Players are running in the match,792,Players are running in the match,yes,yes.
i2t,792,The teammate will score a goal.,792,The teammate will score a goal.,no,no.
i2t,792,An athlete is kicking a ball.,792,An athlete is kicking a ball.,no,no.
i2t,792,The player cross the ball,792,The player cross the ball,no,no.
i2t,792,The player would not pass the ball.,792,The player would not pass the ball.,no,no.
i2t,792,A player fights for the ball during a soccer match.,792,A player fights for the ball during a soccer match.,yes,yes.
i2t,792,the footballer will kick the ball high,792,the footballer will kick the ball high,no,no.
i2t,792,The football team is running.,792,The football team is running.,yes,yes.
i2t,792,team player throws,792,team player throws,no,no.
i2t,792,The players are playing football.,792,The players are playing football.,yes,yes.
i2t,792,The player is vying for ball control from the other athlete.,792,The player is vying for ball control from the other athlete.,yes,yes.
i2t,792,An athlete wins by scoring a goal in a soccer game.,792,An athlete wins by scoring a goal in a soccer game.,no,no.
i2t,792,Players run after a ball on the field.,792,Players run after a ball on the field.,yes,yes.
i2t,792,Two players chase the ball.,792,Two players chase the ball.,no,no.
i2t,792,Players compete for the ball.,792,Players compete for the ball.,yes,yes.
i2t,792,People are playing soccer.,792,People are playing soccer.,yes,yes.
i2t,792,Players run on a field.,792,Players run on a field.,yes,yes.
i2t,792,People Playing Soccer,792,People Playing Soccer,yes,yes.
i2t,792,Soccer players run during a training session.,792,Soccer players run during a training session.,yes,yes.
i2t,792,The player passes the ball in the soccer match.,792,The player passes the ball in the soccer match.,no,no.
i2t,792,The midfielder runs with the soccer ball.,792,The midfielder runs with the soccer ball.,yes,yes.
i2t,792,A soccer player plays soccer.,792,A soccer player plays soccer.,yes,yes.
i2t,2462,this person makes the image,2462,this person makes the image,no,no.
i2t,2462,A man is jumping off a cliff.,2462,A man is jumping off a cliff.,yes,yes.
i2t,2462,The man is standing at the edge of a cliff.,2462,The man is standing at the edge of a cliff.,no,no.
i2t,2462,A person takes a step on their walk.,2462,A person takes a step on their walk.,no,no.
i2t,2462,the person is running in a Team,2462,the person is running in a Team,no,no.
i2t,2462,a person takes a jump,2462,a person takes a jump,yes,yes.
i2t,2462,The person displays one image.,2462,The person displays one image.,no,no.
i2t,2462,People look at it.,2462,People look at it.,no,no.
i2t,2462,"In this photo, a person sends a message.",2462,"In this photo, a person sends a message.",no,no.
i2t,2462,A player wins the game,2462,A player wins the game,no,no.
i2t,2462,The man jumped across the mountain.,2462,The man jumped across the mountain.,no,no.
i2t,2462,A man jumps across a cliff in the sunset.,2462,A man jumps across a cliff in the sunset.,yes,yes.
i2t,2462,A  man jump in the mountain,2462,A  man jump in the mountain,no,no.
i2t,2462,A man jumping from one mountain top to another.,2462,A man jumping from one mountain top to another.,yes,yes.
i2t,2462,A man jumping between two mountains.,2462,A man jumping between two mountains.,no,no.
i2t,2462,A man jumps on a mountain.,2462,A man jumps on a mountain.,no,no.
i2t,2462,A man jumps off a rock,2462,A man jumps off a rock,yes,yes.
i2t,2462,A man jumps off a rock.,2462,A man jumps off a rock.,yes,yes.
i2t,2462,a man walking on an edge,2462,a man walking on an edge,no,no.
i2t,2462,A man is running on a hill.,2462,A man is running on a hill.,no,no.
i2t,2462,a man jumping in the background,2462,a man jumping in the background,yes,yes.
i2t,2462,Boy is jumping from a rock.,2462,Boy is jumping from a rock.,yes,yes.
i2t,2462,A man is climbing a cliff.,2462,A man is climbing a cliff.,no,no.
i2t,2462,A person sitting on a cliff,2462,A person sitting on a cliff,no,no.
i2t,2462,A man is running up the hill.,2462,A man is running up the hill.,no,no.
i2t,2462,Man is standing on a hill.,2462,Man is standing on a hill.,no,no.
i2t,2462,A person jumps at the sea.,2462,A person jumps at the sea.,no,no.
i2t,2462,A man standing on top of a cliff,2462,A man standing on top of a cliff,no,no.
i2t,2462,The woman jumps the cliff.,2462,The woman jumps the cliff.,no,no.
i2t,2462,A man is jumping in the background.,2462,A man is jumping in the background.,yes,yes.
i2t,2462,A person jumps towards the sky.,2462,A person jumps towards the sky.,no,no.
i2t,2462,A man jumps on top of a mountain.,2462,A man jumps on top of a mountain.,no,no.
i2t,2462,A man jumps across some rocks on a mountain.,2462,A man jumps across some rocks on a mountain.,no,no.
i2t,2462,A silhouette of a person jumping on the beach.,2462,A silhouette of a person jumping on the beach.,no,no.
i2t,6633,A person can bring up an emotion with a photo.,6633,A person can bring up an emotion with a photo.,yes,yes.
i2t,6633,a person stretch the game,6633,a person stretch the game,no,no.
i2t,6633,The person runs from the game.,6633,The person runs from the game.,no,no.
i2t,6633,A person runs as a player in competitive sport.,6633,A person runs as a player in competitive sport.,no,no.
i2t,6633,The sun is rising in the sky,6633,The sun is rising in the sky,no,no.
i2t,6633,A person runs in the game.,6633,A person runs in the game.,no,no.
i2t,6633,One person communicates with another.,6633,One person communicates with another.,no,no.
i2t,6633,the runner is runs a day,6633,the runner is runs a day,no,no.
i2t,6633,A person jumps towards the sky.,6633,A person jumps towards the sky.,yes,yes.
i2t,6633,Man want to run on the road,6633,Man want to run on the road,no,no.
i2t,6633,A woman is jumping in the sunset.,6633,A woman is jumping in the sunset.,yes,yes.
i2t,6633,A woman jumping during a sunset,6633,A woman jumping during a sunset,yes,yes.
i2t,6633,A man is jumping at sunset.,6633,A man is jumping at sunset.,yes,yes.
i2t,6633,The woman jumped when she aw the sunset.,6633,The woman jumped when she aw the sunset.,yes,yes.
i2t,6633,A person jumps in front of a background.,6633,A person jumps in front of a background.,yes,yes.
i2t,6633,girl jump in the air,6633,girl jump in the air,yes,yes.
i2t,6633,woman jumps in a field,6633,woman jumps in a field,yes,yes.
i2t,6633,A man jumps across a cliff in the sunset.,6633,A man jumps across a cliff in the sunset.,no,no.
i2t,6633,A girl jumps in a field.,6633,A girl jumps in a field.,yes,yes.
i2t,6633,A man is jumping in a field.,6633,A man is jumping in a field.,no,no.
i2t,6633,A person flying in the sky.,6633,A person flying in the sky.,no,no.
i2t,6633,a girl flying on the field,6633,a girl flying on the field,no,no.
i2t,6633,person fly in the sky,6633,person fly in the sky,no,no.
i2t,6633,A person jumps in the park.,6633,A person jumps in the park.,no,no.
i2t,6633,A girl jumping in the air.,6633,A girl jumping in the air.,yes,yes.
i2t,6633,A man jumps in a field,6633,A man jumps in a field,yes,yes.
i2t,6633,A person jumping in the air,6633,A person jumping in the air,yes,yes.
i2t,6633,The person jumps in the air.,6633,The person jumps in the air.,yes,yes.
i2t,6633,a man jumping in the background,6633,a man jumping in the background,no,no.
i2t,6633,A person jumps in the air,6633,A person jumps in the air,yes,yes.
i2t,6633,A man is jumping in the background.,6633,A man is jumping in the background.,no,no.
i2t,6633,A person jumps in celebration at the beach.,6633,A person jumps in celebration at the beach.,no,no.
i2t,6633,a person is jumping with a white background.,6633,a person is jumping with a white background.,no,no.
i2t,6633,A silhouette of a person jumping on the beach.,6633,A silhouette of a person jumping on the beach.,no,no.
i2t,6633,The silhouette of a person standing in front of a sunset.,6633,The silhouette of a person standing in front of a sunset.,yes,yes.
i2t,6633,A person is enjoying a sunset.,6633,A person is enjoying a sunset.,yes,yes.
i2t,6633,A man runs in front of the sunset.,6633,A man runs in front of the sunset.,no,no.
i2t,6633,A person is standing at sunset.,6633,A person is standing at sunset.,no,no.
i2t,2689,The star shined bright in the sky.,2689,The star shined bright in the sky.,no,no.
i2t,2689,A person posts a photo of someone who died,2689,A person posts a photo of someone who died,no,no
i2t,2689,A person can bring up an emotion with a photo.,2689,A person can bring up an emotion with a photo.,yes,yes.
i2t,2689,A person takes a daughter.,2689,A person takes a daughter.,no,no.
i2t,2689,The man will look to the person,2689,The man will look to the person,no,no.
i2t,2689,They will attend the celebration in person.,2689,They will attend the celebration in person.,no,no.
i2t,2689,The person who spoke at the funeral didn't know the actor was just posing in the casket.,2689,The person who spoke at the funeral didn't know the actor was just posing in the casket.,no,no.
i2t,2689,A person can see it,2689,A person can see it,no,no.
i2t,2689,The child did not have to stand in the field.,2689,The child did not have to stand in the field.,no,no.
i2t,2689,A person seeing their daughter.,2689,A person seeing their daughter.,no,no.
i2t,2689,The boy actor takes a picture.,2689,The boy actor takes a picture.,no,no.
i2t,2689,"The actors take place as the boy says ""Action""",2689,"The actors take place as the boy says ""Action""",no,no.
i2t,2689,The child actor makes his own take.,2689,The child actor makes his own take.,no,no.
i2t,2689,A person takes a photo with his daughter.,2689,A person takes a photo with his daughter.,no,no.
i2t,2689,A person poses while holding two other people.,2689,A person poses while holding two other people.,no,no.
i2t,2689,A songwriter arrives at a premiere with his family.,2689,A songwriter arrives at a premiere with his family.,no,no.
i2t,2689,The people's expressions are captured in photos.,2689,The people's expressions are captured in photos.,yes,yes.
i2t,2689,People smile in their pictures for the event,2689,People smile in their pictures for the event,no,no.
i2t,2689,The actors looks good in his jacket.,2689,The actors looks good in his jacket.,no,no.
i2t,2689,A man takes a picture with his child.,2689,A man takes a picture with his child.,no,no.
i2t,2689,The person appeared on the show,2689,The person appeared on the show,no,no.
i2t,2689,Which person looks like this one?,2689,Which person looks like this one?,no,no.
i2t,2689,The person wore their hair well.,2689,The person wore their hair well.,yes,yes.
i2t,2689,This person will steal the show.,2689,This person will steal the show.,no,no.
i2t,2689,Person got beat up by another person,2689,Person got beat up by another person,no,no
i2t,2689,The person will sing on the stage.,2689,The person will sing on the stage.,no,no.
i2t,2689,Actors that appear in a film,2689,Actors that appear in a film,no,no.
i2t,2689,The person met the child.,2689,The person met the child.,no,no.
i2t,2689,An actor shows their look at an event.,2689,An actor shows their look at an event.,no,no.
i2t,2689,An actor attends an event with a star,2689,An actor attends an event with a star,no,no.
i2t,2689,The actors arrived at the debut,2689,The actors arrived at the debut,no,no.
i2t,2689,An actor attends a concert.,2689,An actor attends a concert.,no,no.
i2t,2689,An actor from “How To Look Good Naked” at an event.,2689,An actor from “How To Look Good Naked” at an event.,no,no.
i2t,2689,An actor holds another actor,2689,An actor holds another actor,no,no.
i2t,2689,The actors take part in a photo shoot.,2689,The actors take part in a photo shoot.,no,no.
i2t,2689,An actor was cast to be on stage.,2689,An actor was cast to be on stage.,no,no.
i2t,2689,An actor takes his daughters and wife to the beach.,2689,An actor takes his daughters and wife to the beach.,no,no.
i2t,2689,Pictures of a person and his daughter,2689,Pictures of a person and his daughter,no,no.
i2t,2689,Two girls sit with their father in the park.,2689,Two girls sit with their father in the park.,no,no.
i2t,2689,The actor holds his daughter.,2689,The actor holds his daughter.,no,no.
i2t,2689,A person is playing with their son and daughter.,2689,A person is playing with their son and daughter.,no,no.
i2t,2689,The boy smiled in the background.,2689,The boy smiled in the background.,no,no.
i2t,2689,A boy smiles to the camera.,2689,A boy smiles to the camera.,no,no.
i2t,2689,Man and young girl are walking on street.,2689,Man and young girl are walking on street.,no,no.
i2t,2689,A father stands on the beach with his family.,2689,A father stands on the beach with his family.,no,no.
i2t,2689,An actor is appearance drastically changed from his movie character.,2689,An actor is appearance drastically changed from his movie character.,no,no.
i2t,2689,Actors holding hands behind their daughter,2689,Actors holding hands behind their daughter,no,no.
i2t,2689,A PERSON HOLDS HIS SON,2689,A PERSON HOLDS HIS SON,no,no.
i2t,2689,The actor poses at the afterparty.,2689,The actor poses at the afterparty.,no,no.
i2t,2595,A person singing,2595,A person singing,yes,yes.
i2t,2595,The artist sings into the microphone.,2595,The artist sings into the microphone.,yes,yes.
i2t,2595,The person will sing into the microphone.,2595,The person will sing into the microphone.,yes,yes.
i2t,2595,A person sings a song.,2595,A person sings a song.,yes,yes.
i2t,2595,An artist sings in a show.,2595,An artist sings in a show.,no,no.
i2t,2595,A person sings music.,2595,A person sings music.,yes,yes.
i2t,2595,An artist sings into a microphone.,2595,An artist sings into a microphone.,yes,yes.
i2t,2595,A person singing into a microphone.,2595,A person singing into a microphone.,yes,yes.
i2t,2595,an actor will portray a character,2595,an actor will portray a character,no,no.
i2t,2595,A person is performing a song.,2595,A person is performing a song.,yes,yes.
i2t,2595,The artist performed by singing into the microphone.,2595,The artist performed by singing into the microphone.,yes,yes.
i2t,2595,A person singing in a microphone.,2595,A person singing in a microphone.,yes,yes.
i2t,2595,A person sings into a microphone.,2595,A person sings into a microphone.,yes,yes.
i2t,2595,This singer in preforming on stage.,2595,This singer in preforming on stage.,no,no.
i2t,2595,An artist is performing for a person,2595,An artist is performing for a person,no,no.
i2t,2595,The person plays a song.,2595,The person plays a song.,no,no.
i2t,2595,A man speaking on the phone.,2595,A man speaking on the phone.,no,no.
i2t,2595,The artist is performing at a celebration.,2595,The artist is performing at a celebration.,no,no.
i2t,2595,A person listening to music.,2595,A person listening to music.,no,no.
i2t,2595,The student sings a song.,2595,The student sings a song.,no,no.
i2t,2595,The person likes to listen to music made by another person.,2595,The person likes to listen to music made by another person.,no,no.
i2t,2595,An artist performing a gig.,2595,An artist performing a gig.,no,no.
i2t,2595,The man speaks into the microphone.,2595,The man speaks into the microphone.,yes,yes.
i2t,2595,This artist is performing with her microphone.,2595,This artist is performing with her microphone.,no,no.
i2t,2595,A person sings in rehearsal.,2595,A person sings in rehearsal.,no,no.
i2t,2595,The person sings at the rehearsal.,2595,The person sings at the rehearsal.,no,no.
i2t,811,An old man stands in the park,811,An old man stands in the park,yes,yes.
i2t,811,Man looking at person,811,Man looking at person,no,no.
i2t,811,A man walks in the park.,811,A man walks in the park.,yes,yes.
i2t,811,The man is looking at another person.,811,The man is looking at another person.,no,no.
i2t,811,the man walked on the grass,811,the man walked on the grass,no,no.
i2t,811,man strolls on street,811,man strolls on street,no,no.
i2t,811,The man is taking a walk in the park.,811,The man is taking a walk in the park.,yes,yes.
i2t,811,An elderly man walks in his house.,811,An elderly man walks in his house.,no,no.
i2t,811,A man goes for a walk on a path.,811,A man goes for a walk on a path.,no,no.
i2t,811,A man is walking in the park.,811,A man is walking in the park.,yes,yes.
i2t,811,A father walks in a park.,811,A father walks in a park.,no,no.
i2t,811,A man stands in a park.,811,A man stands in a park.,yes,yes.
i2t,811,A man walks alone on a path in the park.,811,A man walks alone on a path in the park.,no,no.
i2t,811,The father walks in the park.,811,The father walks in the park.,yes,yes.
i2t,811,person walks in park,811,person walks in park,yes,yes.
i2t,811,man excersiswe on the park,811,man excersiswe on the park,no,no.
i2t,811,The man stands in the field.,811,The man stands in the field.,yes,yes.
i2t,811,The man in the shirt stands.,811,The man in the shirt stands.,no,no.
i2t,811,A man is walking in a field.,811,A man is walking in a field.,no,no.
i2t,811,A woman walking in the park,811,A woman walking in the park,no,no.
i2t,811,The man looked to the side.,811,The man looked to the side.,yes,yes.
i2t,811,man standing in a field,811,man standing in a field,no,no.
i2t,811,a man walking on a field,811,a man walking on a field,yes,yes.
i2t,811,person enjoy his time i the park,811,person enjoy his time i the park,yes,yes.
i2t,811,A person is walking in the park.,811,A person is walking in the park.,no,no.
i2t,811,The man stands in the background,811,The man stands in the background,no,no.
i2t,811,The person looks sharp and is dressed smartly.,811,The person looks sharp and is dressed smartly.,yes,yes.
i2t,811,The man walked on the field,811,The man walked on the field,no,no.
i2t,811,A man sits in a park,811,A man sits in a park,no,no.
i2t,811,A man sitting on a bench.,811,A man sitting on a bench.,no,no.
i2t,811,A man sitting in a park.,811,A man sitting in a park.,no,no.
i2t,811,Older man sits on the floor in living room,811,Older man sits on the floor in living room,no,no.
i2t,811,A woman stands in a park.,811,A woman stands in a park.,no,no.
i2t,811,A man goes for a walk in a meadow.,811,A man goes for a walk in a meadow.,no,no.
i2t,811,The man walked along the footpath.,811,The man walked along the footpath.,no,no.
i2t,3066,Players celebrating another player,3066,Players celebrating another player,yes,yes.
i2t,3066,The person looks at the team.,3066,The person looks at the team.,no,no.
i2t,3066,the players from their league are celebrating,3066,the players from their league are celebrating,yes,yes.
i2t,3066,the team celebrate in the game,3066,the team celebrate in the game,yes,yes.
i2t,3066,A PICTURE OF A TEAM PLAYER BRINGS UNITY,3066,A PICTURE OF A TEAM PLAYER BRINGS UNITY,no,no.
i2t,3066,A player is celebrating a player.,3066,A player is celebrating a player.,no,no.
i2t,3066,A player celebrating with the team,3066,A player celebrating with the team,no,no.
i2t,3066,players celebration,3066,players celebration,yes,yes.
i2t,3066,The coach and the team celebrated,3066,The coach and the team celebrated,no,no.
i2t,3066,Footballer players celebrating,3066,Footballer players celebrating,yes,yes.
i2t,3066,Players congratulating themselves in the match.,3066,Players congratulating themselves in the match.,yes,yes.
i2t,3066,The players congratulate each other at the match.,3066,The players congratulate each other at the match.,yes,yes.
i2t,3066,Players celebrating with fans.,3066,Players celebrating with fans.,no,no.
i2t,3066,Players celebrate before a crowd.,3066,Players celebrate before a crowd.,yes,yes.
i2t,3066,Players celebrate with the crowd.,3066,Players celebrate with the crowd.,no,no.
i2t,3066,Fans celebrate as the players huddle together after the win.,3066,Fans celebrate as the players huddle together after the win.,no,no.
i2t,3066,Players are celebrating with their team,3066,Players are celebrating with their team,yes,yes.
i2t,3066,Players are celebrating after the game.,3066,Players are celebrating after the game.,no,no.
i2t,3066,Players celebrating on a soccer pitch,3066,Players celebrating on a soccer pitch,yes,yes.
i2t,3066,the players hug in the ground,3066,the players hug in the ground,yes,yes.
i2t,3066,players are stand in the pitch,3066,players are stand in the pitch,no,no.
i2t,3066,Team players cover their face.,3066,Team players cover their face.,no,no.
i2t,3066,Players huddle during the match.,3066,Players huddle during the match.,yes,yes.
i2t,3066,Players are looking from the sideline.,3066,Players are looking from the sideline.,no,no.
i2t,3066,People are celebrating the player.,3066,People are celebrating the player.,no,no.
i2t,3066,The players hold their jerseys.,3066,The players hold their jerseys.,no,no.
i2t,3066,A player wanted to leave the team,3066,A player wanted to leave the team,no,no.
i2t,3066,Fans are celebrating at the match.,3066,Fans are celebrating at the match.,no,no.
i2t,3066,The player will celebrate with the team after the game.,3066,The player will celebrate with the team after the game.,no,no.
i2t,3066,Fans celebrate the players' win.,3066,Fans celebrate the players' win.,no,no.
i2t,3066,half of the players reaction after the game.,3066,half of the players reaction after the game.,no,no.
i2t,3066,Players congratulate another player,3066,Players congratulate another player,yes,yes.
i2t,3066,Fans celebrate with their team.,3066,Fans celebrate with their team.,no,no.
i2t,3066,The players congratulate each other.,3066,The players congratulate each other.,yes,yes.
i2t,3066,The team congratulate each other.,3066,The team congratulate each other.,yes,yes.
i2t,3066,The players and supporters celebrate together.,3066,The players and supporters celebrate together.,no,no.
i2t,3066,Players celebrate as a team.,3066,Players celebrate as a team.,yes,yes.
i2t,3066,Footballers celebrating with other players.,3066,Footballers celebrating with other players.,yes,yes.
i2t,3066,Soccer athletes are celebrating a postseason run.,3066,Soccer athletes are celebrating a postseason run.,no,no.
i2t,3066,Several players celebrate being a footballer.,3066,Several players celebrate being a footballer.,no,no.
i2t,4164,workers stand up front,4164,workers stand up front,no,no
i2t,4164,They hold a protest about solidarity.,4164,They hold a protest about solidarity.,no,no.
i2t,4164,The person displays one image.,4164,The person displays one image.,no,no.
i2t,4164,this person makes the image,4164,this person makes the image,no,no
i2t,4164,I see another person in the photo.,4164,I see another person in the photo.,no,no
i2t,4164,The man is standing against the wall.,4164,The man is standing against the wall.,no,no.
i2t,4164,The people's expressions are captured in photos.,4164,The people's expressions are captured in photos.,no,no.
i2t,4164,A WORKER STANDS IN FRONT,4164,A WORKER STANDS IN FRONT,yes,yes.
i2t,4164,A person poses as a politician.,4164,A person poses as a politician.,no,no.
i2t,4164,Person holding a sign.,4164,Person holding a sign.,yes,yes.
i2t,4164,A protester holds a symbol.,4164,A protester holds a symbol.,yes,yes.
i2t,4164,A person marches in the street.,4164,A person marches in the street.,yes,yes.
i2t,4164,A man holds the sign,4164,A man holds the sign,no,no.
i2t,4164,A person marching on the street.,4164,A person marching on the street.,yes,yes.
i2t,4164,The protesters carry a banner,4164,The protesters carry a banner,yes,yes.
i2t,4164,A woman holds a sign.,4164,A woman holds a sign.,no,no.
i2t,4164,A man carries a person.,4164,A man carries a person.,no,no.
i2t,4164,A man carries wide's bags.,4164,A man carries wide's bags.,no,no.
i2t,4164,A person marching through a city.,4164,A person marching through a city.,no,no.
i2t,4164,A politician participating in an event.,4164,A politician participating in an event.,no,no.
i2t,4164,Person standing ground in a protest.,4164,Person standing ground in a protest.,yes,yes.
i2t,4164,The politician is wearing a jacket,4164,The politician is wearing a jacket,yes,yes.
i2t,4164,The fan holds the banner.,4164,The fan holds the banner.,no,no.
i2t,4164,A person is pictured at a ceremony.,4164,A person is pictured at a ceremony.,no,no.
i2t,4164,A person looks ready for a show.,4164,A person looks ready for a show.,no,no.
i2t,4164,A man reads a message.,4164,A man reads a message.,no,no.
i2t,4164,A person appears to show emotion.,4164,A person appears to show emotion.,no,no.
i2t,4164,A man whose face is painted,4164,A man whose face is painted,no,no.
i2t,4164,The fan displayed his banner.,4164,The fan displayed his banner.,no,no.
i2t,4164,A person attends a rally.,4164,A person attends a rally.,yes,yes.
i2t,4164,A person attends a rally at night.,4164,A person attends a rally at night.,no,no.
i2t,4164,A politician arrives at an event.,4164,A politician arrives at an event.,no,no.
i2t,4164,A banner is displayed behind persons.,4164,A banner is displayed behind persons.,yes,yes.
i2t,4164,People are pictured at the premier.,4164,People are pictured at the premier.,no,no.
i2t,4164,A person in a poster decided to take a picture.,4164,A person in a poster decided to take a picture.,no,no.
i2t,4164,People protest and hold signs in solidarity.,4164,People protest and hold signs in solidarity.,yes,yes.
i2t,4164,Protestors hold blank banners.,4164,Protestors hold blank banners.,no,no.
i2t,4164,People participating in a rally.,4164,People participating in a rally.,yes,yes.
i2t,4164,A man is carrying a flag.,4164,A man is carrying a flag.,yes,yes.
i2t,4164,A person is about to pass a sign.,4164,A person is about to pass a sign.,yes,yes.
i2t,4164,Man waving flag,4164,Man waving flag,yes,yes.
i2t,9149,A person jump on the water,9149,A person jump on the water,yes,yes.
i2t,9149,the boy jumps into the water,9149,the boy jumps into the water,yes,yes.
i2t,9149,The man jumps into the sea.,9149,The man jumps into the sea.,no,no.
i2t,9149,a man is about to jump into the water,9149,a man is about to jump into the water,yes,yes.
i2t,9149,A man jumps into the water.,9149,A man jumps into the water.,yes,yes.
i2t,9149,A man jumps in the water.,9149,A man jumps in the water.,yes,yes.
i2t,9149,a person takes a jump,9149,a person takes a jump,yes,yes.
i2t,9149,A man jumps into water.,9149,A man jumps into water.,yes,yes.
i2t,9149,A person jumping in water.,9149,A person jumping in water.,yes,yes.
i2t,9149,A boy runs in the water.,9149,A boy runs in the water.,no,no.
i2t,9149,A man jumping into water.,9149,A man jumping into water.,yes,yes.
i2t,9149,A person jumping into water.,9149,A person jumping into water.,yes,yes.
i2t,9149,A person stands above a lake.,9149,A person stands above a lake.,no,no.
i2t,9149,A person jumps into water.,9149,A person jumps into water.,yes,yes.
i2t,9149,man standing over a lake,9149,man standing over a lake,no,no.
i2t,9149,The person swam in the water.,9149,The person swam in the water.,no,no.
i2t,9149,A man jumping in the river.,9149,A man jumping in the river.,yes,yes.
i2t,9149,A boy jumping into the water.,9149,A boy jumping into the water.,yes,yes.
i2t,9149,A person gets out of the water,9149,A person gets out of the water,no,no.
i2t,9149,A person going into water,9149,A person going into water,yes,yes.
i2t,9149,People jump into a lake to swim.,9149,People jump into a lake to swim.,yes,yes.
i2t,9149,A man takes a jump into the sea.,9149,A man takes a jump into the sea.,no,no.
i2t,9149,A man jumps into the water at sea.,9149,A man jumps into the water at sea.,no,no.
i2t,9149,A man dives in the water.,9149,A man dives in the water.,yes,yes.
i2t,9149,A  man jump in the mountain,9149,A  man jump in the mountain,yes,yes.
i2t,1874,The child is looking at a person.,1874,The child is looking at a person.,no,no.
i2t,1874,the person looks nice,1874,the person looks nice,no,no.
i2t,1874,A daughter will take things from her mother,1874,A daughter will take things from her mother,no,no.
i2t,1874,this person makes the image,1874,this person makes the image,no,no
i2t,1874,The woman is using a camera.,1874,The woman is using a camera.,no,no.
i2t,1874,the woman held the child,1874,the woman held the child,yes,yes.
i2t,1874,A mother takes her daughter.,1874,A mother takes her daughter.,yes,yes.
i2t,1874,A person photographs a sitting child.,1874,A person photographs a sitting child.,no,no.
i2t,1874,The woman is sitting in the grass.,1874,The woman is sitting in the grass.,yes,yes.
i2t,1874,A woman is looking at the view.,1874,A woman is looking at the view.,no,no.
i2t,1874,A mother is sitting at a park with her daughter.,1874,A mother is sitting at a park with her daughter.,yes,yes.
i2t,1874,"Mother, daughter, carry",1874,"Mother, daughter, carry",no,no
i2t,1874,A mother sits on grass.,1874,A mother sits on grass.,yes,yes.
i2t,1874,a mother sitting on a grass,1874,a mother sitting on a grass,yes,yes.
i2t,1874,A mother playing with a girl.,1874,A mother playing with a girl.,no,no.
i2t,1874,A mother sits in the grass.,1874,A mother sits in the grass.,yes,yes.
i2t,1874,A mother sits in the grass,1874,A mother sits in the grass,yes,yes.
i2t,1874,A mother plays with a daughter.,1874,A mother plays with a daughter.,no,no.
i2t,1874,girl sit on the park,1874,girl sit on the park,no,no
i2t,1874,A girl is sitting on the field.,1874,A girl is sitting on the field.,no,no.
i2t,1874,A mother is standing in a field.,1874,A mother is standing in a field.,no,no.
i2t,1874,The mother is holding her toddler.,1874,The mother is holding her toddler.,yes,yes.
i2t,1874,The woman is sitting in the field.,1874,The woman is sitting in the field.,yes,yes.
i2t,1874,A couple are sitting at a field.,1874,A couple are sitting at a field.,no,no.
i2t,1874,The mother holds the toddler.,1874,The mother holds the toddler.,yes,yes.
i2t,1874,A mother is holding a child.,1874,A mother is holding a child.,yes,yes.
i2t,1874,A mother is holding her son.,1874,A mother is holding her son.,no,no.
i2t,1874,The child sits in the grass.,1874,The child sits in the grass.,yes,yes.
i2t,1874,"A mother and her son play,",1874,"A mother and her son play,",no,no.
i2t,1874,A mother plays with her son,1874,A mother plays with her son,no,no
i2t,1874,A mother is holding a boy.,1874,A mother is holding a boy.,no,no.
i2t,1874,A mother playing with her boy.,1874,A mother playing with her boy.,no,no.
i2t,1874,A mother and daughter sit in the grass.,1874,A mother and daughter sit in the grass.,yes,yes.
i2t,1874,A mother sits on the floor with her son.,1874,A mother sits on the floor with her son.,no,no.
i2t,1874,A mother hugs her daughter.,1874,A mother hugs her daughter.,no,no.
i2t,1874,A mother hugs her child.,1874,A mother hugs her child.,no,no.
i2t,1874,A woman hugging her daughter.,1874,A woman hugging her daughter.,no,no.
i2t,1874,A mother sitting in the grass.,1874,A mother sitting in the grass.,yes,yes.
i2t,1874,A woman holds her daughter.,1874,A woman holds her daughter.,yes,yes.
i2t,1874,A mother kneels with her daughter in the forest.,1874,A mother kneels with her daughter in the forest.,no,no.
i2t,1874,A mother lying in the grass,1874,A mother lying in the grass,no,no.
i2t,2549,People walk in the sunshine.,2549,People walk in the sunshine.,yes,yes.
i2t,2549,People walk down the street.,2549,People walk down the street.,yes,yes.
i2t,2549,People walk in the area.,2549,People walk in the area.,yes,yes.
i2t,2549,A person takes a walk in a city.,2549,A person takes a walk in a city.,no,no.
i2t,2549,People play during the day,2549,People play during the day,no,no
i2t,2549,Two people are traveling in the city.,2549,Two people are traveling in the city.,no,no.
i2t,2549,People walk in town.,2549,People walk in town.,yes,yes.
i2t,2549,A person can bring up an emotion with a photo.,2549,A person can bring up an emotion with a photo.,no,no.
i2t,2549,People walking in the city.,2549,People walking in the city.,yes,yes.
i2t,2549,The people are walking in the town.,2549,The people are walking in the town.,yes,yes.
i2t,2549,People wandering in the street.,2549,People wandering in the street.,yes,yes.
i2t,2549,People walking in a town.,2549,People walking in a town.,yes,yes.
i2t,2549,They walk on the brick road.,2549,They walk on the brick road.,yes,yes.
i2t,2549,People walk on an avenue.,2549,People walk on an avenue.,no,no.
i2t,2549,A couple touch and walk down the street.,2549,A couple touch and walk down the street.,no,no.
i2t,2549,People has arrived in the city.,2549,People has arrived in the city.,yes,yes.
i2t,2549,The women walk on the street.,2549,The women walk on the street.,yes,yes.
i2t,2549,People are walking in the area.,2549,People are walking in the area.,yes,yes.
i2t,2549,A lady walking down the street.,2549,A lady walking down the street.,no,no.
i2t,2549,a couple walk down the street,2549,a couple walk down the street,no,no.
i2t,2549,A man walking in the street.,2549,A man walking in the street.,yes,yes.
i2t,2549,Tourists are strolling on the street.,2549,Tourists are strolling on the street.,yes,yes.
i2t,2549,A crowd of people in the street.,2549,A crowd of people in the street.,yes,yes.
i2t,2549,person see a street,2549,person see a street,yes,yes.
i2t,2549,Children walking down a street.,2549,Children walking down a street.,no,no.
i2t,2549,A person wander in the street,2549,A person wander in the street,no,no.
i2t,2549,Woman walking in a city with a man,2549,Woman walking in a city with a man,no,no
i2t,2549,People walk near buildings,2549,People walk near buildings,yes,yes.
i2t,2549,People walk at sunset.,2549,People walk at sunset.,yes,yes.
i2t,2549,The women walk in the city.,2549,The women walk in the city.,yes,yes.
i2t,6138,"The boat is floating on the water,",6138,"The boat is floating on the water,",yes,yes.
i2t,6138,A woman is paddling the boat.,6138,A woman is paddling the boat.,yes,yes.
i2t,6138,The woman paddles a boat.,6138,The woman paddles a boat.,yes,yes.
i2t,6138,The woman drives the boat.,6138,The woman drives the boat.,yes,yes.
i2t,6138,A person enjoys some water sports.,6138,A person enjoys some water sports.,yes,yes.
i2t,6138,A person is riding in the boat.,6138,A person is riding in the boat.,yes,yes.
i2t,6138,the person looks nice,6138,the person looks nice,yes,yes.
i2t,6138,A person posting a picture.,6138,A person posting a picture.,no,no.
i2t,6138,this person makes the image,6138,this person makes the image,no,no
i2t,6138,A person drives a boat.,6138,A person drives a boat.,yes,yes.
i2t,6138,A woman kayaking in a lake.,6138,A woman kayaking in a lake.,yes,yes.
i2t,6138,A woman is kayaking on the lake.,6138,A woman is kayaking on the lake.,yes,yes.
i2t,6138,A woman paddles the boat.,6138,A woman paddles the boat.,yes,yes.
i2t,6138,The woman kayaks across the lake.,6138,The woman kayaks across the lake.,yes,yes.
i2t,6138,Woman sitting on lake,6138,Woman sitting on lake,yes,yes.
i2t,6138,A person canoeing on a lake.,6138,A person canoeing on a lake.,yes,yes.
i2t,6138,Pretty girl floats in the water.,6138,Pretty girl floats in the water.,no,no.
i2t,6138,A girl driving a boat,6138,A girl driving a boat,no,no.
i2t,6138,A woman sitting on a boat.,6138,A woman sitting on a boat.,yes,yes.
i2t,6138,A woman driving a boat.,6138,A woman driving a boat.,yes,yes.
i2t,6138,The girl sits on a boat,6138,The girl sits on a boat,yes,yes.
i2t,6138,A man is driving a boat.,6138,A man is driving a boat.,no,no.
i2t,6138,The person is kayaking in the lake.,6138,The person is kayaking in the lake.,yes,yes.
i2t,6138,A person is kayaking at a lake.,6138,A person is kayaking at a lake.,yes,yes.
i2t,6138,A person using a canoe on a lake,6138,A person using a canoe on a lake,yes,yes.
i2t,6138,A person canoeing down a river.,6138,A person canoeing down a river.,yes,yes.
i2t,602,A person run in the city,602,A person run in the city,yes,yes.
i2t,602,A person takes a run on street,602,A person takes a run on street,yes,yes.
i2t,602,person running in street,602,person running in street,yes,yes.
i2t,602,A person runs as a player in competitive sport.,602,A person runs as a player in competitive sport.,no,no.
i2t,602,Woman run on the street.,602,Woman run on the street.,yes,yes.
i2t,602,The woman training as a runner.,602,The woman training as a runner.,yes,yes.
i2t,602,A person runs in the city.,602,A person runs in the city.,yes,yes.
i2t,602,person run on the road,602,person run on the road,yes,yes.
i2t,602,The woman is running on the street,602,The woman is running on the street,yes,yes.
i2t,602,the person is running in a Team,602,the person is running in a Team,no,no
i2t,602,The woman runs in the city.,602,The woman runs in the city.,yes,yes.
i2t,602,girl running on the street,602,girl running on the street,yes,yes.
i2t,602,A girl is running on the street.,602,A girl is running on the street.,yes,yes.
i2t,602,Woman runs on road.,602,Woman runs on road.,yes,yes.
i2t,602,A woman running on the street.,602,A woman running on the street.,yes,yes.
i2t,602,The woman runs through the city.,602,The woman runs through the city.,yes,yes.
i2t,602,A girl running on the street.,602,A girl running on the street.,yes,yes.
i2t,602,A woman runs on the street.,602,A woman runs on the street.,yes,yes.
i2t,602,The athlete is in a running session.,602,The athlete is in a running session.,yes,yes.
i2t,602,person is a dancing person,602,person is a dancing person,no,no
i2t,602,woman runs track and field,602,woman runs track and field,no,no.
i2t,602,A woman is running on a trail.,602,A woman is running on a trail.,no,no.
i2t,602,The girl stands in the front.,602,The girl stands in the front.,yes,yes.
i2t,602,Person standing at a station.,602,Person standing at a station.,no,no.
i2t,602,The woman is training with a mile run.,602,The woman is training with a mile run.,no,no.
i2t,602,The woman is jogging down the road.,602,The woman is jogging down the road.,yes,yes.
i2t,602,A woman runs in the rain,602,A woman runs in the rain,yes,yes.
i2t,602,A woman runs in the day,602,A woman runs in the day,no,no.
i2t,602,A woman is jogging on the road.,602,A woman is jogging on the road.,yes,yes.
i2t,602,A woman walking in training shoes.,602,A woman walking in training shoes.,yes,yes.
i2t,602,A woman jogging in the park.,602,A woman jogging in the park.,no,no.
i2t,602,A woman is jogging in a park.,602,A woman is jogging in a park.,no,no.
i2t,602,A woman jogging on the road.,602,A woman jogging on the road.,yes,yes.
i2t,602,A woman jogging on a road.,602,A woman jogging on a road.,yes,yes.
i2t,602,A casually dressed girl runs down the street,602,A casually dressed girl runs down the street,no,no.
i2t,602,A woman jogs in a park.,602,A woman jogs in a park.,no,no.
i2t,602,A woman runs in the park.,602,A woman runs in the park.,no,no.
i2t,602,A woman running in a street.,602,A woman running in a street.,yes,yes.
i2t,602,A woman jogs in the road.,602,A woman jogs in the road.,yes,yes.
i2t,10591,this person makes the image,10591,this person makes the image,no,no
i2t,10591,A couple expecting a baby,10591,A couple expecting a baby,yes,yes.
i2t,10591,the person looks nice,10591,the person looks nice,yes,yes.
i2t,10591,The woman is using a camera.,10591,The woman is using a camera.,no,no.
i2t,10591,A woman is expecting a baby.,10591,A woman is expecting a baby.,yes,yes.
i2t,10591,The woman has a look on her face.,10591,The woman has a look on her face.,no,no.
i2t,10591,The woman will lie in bed with her child.,10591,The woman will lie in bed with her child.,no,no.
i2t,10591,The woman will take a photo with her camera.,10591,The woman will take a photo with her camera.,no,no.
i2t,10591,the child runs in the field,10591,the child runs in the field,no,no.
i2t,10591,The people look like a happy pair.,10591,The people look like a happy pair.,yes,yes.
i2t,10591,A couple kiss in a meadow.,10591,A couple kiss in a meadow.,yes,yes.
i2t,10591,A couple standing in a meadow.,10591,A couple standing in a meadow.,yes,yes.
i2t,10591,A couple standing on the meadow,10591,A couple standing on the meadow,yes,yes.
i2t,10591,A couple walking in the meadow.,10591,A couple walking in the meadow.,no,no.
i2t,10591,A couple walking on the meadow,10591,A couple walking on the meadow,no,no.
i2t,10591,A couple sits in a meadow.,10591,A couple sits in a meadow.,no,no.
i2t,10591,A couple walks through a meadow.,10591,A couple walks through a meadow.,no,no.
i2t,10591,A couple lies in the meadow.,10591,A couple lies in the meadow.,no,no.
i2t,10591,The couple is standing in the field kissing.,10591,The couple is standing in the field kissing.,yes,yes.
i2t,10591,A couple are sitting at a field.,10591,A couple are sitting at a field.,no,no.
i2t,10591,A couple is embracing each other.,10591,A couple is embracing each other.,yes,yes.
i2t,10591,A man and woman are kissing.,10591,A man and woman are kissing.,yes,yes.
i2t,10591,A man kissing a woman.,10591,A man kissing a woman.,yes,yes.
i2t,10591,A couple is laying in the grass.,10591,A couple is laying in the grass.,no,no.
i2t,10591,The woman stood in the grass.,10591,The woman stood in the grass.,yes,yes.
i2t,10591,The man stands in the field.,10591,The man stands in the field.,yes,yes.
i2t,10591,A couple kisses the other.,10591,A couple kisses the other.,yes,yes.
i2t,10591,The man kisses his wife.,10591,The man kisses his wife.,yes,yes.
i2t,10591,A man kisses his wife.,10591,A man kisses his wife.,yes,yes.
i2t,10591,The man kisses his girlfriend.,10591,The man kisses his girlfriend.,yes,yes.
i2t,10591,A man kisses his girlfriend.,10591,A man kisses his girlfriend.,yes,yes.
i2t,10591,The couple embraces each other.,10591,The couple embraces each other.,yes,yes.
i2t,10591,A couple hugs each other.,10591,A couple hugs each other.,no,no.
i2t,10591,A couple kisses in the park.,10591,A couple kisses in the park.,yes,yes.
i2t,10591,A couple kiss in the park.,10591,A couple kiss in the park.,yes,yes.
i2t,10591,A woman kisses a man.,10591,A woman kisses a man.,yes,yes.
i2t,10591,A person kisses his bride in a field,10591,A person kisses his bride in a field,yes,yes.
i2t,10591,The couple lies in the meadow.,10591,The couple lies in the meadow.,no,no.
i2t,10591,A couple sitting in a meadow,10591,A couple sitting in a meadow,no,no.
i2t,5238,A man is cooking food.,5238,A man is cooking food.,yes,yes.
i2t,5238,man cook in kitchen,5238,man cook in kitchen,yes,yes.
i2t,5238,A man is preparing food.,5238,A man is preparing food.,yes,yes.
i2t,5238,A man cooks food.,5238,A man cooks food.,yes,yes.
i2t,5238,A woman is cooking food.,5238,A woman is cooking food.,no,no.
i2t,5238,A man stands in the kitchen,5238,A man stands in the kitchen,yes,yes.
i2t,5238,A man cooks in the kitchen.,5238,A man cooks in the kitchen.,yes,yes.
i2t,5238,A man is standing in the kitchen.,5238,A man is standing in the kitchen.,yes,yes.
i2t,5238,man ready to cook vegetables,5238,man ready to cook vegetables,yes,yes.
i2t,5238,The chef prepares a meal.,5238,The chef prepares a meal.,yes,yes.
i2t,5238,A man is standing in the kitchen drying dishes.,5238,A man is standing in the kitchen drying dishes.,no,no.
i2t,5238,The man prepares the food.,5238,The man prepares the food.,yes,yes.
i2t,5238,A man preparing a meal.,5238,A man preparing a meal.,yes,yes.
i2t,5238,The man will sit in the kitchen.,5238,The man will sit in the kitchen.,no,no.
i2t,5238,A man sitting on the kitchen floor,5238,A man sitting on the kitchen floor,no,no.
i2t,5238,A man stands in a kitchen.,5238,A man stands in a kitchen.,yes,yes.
i2t,5238,A man preparing food.,5238,A man preparing food.,yes,yes.
i2t,5238,A woman cooks in the kitchen.,5238,A woman cooks in the kitchen.,no,no.
i2t,5238,A woman cooks food.,5238,A woman cooks food.,no,no.
i2t,5238,A man cooking meat.,5238,A man cooking meat.,no,no.
i2t,83,is this puppy running in the field?,83,is this puppy running in the field?,no,no.
i2t,83,A puppy is walking in a field.,83,A puppy is walking in a field.,yes,yes.
i2t,83,The person displays one image.,83,The person displays one image.,no,no.
i2t,83,this person makes the image,83,this person makes the image,no,no
i2t,83,A puppy is standing in the grass.,83,A puppy is standing in the grass.,yes,yes.
i2t,83,A puppy stands in a field.,83,A puppy stands in a field.,yes,yes.
i2t,83,A dog is looking at the camera.,83,A dog is looking at the camera.,no,no.
i2t,83,A puppy runs on a field.,83,A puppy runs on a field.,no,no.
i2t,83,Which person looks like this one?,83,Which person looks like this one?,no,no.
i2t,83,A person posting a picture.,83,A person posting a picture.,no,no.
i2t,83,A puppy stands in the grass.,83,A puppy stands in the grass.,yes,yes.
i2t,83,Puppy standing in grass.,83,Puppy standing in grass.,yes,yes.
i2t,83,puppy walk on the grass,83,puppy walk on the grass,yes,yes.
i2t,83,The puppy stands in the grass.,83,The puppy stands in the grass.,yes,yes.
i2t,83,A puppy is standing on a meadow.,83,A puppy is standing on a meadow.,yes,yes.
i2t,83,A puppy standing in a meadow.,83,A puppy standing in a meadow.,yes,yes.
i2t,83,Puppy walking in a field.,83,Puppy walking in a field.,yes,yes.
i2t,83,A dog stands in the grass.,83,A dog stands in the grass.,yes,yes.
i2t,83,The puppy stands in the field.,83,The puppy stands in the field.,yes,yes.
i2t,83,The dog stands in the grass.,83,The dog stands in the grass.,yes,yes.
i2t,83,The dog is standing in the lawn.,83,The dog is standing in the lawn.,yes,yes.
i2t,83,The puppy is sitting on the grass.,83,The puppy is sitting on the grass.,no,no.
i2t,83,A dog standing on the lawn.,83,A dog standing on the lawn.,yes,yes.
i2t,83,puppy sit on rthe grass,83,puppy sit on rthe grass,no,no.
i2t,83,A dog standing on the grass.,83,A dog standing on the grass.,yes,yes.
i2t,83,The dog stands on the grass.,83,The dog stands on the grass.,yes,yes.
i2t,83,The puppy stands in the background.,83,The puppy stands in the background.,no,no.
i2t,83,A puppy lays in the background,83,A puppy lays in the background,no,no.
i2t,83,dog stand,83,dog stand,no,no.
i2t,83,The puppy walks through the grass.,83,The puppy walks through the grass.,yes,yes.
i2t,83,A puppy stands in a place that isn't a garden.,83,A puppy stands in a place that isn't a garden.,no,no.
i2t,83,A puppy sits on the grass.,83,A puppy sits on the grass.,no,no.
i2t,83,A puppy sits in the grass.,83,A puppy sits in the grass.,no,no.
i2t,3390,A person takes a step on their walk.,3390,A person takes a step on their walk.,yes,yes.
i2t,3390,A person walks in a forest.,3390,A person walks in a forest.,yes,yes.
i2t,3390,A person goes into a forest.,3390,A person goes into a forest.,yes,yes.
i2t,3390,A man has a walk on a trail.,3390,A man has a walk on a trail.,yes,yes.
i2t,3390,A man runs on the trail.,3390,A man runs on the trail.,no,no.
i2t,3390,A person walking in the woods.,3390,A person walking in the woods.,yes,yes.
i2t,3390,A man walks through the forrest.,3390,A man walks through the forrest.,yes,yes.
i2t,3390,A man runs in a wood.,3390,A man runs in a wood.,no,no.
i2t,3390,A man goes for a walk on a path.,3390,A man goes for a walk on a path.,yes,yes.
i2t,3390,A man runs in a forest.,3390,A man runs in a forest.,no,no.
i2t,3390,A man walking in a forest.,3390,A man walking in a forest.,yes,yes.
i2t,3390,A man walks through the forest.,3390,A man walks through the forest.,yes,yes.
i2t,3390,A man walking through trees.,3390,A man walking through trees.,yes,yes.
i2t,3390,boy walking in forest,3390,boy walking in forest,yes,yes.
i2t,3390,A boy walking in a forest.,3390,A boy walking in a forest.,yes,yes.
i2t,3390,A man jogs through the forest.,3390,A man jogs through the forest.,yes,yes.
i2t,3390,A man hikes through the forest.,3390,A man hikes through the forest.,yes,yes.
i2t,3390,A man walking on a trail,3390,A man walking on a trail,yes,yes.
i2t,3390,A man is hiking on a trail.,3390,A man is hiking on a trail.,yes,yes.
i2t,3390,Man walks on a path.,3390,Man walks on a path.,yes,yes.
i2t,3390,Men are walking on a trail.,3390,Men are walking on a trail.,yes,yes.
i2t,3390,A man walks with no other persons,3390,A man walks with no other persons,yes,yes.
i2t,3390,A woman walking towards the woods.,3390,A woman walking towards the woods.,no,no.
i2t,3390,A man standing in the forest.,3390,A man standing in the forest.,no,no.
i2t,3390,this person goes through the forest,3390,this person goes through the forest,yes,yes.
i2t,3390,People walking through the forest.,3390,People walking through the forest.,yes,yes.
i2t,3390,Bride walking in the forest.,3390,Bride walking in the forest.,no,no.
i2t,3390,Children walking in the forest.,3390,Children walking in the forest.,no,no.
i2t,3390,man walk on the forest,3390,man walk on the forest,yes,yes.
i2t,3390,person walk in the forest,3390,person walk in the forest,yes,yes.
i2t,3390,a man hikes in the forest,3390,a man hikes in the forest,yes,yes.
i2t,3390,A man hikes in the forest.,3390,A man hikes in the forest.,yes,yes.
i2t,3390,A man hikes in a forest.,3390,A man hikes in a forest.,yes,yes.
i2t,3390,A boy walks in the forest.,3390,A boy walks in the forest.,yes,yes.
i2t,6597,actor goes to premier,6597,actor goes to premier,yes,yes.
i2t,6597,the person looks nice,6597,the person looks nice,yes,yes.
i2t,6597,The actors arrived at the debut,6597,The actors arrived at the debut,no,no.
i2t,6597,Where did the actor go dressed up?,6597,Where did the actor go dressed up?,no,no.
i2t,6597,The actor stuns in her dress.,6597,The actor stuns in her dress.,no,no.
i2t,6597,Two actor attending the red carpet,6597,Two actor attending the red carpet,yes,yes.
i2t,6597,An actor arrives with another person.,6597,An actor arrives with another person.,yes,yes.
i2t,6597,Actors that appear in a film,6597,Actors that appear in a film,yes,yes.
i2t,6597,The person looks sharp and is dressed smartly.,6597,The person looks sharp and is dressed smartly.,yes,yes.
i2t,6597,The person changed her dress,6597,The person changed her dress,no,no
i2t,6597,An actors walks on the red carpet.,6597,An actors walks on the red carpet.,no,no.
i2t,6597,An actor arrives at the award ceremony with an actress wearing a gown.,6597,An actor arrives at the award ceremony with an actress wearing a gown.,no,no.
i2t,6597,An actor attended a red carpet for the britich category,6597,An actor attended a red carpet for the britich category,no,no.
i2t,6597,Two actors pose for a movie festival.,6597,Two actors pose for a movie festival.,yes,yes.
i2t,6597,Two actors arrive for a fashion show.,6597,Two actors arrive for a fashion show.,no,no.
i2t,6597,A pair of scriptwriters arriving at a premiere,6597,A pair of scriptwriters arriving at a premiere,no,no.
i2t,6597,The actors arrive at the movie premiere.,6597,The actors arrive at the movie premiere.,yes,yes.
i2t,6597,Actors arrive at a festival.,6597,Actors arrive at a festival.,yes,yes.
i2t,6597,They will attend the celebration in person.,6597,They will attend the celebration in person.,yes,yes.
i2t,6597,An actor is in a suit.,6597,An actor is in a suit.,yes,yes.
i2t,6597,An actor is wearing a skirt.,6597,An actor is wearing a skirt.,yes,yes.
i2t,6597,Actresses arrive at a premiere,6597,Actresses arrive at a premiere,yes,yes.
i2t,6597,how can an actor be their best actor?,6597,how can an actor be their best actor?,no,no.
i2t,6597,The people look like a happy pair.,6597,The people look like a happy pair.,no,no.
i2t,6597,An actress arrives at a premiere.,6597,An actress arrives at a premiere.,yes,yes.
i2t,6597,Three actors attending a screening.,6597,Three actors attending a screening.,no,no.
i2t,6597,The actors pose at the premiere.,6597,The actors pose at the premiere.,yes,yes.
i2t,6597,An actor attending a film event.,6597,An actor attending a film event.,yes,yes.
i2t,6597,An actor attending a film show,6597,An actor attending a film show,yes,yes.
i2t,6597,An actor attends the ceremony.,6597,An actor attends the ceremony.,yes,yes.
i2t,6597,An actor appears at a premiere.,6597,An actor appears at a premiere.,no,no.
i2t,6597,Actors pose in for film premiere.,6597,Actors pose in for film premiere.,yes,yes.
i2t,6597,The person arrives at a premiere.,6597,The person arrives at a premiere.,yes,yes.
i2t,6597,Actors attend the red carpet.,6597,Actors attend the red carpet.,yes,yes.
i2t,6597,A actor arrives in a dress.,6597,A actor arrives in a dress.,no,no.
i2t,6597,actor arrives in gown.,6597,actor arrives in gown.,no,no.
i2t,6597,A person is posing at the premiere.,6597,A person is posing at the premiere.,yes,yes.
i2t,6597,A woman arrives at a film premier.,6597,A woman arrives at a film premier.,yes,yes.
i2t,6597,Actors pose at a premiere.,6597,Actors pose at a premiere.,yes,yes.
i2t,6597,An actress arrives at a film premiere.,6597,An actress arrives at a film premiere.,yes,yes.
i2t,6597,Actors pose at the screening.,6597,Actors pose at the screening.,yes,yes.
i2t,10498,this person makes the image,10498,this person makes the image,yes,yes.
i2t,10498,person celebrates game,10498,person celebrates game,no,no.
i2t,10498,The person jumps in the air.,10498,The person jumps in the air.,yes,yes.
i2t,10498,A person jumps in the air,10498,A person jumps in the air,yes,yes.
i2t,10498,The player leaped in the air,10498,The player leaped in the air,yes,yes.
i2t,10498,an actor will portray a character,10498,an actor will portray a character,no,no.
i2t,10498,A man is jumping off a cliff.,10498,A man is jumping off a cliff.,no,no.
i2t,10498,A person jumps in front of a background.,10498,A person jumps in front of a background.,yes,yes.
i2t,10498,The person displays one image.,10498,The person displays one image.,yes,yes.
i2t,10498,a person takes a jump,10498,a person takes a jump,yes,yes.
i2t,10498,A man jumps in the air.,10498,A man jumps in the air.,yes,yes.
i2t,10498,a person is jumping with a white background.,10498,a person is jumping with a white background.,yes,yes.
i2t,10498,A man is jumping in a field.,10498,A man is jumping in a field.,no,no.
i2t,10498,A man jumps in a field,10498,A man jumps in a field,no,no.
i2t,10498,The man jumped across the mountain.,10498,The man jumped across the mountain.,no,no.
i2t,10498,A man is jumping at the field.,10498,A man is jumping at the field.,no,no.
i2t,10498,The businessman runs with his briefcase.,10498,The businessman runs with his briefcase.,no,no.
i2t,10498,The man jumps over the tree.,10498,The man jumps over the tree.,no,no.
i2t,10498,A  man jump in the mountain,10498,A  man jump in the mountain,no,no.
i2t,10498,a man jumping in the background,10498,a man jumping in the background,no,no.
i2t,10498,a man doing a dance,10498,a man doing a dance,no,no.
i2t,10498,A man waving his hand.,10498,A man waving his hand.,no,no.
i2t,10498,a man raises his arm,10498,a man raises his arm,yes,yes.
i2t,10498,Man stepping Up,10498,Man stepping Up,no,no.
i2t,10498,A man raising his arm.,10498,A man raising his arm.,no,no.
i2t,10498,person is a dancing person,10498,person is a dancing person,yes,yes.
i2t,10498,A person jumping in the air,10498,A person jumping in the air,yes,yes.
i2t,10498,A man is jumping in the background.,10498,A man is jumping in the background.,no,no.
i2t,10498,A person leaps in the air.,10498,A person leaps in the air.,yes,yes.
i2t,10498,A person celebrating the crowd,10498,A person celebrating the crowd,no,no.
i2t,10498,person celebrate in a sport player,10498,person celebrate in a sport player,no,no.
i2t,10498,A person is performing a celebration.,10498,A person is performing a celebration.,yes,yes.
i2t,10498,a person celebrate a fan,10498,a person celebrate a fan,no,no.
i2t,10498,A person celebrates at an event.,10498,A person celebrates at an event.,yes,yes.
i2t,10498,The businessman raises his hand.,10498,The businessman raises his hand.,no,no.
i2t,10498,A person raising his arms.,10498,A person raising his arms.,yes,yes.
i2t,10498,The coach is trying to celebrate with the player.,10498,The coach is trying to celebrate with the player.,no,no.
i2t,10498,A player celebrates his success as an athlete.,10498,A player celebrates his success as an athlete.,no,no.
i2t,10498,This person is a player celebrating a win.,10498,This person is a player celebrating a win.,yes,yes.
i2t,10498,the businessman raised his hand,10498,the businessman raised his hand,yes,yes.
i2t,10498,A person celebrating after wining a video game.,10498,A person celebrating after wining a video game.,no,no.
i2t,10498,A person jumps in celebration at the beach.,10498,A person jumps in celebration at the beach.,no,no.
i2t,10498,A person celebrates winning a championship.,10498,A person celebrates winning a championship.,yes,yes.
i2t,5198,A person stand with the team,5198,A person stand with the team,no,no.
i2t,5198,The person looks at the team.,5198,The person looks at the team.,no,no.
i2t,5198,A PICTURE OF A TEAM PLAYER BRINGS UNITY,5198,A PICTURE OF A TEAM PLAYER BRINGS UNITY,no,no.
i2t,5198,A group of people run as a team,5198,A group of people run as a team,no,no.
i2t,5198,The team line up at a match,5198,The team line up at a match,yes,yes.
i2t,5198,players celebration,5198,players celebration,no,no
i2t,5198,player thanks fans,5198,player thanks fans,no,no
i2t,5198,The players win the league.,5198,The players win the league.,no,no.
i2t,5198,half of the players reaction after the game.,5198,half of the players reaction after the game.,no,no.
i2t,5198,players are stand in the pitch,5198,players are stand in the pitch,yes,yes.
i2t,5198,Players standing for the anthem.,5198,Players standing for the anthem.,yes,yes.
i2t,5198,The players stand by while the referee looks to the sideline.,5198,The players stand by while the referee looks to the sideline.,yes,yes.
i2t,5198,The players fight for change before their match.,5198,The players fight for change before their match.,no,no.
i2t,5198,Players line up during a match.,5198,Players line up during a match.,yes,yes.
i2t,5198,Players walking onto the pitch.,5198,Players walking onto the pitch.,yes,yes.
i2t,5198,Players walk onto the pitch.,5198,Players walk onto the pitch.,yes,yes.
i2t,5198,Players walk by the pitch.,5198,Players walk by the pitch.,yes,yes.
i2t,5198,Players are walking on the pitch.,5198,Players are walking on the pitch.,yes,yes.
i2t,5198,Players stands on the sideline,5198,Players stands on the sideline,no,no.
i2t,5198,Players are celebrating with their team,5198,Players are celebrating with their team,no,no.
i2t,5198,A player wanted to leave the team,5198,A player wanted to leave the team,no,no.
i2t,5198,Players are looking from the sideline.,5198,Players are looking from the sideline.,no,no.
i2t,5198,Players walking on the sideline.,5198,Players walking on the sideline.,yes,yes.
i2t,5198,Players looking on a field.,5198,Players looking on a field.,yes,yes.
i2t,5198,Players are walking on the sideline.,5198,Players are walking on the sideline.,no,no.
i2t,5198,the players stand in the sideline,5198,the players stand in the sideline,no,no.
i2t,5198,The players are walking onto the pitch to begin the match.,5198,The players are walking onto the pitch to begin the match.,yes,yes.
i2t,5198,The players stood in line at the match.,5198,The players stood in line at the match.,yes,yes.
i2t,5198,Players are standing on a sideline.,5198,Players are standing on a sideline.,yes,yes.
i2t,5198,Players walk before the match.,5198,Players walk before the match.,yes,yes.
i2t,5198,The players hold their jerseys.,5198,The players hold their jerseys.,no,no.
i2t,5198,Players walk to their match.,5198,Players walk to their match.,yes,yes.
i2t,5198,The team enters the field.,5198,The team enters the field.,yes,yes.
i2t,5198,Players stand in a circle before a soccer match.,5198,Players stand in a circle before a soccer match.,no,no.
i2t,5198,The Players are walking the field before the match.,5198,The Players are walking the field before the match.,yes,yes.
i2t,5198,The people in the stands watch the players have a soccer match.,5198,The people in the stands watch the players have a soccer match.,no,no.
i2t,5198,Players kneeling during the anthem.,5198,Players kneeling during the anthem.,no,no.
i2t,532,A person posting a picture.,532,A person posting a picture.,no,no.
i2t,532,Man sits in his office,532,Man sits in his office,yes,yes.
i2t,532,A person sits and shops online,532,A person sits and shops online,no,no.
i2t,532,A person sits in an office.,532,A person sits in an office.,yes,yes.
i2t,532,A man is using a computer.,532,A man is using a computer.,yes,yes.
i2t,532,Man sits in front of a computer,532,Man sits in front of a computer,yes,yes.
i2t,532,this person makes the image,532,this person makes the image,no,no
i2t,532,The man looks at the computer.,532,The man looks at the computer.,no,no.
i2t,532,The person displays one image.,532,The person displays one image.,yes,yes.
i2t,532,The business man is sitting in a chair.,532,The business man is sitting in a chair.,yes,yes.
i2t,532,A business man is leaning on a desk.,532,A business man is leaning on a desk.,yes,yes.
i2t,532,A man sitting in an office.,532,A man sitting in an office.,yes,yes.
i2t,532,The man sits at the desk.,532,The man sits at the desk.,yes,yes.
i2t,532,The tired person sits in the office.,532,The tired person sits in the office.,no,no.
i2t,532,A businessman sits at a desk.,532,A businessman sits at a desk.,yes,yes.
i2t,532,A man sitting at a desk.,532,A man sitting at a desk.,yes,yes.
i2t,532,Man standing at a desk.,532,Man standing at a desk.,no,no.
i2t,532,A man sitting on a desk,532,A man sitting on a desk,yes,yes.
i2t,532,The man stands in front of the desk.,532,The man stands in front of the desk.,no,no.
i2t,532,A man has no room to sit in the office,532,A man has no room to sit in the office,no,no.
i2t,532,The person stands in the office,532,The person stands in the office,no,no.
i2t,532,The man is standing at a desk.,532,The man is standing at a desk.,no,no.
i2t,532,The man used his computer,532,The man used his computer,yes,yes.
i2t,532,A man uses a computer.,532,A man uses a computer.,yes,yes.
i2t,532,A man sits at a desk.,532,A man sits at a desk.,yes,yes.
i2t,532,A man stands at his desk.,532,A man stands at his desk.,no,no.
i2t,532,A man standing at a desk.,532,A man standing at a desk.,no,no.
i2t,532,A man stands at a desk.,532,A man stands at a desk.,no,no.
i2t,532,A man standing at a table on his computer.,532,A man standing at a table on his computer.,no,no.
i2t,532,A man stands in an office.,532,A man stands in an office.,no,no.
i2t,3749,The person displays one image.,3749,The person displays one image.,no,no.
i2t,3749,A person standing by a window.,3749,A person standing by a window.,yes,yes.
i2t,3749,A person sitting at a window.,3749,A person sitting at a window.,yes,yes.
i2t,3749,A person looks through a window.,3749,A person looks through a window.,no,no.
i2t,3749,A person stands next to a window.,3749,A person stands next to a window.,no,no.
i2t,3749,A person appears in an image.,3749,A person appears in an image.,yes,yes.
i2t,3749,The person in the photograph looks out the window.,3749,The person in the photograph looks out the window.,no,no.
i2t,3749,A person sits at a window.,3749,A person sits at a window.,yes,yes.
i2t,3749,The window gives the woman a good look.,3749,The window gives the woman a good look.,no,no.
i2t,3749,A person is walking near a window.,3749,A person is walking near a window.,no,no.
i2t,3749,A girl sits by a window.,3749,A girl sits by a window.,yes,yes.
i2t,3749,A girl sits at a window,3749,A girl sits at a window,yes,yes.
i2t,3749,A woman sits in a window.,3749,A woman sits in a window.,yes,yes.
i2t,3749,A girl is sitting by the window.,3749,A girl is sitting by the window.,yes,yes.
i2t,3749,A girl sits on a wall.,3749,A girl sits on a wall.,no,no.
i2t,3749,A woman sits on a windowsill.,3749,A woman sits on a windowsill.,yes,yes.
i2t,3749,A woman sits in the windowsill.,3749,A woman sits in the windowsill.,no,no.
i2t,3749,A woman sits in a window sill.,3749,A woman sits in a window sill.,no,no.
i2t,3749,A girl sits and waits.,3749,A girl sits and waits.,no,no.
i2t,3749,Woman staring out window,3749,Woman staring out window,yes,yes.
i2t,3749,A MAN SITS IN THE WINDOWSILL,3749,A MAN SITS IN THE WINDOWSILL,no,no.
i2t,3749,A man sits near to the windowsill,3749,A man sits near to the windowsill,no,no.
i2t,3749,A child stand in the window,3749,A child stand in the window,no,no.
i2t,3749,A woman walking by a window,3749,A woman walking by a window,no,no.
i2t,3749,man opening the window,3749,man opening the window,no,no
i2t,3749,Child looking through window,3749,Child looking through window,no,no.
i2t,3749,The woman stands at the window.,3749,The woman stands at the window.,no,no.
i2t,3749,A person looks through glass,3749,A person looks through glass,no,no.
i2t,3749,A child looks through a window.,3749,A child looks through a window.,no,no.
i2t,3749,A child is looking out the window.,3749,A child is looking out the window.,no,no.
i2t,3749,The person sit in the window opposite side,3749,The person sit in the window opposite side,no,no.
i2t,3749,Children peer through a window.,3749,Children peer through a window.,no,no.
i2t,3749,A girl can be seen sitting by the window.,3749,A girl can be seen sitting by the window.,yes,yes.
i2t,3749,A woman stands in front of a window.,3749,A woman stands in front of a window.,no,no.
i2t,3749,A woman looks out a window.,3749,A woman looks out a window.,no,no.
i2t,3749,The person will stand near the window.,3749,The person will stand near the window.,no,no.
i2t,3749,A boy stands near a window.,3749,A boy stands near a window.,no,no.
i2t,3749,A man stands in front of a window.,3749,A man stands in front of a window.,no,no.
i2t,3749,A woman staring out a window.,3749,A woman staring out a window.,no,no.
i2t,3749,A woman looks out the window.,3749,A woman looks out the window.,no,no.
i2t,7401,One person communicates with another.,7401,One person communicates with another.,no,no.
i2t,7401,The student learns in the classroom.,7401,The student learns in the classroom.,no,no.
i2t,7401,The species shake in the water.,7401,The species shake in the water.,no,no.
i2t,7401,The person displays one image.,7401,The person displays one image.,no,no.
i2t,7401,The people look like a happy pair.,7401,The people look like a happy pair.,no,no.
i2t,7401,The woman looked at her laptop.,7401,The woman looked at her laptop.,yes,yes.
i2t,7401,A woman is looking at her laptop.,7401,A woman is looking at her laptop.,yes,yes.
i2t,7401,A woman turns her head to the side.,7401,A woman turns her head to the side.,no,no.
i2t,7401,A person sends a message to another person.,7401,A person sends a message to another person.,no,no.
i2t,7401,A woman and a man are standing back to back.,7401,A woman and a man are standing back to back.,no,no.
i2t,7401,People smile in their pictures for the event,7401,People smile in their pictures for the event,yes,yes.
i2t,7401,A couple is sitting in front of a couch.,7401,A couple is sitting in front of a couch.,no,no.
i2t,7401,A couple is sitting on a sofa.,7401,A couple is sitting on a sofa.,no,no.
i2t,7401,Man looking at other women,7401,Man looking at other women,no,no.
i2t,7401,Woman looking at laptop,7401,Woman looking at laptop,yes,yes.
i2t,7401,A woman is holding a laptop.,7401,A woman is holding a laptop.,yes,yes.
i2t,7401,Women sit next to men.,7401,Women sit next to men.,no,no.
i2t,7401,A couple sitting at home on the couch,7401,A couple sitting at home on the couch,no,no.
i2t,7401,A woman holds a laptop,7401,A woman holds a laptop,yes,yes.
i2t,7401,A person sitting at home,7401,A person sitting at home,no,no.
i2t,7401,A man looking at a computer.,7401,A man looking at a computer.,no,no.
i2t,7401,A woman holding a computer.,7401,A woman holding a computer.,yes,yes.
i2t,7401,A couple sitting in a house,7401,A couple sitting in a house,no,no.
i2t,7401,The woman uses her PC.,7401,The woman uses her PC.,no,no.
i2t,7401,A person working with a team,7401,A person working with a team,no,no.
i2t,7401,this person makes the image,7401,this person makes the image,no,no.
i2t,7401,A person sits in a row.,7401,A person sits in a row.,no,no.
i2t,7401,The woman stood in the front.,7401,The woman stood in the front.,no,no.
i2t,7401,people make a team.,7401,people make a team.,yes,yes.
i2t,7401,A person works with her team.,7401,A person works with her team.,no,no.
i2t,7401,A woman is smiling in the background.,7401,A woman is smiling in the background.,no,no.
i2t,7401,A person works with people.,7401,A person works with people.,yes,yes.
i2t,7401,person visit meet person,7401,person visit meet person,no,no.
i2t,7401,People work in a team.,7401,People work in a team.,yes,yes.
i2t,7401,A person attending a meeting at a computer,7401,A person attending a meeting at a computer,no,no.
i2t,7401,A man sits with a laptop.,7401,A man sits with a laptop.,no,no.
i2t,7401,A woman uses a laptop.,7401,A woman uses a laptop.,yes,yes.
i2t,7401,A woman using a computer.,7401,A woman using a computer.,yes,yes.
i2t,7401,A woman uses a computer.,7401,A woman uses a computer.,yes,yes.
i2t,7401,business sit a couch,7401,business sit a couch,no,no.
i2t,7401,A woman looks at a paper and sits at a computer.,7401,A woman looks at a paper and sits at a computer.,no,no.
i2t,7401,A woman uses the computer.,7401,A woman uses the computer.,yes,yes.
i2t,7401,A woman uses a pc,7401,A woman uses a pc,yes,yes.
i2t,1733,A person pose one,1733,A person pose one,no,no.
i2t,1733,man sit the floor,1733,man sit the floor,no,no.
i2t,1733,this person makes the image,1733,this person makes the image,no,no
i2t,1733,A person posting a picture.,1733,A person posting a picture.,no,no.
i2t,1733,A person sitting at home,1733,A person sitting at home,yes,yes.
i2t,1733,A person sitting on their side.,1733,A person sitting on their side.,no,no.
i2t,1733,A woman is sitting on the couch,1733,A woman is sitting on the couch,yes,yes.
i2t,1733,the person looks nice,1733,the person looks nice,yes,yes.
i2t,1733,A woman stretching legs.,1733,A woman stretching legs.,no,no.
i2t,1733,the woman sits with her legs up,1733,the woman sits with her legs up,yes,yes.
i2t,1733,A brunette woman lies comfortably on a sofa.,1733,A brunette woman lies comfortably on a sofa.,yes,yes.
i2t,1733,A women lie down on a  couch,1733,A women lie down on a  couch,yes,yes.
i2t,1733,A woman sits and crosses her leg.,1733,A woman sits and crosses her leg.,yes,yes.
i2t,1733,Woman laying on the floor,1733,Woman laying on the floor,no,no.
i2t,1733,a woman sits with her leg up.,1733,a woman sits with her leg up.,no,no.
i2t,1733,A woman lies on the sofa.,1733,A woman lies on the sofa.,yes,yes.
i2t,1733,A woman lying on a couch.,1733,A woman lying on a couch.,yes,yes.
i2t,1733,A girl lies on a couch.,1733,A girl lies on a couch.,yes,yes.
i2t,1733,A girl lies on a sofa.,1733,A girl lies on a sofa.,yes,yes.
i2t,1733,A woman lays on the couch.,1733,A woman lays on the couch.,yes,yes.
i2t,1733,a girl sleeping on the sofa,1733,a girl sleeping on the sofa,no,no.
i2t,1733,A women's head resting on a pillow.,1733,A women's head resting on a pillow.,no,no.
i2t,1733,A woman laying on her couch,1733,A woman laying on her couch,yes,yes.
i2t,1733,A couple is lying on a sofa,1733,A couple is lying on a sofa,no,no.
i2t,1733,A woman lies on the couch,1733,A woman lies on the couch,yes,yes.
i2t,1733,A woman lying in the bed.,1733,A woman lying in the bed.,no,no.
i2t,1733,A woman laying on a couch.,1733,A woman laying on a couch.,yes,yes.
i2t,1733,A woman lying in bed.,1733,A woman lying in bed.,no,no.
i2t,1733,A woman is lying on the sofa.,1733,A woman is lying on the sofa.,yes,yes.
i2t,1733,A woman rests on the couch.,1733,A woman rests on the couch.,yes,yes.
i2t,1733,A girl lies on the sofa.,1733,A girl lies on the sofa.,yes,yes.
i2t,1733,A woman lies on a sofa.,1733,A woman lies on a sofa.,yes,yes.
i2t,1733,A beautiful woman lies on a sofa,1733,A beautiful woman lies on a sofa,yes,yes.
i2t,1733,A woman lays on a couch.,1733,A woman lays on a couch.,yes,yes.
i2t,1733,A woman lies back.,1733,A woman lies back.,yes,yes.
i2t,1733,A woman lies on a couch.,1733,A woman lies on a couch.,yes,yes.
i2t,1733,A woman resting on a couch.,1733,A woman resting on a couch.,yes,yes.
i2t,1023,a goalie is a person who saves the ball from entering the goal.,1023,a goalie is a person who saves the ball from entering the goal.,yes,yes.
i2t,1023,The player saved the shot.,1023,The player saved the shot.,yes,yes.
i2t,1023,player save the goal,1023,player save the goal,yes,yes.
i2t,1023,The goalie defended the goal from the ball with his head.,1023,The goalie defended the goal from the ball with his head.,no,no.
i2t,1023,A player kicks a save.,1023,A player kicks a save.,no,no.
i2t,1023,A player saves the shot,1023,A player saves the shot,yes,yes.
i2t,1023,A player saves a shot.,1023,A player saves a shot.,yes,yes.
i2t,1023,The player saved a goal.,1023,The player saved a goal.,yes,yes.
i2t,1023,a player head his goal,1023,a player head his goal,no,no.
i2t,1023,Player shoots a goal.,1023,Player shoots a goal.,no,no.
i2t,1023,A person saves the ball,1023,A person saves the ball,yes,yes.
i2t,1023,A person catching a ball.,1023,A person catching a ball.,no,no.
i2t,1023,A person catching a ball,1023,A person catching a ball,yes,yes.
i2t,1023,A player is saving a goal.,1023,A player is saving a goal.,yes,yes.
i2t,1023,A player saves a kick.,1023,A player saves a kick.,yes,yes.
i2t,1023,A person saves a soccer ball.,1023,A person saves a soccer ball.,yes,yes.
i2t,1023,A person saves the ball from goal,1023,A person saves the ball from goal,yes,yes.
i2t,1023,A player making a goal,1023,A player making a goal,no,no.
i2t,1023,a player saves the kick,1023,a player saves the kick,yes,yes.
i2t,1023,A player saves a goal.,1023,A player saves a goal.,yes,yes.
i2t,1023,A player wanted to get a goal.,1023,A player wanted to get a goal.,no,no.
i2t,1023,A player gets a goal.,1023,A player gets a goal.,no,no.
i2t,1023,A player will shoot a goal.,1023,A player will shoot a goal.,no,no.
i2t,1023,The player saves a goal from being scored.,1023,The player saves a goal from being scored.,yes,yes.
i2t,1023,The player saves a goal.,1023,The player saves a goal.,yes,yes.
i2t,1023,Player gets a goal.,1023,Player gets a goal.,no,no.
i2t,1023,The teammate will score a goal.,1023,The teammate will score a goal.,no,no.
i2t,1023,A player is encouraged to save a goal.,1023,A player is encouraged to save a goal.,no,no.
i2t,1023,The player dives as he tries to score a goal.,1023,The player dives as he tries to score a goal.,no,no.
i2t,1023,The player hits a goal.,1023,The player hits a goal.,no,no.
i2t,1023,The player saves the penalty shot.,1023,The player saves the penalty shot.,yes,yes.
i2t,1023,A goalkeeper saves a ball.,1023,A goalkeeper saves a ball.,yes,yes.
i2t,1023,A goalkeeper throwing a ball.,1023,A goalkeeper throwing a ball.,no,no.
i2t,1023,The goalkeeper kicks the ball.,1023,The goalkeeper kicks the ball.,no,no.
i2t,1023,gollkeeper pounch a ball,1023,gollkeeper pounch a ball,no,no.
i2t,1023,a goalkeeper is throwing a ball,1023,a goalkeeper is throwing a ball,no,no.
i2t,1023,The goalkeeper punched the ball away from the goal.,1023,The goalkeeper punched the ball away from the goal.,no,no.
i2t,1023,A soccer player blocks a shot and saves the goal.,1023,A soccer player blocks a shot and saves the goal.,yes,yes.
i2t,1023,A soccer player saves the ball.,1023,A soccer player saves the ball.,yes,yes.
i2t,1023,A soccer player is saving the shot.,1023,A soccer player is saving the shot.,yes,yes.
i2t,12097,A man looks over at the view.,12097,A man looks over at the view.,yes,yes.
i2t,12097,A person sitting on an edge.,12097,A person sitting on an edge.,yes,yes.
i2t,12097,A person looks at the view.,12097,A person looks at the view.,yes,yes.
i2t,12097,"The person, who said will arrive here by his own car.",12097,"The person, who said will arrive here by his own car.",no,no.
i2t,12097,A man is thinking about something.,12097,A man is thinking about something.,yes,yes.
i2t,12097,the person take the view,12097,the person take the view,yes,yes.
i2t,12097,A man thinking of something,12097,A man thinking of something,yes,yes.
i2t,12097,A man is standing atop of the mountain.,12097,A man is standing atop of the mountain.,no,no.
i2t,12097,People are sitting in a room.,12097,People are sitting in a room.,no,no.
i2t,12097,A person sits on the edge.,12097,A person sits on the edge.,yes,yes.
i2t,12097,A man sits on a mountain.,12097,A man sits on a mountain.,yes,yes.
i2t,12097,A man sitting on a mountain.,12097,A man sitting on a mountain.,yes,yes.
i2t,12097,A man sitting on a cliff.,12097,A man sitting on a cliff.,yes,yes.
i2t,12097,A man sits on a cliff.,12097,A man sits on a cliff.,yes,yes.
i2t,12097,The man enjoys the view.,12097,The man enjoys the view.,yes,yes.
i2t,12097,The man sits on the rock.,12097,The man sits on the rock.,yes,yes.
i2t,12097,A man sitting on the edge of a cliff.,12097,A man sitting on the edge of a cliff.,yes,yes.
i2t,12097,A man sits on a rock.,12097,A man sits on a rock.,yes,yes.
i2t,12097,man sit on the terrace,12097,man sit on the terrace,no,no.
i2t,12097,A man sitting on a rock.,12097,A man sitting on a rock.,yes,yes.
i2t,12097,Man is standing on a hill.,12097,Man is standing on a hill.,no,no.
i2t,12097,The person sits on the hill.,12097,The person sits on the hill.,no,no.
i2t,12097,A person sitting on a cliff,12097,A person sitting on a cliff,yes,yes.
i2t,12097,the person rests on the rock,12097,the person rests on the rock,yes,yes.
i2t,12097,the man stand on the hill,12097,the man stand on the hill,no,no.
i2t,12097,A man admiring the view.,12097,A man admiring the view.,yes,yes.
i2t,12097,A person sits on a cliff,12097,A person sits on a cliff,yes,yes.
i2t,12097,A person is sitting by the sun.,12097,A person is sitting by the sun.,no,no.
i2t,12097,A person sitting on a cliff.,12097,A person sitting on a cliff.,yes,yes.
i2t,12097,A man sits on the top.,12097,A man sits on the top.,yes,yes.
i2t,12097,The person enjoys the view.,12097,The person enjoys the view.,yes,yes.
i2t,12097,A person sitting above a rock,12097,A person sitting above a rock,no,no.
i2t,12097,A sun rises majestically in the mist of a mountain.,12097,A sun rises majestically in the mist of a mountain.,yes,yes.
i2t,12097,A man standing on top of a mountain.,12097,A man standing on top of a mountain.,no,no.
i2t,12097,A person is enjoying a sunset.,12097,A person is enjoying a sunset.,yes,yes.
i2t,12097,person enjoy a sunset,12097,person enjoy a sunset,yes,yes.
i2t,12097,The man stood on the mountain.,12097,The man stood on the mountain.,no,no.
i2t,1632,The person is holding a dog.,1632,The person is holding a dog.,yes,yes.
i2t,1632,A woman is looking at the view.,1632,A woman is looking at the view.,yes,yes.
i2t,1632,Can we take the kid for a walk on the beach?,1632,Can we take the kid for a walk on the beach?,no,no.
i2t,1632,A woman is taking her dog.,1632,A woman is taking her dog.,yes,yes.
i2t,1632,a woman is holding a dog,1632,a woman is holding a dog,yes,yes.
i2t,1632,is this girl looking at the ocean?,1632,is this girl looking at the ocean?,yes,yes.
i2t,1632,A woman tells the dog to sit.,1632,A woman tells the dog to sit.,no,no.
i2t,1632,The woman is using a camera.,1632,The woman is using a camera.,no,no.
i2t,1632,The person is holding the dog.,1632,The person is holding the dog.,yes,yes.
i2t,1632,A woman enjoying the view,1632,A woman enjoying the view,yes,yes.
i2t,1632,The woman sits on the tree.,1632,The woman sits on the tree.,yes,yes.
i2t,1632,A woman sits on a tree branch.,1632,A woman sits on a tree branch.,yes,yes.
i2t,1632,A girl sitting on a tree.,1632,A girl sitting on a tree.,yes,yes.
i2t,1632,A woman sits on a branch above the sand.,1632,A woman sits on a branch above the sand.,yes,yes.
i2t,1632,a girl sitting on a tree branch,1632,a girl sitting on a tree branch,yes,yes.
i2t,1632,A girl sits on a tree branch.,1632,A girl sits on a tree branch.,yes,yes.
i2t,1632,A woman sits on a tree.,1632,A woman sits on a tree.,yes,yes.
i2t,1632,A girl sitting on a branch.,1632,A girl sitting on a branch.,yes,yes.
i2t,1632,"The woman leans on the tree,",1632,"The woman leans on the tree,",no,no.
i2t,1632,The girl is sitting on a branch.,1632,The girl is sitting on a branch.,yes,yes.
i2t,1632,The woman sits on the beach.,1632,The woman sits on the beach.,yes,yes.
i2t,1632,A girl is sitting on the beach.,1632,A girl is sitting on the beach.,yes,yes.
i2t,1632,An animal sitting at the beach.,1632,An animal sitting at the beach.,yes,yes.
i2t,1632,The lady is sitting on the beach.,1632,The lady is sitting on the beach.,yes,yes.
i2t,1632,The woman sits at the shore.,1632,The woman sits at the shore.,yes,yes.
i2t,1632,A woman is laying on the beach.,1632,A woman is laying on the beach.,no,no.
i2t,1632,The girl sits on the sand.,1632,The girl sits on the sand.,no,no.
i2t,1632,A woman is sitting near the ocean.,1632,A woman is sitting near the ocean.,yes,yes.
i2t,1632,A woman is looking at the ocean.,1632,A woman is looking at the ocean.,yes,yes.
i2t,1632,The woman sunbathes on the beach.,1632,The woman sunbathes on the beach.,no,no.
i2t,1632,woman sit,1632,woman sit,yes,yes.
i2t,1632,dog stand,1632,dog stand,no,no.
i2t,1632,One girl enjoy in a beach.,1632,One girl enjoy in a beach.,yes,yes.
i2t,1632,The woman holds the dog.,1632,The woman holds the dog.,yes,yes.
i2t,1632,A woman carry a dog.,1632,A woman carry a dog.,yes,yes.
i2t,1632,A woman enjoys time at the beach.,1632,A woman enjoys time at the beach.,yes,yes.
i2t,1632,The dog sat on the tree.,1632,The dog sat on the tree.,no,no.
i2t,1632,woman sits on beach,1632,woman sits on beach,yes,yes.
i2t,1632,A woman sits on the beach.,1632,A woman sits on the beach.,yes,yes.
i2t,1632,a girl sitting by the beach,1632,a girl sitting by the beach,yes,yes.
i2t,1632,A woman sits on the beach,1632,A woman sits on the beach,yes,yes.
i2t,1632,A lady sitting on the beach.,1632,A lady sitting on the beach.,yes,yes.
i2t,1632,A woman sits on a beach.,1632,A woman sits on a beach.,yes,yes.
i2t,1632,A LADY SITS IN THE BEACH.,1632,A LADY SITS IN THE BEACH.,yes,yes.
i2t,1632,A woman resting on the beach.,1632,A woman resting on the beach.,yes,yes.
i2t,1632,A woman rests on the beach.,1632,A woman rests on the beach.,yes,yes.
i2t,1632,A dog is sitting on the beach.,1632,A dog is sitting on the beach.,no,no.
i2t,1632,A woman enjoys the beach.,1632,A woman enjoys the beach.,yes,yes.
i2t,1632,A dog lies on the beach.,1632,A dog lies on the beach.,no,no.
i2t,1632,A dog is lying on the beach.,1632,A dog is lying on the beach.,no,no.
i2t,1632,A woman is enjoying the beach.,1632,A woman is enjoying the beach.,yes,yes.
i2t,1632,A dog lays on a beach.,1632,A dog lays on a beach.,no,no.
i2t,1632,A woman and here dog sit next to a lake.,1632,A woman and here dog sit next to a lake.,no,no.
i2t,1632,The woman enjoys the beach.,1632,The woman enjoys the beach.,yes,yes.
i2t,1632,A woman sits with a dog.,1632,A woman sits with a dog.,yes,yes.
i2t,9966,A person sits and tries to take a step.,9966,A person sits and tries to take a step.,no,no.
i2t,9966,Woman is sitting on the staircase.,9966,Woman is sitting on the staircase.,yes,yes.
i2t,9966,girl sit on the step,9966,girl sit on the step,yes,yes.
i2t,9966,A girl is sitting on the stairs.,9966,A girl is sitting on the stairs.,yes,yes.
i2t,9966,A person pose one,9966,A person pose one,no,no.
i2t,9966,the person looks nice,9966,the person looks nice,yes,yes.
i2t,9966,the girl  look is very nice.,9966,the girl  look is very nice.,yes,yes.
i2t,9966,a person sitting on a stair,9966,a person sitting on a stair,yes,yes.
i2t,9966,A person sits and shops online,9966,A person sits and shops online,no,no.
i2t,9966,A girls sits to take a picture.,9966,A girls sits to take a picture.,no,no.
i2t,9966,girl sit on the groung,9966,girl sit on the groung,no,no.
i2t,9966,The girl sat on the stair.,9966,The girl sat on the stair.,yes,yes.
i2t,9966,Tis woman is sitting on the staircase.,9966,Tis woman is sitting on the staircase.,yes,yes.
i2t,9966,A woman sitting on the stairs.,9966,A woman sitting on the stairs.,yes,yes.
i2t,9966,A girl sit on the edge,9966,A girl sit on the edge,no,no.
i2t,9966,girl sit on the park,9966,girl sit on the park,yes,yes.
i2t,9966,A woman sits on the stairs.,9966,A woman sits on the stairs.,yes,yes.
i2t,9966,The woman sits on the stairs.,9966,The woman sits on the stairs.,yes,yes.
i2t,9966,The person sits on the stairs.,9966,The person sits on the stairs.,yes,yes.
i2t,9966,A woman sitting on a ledge.,9966,A woman sitting on a ledge.,no,no.
i2t,9966,A man sitting on the steps.,9966,A man sitting on the steps.,no,no.
i2t,9966,A girl sitting on the pavement.,9966,A girl sitting on the pavement.,no,no.
i2t,9966,woman sit,9966,woman sit,yes,yes.
i2t,9966,A girl sits and waits.,9966,A girl sits and waits.,no,no.
i2t,9966,The girl goes down the stairs.,9966,The girl goes down the stairs.,no,no.
i2t,9966,A woman sitting against a wall.,9966,A woman sitting against a wall.,no,no.
i2t,9966,A woman sits against a wall.,9966,A woman sits against a wall.,no,no.
i2t,9966,A woman sits on a staircase.,9966,A woman sits on a staircase.,yes,yes.
i2t,9966,A girl sits on steps near a street.,9966,A girl sits on steps near a street.,no,no.
i2t,9966,The woman is sitting against the wall.,9966,The woman is sitting against the wall.,no,no.
i2t,9966,A woman sits on the staircase.,9966,A woman sits on the staircase.,yes,yes.
i2t,8486,Some people walk through an airport.,8486,Some people walk through an airport.,yes,yes.
i2t,8486,Passengers arrive at a flight.,8486,Passengers arrive at a flight.,no,no.
i2t,8486,The person looks like she is heading to work.,8486,The person looks like she is heading to work.,no,no.
i2t,8486,"The person, who said will arrive here by his own car.",8486,"The person, who said will arrive here by his own car.",no,no.
i2t,8486,A man walks with a suitcase,8486,A man walks with a suitcase,no,no.
i2t,8486,Passengers arrive for their flight.,8486,Passengers arrive for their flight.,no,no.
i2t,8486,The person walks toward the camera.,8486,The person walks toward the camera.,no,no.
i2t,8486,The woman walks away with another person.,8486,The woman walks away with another person.,no,no.
i2t,8486,The woman stands facing the front.,8486,The woman stands facing the front.,no,no.
i2t,8486,A person takes a step on their walk.,8486,A person takes a step on their walk.,yes,yes.
i2t,8486,The woman walks on top of the pavement.,8486,The woman walks on top of the pavement.,no,no.
i2t,8486,A woman is walking in the middle of the day.,8486,A woman is walking in the middle of the day.,yes,yes.
i2t,8486,A girl walks with a travel bag.,8486,A girl walks with a travel bag.,yes,yes.
i2t,8486,A woman is carrying her bag.,8486,A woman is carrying her bag.,yes,yes.
i2t,8486,A woman walks with a bag.,8486,A woman walks with a bag.,yes,yes.
i2t,8486,A person takes a walk in a city.,8486,A person takes a walk in a city.,no,no.
i2t,8486,The woman walks on the pavement.,8486,The woman walks on the pavement.,no,no.
i2t,8486,The person walks to the office.,8486,The person walks to the office.,no,no.
i2t,8486,a person walking across pavement,8486,a person walking across pavement,no,no.
i2t,8486,A person traveling the city.,8486,A person traveling the city.,no,no.
i2t,8486,A woman walks past a window in an airport.,8486,A woman walks past a window in an airport.,yes,yes.
i2t,8486,The person walks by a building.,8486,The person walks by a building.,no,no.
i2t,8486,A man walks with no other persons,8486,A man walks with no other persons,no,no.
i2t,8486,A person walks in the city,8486,A person walks in the city,no,no.
i2t,8486,A person looks at the view.,8486,A person looks at the view.,no,no.
i2t,8486,a man walking on an edge,8486,a man walking on an edge,no,no.
i2t,8486,A person walks in the city.,8486,A person walks in the city.,no,no.
i2t,8486,A person walks on the building's edge.,8486,A person walks on the building's edge.,no,no.
i2t,8486,A person is walking near a window.,8486,A person is walking near a window.,yes,yes.
i2t,8486,A person walks in the background.,8486,A person walks in the background.,no,no.
i2t,8486,The person walked past the window.,8486,The person walked past the window.,yes,yes.
i2t,8486,The person walks towards the business meeting.,8486,The person walks towards the business meeting.,no,no.
i2t,8486,A person is walking home.,8486,A person is walking home.,no,no.
i2t,8486,A person travels the city with her bags and phone.,8486,A person travels the city with her bags and phone.,no,no.
i2t,8486,A man walking on the road is carrying a suitcase.,8486,A man walking on the road is carrying a suitcase.,no,no.
i2t,8486,A celebrity going through the airport,8486,A celebrity going through the airport,no,no
i2t,8486,A man walks with a briefcase.,8486,A man walks with a briefcase.,no,no.
i2t,8486,A man walking with his briefcase.,8486,A man walking with his briefcase.,no,no.
i2t,8486,A girl walking on the pavement to go somewhere,8486,A girl walking on the pavement to go somewhere,no,no.
i2t,8486,A woman walks towards the camera.,8486,A woman walks towards the camera.,no,no.
i2t,303,A person sits and shops online,303,A person sits and shops online,no,no
i2t,303,A person sits in a cafe.,303,A person sits in a cafe.,yes,yes.
i2t,303,the person looks nice,303,the person looks nice,yes,yes.
i2t,303,woman sit,303,woman sit,yes,yes.
i2t,303,A person sitting in a cafe describing something to another person,303,A person sitting in a cafe describing something to another person,no,no.
i2t,303,A person pose one,303,A person pose one,no,no.
i2t,303,A woman sits in a coffee shop.,303,A woman sits in a coffee shop.,yes,yes.
i2t,303,The girl think about how to spend money,303,The girl think about how to spend money,no,no
i2t,303,a womans seat at the table,303,a womans seat at the table,yes,yes.
i2t,303,A person waiting for another person.,303,A person waiting for another person.,no,no.
i2t,303,Woman sitting on a terrace,303,Woman sitting on a terrace,yes,yes.
i2t,303,Woman sits on terrace.,303,Woman sits on terrace.,yes,yes.
i2t,303,A woman sitting in a terrace.,303,A woman sitting in a terrace.,yes,yes.
i2t,303,A woman sitting on a terrace,303,A woman sitting on a terrace,yes,yes.
i2t,303,A woman sits on the terrace.,303,A woman sits on the terrace.,yes,yes.
i2t,303,this girl sits on the street,303,this girl sits on the street,yes,yes.
i2t,303,A woman sits on a  terrace.,303,A woman sits on a  terrace.,yes,yes.
i2t,303,A woman sits near the street.,303,A woman sits near the street.,yes,yes.
i2t,303,A woman sits by the street.,303,A woman sits by the street.,yes,yes.
i2t,303,girl sit on the step,303,girl sit on the step,no,no.
i2t,303,The woman sits on the table.,303,The woman sits on the table.,no,no.
i2t,303,woman sit in the table,303,woman sit in the table,yes,yes.
i2t,303,The girl sits on the bench.,303,The girl sits on the bench.,no,no.
i2t,303,At the table a woman sits,303,At the table a woman sits,yes,yes.
i2t,303,Person sitting on a bench.,303,Person sitting on a bench.,no,no.
i2t,303,The woman sits at the table,303,The woman sits at the table,yes,yes.
i2t,303,A woman is walking in the city.,303,A woman is walking in the city.,no,no.
i2t,303,The woman took a seat at the table.,303,The woman took a seat at the table.,yes,yes.
i2t,303,a girl sitting on a bench,303,a girl sitting on a bench,no,no.
i2t,303,A woman is sitting on a bench.,303,A woman is sitting on a bench.,no,no.
i2t,303,A woman sits in the city.,303,A woman sits in the city.,yes,yes.
i2t,303,A woman sits on a bench.,303,A woman sits on a bench.,no,no.
i2t,303,woman sitting at table,303,woman sitting at table,yes,yes.
i2t,303,person sit in the cafe shop,303,person sit in the cafe shop,yes,yes.
i2t,303,a lady sits in the table,303,a lady sits in the table,yes,yes.
i2t,303,A woman sits at a table.,303,A woman sits at a table.,yes,yes.
i2t,303,A lady sits at a table.,303,A lady sits at a table.,yes,yes.
i2t,303,A woman sits on a balcony.,303,A woman sits on a balcony.,no,no.
i2t,1667,A man runs on the trail.,1667,A man runs on the trail.,yes,yes.
i2t,1667,A person runs as a player in competitive sport.,1667,A person runs as a player in competitive sport.,no,no.
i2t,1667,A person runs on a trail.,1667,A person runs on a trail.,yes,yes.
i2t,1667,A person follows others on a run.,1667,A person follows others on a run.,no,no.
i2t,1667,A man runs on a mountain.,1667,A man runs on a mountain.,no,no.
i2t,1667,the runner is runs a day,1667,the runner is runs a day,no,no
i2t,1667,The man runs on the path.,1667,The man runs on the path.,yes,yes.
i2t,1667,The people run in a race.,1667,The people run in a race.,no,no.
i2t,1667,A group of people run as a team,1667,A group of people run as a team,no,no.
i2t,1667,Man runs the trail.,1667,Man runs the trail.,yes,yes.
i2t,1667,Two men are running up a trail.,1667,Two men are running up a trail.,yes,yes.
i2t,1667,Two men run on a trail.,1667,Two men run on a trail.,yes,yes.
i2t,1667,A person running the trail,1667,A person running the trail,yes,yes.
i2t,1667,The man ran down the trail.,1667,The man ran down the trail.,no,no.
i2t,1667,A man running on the trail.,1667,A man running on the trail.,yes,yes.
i2t,1667,Men walking a trail,1667,Men walking a trail,yes,yes.
i2t,1667,A man and a woman run up a hill.,1667,A man and a woman run up a hill.,no,no.
i2t,1667,Men are walking on a trail.,1667,Men are walking on a trail.,yes,yes.
i2t,1667,A fit man runs up a mountain in bright shoes.,1667,A fit man runs up a mountain in bright shoes.,no,no.
i2t,1667,A person walking on a trail.,1667,A person walking on a trail.,yes,yes.
i2t,1667,A man is hiking on a trail.,1667,A man is hiking on a trail.,yes,yes.
i2t,1667,A man walking on a trail,1667,A man walking on a trail,yes,yes.
i2t,1667,The person rides on the trail.,1667,The person rides on the trail.,no,no.
i2t,1667,Multiple persons walking a trail.,1667,Multiple persons walking a trail.,yes,yes.
i2t,1667,People running on a trail.,1667,People running on a trail.,yes,yes.
i2t,1667,Men hike on a trail.,1667,Men hike on a trail.,yes,yes.
i2t,1667,The person will walk on the trail.,1667,The person will walk on the trail.,yes,yes.
i2t,1667,a man run in the mountain,1667,a man run in the mountain,yes,yes.
i2t,1667,A couple jogs in the forest.,1667,A couple jogs in the forest.,no,no.
i2t,1667,A couple jog in a forest.,1667,A couple jog in a forest.,no,no.
i2t,1667,People run in the forest.,1667,People run in the forest.,yes,yes.
i2t,1667,A couple is jogging through a forest.,1667,A couple is jogging through a forest.,yes,yes.
i2t,1667,A couple hike in the forest,1667,A couple hike in the forest,yes,yes.
i2t,1667,The man jogs through the forest.,1667,The man jogs through the forest.,yes,yes.
i2t,1667,A woman runs along a trail in the forest.,1667,A woman runs along a trail in the forest.,no,no.
i2t,6746,A sculpture of a person walking,6746,A sculpture of a person walking,yes,yes.
i2t,6746,A sculpture of a person walking.,6746,A sculpture of a person walking.,yes,yes.
i2t,6746,The person will be viewed walking from the side.,6746,The person will be viewed walking from the side.,no,no.
i2t,6746,a person is walking during the day.,6746,a person is walking during the day.,no,no.
i2t,6746,A person run in the city,6746,A person run in the city,no,no.
i2t,6746,A person takes a step on their walk.,6746,A person takes a step on their walk.,no,no.
i2t,6746,A person runs as a player in competitive sport.,6746,A person runs as a player in competitive sport.,no,no.
i2t,6746,the person is running in a Team,6746,the person is running in a Team,no,no.
i2t,6746,person walk a day,6746,person walk a day,no,no.
i2t,6746,The person is walking on the top.,6746,The person is walking on the top.,no,no.
i2t,6746,man excersiswe on the park,6746,man excersiswe on the park,no,no.
i2t,6746,Man walks by trees,6746,Man walks by trees,yes,yes.
i2t,6746,The man jumps over the tree.,6746,The man jumps over the tree.,no,no.
i2t,6746,Person running on lawn.,6746,Person running on lawn.,yes,yes.
i2t,6746,A statue of a person sitting.,6746,A statue of a person sitting.,no,no.
i2t,6746,The person is running in the park.,6746,The person is running in the park.,no,no.
i2t,6746,"trees, man, outside",6746,"trees, man, outside",yes,yes.
i2t,6746,A person is playing in a park.,6746,A person is playing in a park.,no,no.
i2t,6746,A statue stands in front of something.,6746,A statue stands in front of something.,yes,yes.
i2t,6746,That person only walks in the day.,6746,That person only walks in the day.,no,no.
i2t,6746,a man walking in the city,6746,a man walking in the city,no,no.
i2t,6746,A man running in the street.,6746,A man running in the street.,no,no.
i2t,6746,A person marching through a city.,6746,A person marching through a city.,no,no.
i2t,6746,A person walks in the city,6746,A person walks in the city,no,no.
i2t,6746,A man walks with no other persons,6746,A man walks with no other persons,yes,yes.
i2t,6746,A person leaps in the air.,6746,A person leaps in the air.,no,no.
i2t,6746,A man jumps in the air.,6746,A man jumps in the air.,no,no.
i2t,6746,The person jumps in the air.,6746,The person jumps in the air.,no,no.
i2t,6746,A person jumps towards the sky.,6746,A person jumps towards the sky.,no,no.
i2t,6746,A person jumps in the park.,6746,A person jumps in the park.,no,no.
i2t,6746,A person walks in the background.,6746,A person walks in the background.,no,no.
i2t,6746,A man is jumping in the background.,6746,A man is jumping in the background.,no,no.
i2t,6746,A person jumps in the air,6746,A person jumps in the air,no,no.
i2t,6746,A person standing on a sculpture,6746,A person standing on a sculpture,no,no.
i2t,6746,People standing near a sculpture.,6746,People standing near a sculpture.,no,no.
i2t,6746,woman stand on the park,6746,woman stand on the park,no,no.
i2t,6746,person walks in park,6746,person walks in park,no,no.
i2t,6746,A man stands in a park.,6746,A man stands in a park.,no,no.
i2t,6746,A person takes a walk in a city.,6746,A person takes a walk in a city.,no,no.
i2t,6746,A man walks in the park.,6746,A man walks in the park.,no,no.
i2t,6746,A statue sits in front of a park.,6746,A statue sits in front of a park.,no,no.
i2t,6746,A person running on a lawn.,6746,A person running on a lawn.,no,no.
i2t,6746,A person running in the city.,6746,A person running in the city.,no,no.
i2t,6746,An artist is showing a figure sculpture.,6746,An artist is showing a figure sculpture.,no,no.
i2t,6746,The person is running like an athlete,6746,The person is running like an athlete,no,no.
i2t,8,A person can bring up an emotion with a photo.,8,A person can bring up an emotion with a photo.,yes,yes.
i2t,8,One person communicates with another.,8,One person communicates with another.,no,no.
i2t,8,A child looks like another person.,8,A child looks like another person.,no,no.
i2t,8,A daughter will take things from her mother,8,A daughter will take things from her mother,no,no.
i2t,8,A person takes a daughter.,8,A person takes a daughter.,no,no.
i2t,8,A girl looks like another person.,8,A girl looks like another person.,no,no.
i2t,8,person tells about another difficult person,8,person tells about another difficult person,no,no.
i2t,8,A person is playing with other people.,8,A person is playing with other people.,no,no.
i2t,8,The girl is wearing a dress.,8,The girl is wearing a dress.,yes,yes.
i2t,8,the girl  look is very nice.,8,the girl  look is very nice.,yes,yes.
i2t,8,A young girls holds a stuffed white dog toy.,8,A young girls holds a stuffed white dog toy.,no,no.
i2t,8,An adorable girl stands near a fence with her teddy bear.,8,An adorable girl stands near a fence with her teddy bear.,no,no.
i2t,8,A young girl sits on a low tree branch.,8,A young girl sits on a low tree branch.,no,no.
i2t,8,A girl sits against a tree.,8,A girl sits against a tree.,yes,yes.
i2t,8,The girl sits in the grass near the tree.,8,The girl sits in the grass near the tree.,yes,yes.
i2t,8,A girl hugs a tree.,8,A girl hugs a tree.,no,no.
i2t,8,A girl sits with a dog.,8,A girl sits with a dog.,no,no.
i2t,8,A girl hugging a tree.,8,A girl hugging a tree.,no,no.
i2t,8,A girl is sitting in the meadow.,8,A girl is sitting in the meadow.,yes,yes.
i2t,8,The girl by the tree looks sad.,8,The girl by the tree looks sad.,no,no.
i2t,8,A girl is leaning on a tree.,8,A girl is leaning on a tree.,yes,yes.
i2t,8,A girl sitting on the ground.,8,A girl sitting on the ground.,yes,yes.
i2t,8,A girl is sitting on the field.,8,A girl is sitting on the field.,yes,yes.
i2t,8,A girl sits on the ground.,8,A girl sits on the ground.,yes,yes.
i2t,8,The child sits in the grass.,8,The child sits in the grass.,yes,yes.
i2t,8,A girl lying on the ground.,8,A girl lying on the ground.,no,no.
i2t,8,A girl sitting in grass.,8,A girl sitting in grass.,yes,yes.
i2t,8,A girl sitting in the field.,8,A girl sitting in the field.,yes,yes.
i2t,8,A girl sitting on a ball.,8,A girl sitting on a ball.,no,no.
i2t,8,A child sat in the tree.,8,A child sat in the tree.,no,no.
i2t,8,A child sits under a tree.,8,A child sits under a tree.,yes,yes.
i2t,8,A girl sits and waits.,8,A girl sits and waits.,no,no.
i2t,8,a person holding a baby,8,a person holding a baby,no,no.
i2t,8,The child looks like a soulful person.,8,The child looks like a soulful person.,yes,yes.
i2t,8,A girl sleeps with a bear,8,A girl sleeps with a bear,no,no.
i2t,8,A girl is sleeping with a bear.,8,A girl is sleeping with a bear.,no,no.
i2t,8,A girl hugs her mother.,8,A girl hugs her mother.,no,no.
i2t,8,A child lies in grass.,8,A child lies in grass.,no,no.
i2t,8,A girl is hugger her mother.,8,A girl is hugger her mother.,no,no.
i2t,8,Baby boy sitting in grass.,8,Baby boy sitting in grass.,no,no.
i2t,8,A little girl standing in a meadow,8,A little girl standing in a meadow,no,no.
i2t,8,A girl sits in a meadow.,8,A girl sits in a meadow.,no,no.
i2t,8,A girl sits in a tree.,8,A girl sits in a tree.,no,no.
i2t,8,A child sits in the grass.,8,A child sits in the grass.,yes,yes.
i2t,4453,The woman will lie in bed with her child.,4453,The woman will lie in bed with her child.,no,no.
i2t,4453,The girl lies in bed.,4453,The girl lies in bed.,yes,yes.
i2t,4453,A person lies on a bed and sleeps.,4453,A person lies on a bed and sleeps.,yes,yes.
i2t,4453,The girl sleeps in bed.,4453,The girl sleeps in bed.,yes,yes.
i2t,4453,The girl sleeps in a bed.,4453,The girl sleeps in a bed.,yes,yes.
i2t,4453,this person makes the image,4453,this person makes the image,no,no
i2t,4453,The person rests her head.,4453,The person rests her head.,yes,yes.
i2t,4453,The woman is using a camera.,4453,The woman is using a camera.,no,no.
i2t,4453,A woman lies in bed.,4453,A woman lies in bed.,yes,yes.
i2t,4453,A person appears in an image.,4453,A person appears in an image.,yes,yes.
i2t,4453,A woman lies under the blanket.,4453,A woman lies under the blanket.,yes,yes.
i2t,4453,A girl lies under a blanket.,4453,A girl lies under a blanket.,yes,yes.
i2t,4453,A girl sleeps on the couch.,4453,A girl sleeps on the couch.,yes,yes.
i2t,4453,A woman laying outside the blanket.,4453,A woman laying outside the blanket.,no,no.
i2t,4453,a girl sleeping on the sofa,4453,a girl sleeping on the sofa,yes,yes.
i2t,4453,A girl sleeps on a couch.,4453,A girl sleeps on a couch.,yes,yes.
i2t,4453,The woman lies on the blanket.,4453,The woman lies on the blanket.,yes,yes.
i2t,4453,A girl sleeps on a sofa,4453,A girl sleeps on a sofa,yes,yes.
i2t,4453,A girl sleeps on a sofa.,4453,A girl sleeps on a sofa.,yes,yes.
i2t,4453,A woman sleeps on a couch,4453,A woman sleeps on a couch,yes,yes.
i2t,4453,A man sleeping in a bed.,4453,A man sleeping in a bed.,no,no.
i2t,4453,A women's head resting on a pillow.,4453,A women's head resting on a pillow.,no,no.
i2t,4453,The boy lays under a blanket.,4453,The boy lays under a blanket.,no,no.
i2t,4453,A girl sleeping on a bed.,4453,A girl sleeping on a bed.,yes,yes.
i2t,4453,A woman lying in the bed.,4453,A woman lying in the bed.,yes,yes.
i2t,4453,The man lay on the bed.,4453,The man lay on the bed.,no,no.
i2t,4453,A boy lying on a bed.,4453,A boy lying on a bed.,no,no.
i2t,4453,The man sleeps on the couch.,4453,The man sleeps on the couch.,no,no.
i2t,4453,A woman lying in bed.,4453,A woman lying in bed.,yes,yes.
i2t,4453,the girl will lay on the bed,4453,the girl will lay on the bed,yes,yes.
i2t,4453,A family lies in bed.,4453,A family lies in bed.,no,no.
i2t,4453,A family lying in bed.,4453,A family lying in bed.,no,no.
i2t,3825,The person displays one image.,3825,The person displays one image.,no,no.
i2t,3825,A person works with people.,3825,A person works with people.,no,no.
i2t,3825,A person works an event,3825,A person works an event,no,no.
i2t,3825,A hand grabs the money.,3825,A hand grabs the money.,no,no.
i2t,3825,Children speaking like people.,3825,Children speaking like people.,no,no.
i2t,3825,One person communicates with another.,3825,One person communicates with another.,no,no.
i2t,3825,people make a team.,3825,people make a team.,no,no.
i2t,3825,The kid will run on the street.,3825,The kid will run on the street.,no,no.
i2t,3825,A person works with her team.,3825,A person works with her team.,no,no.
i2t,3825,Which person looks like this one?,3825,Which person looks like this one?,no,no.
i2t,3825,Girls are pouring some water.,3825,Girls are pouring some water.,no,no.
i2t,3825,Girls play with water.,3825,Girls play with water.,no,no.
i2t,3825,A girl pours water.,3825,A girl pours water.,no,no.
i2t,3825,A girl pours water into another girl's hands.,3825,A girl pours water into another girl's hands.,no,no.
i2t,3825,a girl pours out water,3825,a girl pours out water,no,no.
i2t,3825,a girl stands by the table,3825,a girl stands by the table,yes,yes.
i2t,3825,Girls carry water.,3825,Girls carry water.,no,no.
i2t,3825,Girls seated at a table.,3825,Girls seated at a table.,no,no.
i2t,3825,A girl is pouring water.,3825,A girl is pouring water.,no,no.
i2t,3825,The girl is pouring water.,3825,The girl is pouring water.,no,no.
i2t,3825,A girl standing at a table.,3825,A girl standing at a table.,no,no.
i2t,3825,The kids sit at the table.,3825,The kids sit at the table.,no,no.
i2t,3825,Girls are seated at a table.,3825,Girls are seated at a table.,no,no.
i2t,3825,A girl is standing by a table.,3825,A girl is standing by a table.,no,no.
i2t,3825,A daughter will take things from her mother,3825,A daughter will take things from her mother,no,no.
i2t,3825,A person has arrived to the party.,3825,A person has arrived to the party.,no,no.
i2t,3825,Girls stand in the park.,3825,Girls stand in the park.,no,no.
i2t,3825,Artists entertain a crowd.,3825,Artists entertain a crowd.,no,no.
i2t,3825,A girls sits to take a picture.,3825,A girls sits to take a picture.,no,no.
i2t,3825,People play during the day,3825,People play during the day,yes,yes.
i2t,3825,The stand was a children's sized tree shape.,3825,The stand was a children's sized tree shape.,no,no.
i2t,3825,a girl sitting on a bench,3825,a girl sitting on a bench,no,no.
i2t,3825,A lemon hangs in the tree.,3825,A lemon hangs in the tree.,no,no.
i2t,3825,A woman is selling fruit.,3825,A woman is selling fruit.,no,no.
i2t,3825,The woman sells fruit.,3825,The woman sells fruit.,no,no.
i2t,3825,The girl is selling flowers.,3825,The girl is selling flowers.,no,no.
i2t,3825,A woman buying fruit.,3825,A woman buying fruit.,no,no.
i2t,3825,A woman buys fruit,3825,A woman buys fruit,no,no.
i2t,3825,The girl is drinking chocolate milk.,3825,The girl is drinking chocolate milk.,no,no.
i2t,3825,The girl is drinking a chocolate drink.,3825,The girl is drinking a chocolate drink.,no,no.
i2t,3825,A woman selling flowers.,3825,A woman selling flowers.,no,no.
i2t,3825,A woman sells flowers.,3825,A woman sells flowers.,no,no.
i2t,3825,Woman at a flower stand,3825,Woman at a flower stand,no,no.
i2t,3825,Children are collecting water,3825,Children are collecting water,no,no.
i2t,3825,Girls playing on the grass.,3825,Girls playing on the grass.,no,no.
i2t,3825,Girls are playing on the street.,3825,Girls are playing on the street.,no,no.
i2t,3825,Girls enjoying a beach.,3825,Girls enjoying a beach.,no,no.
i2t,3825,Children sitting next to a tree.,3825,Children sitting next to a tree.,no,no.
i2t,3825,Girls playing in a lake.,3825,Girls playing in a lake.,no,no.
i2t,3825,Girls sit on the grass.,3825,Girls sit on the grass.,no,no.
i2t,3825,Girls sit in the meadow.,3825,Girls sit in the meadow.,no,no.
i2t,6913,a dog is lying on the grass,6913,a dog is lying on the grass,yes,yes.
i2t,6913,dog roll on the grass,6913,dog roll on the grass,yes,yes.
i2t,6913,A dog lies on the ground.,6913,A dog lies on the ground.,yes,yes.
i2t,6913,A dog is laying down on the lawn.,6913,A dog is laying down on the lawn.,yes,yes.
i2t,6913,A dog is resting in the grass,6913,A dog is resting in the grass,yes,yes.
i2t,6913,a dog lying on the lawn,6913,a dog lying on the lawn,yes,yes.
i2t,6913,animal lie on the ground,6913,animal lie on the ground,yes,yes.
i2t,6913,A dog is laying on the grass.,6913,A dog is laying on the grass.,yes,yes.
i2t,6913,The dog lies in the grass,6913,The dog lies in the grass,yes,yes.
i2t,6913,A dog lies in grass.,6913,A dog lies in grass.,yes,yes.
i2t,6913,"dog, grass, bed",6913,"dog, grass, bed",no,no.
i2t,6913,A dog rests in the lawn.,6913,A dog rests in the lawn.,yes,yes.
i2t,6913,A dog rests in the grass.,6913,A dog rests in the grass.,yes,yes.
i2t,6913,An animal lies in the grass.,6913,An animal lies in the grass.,yes,yes.
i2t,6913,A dog lies in the grass.,6913,A dog lies in the grass.,yes,yes.
i2t,6913,THE DOG REST IN THE GRASS,6913,THE DOG REST IN THE GRASS,yes,yes.
i2t,6913,The animal lays in the grass.,6913,The animal lays in the grass.,yes,yes.
i2t,6913,An animal resting on the grass.,6913,An animal resting on the grass.,yes,yes.
i2t,6913,An animal lying in the grass.,6913,An animal lying in the grass.,yes,yes.
i2t,6913,An animal laying in the grass.,6913,An animal laying in the grass.,yes,yes.
i2t,6913,An animal walks on the grass.,6913,An animal walks on the grass.,no,no.
i2t,6913,An animal running in grass,6913,An animal running in grass,no,no.
i2t,6913,A cub walking in grass.,6913,A cub walking in grass.,no,no.
i2t,6913,A cat laying before the background.,6913,A cat laying before the background.,no,no.
i2t,6913,The goat layed on the grass,6913,The goat layed on the grass,no,no.
i2t,6913,The animal lies by the grass.,6913,The animal lies by the grass.,no,no.
i2t,6913,The dog has began to lie on the floor.,6913,The dog has began to lie on the floor.,yes,yes.
i2t,6913,The dog is rolling in the grass.,6913,The dog is rolling in the grass.,yes,yes.
i2t,6913,A dog lies over the front.,6913,A dog lies over the front.,no,no.
i2t,6913,Some dogs lie on the lawn.,6913,Some dogs lie on the lawn.,yes,yes.
i2t,6913,The retriever did lie in the grass,6913,The retriever did lie in the grass,yes,yes.
i2t,6913,A dog is lying on the lawn.,6913,A dog is lying on the lawn.,yes,yes.
i2t,6913,A dog rests on the lawn.,6913,A dog rests on the lawn.,yes,yes.
i2t,6913,dog lie on the grass,6913,dog lie on the grass,yes,yes.
i2t,6913,dog rests on the grass,6913,dog rests on the grass,yes,yes.
i2t,6913,A puppy lying on grass.,6913,A puppy lying on grass.,no,no.
i2t,6913,A dog lays in the grass.,6913,A dog lays in the grass.,yes,yes.
i2t,6913,A dog lies on the grass.,6913,A dog lies on the grass.,yes,yes.
i2t,6913,The dog lies in the grass.,6913,The dog lies in the grass.,yes,yes.
i2t,11474,Which person looks like this one?,11474,Which person looks like this one?,no,no.
i2t,11474,The person displays one image.,11474,The person displays one image.,no,no.
i2t,11474,A lion sits in the grass.,11474,A lion sits in the grass.,yes,yes.
i2t,11474,The lion sits in the grass.,11474,The lion sits in the grass.,no,no.
i2t,11474,A person pose one,11474,A person pose one,no,no.
i2t,11474,A lion lying in grass,11474,A lion lying in grass,yes,yes.
i2t,11474,the person looks nice,11474,the person looks nice,no,no
i2t,11474,man sit the floor,11474,man sit the floor,no,no.
i2t,11474,an actor will portray a character,11474,an actor will portray a character,no,no
i2t,11474,A lion rests in the grass.,11474,A lion rests in the grass.,yes,yes.
i2t,11474,A person resting in the grass.,11474,A person resting in the grass.,no,no.
i2t,11474,A person rests in grass.,11474,A person rests in grass.,no,no.
i2t,11474,Lions resting in the grass.,11474,Lions resting in the grass.,yes,yes.
i2t,11474,A person rests in the grass.,11474,A person rests in the grass.,no,no.
i2t,11474,A person rests on grass.,11474,A person rests on grass.,no,no.
i2t,11474,A person rests in some grass.,11474,A person rests in some grass.,no,no.
i2t,11474,An animal resting on the grass.,11474,An animal resting on the grass.,yes,yes.
i2t,11474,The animal rests in the grass.,11474,The animal rests in the grass.,yes,yes.
i2t,11474,An animal sitting in a field.,11474,An animal sitting in a field.,yes,yes.
i2t,11474,An animal lying in the grass.,11474,An animal lying in the grass.,yes,yes.
i2t,11474,The animal lays in the grass.,11474,The animal lays in the grass.,yes,yes.
i2t,11474,The person rested on the field,11474,The person rested on the field,no,no.
i2t,11474,The animal lies by the grass.,11474,The animal lies by the grass.,yes,yes.
i2t,11474,An animal sits on the grass.,11474,An animal sits on the grass.,yes,yes.
i2t,11474,A lion sitting on a rock on the grass.,11474,A lion sitting on a rock on the grass.,no,no.
i2t,11474,An animal is lying in the grass.,11474,An animal is lying in the grass.,yes,yes.
i2t,11474,A lion sits on a rock.,11474,A lion sits on a rock.,no,no.
i2t,11474,A cheetah lying on the grass.,11474,A cheetah lying on the grass.,no,no.
i2t,11474,A cheetah lies in the grass.,11474,A cheetah lies in the grass.,no,no.
i2t,11474,A leopard lies on a branch.,11474,A leopard lies on a branch.,no,no.
i2t,11474,A well-known species sits on the grass.,11474,A well-known species sits on the grass.,yes,yes.
i2t,1868,Which person looks like this one?,1868,Which person looks like this one?,no,no.
i2t,1868,Where did the actor go dressed up?,1868,Where did the actor go dressed up?,no,no.
i2t,1868,The kid will play music.,1868,The kid will play music.,no,no.
i2t,1868,The artist will play the guitar on stage.,1868,The artist will play the guitar on stage.,no,no.
i2t,1868,An artist sings in a show.,1868,An artist sings in a show.,yes,yes.
i2t,1868,The person plays a song.,1868,The person plays a song.,yes,yes.
i2t,1868,The artist plays a gig.,1868,The artist plays a gig.,no,no.
i2t,1868,This person will steal the show.,1868,This person will steal the show.,yes,yes.
i2t,1868,A person performs a song.,1868,A person performs a song.,yes,yes.
i2t,1868,The man plays music.,1868,The man plays music.,yes,yes.
i2t,1868,A person picks a guitar to play music.,1868,A person picks a guitar to play music.,yes,yes.
i2t,1868,a person play a guitar,1868,a person play a guitar,yes,yes.
i2t,1868,Person playing guitar.,1868,Person playing guitar.,yes,yes.
i2t,1868,Kid is playing music on his guitar,1868,Kid is playing music on his guitar,no,no.
i2t,1868,A man is playing the ukulele.,1868,A man is playing the ukulele.,no,no.
i2t,1868,A person plays guitar.,1868,A person plays guitar.,yes,yes.
i2t,1868,The girl plays music with her guitar.,1868,The girl plays music with her guitar.,no,no.
i2t,1868,A person is playing the ukulele.,1868,A person is playing the ukulele.,no,no.
i2t,1868,An artist plays the guitar at a concert.,1868,An artist plays the guitar at a concert.,no,no.
i2t,1868,The artist is performing at a celebration.,1868,The artist is performing at a celebration.,yes,yes.
i2t,1868,A person is the lead guitar player,1868,A person is the lead guitar player,no,no.
i2t,1868,That person looked from the crowed.,1868,That person looked from the crowed.,no,no.
i2t,1868,The person appeared on the show,1868,The person appeared on the show,yes,yes.
i2t,1868,The person will sing on the stage.,1868,The person will sing on the stage.,no,no.
i2t,1868,An actor was cast to be on stage.,1868,An actor was cast to be on stage.,no,no.
i2t,1868,The artist is playing at the show.,1868,The artist is playing at the show.,yes,yes.
i2t,1868,The child actor makes his own take.,1868,The child actor makes his own take.,no,no.
i2t,1868,Artist is playing in a gig.,1868,Artist is playing in a gig.,no,no.
i2t,1868,People performing at a rehearsal.,1868,People performing at a rehearsal.,no,no.
i2t,1868,guitarist plays on stage,1868,guitarist plays on stage,no,no.
i2t,1868,A guitarist playing on stage.,1868,A guitarist playing on stage.,no,no.
i2t,1868,A guitarist plays on the stage.,1868,A guitarist plays on the stage.,no,no.
i2t,1868,The guitarist performs on stage.,1868,The guitarist performs on stage.,no,no.
i2t,1868,A guitarist is playing on a stage.,1868,A guitarist is playing on a stage.,no,no.
i2t,3655,Artists are act their play in theater,3655,Artists are act their play in theater,no,no.
i2t,3655,A person who is a piano player plays.,3655,A person who is a piano player plays.,yes,yes.
i2t,3655,A person is performing music.,3655,A person is performing music.,yes,yes.
i2t,3655,The artist performed at a concert,3655,The artist performed at a concert,yes,yes.
i2t,3655,The artist performed a concert.,3655,The artist performed a concert.,yes,yes.
i2t,3655,A person performs a song.,3655,A person performs a song.,yes,yes.
i2t,3655,A person performs music.,3655,A person performs music.,yes,yes.
i2t,3655,This person can play piano ?,3655,This person can play piano ?,yes,yes.
i2t,3655,A person is performing a song.,3655,A person is performing a song.,yes,yes.
i2t,3655,The person performs at the gala.,3655,The person performs at the gala.,no,no.
i2t,3655,A person plays a piano.,3655,A person plays a piano.,yes,yes.
i2t,3655,A person plays the piano.,3655,A person plays the piano.,yes,yes.
i2t,3655,A pianist is performing on the stage.,3655,A pianist is performing on the stage.,yes,yes.
i2t,3655,A pianist performs on stage.,3655,A pianist performs on stage.,yes,yes.
i2t,3655,A pianist is performing on stage.,3655,A pianist is performing on stage.,yes,yes.
i2t,3655,Pianist performs on a stage.,3655,Pianist performs on a stage.,yes,yes.
i2t,3655,The pianist is performing on stage.,3655,The pianist is performing on stage.,yes,yes.
i2t,3655,A person plays piano.,3655,A person plays piano.,yes,yes.
i2t,3655,A PERSON PLAYS A CELO.,3655,A PERSON PLAYS A CELO.,no,no.
i2t,3655,An artist performing at a gala.,3655,An artist performing at a gala.,no,no.
i2t,3655,A person is a player playing on a piano.,3655,A person is a player playing on a piano.,yes,yes.
i2t,3655,The person plays a song.,3655,The person plays a song.,yes,yes.
i2t,3655,The composer played on the stage.,3655,The composer played on the stage.,yes,yes.
i2t,3655,The person will sing on the stage.,3655,The person will sing on the stage.,no,no.
i2t,3655,An artist performing a set.,3655,An artist performing a set.,yes,yes.
i2t,3655,Composer playing piano on stage,3655,Composer playing piano on stage,yes,yes.
i2t,3655,An artist plays on stage.,3655,An artist plays on stage.,yes,yes.
i2t,3655,A composer performs on stage.,3655,A composer performs on stage.,yes,yes.
i2t,3655,People performing at a rehearsal.,3655,People performing at a rehearsal.,no,no.
i2t,3655,A man sits in front of a piano.,3655,A man sits in front of a piano.,no,no.
i2t,3139,this person makes the image,3139,this person makes the image,no,no
i2t,3139,A person lies on a bed and sleeps.,3139,A person lies on a bed and sleeps.,no,no.
i2t,3139,the girl will lay on the bed,3139,the girl will lay on the bed,yes,yes.
i2t,3139,A woman lays in bed.,3139,A woman lays in bed.,yes,yes.
i2t,3139,the person enters the room,3139,the person enters the room,no,no.
i2t,3139,A person pose one,3139,A person pose one,no,no.
i2t,3139,A woman lies on a bed,3139,A woman lies on a bed,yes,yes.
i2t,3139,man lie on the bed,3139,man lie on the bed,no,no.
i2t,3139,A person is lying on his front.,3139,A person is lying on his front.,no,no.
i2t,3139,A woman lies in bed.,3139,A woman lies in bed.,yes,yes.
i2t,3139,A girl is lying on the bed,3139,A girl is lying on the bed,yes,yes.
i2t,3139,A woman lies in her bed.,3139,A woman lies in her bed.,yes,yes.
i2t,3139,Woman laying on the floor,3139,Woman laying on the floor,no,no.
i2t,3139,A woman lies on a bed.,3139,A woman lies on a bed.,yes,yes.
i2t,3139,The girl lies in bed.,3139,The girl lies in bed.,yes,yes.
i2t,3139,A woman is lying on the floor.,3139,A woman is lying on the floor.,no,no.
i2t,3139,The girl layed on the floor,3139,The girl layed on the floor,no,no.
i2t,3139,A woman lying on the floor.,3139,A woman lying on the floor.,no,no.
i2t,3139,A woman lying in the bed.,3139,A woman lying in the bed.,yes,yes.
i2t,3139,A woman lying in bed.,3139,A woman lying in bed.,yes,yes.
i2t,3139,A woman lying on a bed.,3139,A woman lying on a bed.,yes,yes.
i2t,3139,The man lay on the bed.,3139,The man lay on the bed.,no,no.
i2t,3139,A woman sitting in bed.,3139,A woman sitting in bed.,no,no.
i2t,3139,woman stretch on her arm,3139,woman stretch on her arm,yes,yes.
i2t,3139,A girl laying on a bed,3139,A girl laying on a bed,yes,yes.
i2t,3139,The man sits on the bed.,3139,The man sits on the bed.,no,no.
i2t,3139,A mother laying in bed.,3139,A mother laying in bed.,no,no.
i2t,715,The person appeared on the show,715,The person appeared on the show,yes,yes.
i2t,715,girl rise her hand,715,girl rise her hand,no,no.
i2t,715,Artists are act their play in theater,715,Artists are act their play in theater,no,no.
i2t,715,"woman, party, night",715,"woman, party, night",no,no.
i2t,715,A woman hol,715,A woman hol,yes,yes.
i2t,715,A woman runs in the day,715,A woman runs in the day,no,no.
i2t,715,A person is a player,715,A person is a player,no,no.
i2t,715,the person see the live show,715,the person see the live show,no,no.
i2t,715,SHE IS A STAR PLAYER WHO LOVES TO COMPETE WITH COLLEGUES,715,SHE IS A STAR PLAYER WHO LOVES TO COMPETE WITH COLLEGUES,no,no.
i2t,715,a womans seat at the table,715,a womans seat at the table,no,no.
i2t,715,This artist is performing with her microphone.,715,This artist is performing with her microphone.,no,no.
i2t,715,A person plays a song on her phone.,715,A person plays a song on her phone.,no,no.
i2t,715,A woman in sunglasses touching her own hair.,715,A woman in sunglasses touching her own hair.,no,no.
i2t,715,A person singing in a microphone.,715,A person singing in a microphone.,no,no.
i2t,715,The artist sings into the microphone.,715,The artist sings into the microphone.,no,no.
i2t,715,The artist performed by singing into the microphone.,715,The artist performed by singing into the microphone.,no,no.
i2t,715,A person singing into a microphone.,715,A person singing into a microphone.,no,no.
i2t,715,A girl singing something.,715,A girl singing something.,no,no.
i2t,715,The music artist perform on the event is very awesome.,715,The music artist perform on the event is very awesome.,no,no.
i2t,715,An artist sings into a microphone.,715,An artist sings into a microphone.,no,no.
i2t,715,The person will sing on the stage.,715,The person will sing on the stage.,no,no.
i2t,715,Which person looks like this one?,715,Which person looks like this one?,no,no.
i2t,715,The person will sing into the microphone.,715,The person will sing into the microphone.,yes,yes.
i2t,715,That person looked from the crowed.,715,That person looked from the crowed.,no,no.
i2t,715,This person will steal the show.,715,This person will steal the show.,yes,yes.
i2t,715,The politician did speak in person.,715,The politician did speak in person.,no,no.
i2t,715,the game is very interest.,715,the game is very interest.,no,no.
i2t,715,Telling a person how to sing a song.,715,Telling a person how to sing a song.,no,no.
i2t,715,Picture taken of a lady,715,Picture taken of a lady,yes,yes.
i2t,715,There is more than on person on the Track and Ball podcast.,715,There is more than on person on the Track and Ball podcast.,no,no.
i2t,715,Men talk to a woman.,715,Men talk to a woman.,no,no.
i2t,715,Artists play a gig.,715,Artists play a gig.,no,no.
i2t,715,"Person, looking ready for an event",715,"Person, looking ready for an event",no,no.
i2t,715,The artist leaves the stage.,715,The artist leaves the stage.,no,no.
i2t,715,The artist left the studio.,715,The artist left the studio.,no,no.
i2t,715,"woman, music, notes",715,"woman, music, notes",no,no.
i2t,715,A woman stands in front of a microphone.,715,A woman stands in front of a microphone.,no,no.
i2t,715,The person likes to listen to music made by another person.,715,The person likes to listen to music made by another person.,no,no.
i2t,715,The man speaks into the microphone.,715,The man speaks into the microphone.,no,no.
i2t,715,A person listening to music.,715,A person listening to music.,no,no.
i2t,715,The woman sing on stage.,715,The woman sing on stage.,no,no.
i2t,715,A man speaks into a microphone,715,A man speaks into a microphone,no,no.
i2t,715,The singer arrives at her premiere.,715,The singer arrives at her premiere.,no,no.
i2t,715,A female actor is posing as a star.,715,A female actor is posing as a star.,no,no.
i2t,715,A person sings into a microphone.,715,A person sings into a microphone.,no,no.
i2t,6606,The woman is walking on the garden.,6606,The woman is walking on the garden.,yes,yes.
i2t,6606,the person looks nice,6606,the person looks nice,yes,yes.
i2t,6606,the actor flaunt her figure,6606,the actor flaunt her figure,no,no
i2t,6606,A woman is walking in the garden.,6606,A woman is walking in the garden.,yes,yes.
i2t,6606,The woman stands in the garden.,6606,The woman stands in the garden.,no,no.
i2t,6606,The woman walks to the house.,6606,The woman walks to the house.,no,no.
i2t,6606,The person walks through the garden.,6606,The person walks through the garden.,yes,yes.
i2t,6606,A girl walks in a garden.,6606,A girl walks in a garden.,yes,yes.
i2t,6606,The man walks at the woman's side.,6606,The man walks at the woman's side.,no,no.
i2t,6606,a girl runs in the garden.,6606,a girl runs in the garden.,no,no.
i2t,6606,The couple walks by the garden.,6606,The couple walks by the garden.,no,no.
i2t,6606,A woman stands in the garden.,6606,A woman stands in the garden.,no,no.
i2t,6606,A girl walks on a path.,6606,A girl walks on a path.,yes,yes.
i2t,6606,A girl running in a garden,6606,A girl running in a garden,no,no.
i2t,6606,A girl is standing near a pool.,6606,A girl is standing near a pool.,no,no.
i2t,6606,A man is standing by the garden,6606,A man is standing by the garden,no,no.
i2t,6606,The woman is walking through the park.,6606,The woman is walking through the park.,yes,yes.
i2t,6606,a girl is playing in a park,6606,a girl is playing in a park,no,no.
i2t,6606,A woman is walking in a park.,6606,A woman is walking in a park.,yes,yes.
i2t,6606,The woman stood in the grass.,6606,The woman stood in the grass.,no,no.
i2t,6606,A woman stands in a garden.,6606,A woman stands in a garden.,no,no.
i2t,6606,Players walking to a session.,6606,Players walking to a session.,no,no.
i2t,6606,A girl stands in the garden.,6606,A girl stands in the garden.,no,no.
i2t,6606,Ducks walk by the pond.,6606,Ducks walk by the pond.,no,no.
i2t,6606,A woman relaxes in the garden,6606,A woman relaxes in the garden,no,no.
i2t,6606,A man relaxing in a garden.,6606,A man relaxing in a garden.,no,no.
i2t,6606,A woman sitting in a garden.,6606,A woman sitting in a garden.,no,no.
i2t,6606,A woman walking around a fountain.,6606,A woman walking around a fountain.,yes,yes.
i2t,6606,The woman will walk near the fountain.,6606,The woman will walk near the fountain.,yes,yes.
i2t,6606,A woman sitting in the garden.,6606,A woman sitting in the garden.,no,no.
i2t,6606,A woman walks down a path.,6606,A woman walks down a path.,yes,yes.
i2t,6606,A woman walks along a path.,6606,A woman walks along a path.,yes,yes.
i2t,6606,A woman walks in a park.,6606,A woman walks in a park.,yes,yes.
i2t,6606,A woman walks in the park.,6606,A woman walks in the park.,yes,yes.
i2t,2989,The boat sails on the river.,2989,The boat sails on the river.,no,no.
i2t,2989,The boat floated down the river.,2989,The boat floated down the river.,no,no.
i2t,2989,"The boat is floating on the water,",2989,"The boat is floating on the water,",no,no.
i2t,2989,The ship sails in the river.,2989,The ship sails in the river.,no,no.
i2t,2989,It looks hard to navigate a boat in a river.,2989,It looks hard to navigate a boat in a river.,yes,yes.
i2t,2989,The boat is sailing on the water.,2989,The boat is sailing on the water.,no,no.
i2t,2989,A boat can moor while at sea.,2989,A boat can moor while at sea.,no,no.
i2t,2989,The boat floats on the sea.,2989,The boat floats on the sea.,no,no.
i2t,2989,The boat sails on the water.,2989,The boat sails on the water.,no,no.
i2t,2989,The boat sailed in the harbor.,2989,The boat sailed in the harbor.,no,no.
i2t,2989,A boat tied to the shore,2989,A boat tied to the shore,yes,yes.
i2t,2989,boat floating on river,2989,boat floating on river,no,no.
i2t,2989,The boat is floating in the lake.,2989,The boat is floating in the lake.,no,no.
i2t,2989,A boat floating in the water,2989,A boat floating in the water,no,no.
i2t,2989,A boat sits on the shore,2989,A boat sits on the shore,yes,yes.
i2t,2989,The boat stands on the shore,2989,The boat stands on the shore,yes,yes.
i2t,2989,Boat on moor lake,2989,Boat on moor lake,yes,yes.
i2t,2989,a boat float on the river,2989,a boat float on the river,no,no.
i2t,2989,A boat is on the moor shore.,2989,A boat is on the moor shore.,yes,yes.
i2t,2989,There is no boat at the dock on the canal.,2989,There is no boat at the dock on the canal.,no,no.
i2t,2989,A boat is floating down the river,2989,A boat is floating down the river,no,no.
i2t,2989,A boat is moored at the river.,2989,A boat is moored at the river.,yes,yes.
i2t,2989,There is a boat on a moor in the estuary.,2989,There is a boat on a moor in the estuary.,no,no.
i2t,2989,A boat is moored in a river.,2989,A boat is moored in a river.,yes,yes.
i2t,2989,A boat moors in a canal.,2989,A boat moors in a canal.,yes,yes.
i2t,2989,A boat floats on a river.,2989,A boat floats on a river.,no,no.
i2t,2989,This boat can cross the river.,2989,This boat can cross the river.,no,no.
i2t,2989,A boat floats on the river.,2989,A boat floats on the river.,no,no.
i2t,2989,The boat traveled through the water.,2989,The boat traveled through the water.,no,no.
i2t,2989,A boat navigating a river.,2989,A boat navigating a river.,no,no.
i2t,2989,Boat floats on a pond.,2989,Boat floats on a pond.,no,no.
i2t,2989,A boat floats on a lake.,2989,A boat floats on a lake.,no,no.
i2t,2989,A boat rests on the shore.,2989,A boat rests on the shore.,yes,yes.
i2t,2989,A boat sits off the moor by the water.,2989,A boat sits off the moor by the water.,yes,yes.
i2t,2989,The boat is moored in the still waters.,2989,The boat is moored in the still waters.,yes,yes.
i2t,2989,A boat sits washed up on shore.,2989,A boat sits washed up on shore.,yes,yes.
i2t,2989,A boat is moored in an estuary.,2989,A boat is moored in an estuary.,yes,yes.
i2t,2042,woman lies on the beach,2042,woman lies on the beach,no,no
i2t,2042,The woman is using a camera.,2042,The woman is using a camera.,no,no.
i2t,2042,A woman is lying on the beach.,2042,A woman is lying on the beach.,no,no.
i2t,2042,A woman enjoys time at the beach.,2042,A woman enjoys time at the beach.,yes,yes.
i2t,2042,A woman is enjoying the beach.,2042,A woman is enjoying the beach.,no,no.
i2t,2042,the person looks nice,2042,the person looks nice,yes,yes.
i2t,2042,A woman is laying on the beach.,2042,A woman is laying on the beach.,no,no.
i2t,2042,A person pose one,2042,A person pose one,no,no.
i2t,2042,person rests on beach,2042,person rests on beach,yes,yes.
i2t,2042,A woman lies back.,2042,A woman lies back.,yes,yes.
i2t,2042,A woman resting on the beach.,2042,A woman resting on the beach.,yes,yes.
i2t,2042,woman sits on beach,2042,woman sits on beach,no,no.
i2t,2042,A woman laying on the beach.,2042,A woman laying on the beach.,no,no.
i2t,2042,Woman sits on terrace.,2042,Woman sits on terrace.,no,no.
i2t,2042,A woman sunbathes on the beach.,2042,A woman sunbathes on the beach.,no,no.
i2t,2042,A LADY SITS IN THE BEACH.,2042,A LADY SITS IN THE BEACH.,no,no.
i2t,2042,A girl lying on the beach.,2042,A girl lying on the beach.,no,no.
i2t,2042,A girl lying on a bench.,2042,A girl lying on a bench.,no,no.
i2t,2042,The girl sits in the chair.,2042,The girl sits in the chair.,no,no.
i2t,2042,The woman rests in the chair.,2042,The woman rests in the chair.,no,no.
i2t,2042,The girl sits on the bench.,2042,The girl sits on the bench.,no,no.
i2t,2042,The woman sunbathes on the beach.,2042,The woman sunbathes on the beach.,no,no.
i2t,2042,A woman sitting on a stool.,2042,A woman sitting on a stool.,no,no.
i2t,2042,A woman sites in the chair.,2042,A woman sites in the chair.,no,no.
i2t,2042,A woman leaning on a stool.,2042,A woman leaning on a stool.,no,no.
i2t,2042,a woman sitting on a stool,2042,a woman sitting on a stool,no,no.
i2t,2042,The woman lies on the chair.,2042,The woman lies on the chair.,yes,yes.
i2t,2042,A young girl lies on a beach.,2042,A young girl lies on a beach.,no,no.
i2t,2042,The woman rested on the beach.,2042,The woman rested on the beach.,no,no.
i2t,2042,The person rests her head.,2042,The person rests her head.,yes,yes.
i2t,2042,A girl rests her head.,2042,A girl rests her head.,no,no.
i2t,2042,A person sunbathing at the beach.,2042,A person sunbathing at the beach.,yes,yes.
i2t,2042,The girl laid on the beach.,2042,The girl laid on the beach.,no,no.
i2t,2042,A woman lies on a beach.,2042,A woman lies on a beach.,no,no.
i2t,2042,A woman lies on the beach.,2042,A woman lies on the beach.,no,no.
i2t,2042,girl lie on the beach,2042,girl lie on the beach,no,no
i2t,2042,The woman lies on the beach.,2042,The woman lies on the beach.,no,no.
i2t,2042,Women lie on a beach,2042,Women lie on a beach,no,no
i2t,2042,A woman enjoys the beach.,2042,A woman enjoys the beach.,no,no.
i2t,2042,A person enjoys the sun on the beach.,2042,A person enjoys the sun on the beach.,yes,yes.
i2t,2042,A woman rests on the beach.,2042,A woman rests on the beach.,no,no.
i2t,1788,A person sitting at home,1788,A person sitting at home,yes,yes.
i2t,1788,A person sits at a window.,1788,A person sits at a window.,yes,yes.
i2t,1788,A person sits at home.,1788,A person sits at home.,yes,yes.
i2t,1788,A person sits and shops online,1788,A person sits and shops online,no,no
i2t,1788,A woman is looking at the view.,1788,A woman is looking at the view.,yes,yes.
i2t,1788,A person sits in a room.,1788,A person sits in a room.,yes,yes.
i2t,1788,A person waiting for another person.,1788,A person waiting for another person.,no,no.
i2t,1788,A girl is sitting by the window.,1788,A girl is sitting by the window.,yes,yes.
i2t,1788,A person posting a picture.,1788,A person posting a picture.,no,no.
i2t,1788,A person pose one,1788,A person pose one,no,no.
i2t,1788,A woman sits on a windowsill.,1788,A woman sits on a windowsill.,yes,yes.
i2t,1788,A woman sits in the windowsill.,1788,A woman sits in the windowsill.,yes,yes.
i2t,1788,A woman sits on a ledge.,1788,A woman sits on a ledge.,yes,yes.
i2t,1788,A woman sitting against a wall.,1788,A woman sitting against a wall.,yes,yes.
i2t,1788,A woman sitting on a ledge.,1788,A woman sitting on a ledge.,yes,yes.
i2t,1788,A woman sits in a window sill.,1788,A woman sits in a window sill.,yes,yes.
i2t,1788,A woman sits against a wall.,1788,A woman sits against a wall.,yes,yes.
i2t,1788,A girl sits by a window.,1788,A girl sits by a window.,yes,yes.
i2t,1788,The woman is sitting on the windowsill.,1788,The woman is sitting on the windowsill.,yes,yes.
i2t,1788,A man sits near to the windowsill,1788,A man sits near to the windowsill,no,no
i2t,1788,person sitting on a ledge,1788,person sitting on a ledge,yes,yes.
i2t,1788,A MAN SITS IN THE WINDOWSILL,1788,A MAN SITS IN THE WINDOWSILL,no,no.
i2t,1788,a woman sitting on a stool,1788,a woman sitting on a stool,no,no
i2t,1788,The woman sits on the floor.,1788,The woman sits on the floor.,no,no.
i2t,1788,A girl sits at a window,1788,A girl sits at a window,yes,yes.
i2t,1788,A girl can be seen sitting by the window.,1788,A girl can be seen sitting by the window.,yes,yes.
i2t,1788,The person sits by the window.,1788,The person sits by the window.,yes,yes.
i2t,1788,A woman sits in a window.,1788,A woman sits in a window.,yes,yes.
i2t,1788,A woman is sitting in front of a wall.,1788,A woman is sitting in front of a wall.,no,no.
i2t,1788,A woman leans looking out the window.,1788,A woman leans looking out the window.,yes,yes.
i2t,1788,A woman staring out a window.,1788,A woman staring out a window.,yes,yes.
i2t,7880,A cat sits on the bed.,7880,A cat sits on the bed.,yes,yes.
i2t,7880,A person is sitting on the bed.,7880,A person is sitting on the bed.,no,no.
i2t,7880,A person sits on a bed.,7880,A person sits on a bed.,no,no.
i2t,7880,A man sits in bed.,7880,A man sits in bed.,no,no.
i2t,7880,A person who is a man poses.,7880,A person who is a man poses.,no,no.
i2t,7880,A person sits on their bed.,7880,A person sits on their bed.,no,no.
i2t,7880,this person makes the image,7880,this person makes the image,no,no
i2t,7880,The man sits on the bed.,7880,The man sits on the bed.,no,no.
i2t,7880,People are sitting in a room.,7880,People are sitting in a room.,no,no.
i2t,7880,A man lies in bed.,7880,A man lies in bed.,no,no.
i2t,7880,The cat lies on a blanket.,7880,The cat lies on a blanket.,yes,yes.
i2t,7880,A cat rests on a blanket.,7880,A cat rests on a blanket.,yes,yes.
i2t,7880,A cat laying before the background.,7880,A cat laying before the background.,yes,yes.
i2t,7880,A cat sits on a sofa.,7880,A cat sits on a sofa.,no,no.
i2t,7880,The cat lied on the sofa.,7880,The cat lied on the sofa.,yes,yes.
i2t,7880,The person looks comfortable sitting on a couch at home.,7880,The person looks comfortable sitting on a couch at home.,no,no.
i2t,7880,The cat lies on the sofa.,7880,The cat lies on the sofa.,yes,yes.
i2t,7880,A cat sits on a couch.,7880,A cat sits on a couch.,no,no.
i2t,7880,A cat lies on a sofa,7880,A cat lies on a sofa,yes,yes.
i2t,7880,A cat sitting on the floor.,7880,A cat sitting on the floor.,no,no.
i2t,7880,The cat lays on the floor.,7880,The cat lays on the floor.,no,no.
i2t,7880,A cat sitting on the ground.,7880,A cat sitting on the ground.,no,no.
i2t,7880,The cat lays on the floor,7880,The cat lays on the floor,no,no.
i2t,7880,The cat sat at the table,7880,The cat sat at the table,no,no.
i2t,7880,the cat lies on the ground,7880,the cat lies on the ground,no,no.
i2t,7880,The boy sat on the blanket.,7880,The boy sat on the blanket.,no,no.
i2t,7880,A cat is sitting on the sofa.,7880,A cat is sitting on the sofa.,no,no.
i2t,7880,a cat lying down,7880,a cat lying down,yes,yes.
i2t,7880,The man lay on the bed.,7880,The man lay on the bed.,no,no.
i2t,7880,A cat laying on a couch.,7880,A cat laying on a couch.,yes,yes.
i2t,7880,A cat lies ina chair.,7880,A cat lies ina chair.,no,no.
i2t,7880,A cat is sitting on a couch.,7880,A cat is sitting on a couch.,no,no.
i2t,7880,A cat is sitting on grass.,7880,A cat is sitting on grass.,no,no.
i2t,7880,A cat sits on the grass.,7880,A cat sits on the grass.,no,no.
i2t,7880,A cat sitting in the snow.,7880,A cat sitting in the snow.,no,no.
i2t,7880,A cat sits on grass.,7880,A cat sits on grass.,no,no.
i2t,5212,The woman will take a photo with her camera.,5212,The woman will take a photo with her camera.,no,no.
i2t,5212,person takes photo,5212,person takes photo,yes,yes.
i2t,5212,Two people take a picture.,5212,Two people take a picture.,yes,yes.
i2t,5212,A person posting a picture.,5212,A person posting a picture.,no,no.
i2t,5212,The woman is using a camera.,5212,The woman is using a camera.,no,no.
i2t,5212,A person takes a pictures of these persons,5212,A person takes a pictures of these persons,yes,yes.
i2t,5212,The lady will take a photo with her camera.,5212,The lady will take a photo with her camera.,no,no.
i2t,5212,man holding girlfriend,5212,man holding girlfriend,yes,yes.
i2t,5212,A person takes a photo to practice photography.,5212,A person takes a photo to practice photography.,no,no.
i2t,5212,this person makes the image,5212,this person makes the image,no,no
i2t,5212,A couple is sitting next to a bicycle.,5212,A couple is sitting next to a bicycle.,no,no.
i2t,5212,A couple sits on a bicycle.,5212,A couple sits on a bicycle.,no,no.
i2t,5212,A person takes a photo with his daughter.,5212,A person takes a photo with his daughter.,no,no.
i2t,5212,A couple rides bicycles.,5212,A couple rides bicycles.,no,no.
i2t,5212,A man holds his phone and texts his girlfriend,5212,A man holds his phone and texts his girlfriend,no,no.
i2t,5212,A person taking a picture with their daughter,5212,A person taking a picture with their daughter,no,no.
i2t,5212,A man takes a picture with his child.,5212,A man takes a picture with his child.,no,no.
i2t,5212,man take a photo,5212,man take a photo,yes,yes.
i2t,5212,A girl is hitchhiking beside the road.,5212,A girl is hitchhiking beside the road.,no,no.
i2t,5212,A girl rider a bike.,5212,A girl rider a bike.,no,no.
i2t,5212,The girl is sitting on the bike.,5212,The girl is sitting on the bike.,no,no.
i2t,5212,The girl stands on the bike.,5212,The girl stands on the bike.,no,no.
i2t,5212,A woman riding on a bicycle,5212,A woman riding on a bicycle,no,no.
i2t,5212,A girl standing with a bike.,5212,A girl standing with a bike.,no,no.
i2t,5212,A man standing with a bicycle,5212,A man standing with a bicycle,no,no.
i2t,5212,A couple is embracing each other.,5212,A couple is embracing each other.,yes,yes.
i2t,5212,The girl is walking down the street.,5212,The girl is walking down the street.,no,no.
i2t,5212,Girl riding bike,5212,Girl riding bike,no,no.
i2t,5212,A girl hitchikes by the road,5212,A girl hitchikes by the road,no,no.
i2t,5212,The woman took a picture.,5212,The woman took a picture.,yes,yes.
i2t,5212,The girl was standing by the bikes,5212,The girl was standing by the bikes,yes,yes.
i2t,5212,The person smiled for the camera.,5212,The person smiled for the camera.,yes,yes.
i2t,5212,A person snapped a photo.,5212,A person snapped a photo.,yes,yes.
i2t,5212,The person rides a bike in the event.,5212,The person rides a bike in the event.,no,no.
i2t,5212,A man rides a bike.,5212,A man rides a bike.,no,no.
i2t,5212,A person riding a bike with another person pushing from behind.,5212,A person riding a bike with another person pushing from behind.,no,no.
i2t,5212,The people look like a happy pair.,5212,The people look like a happy pair.,yes,yes.
i2t,5212,This couple is running down the road.,5212,This couple is running down the road.,no,no.
i2t,5212,The couple ran on the road.,5212,The couple ran on the road.,no,no.
i2t,5212,A couple riding in a car.,5212,A couple riding in a car.,no,no.
i2t,12895,"A mother and her son play,",12895,"A mother and her son play,",yes,yes.
i2t,12895,A mother plays with a boy.,12895,A mother plays with a boy.,yes,yes.
i2t,12895,A person plays with their daughter.,12895,A person plays with their daughter.,yes,yes.
i2t,12895,Kids are playing music.,12895,Kids are playing music.,yes,yes.
i2t,12895,A person is having a play day.,12895,A person is having a play day.,yes,yes.
i2t,12895,A person playing with her mother.,12895,A person playing with her mother.,no,no.
i2t,12895,A mother plays with her son,12895,A mother plays with her son,yes,yes.
i2t,12895,A mother plays with a daughter.,12895,A mother plays with a daughter.,yes,yes.
i2t,12895,A mother playing with a girl.,12895,A mother playing with a girl.,yes,yes.
i2t,12895,parent play with baby,12895,parent play with baby,yes,yes.
i2t,12895,A mother sits on the floor with her son.,12895,A mother sits on the floor with her son.,yes,yes.
i2t,12895,A mother playing with her boy.,12895,A mother playing with her boy.,yes,yes.
i2t,12895,Mother is sitting on the floor.,12895,Mother is sitting on the floor.,yes,yes.
i2t,12895,MOTHERS SITS IN THE FLOOR WITH BABY,12895,MOTHERS SITS IN THE FLOOR WITH BABY,yes,yes.
i2t,12895,A mother sits on the floor with her children.,12895,A mother sits on the floor with her children.,yes,yes.
i2t,12895,A mother sitting on the floor.,12895,A mother sitting on the floor.,yes,yes.
i2t,12895,A mother playing with her child.,12895,A mother playing with her child.,yes,yes.
i2t,12895,The mother sits on the floor.,12895,The mother sits on the floor.,yes,yes.
i2t,12895,A daughter will take things from her mother,12895,A daughter will take things from her mother,no,no
i2t,12895,A person playing with his daughter.,12895,A person playing with his daughter.,no,no.
i2t,12895,A mother takes her daughter.,12895,A mother takes her daughter.,yes,yes.
i2t,12895,The mother plays with her daughter.,12895,The mother plays with her daughter.,yes,yes.
i2t,12895,The mother plays with the daughter.,12895,The mother plays with the daughter.,yes,yes.
i2t,12895,A mother plays with her baby.,12895,A mother plays with her baby.,yes,yes.
i2t,12895,is this mother playing with her children?,12895,is this mother playing with her children?,yes,yes.
i2t,12895,The mother plays with the baby.,12895,The mother plays with the baby.,yes,yes.
i2t,12895,The mother plays with her baby.,12895,The mother plays with her baby.,yes,yes.
i2t,10801,this person makes the image,10801,this person makes the image,no,no
i2t,10801,The sun is rising in the sky,10801,The sun is rising in the sky,no,no.
i2t,10801,The person displays one image.,10801,The person displays one image.,no,no.
i2t,10801,A person can bring up an emotion with a photo.,10801,A person can bring up an emotion with a photo.,no,no.
i2t,10801,A person posting a picture.,10801,A person posting a picture.,no,no.
i2t,10801,A sun rise in the morning.,10801,A sun rise in the morning.,no,no.
i2t,10801,Sky while the sun is rising,10801,Sky while the sun is rising,no,no
i2t,10801,"The boat is floating on the water,",10801,"The boat is floating on the water,",no,no.
i2t,10801,person fly in the sky,10801,person fly in the sky,no,no.
i2t,10801,The sun rises in the sky.,10801,The sun rises in the sky.,no,no.
i2t,10801,Birds flying over a beach at sunset,10801,Birds flying over a beach at sunset,yes,yes.
i2t,10801,The birds fly over the beach along the sunset,10801,The birds fly over the beach along the sunset,yes,yes.
i2t,10801,Seagulls flying at a beach.,10801,Seagulls flying at a beach.,yes,yes.
i2t,10801,Walking on the beach during a sunset.,10801,Walking on the beach during a sunset.,no,no.
i2t,10801,People running on the beach at sunset.,10801,People running on the beach at sunset.,no,no.
i2t,10801,A seagull flying over a beach.,10801,A seagull flying over a beach.,no,no.
i2t,10801,On a beach dancing at sunset.,10801,On a beach dancing at sunset.,no,no.
i2t,10801,They play on the beach at sunset.,10801,They play on the beach at sunset.,no,no.
i2t,10801,People walk at sunset.,10801,People walk at sunset.,no,no.
i2t,10801,Boats floating in the ocean.,10801,Boats floating in the ocean.,no,no.
i2t,10801,The wave will break at the beach.,10801,The wave will break at the beach.,yes,yes.
i2t,10801,Waves are breaking on the shoreline.,10801,Waves are breaking on the shoreline.,yes,yes.
i2t,10801,The sun set in the sky.,10801,The sun set in the sky.,yes,yes.
i2t,10801,the seagulls stood at the beach,10801,the seagulls stood at the beach,no,no.
i2t,10801,The sun rises in the morning.,10801,The sun rises in the morning.,no,no.
i2t,10801,Clouds loom in the sky over a beach.,10801,Clouds loom in the sky over a beach.,yes,yes.
i2t,10801,A sun rises above the horizon.,10801,A sun rises above the horizon.,no,no.
i2t,10801,The sun rising on the horizon.,10801,The sun rising on the horizon.,no,no.
i2t,10801,A person captures the sunset in a picture.,10801,A person captures the sunset in a picture.,no,no.
i2t,10801,Clouds hover in the sky above the sea,10801,Clouds hover in the sky above the sea,yes,yes.
i2t,10801,A shore landscape portrays a setting sun.,10801,A shore landscape portrays a setting sun.,yes,yes.
i2t,10801,The sun set in the background.,10801,The sun set in the background.,yes,yes.
i2t,10801,The waves can almost reach the seagulls on shore.,10801,The waves can almost reach the seagulls on shore.,no,no.
i2t,10801,The sun sets behind the clouds.,10801,The sun sets behind the clouds.,yes,yes.
i2t,10801,The sun is setting in the background.,10801,The sun is setting in the background.,yes,yes.
i2t,10801,They are walking on the beach at sunset.,10801,They are walking on the beach at sunset.,no,no.
i2t,10801,The sun sets in the sky.,10801,The sun sets in the sky.,yes,yes.
i2t,3613,People are attending a concert to see an artist.,3613,People are attending a concert to see an artist.,yes,yes.
i2t,3613,People listening to a concert.,3613,People listening to a concert.,no,no.
i2t,3613,People are performing at a fest.,3613,People are performing at a fest.,no,no.
i2t,3613,People play a concert.,3613,People play a concert.,no,no.
i2t,3613,person festival to be,3613,person festival to be,no,no.
i2t,3613,A person's fans are celebrating,3613,A person's fans are celebrating,yes,yes.
i2t,3613,person sing on the crowd,3613,person sing on the crowd,yes,yes.
i2t,3613,A person attends a show.,3613,A person attends a show.,yes,yes.
i2t,3613,The crowd of people is singing.,3613,The crowd of people is singing.,yes,yes.
i2t,3613,A person celebrates in a crowd.,3613,A person celebrates in a crowd.,yes,yes.
i2t,3613,People showing signs with hands,3613,People showing signs with hands,yes,yes.
i2t,3613,A person pointing from the crowd.,3613,A person pointing from the crowd.,no,no.
i2t,3613,People clapping their hands.,3613,People clapping their hands.,no,no.
i2t,3613,Hands demonstrating sign language.,3613,Hands demonstrating sign language.,no,no.
i2t,3613,A man holds out his fingers.,3613,A man holds out his fingers.,yes,yes.
i2t,3613,Two hands raise their glasses.,3613,Two hands raise their glasses.,no,no.
i2t,3613,A person applauds with the crowd.,3613,A person applauds with the crowd.,no,no.
i2t,3613,A man raising one fist in the air as he looks down.,3613,A man raising one fist in the air as he looks down.,no,no.
i2t,3613,People performing at a concert,3613,People performing at a concert,no,no.
i2t,3613,A person sing with the crowd,3613,A person sing with the crowd,yes,yes.
i2t,3613,person singing to crowd,3613,person singing to crowd,yes,yes.
i2t,3613,A person celebrating the crowd,3613,A person celebrating the crowd,no,no.
i2t,3613,A man screaming in the background.,3613,A man screaming in the background.,no,no.
i2t,3613,The crowd is celebrating the players.,3613,The crowd is celebrating the players.,no,no.
i2t,3613,A person participating in a festival .,3613,A person participating in a festival .,yes,yes.
i2t,3613,fans celebrate person,3613,fans celebrate person,no,no.
i2t,3613,A person sings in the crowd.,3613,A person sings in the crowd.,yes,yes.
i2t,3613,The person celebrated in the crowd.,3613,The person celebrated in the crowd.,yes,yes.
i2t,3613,the person attended a festival,3613,the person attended a festival,yes,yes.
i2t,3613,A person in a crowd watching a band perform.,3613,A person in a crowd watching a band perform.,yes,yes.
i2t,3613,person wave in the crowd,3613,person wave in the crowd,yes,yes.
i2t,3613,Person playing to crowd at concert,3613,Person playing to crowd at concert,no,no.
i2t,3613,A person is one of many singing with the crowd.,3613,A person is one of many singing with the crowd.,yes,yes.
i2t,3613,Arms are raised in the background.,3613,Arms are raised in the background.,no,no.
i2t,3613,People cheer at a game.,3613,People cheer at a game.,no,no.
i2t,3613,a person raising hands up,3613,a person raising hands up,yes,yes.
i2t,5599,People are sitting in a room.,5599,People are sitting in a room.,yes,yes.
i2t,5599,A person sitting at home,5599,A person sitting at home,yes,yes.
i2t,5599,The boy is sitting on the couch.,5599,The boy is sitting on the couch.,yes,yes.
i2t,5599,A boy is sitting on the couch.,5599,A boy is sitting on the couch.,yes,yes.
i2t,5599,A person sits at home.,5599,A person sits at home.,yes,yes.
i2t,5599,A man is sitting in his room.,5599,A man is sitting in his room.,no,no.
i2t,5599,A person waiting for another person.,5599,A person waiting for another person.,no,no.
i2t,5599,The man is sitting on the couch.,5599,The man is sitting on the couch.,no,no.
i2t,5599,The person is sitting in the room.,5599,The person is sitting in the room.,yes,yes.
i2t,5599,A person sits in a room.,5599,A person sits in a room.,yes,yes.
i2t,5599,boy sit on the couch,5599,boy sit on the couch,yes,yes.
i2t,5599,A boy sits on the couch.,5599,A boy sits on the couch.,yes,yes.
i2t,5599,A child sits on the couch.,5599,A child sits on the couch.,yes,yes.
i2t,5599,The boy lies on the couch.,5599,The boy lies on the couch.,no,no.
i2t,5599,The boy lies face down on the couch.,5599,The boy lies face down on the couch.,no,no.
i2t,5599,A boy lies on a couch.,5599,A boy lies on a couch.,no,no.
i2t,5599,A child sits with his dad on a couch.,5599,A child sits with his dad on a couch.,no,no.
i2t,5599,Two boys sit on a couch.,5599,Two boys sit on a couch.,no,no.
i2t,5599,The man sits on the couch.,5599,The man sits on the couch.,no,no.
i2t,5599,man sit on the sofa,5599,man sit on the sofa,no,no
i2t,5599,A baby lying on the sofa.,5599,A baby lying on the sofa.,no,no.
i2t,5599,The man sits on the sofa.,5599,The man sits on the sofa.,no,no.
i2t,5599,The boy sits on the floor.,5599,The boy sits on the floor.,no,no.
i2t,5599,The person looks comfortable sitting on a couch at home.,5599,The person looks comfortable sitting on a couch at home.,yes,yes.
i2t,5599,A boy is laying on the couch.,5599,A boy is laying on the couch.,no,no.
i2t,5599,A boy sits with his back turned,5599,A boy sits with his back turned,yes,yes.
i2t,5599,A boy looks out the window.,5599,A boy looks out the window.,yes,yes.
i2t,5599,A child is looking out the window.,5599,A child is looking out the window.,yes,yes.
i2t,5599,Child looking through window,5599,Child looking through window,yes,yes.
i2t,5599,A child looks through a window.,5599,A child looks through a window.,yes,yes.
i2t,5599,A boy stands near a window.,5599,A boy stands near a window.,no,no.
i2t,5771,this person makes the image,5771,this person makes the image,no,no
i2t,5771,The person looks sharp and is dressed smartly.,5771,The person looks sharp and is dressed smartly.,yes,yes.
i2t,5771,person stand in the room,5771,person stand in the room,yes,yes.
i2t,5771,the person looks nice,5771,the person looks nice,yes,yes.
i2t,5771,The person stands in the office,5771,The person stands in the office,yes,yes.
i2t,5771,The student stands in the classroom.,5771,The student stands in the classroom.,no,no.
i2t,5771,A person posting a picture.,5771,A person posting a picture.,no,no.
i2t,5771,A student is taking a class.,5771,A student is taking a class.,no,no.
i2t,5771,person studying his field is standing,5771,person studying his field is standing,no,no.
i2t,5771,The man stands in front of the desk.,5771,The man stands in front of the desk.,no,no.
i2t,5771,A man stands in front of a whiteboard.,5771,A man stands in front of a whiteboard.,yes,yes.
i2t,5771,A man holds a white board.,5771,A man holds a white board.,no,no.
i2t,5771,A businessman standing in front of a door,5771,A businessman standing in front of a door,no,no.
i2t,5771,man stand behind the wall,5771,man stand behind the wall,no,no.
i2t,5771,The businessman stands with his hand in his pocket.,5771,The businessman stands with his hand in his pocket.,no,no.
i2t,5771,person stands on the room,5771,person stands on the room,yes,yes.
i2t,5771,A person stands in front of a background.,5771,A person stands in front of a background.,yes,yes.
i2t,5771,The man sits at the desk.,5771,The man sits at the desk.,no,no.
i2t,5771,The man in the shirt stands.,5771,The man in the shirt stands.,no,no.
i2t,5771,A man holds a board.,5771,A man holds a board.,no,no.
i2t,5771,The man is standing at a desk.,5771,The man is standing at a desk.,no,no.
i2t,5771,Man standing at a desk.,5771,Man standing at a desk.,no,no.
i2t,5771,The man stands in the background,5771,The man stands in the background,no,no.
i2t,5771,The man smiles in the background.,5771,The man smiles in the background.,no,no.
i2t,5771,An actor wearing a dress suit,5771,An actor wearing a dress suit,yes,yes.
i2t,5771,A man stands in front.,5771,A man stands in front.,yes,yes.
i2t,5771,The man is standing in the room.,5771,The man is standing in the room.,yes,yes.
i2t,5771,A man talks in an office.,5771,A man talks in an office.,no,no.
i2t,5771,The business man is sitting in a chair.,5771,The business man is sitting in a chair.,no,no.
i2t,5771,A businessman sitting in a chair.,5771,A businessman sitting in a chair.,no,no.
i2t,5771,A businessman sits on a chair.,5771,A businessman sits on a chair.,no,no.
i2t,5771,A businessman sits on the couch.,5771,A businessman sits on the couch.,no,no.
i2t,5771,A businessman sits at a table,5771,A businessman sits at a table,no,no.
i2t,5771,A businessman sitting on a couch.,5771,A businessman sitting on a couch.,no,no.
i2t,5771,A business man is leaning on a desk.,5771,A business man is leaning on a desk.,no,no.
i2t,5771,The man talks in the office.,5771,The man talks in the office.,no,no.
i2t,5771,A man stands in an office.,5771,A man stands in an office.,yes,yes.
i2t,5771,A man stands in an office,5771,A man stands in an office,yes,yes.
i2t,5771,A person stands in an office.,5771,A person stands in an office.,yes,yes.
i2t,5771,A man sits in front of a white background,5771,A man sits in front of a white background,no,no.
i2t,2856,The train will go to crystal city.,2856,The train will go to crystal city.,no,no.
i2t,2856,The passenger walked to the train.,2856,The passenger walked to the train.,no,no.
i2t,2856,The person reads the book.,2856,The person reads the book.,no,no.
i2t,2856,Two people are traveling in the city.,2856,Two people are traveling in the city.,no,no.
i2t,2856,The train departs from the station.,2856,The train departs from the station.,no,no.
i2t,2856,A train runs through a city.,2856,A train runs through a city.,no,no.
i2t,2856,People look at it.,2856,People look at it.,no,no.
i2t,2856,The people marched on the city.,2856,The people marched on the city.,no,no.
i2t,2856,Several people take an award.,2856,Several people take an award.,no,no.
i2t,2856,A person is writing in a book.,2856,A person is writing in a book.,no,no.
i2t,2856,The politician did speak in person.,2856,The politician did speak in person.,no,no.
i2t,2856,The person received a medal,2856,The person received a medal,no,no
i2t,2856,People stand by a fence.,2856,People stand by a fence.,no,no.
i2t,2856,The train will pass the crossing.,2856,The train will pass the crossing.,no,no.
i2t,2856,Person standing at a station.,2856,Person standing at a station.,no,no.
i2t,2856,A man stands behind a fence,2856,A man stands behind a fence,no,no.
i2t,2856,This person runs track.,2856,This person runs track.,no,no.
i2t,2856,A passenger travels to the train.,2856,A passenger travels to the train.,no,no.
i2t,2856,The politician is wearing a jacket,2856,The politician is wearing a jacket,no,no.
i2t,2856,The people stood in the front.,2856,The people stood in the front.,no,no.
i2t,2856,The woman stood in the front.,2856,The woman stood in the front.,no,no.
i2t,2856,A person can see it,2856,A person can see it,no,no
i2t,2856,Woman staring out window,2856,Woman staring out window,no,no.
i2t,2856,A girl walking on the rails.,2856,A girl walking on the rails.,no,no.
i2t,2856,A boy walking on a train track,2856,A boy walking on a train track,no,no.
i2t,2856,The train will cross the bridge,2856,The train will cross the bridge,no,no.
i2t,2856,A man is looking for a person.,2856,A man is looking for a person.,no,no.
i2t,2856,The train is approaching the station,2856,The train is approaching the station,no,no.
i2t,2856,women sitting on balcony,2856,women sitting on balcony,no,no.
i2t,2856,A PERSON COPIES ANOTHER PERSON'S POSE,2856,A PERSON COPIES ANOTHER PERSON'S POSE,no,no.
i2t,2856,Trains are leaving the city.,2856,Trains are leaving the city.,no,no.
i2t,2856,THE WAVE CRASH ON GTHE JETTY,2856,THE WAVE CRASH ON GTHE JETTY,no,no.
i2t,2856,AN ACTRESS ARRIVES AT THE PREMIERE,2856,AN ACTRESS ARRIVES AT THE PREMIERE,no,no.
i2t,2856,train runs through city,2856,train runs through city,no,no.
i2t,2856,A PREGNANT WOMAN SITS IN BED,2856,A PREGNANT WOMAN SITS IN BED,no,no.
i2t,2856,A KID IS WALKING IN THE STREET,2856,A KID IS WALKING IN THE STREET,no,no.
i2t,2856,I SEE THE PERSON IN A PHOTO WITH A BIG BELT,2856,I SEE THE PERSON IN A PHOTO WITH A BIG BELT,no,no.
i2t,2856,A WOMAN SITS IN THE SHORE,2856,A WOMAN SITS IN THE SHORE,no,no.
i2t,2856,A train heading toward the city.,2856,A train heading toward the city.,no,no.
i2t,2856,A train travels across the city.,2856,A train travels across the city.,no,no.
i2t,2856,A train passes through town.,2856,A train passes through town.,no,no.
i2t,2856,A train passed through the city.,2856,A train passed through the city.,no,no.
i2t,2856,A train passes a station.,2856,A train passes a station.,no,no.
i2t,2856,The passengers disembark the train.,2856,The passengers disembark the train.,no,no.
i2t,2856,A train leaving the city,2856,A train leaving the city,no,no.
i2t,2856,A train passes a city.,2856,A train passes a city.,no,no.
i2t,2856,A train passes through a stop at a city.,2856,A train passes through a stop at a city.,no,no.
i2t,3151,person play in a music,3151,person play in a music,yes,yes.
i2t,3151,this person makes the image,3151,this person makes the image,no,no
i2t,3151,A person is performing music.,3151,A person is performing music.,yes,yes.
i2t,3151,person play on the stage,3151,person play on the stage,yes,yes.
i2t,3151,A person picks a guitar to play music.,3151,A person picks a guitar to play music.,yes,yes.
i2t,3151,A person is playing music.,3151,A person is playing music.,yes,yes.
i2t,3151,The artist performed at a concert,3151,The artist performed at a concert,yes,yes.
i2t,3151,Person plays music.,3151,Person plays music.,yes,yes.
i2t,3151,Artists are act their play in theater,3151,Artists are act their play in theater,no,no.
i2t,3151,The artist will play the guitar on stage.,3151,The artist will play the guitar on stage.,yes,yes.
i2t,3151,Kid is playing music on his guitar,3151,Kid is playing music on his guitar,no,no.
i2t,3151,"woman, music, notes",3151,"woman, music, notes",no,no.
i2t,3151,A musician is performing for an audience on stage,3151,A musician is performing for an audience on stage,yes,yes.
i2t,3151,a songwriter performing on stage,3151,a songwriter performing on stage,yes,yes.
i2t,3151,An artist posing at the stage.,3151,An artist posing at the stage.,yes,yes.
i2t,3151,A songwriter performs on the stage.,3151,A songwriter performs on the stage.,yes,yes.
i2t,3151,A person performs music.,3151,A person performs music.,yes,yes.
i2t,3151,The young artist tries to play music at a festival.,3151,The young artist tries to play music at a festival.,no,no.
i2t,3151,An artist is performing for a person,3151,An artist is performing for a person,no,no.
i2t,3151,Artists are performing in a show.,3151,Artists are performing in a show.,yes,yes.
i2t,3151,a man doing a dance,3151,a man doing a dance,no,no.
i2t,3151,The person plays a song.,3151,The person plays a song.,yes,yes.
i2t,3151,The artist is performing on the stage.,3151,The artist is performing on the stage.,yes,yes.
i2t,3151,A person performing in the theater.,3151,A person performing in the theater.,yes,yes.
i2t,3151,The artist is performing at a celebration.,3151,The artist is performing at a celebration.,yes,yes.
i2t,3151,The kid will play music.,3151,The kid will play music.,no,no.
i2t,3151,An artist performs a show.,3151,An artist performs a show.,yes,yes.
i2t,3151,A person is playing on a stage.,3151,A person is playing on a stage.,yes,yes.
i2t,3151,An entertainer is performing on stage.,3151,An entertainer is performing on stage.,yes,yes.
i2t,3151,A guitarist plays on the stage.,3151,A guitarist plays on the stage.,yes,yes.
i2t,3151,A person is the lead guitar player,3151,A person is the lead guitar player,yes,yes.
i2t,3151,A man is performing on the stage.,3151,A man is performing on the stage.,yes,yes.
i2t,3151,A guitarist is playing on a stage.,3151,A guitarist is playing on a stage.,yes,yes.
i2t,3151,An artist performs at a musical.,3151,An artist performs at a musical.,yes,yes.
i2t,3151,A guitarist playing on stage.,3151,A guitarist playing on stage.,yes,yes.
i2t,3151,guitarist plays on stage,3151,guitarist plays on stage,yes,yes.
i2t,3151,The guitarist performs on stage.,3151,The guitarist performs on stage.,yes,yes.
i2t,3151,An artist plays the guitar at a concert.,3151,An artist plays the guitar at a concert.,yes,yes.
i2t,3151,The artist plays a gig.,3151,The artist plays a gig.,yes,yes.
i2t,3151,Artist is playing in a gig.,3151,Artist is playing in a gig.,yes,yes.
i2t,3151,The artist performs his gig at the concert.,3151,The artist performs his gig at the concert.,yes,yes.
i2t,3151,An artist performs a gig on stage.,3151,An artist performs a gig on stage.,yes,yes.
i2t,3020,Can we take the kid for a walk on the beach?,3020,Can we take the kid for a walk on the beach?,no,no.
i2t,3020,A family is sitting on a beach.,3020,A family is sitting on a beach.,yes,yes.
i2t,3020,A family runs on the beach.,3020,A family runs on the beach.,no,no.
i2t,3020,A family stands on a beach.,3020,A family stands on a beach.,no,no.
i2t,3020,People look on a beach.,3020,People look on a beach.,yes,yes.
i2t,3020,A person can bring up an emotion with a photo.,3020,A person can bring up an emotion with a photo.,yes,yes.
i2t,3020,Look at all the people on this crowded beach.,3020,Look at all the people on this crowded beach.,no,no.
i2t,3020,The woman took a picture.,3020,The woman took a picture.,no,no.
i2t,3020,A family sits on the beach.,3020,A family sits on the beach.,yes,yes.
i2t,3020,A father is sitting at the beach,3020,A father is sitting at the beach,yes,yes.
i2t,3020,Father sitting on beach.,3020,Father sitting on beach.,no,no.
i2t,3020,mother sitting on beach,3020,mother sitting on beach,yes,yes.
i2t,3020,The family sits in the sand.,3020,The family sits in the sand.,yes,yes.
i2t,3020,A child sits on the beach with mom.,3020,A child sits on the beach with mom.,no,no.
i2t,3020,Mother sitting at the beach,3020,Mother sitting at the beach,no,no.
i2t,3020,Father sitting at the beach.,3020,Father sitting at the beach.,no,no.
i2t,3020,Mother sits at the beach.,3020,Mother sits at the beach.,no,no.
i2t,3020,A mother holding her baby to see the beach.,3020,A mother holding her baby to see the beach.,no,no.
i2t,3020,A couple is standing on the beach.,3020,A couple is standing on the beach.,no,no.
i2t,3020,A couple sitting on the beach.,3020,A couple sitting on the beach.,yes,yes.
i2t,3020,Children sitting on the beach.,3020,Children sitting on the beach.,no,no.
i2t,3020,The girls sit in the sand.,3020,The girls sit in the sand.,no,no.
i2t,3020,Man is sitting on the beach.,3020,Man is sitting on the beach.,yes,yes.
i2t,3020,A couple is sitting by the sea.,3020,A couple is sitting by the sea.,yes,yes.
i2t,3020,A girl is sitting on the beach.,3020,A girl is sitting on the beach.,yes,yes.
i2t,3020,The kid sits on the beach.,3020,The kid sits on the beach.,yes,yes.
i2t,3020,A father is sitting on a beach.,3020,A father is sitting on a beach.,yes,yes.
i2t,3020,A father sits on the beach,3020,A father sits on the beach,no,no.
i2t,3020,A mother is sitting on the beach.,3020,A mother is sitting on the beach.,yes,yes.
i2t,3020,"family, sitting, outside",3020,"family, sitting, outside",yes,yes.
i2t,3020,Two people sit in the background.,3020,Two people sit in the background.,no,no.
i2t,3020,A mother sitting on a beach.,3020,A mother sitting on a beach.,no,no.
i2t,3020,A family stands on the beach.,3020,A family stands on the beach.,no,no.
i2t,3020,A father stands on the beach with his family.,3020,A father stands on the beach with his family.,no,no.
i2t,3020,A family lying on a beach,3020,A family lying on a beach,no,no.
i2t,3020,A couple enjoys the view of the ocean.,3020,A couple enjoys the view of the ocean.,yes,yes.
i2t,3020,A family walking on a beach,3020,A family walking on a beach,no,no.
i2t,3020,The family lies near the beach.,3020,The family lies near the beach.,no,no.
i2t,3020,A family plays at the beach.,3020,A family plays at the beach.,no,no.
i2t,3020,Family is playing on the beach.,3020,Family is playing on the beach.,no,no.
i2t,3020,A family walks on the beach.,3020,A family walks on the beach.,no,no.
i2t,2765,THE WOMAN PLAY THE BALL WELL,2765,THE WOMAN PLAY THE BALL WELL,yes,yes.
i2t,2765,A footballer in a jersey is going to compete,2765,A footballer in a jersey is going to compete,no,no.
i2t,2765,SHE IS A STAR PLAYER WHO LOVES TO COMPETE WITH COLLEGUES,2765,SHE IS A STAR PLAYER WHO LOVES TO COMPETE WITH COLLEGUES,no,no.
i2t,2765,a player  win a player,2765,a player  win a player,no,no
i2t,2765,player plays in tournament,2765,player plays in tournament,yes,yes.
i2t,2765,athletes bring balls to play,2765,athletes bring balls to play,no,no.
i2t,2765,The woman plays ball.,2765,The woman plays ball.,yes,yes.
i2t,2765,The person said to come for the ball.,2765,The person said to come for the ball.,yes,yes.
i2t,2765,A competing footballer player.,2765,A competing footballer player.,no,no.
i2t,2765,A player you can set to play.,2765,A player you can set to play.,no,no.
i2t,2765,The person bumps the ball with her arms.,2765,The person bumps the ball with her arms.,no,no.
i2t,2765,the oppisite player will steal the ball,2765,the oppisite player will steal the ball,no,no.
i2t,2765,The person grabbed the ball.,2765,The person grabbed the ball.,yes,yes.
i2t,2765,The player passes the ball to her team.,2765,The player passes the ball to her team.,no,no.
i2t,2765,A person wins the ball.,2765,A person wins the ball.,no,no.
i2t,2765,A player grabs the ball.,2765,A player grabs the ball.,yes,yes.
i2t,2765,A player is defending at the half court.,2765,A player is defending at the half court.,no,no.
i2t,2765,A player spins the ball,2765,A player spins the ball,no,no.
i2t,2765,A person boots a ball in a game.,2765,A person boots a ball in a game.,no,no.
i2t,2765,The player will go for the ball.,2765,The player will go for the ball.,yes,yes.
i2t,2765,A player is scoring points.,2765,A player is scoring points.,no,no.
i2t,2765,The player would not pass the ball.,2765,The player would not pass the ball.,no,no.
i2t,2765,The player did advance the ball,2765,The player did advance the ball,no,no.
i2t,2765,The player saved the shot.,2765,The player saved the shot.,no,no.
i2t,2765,A player taking a shot.,2765,A player taking a shot.,no,no.
i2t,2765,A player wanted to leave the team,2765,A player wanted to leave the team,no,no.
i2t,2765,An athlete competes for the ball.,2765,An athlete competes for the ball.,yes,yes.
i2t,2765,a player fumbles the ball.,2765,a player fumbles the ball.,no,no.
i2t,2765,Player reach for the ball,2765,Player reach for the ball,yes,yes.
i2t,2765,Athletes go for the ball,2765,Athletes go for the ball,yes,yes.
i2t,2765,The woman will wals aside the player on the sideline.,2765,The woman will wals aside the player on the sideline.,no,no.
i2t,2765,person vies for ball,2765,person vies for ball,yes,yes.
i2t,2765,A player struggles with the ball.,2765,A player struggles with the ball.,no,no.
i2t,2765,A player competes for the ball.,2765,A player competes for the ball.,yes,yes.
i2t,2765,is this athlete playing a game?,2765,is this athlete playing a game?,yes,yes.
i2t,2765,A girl is reaching to take the ball,2765,A girl is reaching to take the ball,yes,yes.
i2t,2765,The athlete is playing to take the shot.,2765,The athlete is playing to take the shot.,yes,yes.
i2t,2765,An athlete reaching for a ball.,2765,An athlete reaching for a ball.,yes,yes.
i2t,2765,player bring a ball on her hand,2765,player bring a ball on her hand,yes,yes.
i2t,2765,player throws ball at half,2765,player throws ball at half,no,no
i2t,2765,Players reach for a ball.,2765,Players reach for a ball.,yes,yes.
i2t,2765,An athlete player shoots.,2765,An athlete player shoots.,yes,yes.
i2t,2765,A player shooting a throw.,2765,A player shooting a throw.,no,no.
i2t,2765,a woman shooting a ball,2765,a woman shooting a ball,yes,yes.
i2t,2765,An athlete competes for a ball.,2765,An athlete competes for a ball.,yes,yes.
i2t,2765,A player keeps a ball in the air.,2765,A player keeps a ball in the air.,yes,yes.
i2t,2765,A volleyball player saves the ball.,2765,A volleyball player saves the ball.,no,no.
i2t,2765,A player vies for a ball.,2765,A player vies for a ball.,yes,yes.
i2t,2765,A player is defending the ball at the net.,2765,A player is defending the ball at the net.,no,no.
i2t,2765,An athlete catching a pass.,2765,An athlete catching a pass.,yes,yes.
i2t,4167,child decarate a tree,4167,child decarate a tree,no,no
i2t,4167,girl stand near tree,4167,girl stand near tree,no,no
i2t,4167,The girl runs in the forest.,4167,The girl runs in the forest.,no,no.
i2t,4167,A species of tree grows,4167,A species of tree grows,no,no.
i2t,4167,Trees grow in a forest.,4167,Trees grow in a forest.,no,no.
i2t,4167,A girl stands in a forest.,4167,A girl stands in a forest.,yes,yes.
i2t,4167,A girl stands in the forest.,4167,A girl stands in the forest.,yes,yes.
i2t,4167,girl walk a tree,4167,girl walk a tree,no,no.
i2t,4167,the child plant the tree,4167,the child plant the tree,no,no
i2t,4167,A girl walks in a forest.,4167,A girl walks in a forest.,no,no.
i2t,4167,A girl leans on a tree.,4167,A girl leans on a tree.,yes,yes.
i2t,4167,A girl leans on the tree.,4167,A girl leans on the tree.,yes,yes.
i2t,4167,A girl is leaning on a tree.,4167,A girl is leaning on a tree.,yes,yes.
i2t,4167,A young girl sits on a low tree branch.,4167,A young girl sits on a low tree branch.,no,no.
i2t,4167,A girl lean on a tree,4167,A girl lean on a tree,yes,yes.
i2t,4167,A girl leaning against a tree.,4167,A girl leaning against a tree.,yes,yes.
i2t,4167,A girl sits against a tree.,4167,A girl sits against a tree.,yes,yes.
i2t,4167,A girl is standing behind a tree.,4167,A girl is standing behind a tree.,no,no.
i2t,4167,The person leans against tree.,4167,The person leans against tree.,yes,yes.
i2t,4167,A child standing in a tree.,4167,A child standing in a tree.,no,no.
i2t,4167,A girl stands next to the tree.,4167,A girl stands next to the tree.,yes,yes.
i2t,4167,A girl is sitting in a tree.,4167,A girl is sitting in a tree.,no,no.
i2t,4167,A girl sitting on a tree.,4167,A girl sitting on a tree.,no,no.
i2t,4167,A girl is hanging from a tree.,4167,A girl is hanging from a tree.,no,no.
i2t,4167,A child is walking in the forest.,4167,A child is walking in the forest.,no,no.
i2t,4167,A girl hugs a tree.,4167,A girl hugs a tree.,yes,yes.
i2t,4167,A girl hugging a tree.,4167,A girl hugging a tree.,no,no.
i2t,4167,A child sits in a tree.,4167,A child sits in a tree.,no,no.
i2t,4167,A girl sits in a tree.,4167,A girl sits in a tree.,no,no.
i2t,13498,This man will sit on the couch.,13498,This man will sit on the couch.,yes,yes.
i2t,13498,A man sitting on a couch.,13498,A man sitting on a couch.,yes,yes.
i2t,13498,A person sitting at home,13498,A person sitting at home,yes,yes.
i2t,13498,Man sitting on sofa,13498,Man sitting on sofa,yes,yes.
i2t,13498,The man is sitting on the couch.,13498,The man is sitting on the couch.,yes,yes.
i2t,13498,man sits on sofa,13498,man sits on sofa,yes,yes.
i2t,13498,The person looks comfortable sitting on a couch at home.,13498,The person looks comfortable sitting on a couch at home.,yes,yes.
i2t,13498,A person sits on the couch.,13498,A person sits on the couch.,yes,yes.
i2t,13498,boy sit on the couch,13498,boy sit on the couch,yes,yes.
i2t,13498,A man sits on the couch.,13498,A man sits on the couch.,yes,yes.
i2t,13498,man sit on the sofa,13498,man sit on the sofa,yes,yes.
i2t,13498,A boy is sitting on the couch.,13498,A boy is sitting on the couch.,yes,yes.
i2t,13498,A boy sits on the couch.,13498,A boy sits on the couch.,yes,yes.
i2t,13498,A man is sitting on a sofa.,13498,A man is sitting on a sofa.,yes,yes.
i2t,13498,A boy sitting with a white background,13498,A boy sitting with a white background,yes,yes.
i2t,13498,A man sits with his leg up.,13498,A man sits with his leg up.,no,no.
i2t,13498,The man sits on the sofa.,13498,The man sits on the sofa.,yes,yes.
i2t,13498,The man sits on the couch.,13498,The man sits on the couch.,yes,yes.
i2t,13498,A man seated on sofa.,13498,A man seated on sofa.,yes,yes.
i2t,13498,A man leans on the chair.,13498,A man leans on the chair.,yes,yes.
i2t,13498,A person wants to sit on a couch.,13498,A person wants to sit on a couch.,yes,yes.
i2t,13498,A man sits on a stool.,13498,A man sits on a stool.,no,no.
i2t,13498,The boy is sitting on the couch.,13498,The boy is sitting on the couch.,yes,yes.
i2t,13498,The man is sitting on the sofa.,13498,The man is sitting on the sofa.,yes,yes.
i2t,13498,A man sits on a couch.,13498,A man sits on a couch.,yes,yes.
i2t,13498,A boy sitting in a chair.,13498,A boy sitting in a chair.,no,no.
i2t,13498,A man sits on his couch.,13498,A man sits on his couch.,yes,yes.
i2t,13498,A boy sits in a chair.,13498,A boy sits in a chair.,no,no.
i2t,13498,A boy lies on a couch.,13498,A boy lies on a couch.,no,no.
i2t,10255,this person makes the image,10255,this person makes the image,yes,yes.
i2t,10255,The person displays one image.,10255,The person displays one image.,no,no.
i2t,10255,A person posting a picture.,10255,A person posting a picture.,no,no.
i2t,10255,the person looks nice,10255,the person looks nice,no,no.
i2t,10255,the person climbs in the tree,10255,the person climbs in the tree,yes,yes.
i2t,10255,A boy stands in the lake,10255,A boy stands in the lake,no,no.
i2t,10255,"The boat is floating on the water,",10255,"The boat is floating on the water,",no,no.
i2t,10255,a man is about to jump into the water,10255,a man is about to jump into the water,no,no.
i2t,10255,person stand besides the tree,10255,person stand besides the tree,no,no.
i2t,10255,A person pose one,10255,A person pose one,no,no.
i2t,10255,A man climbs a tree.,10255,A man climbs a tree.,no,no.
i2t,10255,A boy sits on a tree.,10255,A boy sits on a tree.,yes,yes.
i2t,10255,A man sits at a tree.,10255,A man sits at a tree.,yes,yes.
i2t,10255,a man leaning on a tree,10255,a man leaning on a tree,no,no
i2t,10255,A man leaning on a tree,10255,A man leaning on a tree,no,no.
i2t,10255,A person is resting on a tree.,10255,A person is resting on a tree.,yes,yes.
i2t,10255,A man jumps over a tree.,10255,A man jumps over a tree.,no,no.
i2t,10255,A boy climbs in a tree.,10255,A boy climbs in a tree.,no,no.
i2t,10255,A man sits on the top.,10255,A man sits on the top.,no,no.
i2t,10255,A man is climbing a tree.,10255,A man is climbing a tree.,no,no.
i2t,10255,A girl is hanging from a tree.,10255,A girl is hanging from a tree.,no,no.
i2t,10255,A woman is admiring the sunset.,10255,A woman is admiring the sunset.,no,no.
i2t,10255,A girl sitting on a tree.,10255,A girl sitting on a tree.,yes,yes.
i2t,10255,A woman is hanging from a tree.,10255,A woman is hanging from a tree.,no,no.
i2t,10255,A girl is leaning on a tree.,10255,A girl is leaning on a tree.,no,no.
i2t,10255,A girl is sitting in a tree.,10255,A girl is sitting in a tree.,yes,yes.
i2t,10255,The girl is sitting on a branch.,10255,The girl is sitting on a branch.,yes,yes.
i2t,10255,A girl is standing behind a tree.,10255,A girl is standing behind a tree.,no,no.
i2t,10255,A girl sitting on a branch.,10255,A girl sitting on a branch.,yes,yes.
i2t,10255,The boy is sitting in the tree.,10255,The boy is sitting in the tree.,yes,yes.
i2t,10255,A person sitting on a tree.,10255,A person sitting on a tree.,yes,yes.
i2t,10255,A person sits on the branch.,10255,A person sits on the branch.,yes,yes.
i2t,10255,A person sits on a treebranch.,10255,A person sits on a treebranch.,yes,yes.
i2t,10255,A person sits in a tree.,10255,A person sits in a tree.,yes,yes.
i2t,10255,The person stood on the branch.,10255,The person stood on the branch.,no,no.
i2t,10255,A person sits in a branch.,10255,A person sits in a branch.,yes,yes.
i2t,10255,A person rests on a tree.,10255,A person rests on a tree.,yes,yes.
i2t,10255,A person is perched in a tree.,10255,A person is perched in a tree.,yes,yes.
i2t,10255,A person sits on a branch.,10255,A person sits on a branch.,yes,yes.
i2t,10255,A person sits by a tree.,10255,A person sits by a tree.,yes,yes.
i2t,10255,A person resting on a tree,10255,A person resting on a tree,yes,yes.
i2t,10255,A person sits against a tree.,10255,A person sits against a tree.,yes,yes.
i2t,10255,A man sitting by a tree.,10255,A man sitting by a tree.,yes,yes.
i2t,10255,A person is standing at sunset.,10255,A person is standing at sunset.,no,no.
i2t,10255,The silhouette of a person standing in front of a sunset.,10255,The silhouette of a person standing in front of a sunset.,no,no.
i2t,10255,person enjoy a sunset,10255,person enjoy a sunset,yes,yes.
i2t,10255,A person is enjoying a sunset.,10255,A person is enjoying a sunset.,yes,yes.
i2t,10255,A man sits at the lake.,10255,A man sits at the lake.,yes,yes.
i2t,10255,A person perches on a tree.,10255,A person perches on a tree.,yes,yes.
i2t,1397,A club is hitting the ball.,1397,A club is hitting the ball.,no,no.
i2t,1397,athletes bring balls to play,1397,athletes bring balls to play,yes,yes.
i2t,1397,Athletes play ball.,1397,Athletes play ball.,no,no.
i2t,1397,A team player runs in the game.,1397,A team player runs in the game.,no,no.
i2t,1397,An athlete plays a game.,1397,An athlete plays a game.,no,no.
i2t,1397,A player keeps a ball.,1397,A player keeps a ball.,no,no.
i2t,1397,Players play ball.,1397,Players play ball.,yes,yes.
i2t,1397,A team takes the ball from the other team.,1397,A team takes the ball from the other team.,no,no.
i2t,1397,The ball came to the person.,1397,The ball came to the person.,no,no.
i2t,1397,people make a team.,1397,people make a team.,yes,yes.
i2t,1397,A girl holds a ball.,1397,A girl holds a ball.,yes,yes.
i2t,1397,Three kids play ball together.,1397,Three kids play ball together.,no,no.
i2t,1397,Girl holding ball,1397,Girl holding ball,no,no
i2t,1397,A kid plays in a pit of balls.,1397,A kid plays in a pit of balls.,no,no.
i2t,1397,The person is laying on the court by the balls.,1397,The person is laying on the court by the balls.,no,no.
i2t,1397,A girl sits on a ball.,1397,A girl sits on a ball.,no,no.
i2t,1397,A person holds a ball while others gather around.,1397,A person holds a ball while others gather around.,no,no.
i2t,1397,A boy holds a ball.,1397,A boy holds a ball.,no,no.
i2t,1397,Players looking to win basketball confrence,1397,Players looking to win basketball confrence,no,no
i2t,1397,This team could take the game.,1397,This team could take the game.,no,no.
i2t,1397,The person said to come for the ball.,1397,The person said to come for the ball.,no,no.
i2t,1397,the team ran in a game,1397,the team ran in a game,no,no
i2t,1397,A player is scoring points.,1397,A player is scoring points.,no,no.
i2t,1397,The team is carrying the ball.,1397,The team is carrying the ball.,no,no.
i2t,1397,the person react the team,1397,the person react the team,no,no
i2t,1397,The player saved the shot.,1397,The player saved the shot.,no,no.
i2t,1397,Players sitting on the sideline.,1397,Players sitting on the sideline.,no,no.
i2t,1397,A person takes a team.,1397,A person takes a team.,no,no.
i2t,1397,People playing on a team.,1397,People playing on a team.,no,no.
i2t,1397,A league team prepares to play their game.,1397,A league team prepares to play their game.,no,no.
i2t,1397,Three athletes celebrate the game.,1397,Three athletes celebrate the game.,no,no.
i2t,1397,A team prepares for their game.,1397,A team prepares for their game.,no,no.
i2t,1397,Players of a team gather to play.,1397,Players of a team gather to play.,no,no.
i2t,1397,team warm a game,1397,team warm a game,no,no
i2t,1397,The players pose for a team picture.,1397,The players pose for a team picture.,yes,yes.
i2t,1397,A CHILD PLAY BALL WITH HIS FRIEND,1397,A CHILD PLAY BALL WITH HIS FRIEND,no,no.
i2t,1397,A person is playing with other people.,1397,A person is playing with other people.,no,no.
i2t,1397,The kid is playing with a ball.,1397,The kid is playing with a ball.,no,no.
i2t,1397,A boy playing with a ball.,1397,A boy playing with a ball.,no,no.
i2t,1397,Children playing on a field.,1397,Children playing on a field.,no,no.
i2t,1397,Every player on the team is playing volleyball.,1397,Every player on the team is playing volleyball.,no,no.
i2t,1397,The players pose for a team photo.,1397,The players pose for a team photo.,no,no.
i2t,1397,Players prepare for their next soccer session.,1397,Players prepare for their next soccer session.,no,no.
i2t,1397,A child runs on a field with other children.,1397,A child runs on a field with other children.,no,no.
i2t,1397,Children play in the field.,1397,Children play in the field.,no,no.
i2t,3831,A person runs as a player in competitive sport.,3831,A person runs as a player in competitive sport.,no,no.
i2t,3831,Man want to run on the road,3831,Man want to run on the road,no,no.
i2t,3831,The woman is training with a mile run.,3831,The woman is training with a mile run.,no,no.
i2t,3831,The woman training as a runner.,3831,The woman training as a runner.,yes,yes.
i2t,3831,person run on the road,3831,person run on the road,yes,yes.
i2t,3831,A person takes a run on street,3831,A person takes a run on street,yes,yes.
i2t,3831,the person is running in a Team,3831,the person is running in a Team,no,no.
i2t,3831,A woman runs on the road.,3831,A woman runs on the road.,yes,yes.
i2t,3831,The person runs on the road.,3831,The person runs on the road.,yes,yes.
i2t,3831,The person runs on the street.,3831,The person runs on the street.,yes,yes.
i2t,3831,Woman runs on road.,3831,Woman runs on road.,yes,yes.
i2t,3831,A woman jogging on the road.,3831,A woman jogging on the road.,yes,yes.
i2t,3831,A girl running on the road,3831,A girl running on the road,yes,yes.
i2t,3831,A woman jogging on a road.,3831,A woman jogging on a road.,yes,yes.
i2t,3831,A woman running down a road.,3831,A woman running down a road.,yes,yes.
i2t,3831,A woman is jogging on the road.,3831,A woman is jogging on the road.,yes,yes.
i2t,3831,girl run on the road,3831,girl run on the road,yes,yes.
i2t,3831,A woman running on the street.,3831,A woman running on the street.,yes,yes.
i2t,3831,A person runs on the road.,3831,A person runs on the road.,yes,yes.
i2t,3831,A girl running on the street.,3831,A girl running on the street.,yes,yes.
i2t,3831,A person running down the road,3831,A person running down the road,yes,yes.
i2t,3831,A girl is running on the street.,3831,A girl is running on the street.,yes,yes.
i2t,3831,The woman is jogging down the road.,3831,The woman is jogging down the road.,yes,yes.
i2t,3831,The woman is running on the street,3831,The woman is running on the street,yes,yes.
i2t,3831,A person runs on the street,3831,A person runs on the street,yes,yes.
i2t,3831,A woman jogs in the road.,3831,A woman jogs in the road.,yes,yes.
i2t,3831,A woman runs of a road.,3831,A woman runs of a road.,yes,yes.
i2t,3831,A woman runs in the day,3831,A woman runs in the day,yes,yes.
i2t,3831,A woman is running down a road at sunset.,3831,A woman is running down a road at sunset.,yes,yes.
i2t,735,A person runs as a player in competitive sport.,735,A person runs as a player in competitive sport.,no,no.
i2t,735,The boy is standing on the field,735,The boy is standing on the field,yes,yes.
i2t,735,A person who is an athlete strikes a pose.,735,A person who is an athlete strikes a pose.,yes,yes.
i2t,735,The athlete will walk the field,735,The athlete will walk the field,no,no.
i2t,735,The person is ready to run the track,735,The person is ready to run the track,yes,yes.
i2t,735,Person runs on a track.,735,Person runs on a track.,no,no.
i2t,735,A person gets ready to run on a track.,735,A person gets ready to run on a track.,no,no.
i2t,735,the person is running in a Team,735,the person is running in a Team,no,no.
i2t,735,the boy run the field,735,the boy run the field,no,no.
i2t,735,Kid running on track near field.,735,Kid running on track near field.,no,no.
i2t,735,A boy stands on grass.,735,A boy stands on grass.,yes,yes.
i2t,735,A boy stands at the park.,735,A boy stands at the park.,no,no.
i2t,735,The boys stand on the field.,735,The boys stand on the field.,yes,yes.
i2t,735,A child is walking on the field.,735,A child is walking on the field.,no,no.
i2t,735,A boy prepares to run track.,735,A boy prepares to run track.,no,no.
i2t,735,A young soccer player does stretching exercises before a match.,735,A young soccer player does stretching exercises before a match.,no,no.
i2t,735,A boy stands in the grass.,735,A boy stands in the grass.,yes,yes.
i2t,735,The player will catch the football.,735,The player will catch the football.,no,no.
i2t,735,The man walked on the field,735,The man walked on the field,no,no.
i2t,735,No athletes walking on the field.,735,No athletes walking on the field.,no,no
i2t,735,The man stands in the field.,735,The man stands in the field.,no,no.
i2t,735,The player will score a touchdown.,735,The player will score a touchdown.,no,no.
i2t,735,A coach walking along the sideline.,735,A coach walking along the sideline.,no,no.
i2t,735,Players stands on the sideline,735,Players stands on the sideline,no,no.
i2t,735,The boy smiled in the background.,735,The boy smiled in the background.,no,no.
i2t,735,The child did not have to stand in the field.,735,The child did not have to stand in the field.,no,no.
i2t,735,An athlete watches a run.,735,An athlete watches a run.,no,no.
i2t,735,People are playing a sport.,735,People are playing a sport.,no,no.
i2t,735,The child stood in the field.,735,The child stood in the field.,yes,yes.
i2t,735,a boy walks on the track,735,a boy walks on the track,no,no.
i2t,735,A boy is running to get the ball.,735,A boy is running to get the ball.,no,no.
i2t,735,The boy runs in the field.,735,The boy runs in the field.,no,no.
i2t,735,Children run on the field.,735,Children run on the field.,no,no.
i2t,735,A boy is running on a track.,735,A boy is running on a track.,no,no.
i2t,735,A boy runs on the grass,735,A boy runs on the grass,no,no.
i2t,735,A boy runs in the park.,735,A boy runs in the park.,no,no.
i2t,735,A boy stands in grass.,735,A boy stands in grass.,yes,yes.
i2t,735,A boy stands in a field.,735,A boy stands in a field.,yes,yes.
i2t,735,A child is standing in the field.,735,A child is standing in the field.,yes,yes.
i2t,735,A child stands in a field.,735,A child stands in a field.,yes,yes.
i2t,929,The students studied in the classroom,929,The students studied in the classroom,no,no.
i2t,929,The person read the student't book.,929,The person read the student't book.,no,no.
i2t,929,The student is carrying multiple books.,929,The student is carrying multiple books.,no,no.
i2t,929,The student learns in the classroom.,929,The student learns in the classroom.,no,no.
i2t,929,A person is talking to the student.,929,A person is talking to the student.,no,no.
i2t,929,A person speaks to the student.,929,A person speaks to the student.,no,no.
i2t,929,a girl is standing in the classroom,929,a girl is standing in the classroom,no,no.
i2t,929,Students are attending class.,929,Students are attending class.,no,no.
i2t,929,The girl holds an open book.,929,The girl holds an open book.,yes,yes.
i2t,929,A student takes a book.,929,A student takes a book.,yes,yes.
i2t,929,The girl can carry the books.,929,The girl can carry the books.,yes,yes.
i2t,929,A girl stands in a library.,929,A girl stands in a library.,no,no.
i2t,929,A girl studies in the library.,929,A girl studies in the library.,no,no.
i2t,929,A student picking a book.,929,A student picking a book.,yes,yes.
i2t,929,A girl holds a book.,929,A girl holds a book.,yes,yes.
i2t,929,A student picks a book,929,A student picks a book,no,no.
i2t,929,A girl is studying in the library.,929,A girl is studying in the library.,no,no.
i2t,929,The girl stood in front of the doorway.,929,The girl stood in front of the doorway.,no,no.
i2t,929,The girl is holding two books.,929,The girl is holding two books.,no,no.
i2t,929,A person walks down a hallway.,929,A person walks down a hallway.,no,no.
i2t,929,The woman stands in the doorway.,929,The woman stands in the doorway.,no,no.
i2t,929,A person walks down the hallway,929,A person walks down the hallway,no,no.
i2t,929,The person stands in the room.,929,The person stands in the room.,no,no.
i2t,929,A girl stands in the room.,929,A girl stands in the room.,no,no.
i2t,929,The woman closes the door.,929,The woman closes the door.,no,no.
i2t,929,The woman stands in the house.,929,The woman stands in the house.,no,no.
i2t,929,A woman stands in the room.,929,A woman stands in the room.,no,no.
i2t,929,"A student holds books,",929,"A student holds books,",yes,yes.
i2t,929,the person enters the room,929,the person enters the room,no,no
i2t,929,A girl studies at the library,929,A girl studies at the library,no,no.
i2t,929,A girl carries books.,929,A girl carries books.,yes,yes.
i2t,929,Students standing in a library.,929,Students standing in a library.,no,no.
i2t,929,A student reading at a library.,929,A student reading at a library.,no,no.
i2t,929,A student reading at the library.,929,A student reading at the library.,no,no.
i2t,929,A student sits in the library,929,A student sits in the library,no,no.
i2t,929,A student holds a book.,929,A student holds a book.,yes,yes.
i2t,929,A student reading in a classroom.,929,A student reading in a classroom.,no,no.
i2t,929,A girl studies a book.,929,A girl studies a book.,yes,yes.
i2t,929,A student learning at a library.,929,A student learning at a library.,no,no.
i2t,1255,The person displays one image.,1255,The person displays one image.,yes,yes.
i2t,1255,This person is in a man pose.,1255,This person is in a man pose.,no,no.
i2t,1255,A person appears in an image.,1255,A person appears in an image.,yes,yes.
i2t,1255,A man is posing as a awkward person.,1255,A man is posing as a awkward person.,no,no.
i2t,1255,this person makes the image,1255,this person makes the image,yes,yes.
i2t,1255,A person pose one,1255,A person pose one,yes,yes.
i2t,1255,Which person looks like this one?,1255,Which person looks like this one?,no,no.
i2t,1255,person stand in the room,1255,person stand in the room,no,no.
i2t,1255,A man dresses in clothes.,1255,A man dresses in clothes.,yes,yes.
i2t,1255,The man is standing with his back to the room.,1255,The man is standing with his back to the room.,no,no.
i2t,1255,A man standing with his hand on his hip,1255,A man standing with his hand on his hip,no,no.
i2t,1255,The man in the shirt stands.,1255,The man in the shirt stands.,yes,yes.
i2t,1255,A man standing wearing a shirt,1255,A man standing wearing a shirt,yes,yes.
i2t,1255,A man dresses in a shirt.,1255,A man dresses in a shirt.,yes,yes.
i2t,1255,Man standing with arms at side,1255,Man standing with arms at side,no,no.
i2t,1255,A person standing with his hands on his side.,1255,A person standing with his hands on his side.,no,no.
i2t,1255,An actor shows a look in jeans.,1255,An actor shows a look in jeans.,yes,yes.
i2t,1255,A male person takes a photo of himself smiling.,1255,A male person takes a photo of himself smiling.,yes,yes.
i2t,1255,Boy walking with water bottle,1255,Boy walking with water bottle,no,no.
i2t,1255,A man with his arms crossed.,1255,A man with his arms crossed.,no,no.
i2t,1255,A man is dressed in a shirt,1255,A man is dressed in a shirt,yes,yes.
i2t,1255,The man stands in front of the desk.,1255,The man stands in front of the desk.,no,no.
i2t,1255,a man walking on an edge,1255,a man walking on an edge,no,no.
i2t,1255,The man looked to the side.,1255,The man looked to the side.,no,no.
i2t,1255,Side view of a person standing.,1255,Side view of a person standing.,no,no.
i2t,1255,The boy stands against the wall.,1255,The boy stands against the wall.,no,no.
i2t,1255,a man standing,1255,a man standing,yes,yes.
i2t,1255,The person stands facing sideways.,1255,The person stands facing sideways.,no,no.
i2t,1255,A man wearing clothes.,1255,A man wearing clothes.,yes,yes.
i2t,1255,A person's look in various jeans.,1255,A person's look in various jeans.,no,no.
i2t,1255,The man smiles in the background.,1255,The man smiles in the background.,no,no.
i2t,1255,A person posing in a white shirt.,1255,A person posing in a white shirt.,no,no.
i2t,1255,The person looks sharp and is dressed smartly.,1255,The person looks sharp and is dressed smartly.,no,no.
i2t,1255,A person who is a man poses.,1255,A person who is a man poses.,yes,yes.
i2t,1255,This man looks like a friendly person.,1255,This man looks like a friendly person.,yes,yes.
i2t,1255,A boy smiles to the camera.,1255,A boy smiles to the camera.,no,no.
i2t,8950,The woman is going to wash her hair.,8950,The woman is going to wash her hair.,yes,yes.
i2t,8950,The girl washes her hair.,8950,The girl washes her hair.,yes,yes.
i2t,8950,A woman washes hair.,8950,A woman washes hair.,yes,yes.
i2t,8950,A woman is washing her hair.,8950,A woman is washing her hair.,yes,yes.
i2t,8950,A woman's hair needs fixing.,8950,A woman's hair needs fixing.,no,no.
i2t,8950,the person looks nice,8950,the person looks nice,yes,yes.
i2t,8950,this person makes the image,8950,this person makes the image,no,no
i2t,8950,A girl is shaking her hair.,8950,A girl is shaking her hair.,no,no.
i2t,8950,A person pours water on someone's head.,8950,A person pours water on someone's head.,no,no.
i2t,8950,The person displays one image.,8950,The person displays one image.,yes,yes.
i2t,8950,A girl having her hair washed.,8950,A girl having her hair washed.,yes,yes.
i2t,8950,A woman washing her face,8950,A woman washing her face,no,no.
i2t,8950,A woman spraying herself with water,8950,A woman spraying herself with water,no,no.
i2t,8950,A woman is splashed with water.,8950,A woman is splashed with water.,no,no.
i2t,8950,A girl is splashed with some water.,8950,A girl is splashed with some water.,no,no.
i2t,8950,The woman touches her hair.,8950,The woman touches her hair.,yes,yes.
i2t,8950,The woman flips her hair.,8950,The woman flips her hair.,no,no.
i2t,8950,The woman combs her hair.,8950,The woman combs her hair.,no,no.
i2t,8950,A woman about to show her face,8950,A woman about to show her face,no,no.
i2t,8950,Someone brushes the girl's hair.,8950,Someone brushes the girl's hair.,no,no.
i2t,8950,the woman closes her eyes.,8950,the woman closes her eyes.,yes,yes.
i2t,8950,A girl is whipping her hair.,8950,A girl is whipping her hair.,no,no.
i2t,8950,A woman brushing her hair.,8950,A woman brushing her hair.,no,no.
i2t,8950,A person dying hair.,8950,A person dying hair.,no,no.
i2t,8950,A woman touches her hair.,8950,A woman touches her hair.,yes,yes.
i2t,8950,A woman getting water.,8950,A woman getting water.,no,no.
i2t,8950,A woman pours water on herself.,8950,A woman pours water on herself.,no,no.
i2t,8950,The woman lies in the bathtub.,8950,The woman lies in the bathtub.,no,no.
i2t,8950,A woman enjoying the rain,8950,A woman enjoying the rain,no,no.
i2t,8950,The woman is brushing her hair.,8950,The woman is brushing her hair.,no,no.
i2t,12446,A girl has swim in the water,12446,A girl has swim in the water,yes,yes.
i2t,12446,The girl smiles in front of the pool.,12446,The girl smiles in front of the pool.,no,no.
i2t,12446,A girl is standing in the pool.,12446,A girl is standing in the pool.,yes,yes.
i2t,12446,The girl swims in the pool.,12446,The girl swims in the pool.,yes,yes.
i2t,12446,a girl stands in water.,12446,a girl stands in water.,yes,yes.
i2t,12446,A girl is standing near a pool.,12446,A girl is standing near a pool.,no,no.
i2t,12446,A girl swims in water.,12446,A girl swims in water.,yes,yes.
i2t,12446,A girl floats in a pool.,12446,A girl floats in a pool.,yes,yes.
i2t,12446,A person smiles for a photo.,12446,A person smiles for a photo.,yes,yes.
i2t,12446,A girl turns to the camera,12446,A girl turns to the camera,yes,yes.
i2t,12446,Pretty girl floats in the water.,12446,Pretty girl floats in the water.,yes,yes.
i2t,12446,A girl floating in a pool.,12446,A girl floating in a pool.,yes,yes.
i2t,12446,A woman floating in a pool.,12446,A woman floating in a pool.,yes,yes.
i2t,12446,A woman floats in the pool.,12446,A woman floats in the pool.,yes,yes.
i2t,12446,the girl sits in the pool,12446,the girl sits in the pool,no,no.
i2t,12446,A woman swimming in a pool.,12446,A woman swimming in a pool.,yes,yes.
i2t,12446,A girl floating in the water.,12446,A girl floating in the water.,yes,yes.
i2t,12446,A woman is swimming in a pool.,12446,A woman is swimming in a pool.,yes,yes.
i2t,12446,The woman sits by the pool.,12446,The woman sits by the pool.,no,no.
i2t,12446,The woman likes to float in the water.,12446,The woman likes to float in the water.,yes,yes.
i2t,12446,The person swam in the water.,12446,The person swam in the water.,yes,yes.
i2t,12446,The man stands next to the pool.,12446,The man stands next to the pool.,no,no.
i2t,12446,A woman swimming in the water.,12446,A woman swimming in the water.,yes,yes.
i2t,12446,The man stood up in the pool,12446,The man stood up in the pool,no,no.
i2t,12446,A woman swims in a pool.,12446,A woman swims in a pool.,yes,yes.
i2t,12446,A woman swims in water.,12446,A woman swims in water.,yes,yes.
i2t,12446,The woman sit near the pool is gorgeous.,12446,The woman sit near the pool is gorgeous.,no,no.
i2t,12446,A girl sits by the pool.,12446,A girl sits by the pool.,no,no.
i2t,12446,Women sitting by a pool.,12446,Women sitting by a pool.,no,no.
i2t,12446,A girl is sitting by the pool,12446,A girl is sitting by the pool,no,no.
i2t,12446,Woman stands in pool.,12446,Woman stands in pool.,no,no.
i2t,12446,The woman enjoys the beach.,12446,The woman enjoys the beach.,no,no.
i2t,12446,A woman enjoys the beach.,12446,A woman enjoys the beach.,no,no.
i2t,2311,A person is hikng up a hill.,2311,A person is hikng up a hill.,yes,yes.
i2t,2311,A man runs up a hill.,2311,A man runs up a hill.,no,no.
i2t,2311,A girl runs up a hill.,2311,A girl runs up a hill.,no,no.
i2t,2311,The person will hike on the hill.,2311,The person will hike on the hill.,yes,yes.
i2t,2311,A person beginning the climb of the hill.,2311,A person beginning the climb of the hill.,yes,yes.
i2t,2311,is this man hiking towards hill?,2311,is this man hiking towards hill?,yes,yes.
i2t,2311,A person takes a step on their walk.,2311,A person takes a step on their walk.,no,no.
i2t,2311,A person climbs a hill.,2311,A person climbs a hill.,yes,yes.
i2t,2311,A girl runs up the hill.,2311,A girl runs up the hill.,no,no.
i2t,2311,The man walked up the hill.,2311,The man walked up the hill.,yes,yes.
i2t,2311,A WOMAN RUNS IN THE HILL,2311,A WOMAN RUNS IN THE HILL,no,no.
i2t,2311,A woman running on a hill.,2311,A woman running on a hill.,no,no.
i2t,2311,A man is running on a hill.,2311,A man is running on a hill.,no,no.
i2t,2311,Women running down a hill.,2311,Women running down a hill.,no,no.
i2t,2311,People running on a trail.,2311,People running on a trail.,no,no.
i2t,2311,A couple running over a hill.,2311,A couple running over a hill.,no,no.
i2t,2311,A man is running up the hill.,2311,A man is running up the hill.,no,no.
i2t,2311,A person running the trail,2311,A person running the trail,no,no
i2t,2311,A man and a woman run up a hill.,2311,A man and a woman run up a hill.,no,no.
i2t,2311,Man running down a hill,2311,Man running down a hill,no,no.
i2t,2311,A person walks on the hill.,2311,A person walks on the hill.,yes,yes.
i2t,2311,A person walking up a hill.,2311,A person walking up a hill.,yes,yes.
i2t,2311,A person walking on a hill.,2311,A person walking on a hill.,yes,yes.
i2t,2311,A man walking on a hill.,2311,A man walking on a hill.,yes,yes.
i2t,2311,A person walks down the mountain.,2311,A person walks down the mountain.,no,no.
i2t,2311,A man running up a hill.,2311,A man running up a hill.,no,no.
i2t,2311,The person is walking the trail.,2311,The person is walking the trail.,yes,yes.
i2t,2311,person walk on the hill,2311,person walk on the hill,yes,yes.
i2t,2311,The person will walk on the mountain trail.,2311,The person will walk on the mountain trail.,yes,yes.
i2t,2311,The man went to stand on the hill for the day,2311,The man went to stand on the hill for the day,no,no.
i2t,2311,The girl runs on the hill,2311,The girl runs on the hill,no,no.
i2t,2311,A person hikes up a hill.,2311,A person hikes up a hill.,yes,yes.
i2t,2311,A man has a walk on a trail.,2311,A man has a walk on a trail.,yes,yes.
i2t,2311,Two men are running up a trail.,2311,Two men are running up a trail.,no,no.
i2t,2311,the persron climbs the hill,2311,the persron climbs the hill,yes,yes.
i2t,2311,A person climbs up a hill.,2311,A person climbs up a hill.,yes,yes.
i2t,2311,A person hiking up a mountain.,2311,A person hiking up a mountain.,yes,yes.
i2t,2173,A dog standing on the grass.,2173,A dog standing on the grass.,no,no.
i2t,2173,A dog is looking at the camera.,2173,A dog is looking at the camera.,no,no.
i2t,2173,Which person looks like this one?,2173,Which person looks like this one?,no,no.
i2t,2173,is this puppy running in the field?,2173,is this puppy running in the field?,no,no.
i2t,2173,A dog sitting on the ground.,2173,A dog sitting on the ground.,yes,yes.
i2t,2173,A dog sits on the grass.,2173,A dog sits on the grass.,yes,yes.
i2t,2173,A dog stands in the grass.,2173,A dog stands in the grass.,no,no.
i2t,2173,A dog is resting in the grass,2173,A dog is resting in the grass,yes,yes.
i2t,2173,A puppy is standing in the grass.,2173,A puppy is standing in the grass.,no,no.
i2t,2173,The person displays one image.,2173,The person displays one image.,no,no.
i2t,2173,puppy sit on rthe grass,2173,puppy sit on rthe grass,no,no
i2t,2173,Dog sitting on the lawn,2173,Dog sitting on the lawn,yes,yes.
i2t,2173,A dog sits in the grass.,2173,A dog sits in the grass.,yes,yes.
i2t,2173,A dog sitting in the grass.,2173,A dog sitting in the grass.,yes,yes.
i2t,2173,dog rests on the grass,2173,dog rests on the grass,yes,yes.
i2t,2173,A dog is sitting in the meadow.,2173,A dog is sitting in the meadow.,yes,yes.
i2t,2173,A cute animal sits in the meadow.,2173,A cute animal sits in the meadow.,yes,yes.
i2t,2173,A puppy is sitting in the meadow.,2173,A puppy is sitting in the meadow.,no,no.
i2t,2173,A dog is sitting at the meadow.,2173,A dog is sitting at the meadow.,yes,yes.
i2t,2173,The dog stands in the grass.,2173,The dog stands in the grass.,no,no.
i2t,2173,The dog is sitting in the grass.,2173,The dog is sitting in the grass.,yes,yes.
i2t,2173,a dog is lying on the grass,2173,a dog is lying on the grass,yes,yes.
i2t,2173,The dog is standing in the lawn.,2173,The dog is standing in the lawn.,no,no.
i2t,2173,A dog standing on the lawn.,2173,A dog standing on the lawn.,no,no.
i2t,2173,a dog lying on the lawn,2173,a dog lying on the lawn,yes,yes.
i2t,2173,An animal resting on the grass.,2173,An animal resting on the grass.,yes,yes.
i2t,2173,"In this photo, a dog sits at the park.",2173,"In this photo, a dog sits at the park.",yes,yes.
i2t,2173,The dog is sitting in the lawn.,2173,The dog is sitting in the lawn.,yes,yes.
i2t,2173,A dog is laying down on the lawn.,2173,A dog is laying down on the lawn.,yes,yes.
i2t,2173,the dog sat at the grass,2173,the dog sat at the grass,yes,yes.
i2t,2173,The dog is sitting in the meadow.,2173,The dog is sitting in the meadow.,yes,yes.
i2t,2173,A dog sits on lawn.,2173,A dog sits on lawn.,yes,yes.
i2t,2173,A puppy sits in the grass.,2173,A puppy sits in the grass.,no,no.
i2t,2173,Puppy standing in grass.,2173,Puppy standing in grass.,no,no.
i2t,2173,A puppy sits on the grass.,2173,A puppy sits on the grass.,no,no.
i2t,2173,The puppy sits on the grass.,2173,The puppy sits on the grass.,yes,yes.
i2t,2173,The puppy is sitting on the grass.,2173,The puppy is sitting on the grass.,yes,yes.
i2t,2173,A dog sitting in a meadow.,2173,A dog sitting in a meadow.,yes,yes.
i2t,2173,A dog sits in a meadow.,2173,A dog sits in a meadow.,yes,yes.
i2t,2173,A dog sits in a meadow panting.,2173,A dog sits in a meadow panting.,yes,yes.
i2t,2173,A dog lying in a meadow.,2173,A dog lying in a meadow.,yes,yes.
i2t,2173,A dog sits in a lawn.,2173,A dog sits in a lawn.,yes,yes.
i2t,2173,A dog sits on the lawn.,2173,A dog sits on the lawn.,yes,yes.
i2t,666,the person looks nice,666,the person looks nice,no,no.
i2t,666,Puppies are sitting in a garden.,666,Puppies are sitting in a garden.,yes,yes.
i2t,666,Dogs sit in front of a background,666,Dogs sit in front of a background,yes,yes.
i2t,666,Flowers grow in the garden.,666,Flowers grow in the garden.,yes,yes.
i2t,666,The person displays one image.,666,The person displays one image.,no,no.
i2t,666,this person makes the image,666,this person makes the image,no,no
i2t,666,The couple sit in the garden.,666,The couple sit in the garden.,no,no.
i2t,666,A PERSON WILL ENJOY THE SEASON,666,A PERSON WILL ENJOY THE SEASON,no,no.
i2t,666,A puppy sits in the garden,666,A puppy sits in the garden,no,no.
i2t,666,The dog stands in front of the background.,666,The dog stands in front of the background.,no,no.
i2t,666,Dogs are resting on the lawn.,666,Dogs are resting on the lawn.,no,no.
i2t,666,Dog sitting on the lawn,666,Dog sitting on the lawn,no,no
i2t,666,puppy sit on rthe grass,666,puppy sit on rthe grass,no,no.
i2t,666,Puppies looking at a camera.,666,Puppies looking at a camera.,no,no.
i2t,666,puppy sit on the background,666,puppy sit on the background,no,no.
i2t,666,Dogs sit in the street.,666,Dogs sit in the street.,no,no.
i2t,666,A dog sits on lawn.,666,A dog sits on lawn.,no,no.
i2t,666,The dogs are sitting in the field.,666,The dogs are sitting in the field.,no,no.
i2t,666,The dogs sit in the field.,666,The dogs sit in the field.,no,no.
i2t,666,The puppy is laying in the background.,666,The puppy is laying in the background.,no,no.
i2t,666,Dogs are sitting on the street.,666,Dogs are sitting on the street.,no,no.
i2t,666,The dog is sitting in the lawn.,666,The dog is sitting in the lawn.,no,no.
i2t,666,The dog is standing in the lawn.,666,The dog is standing in the lawn.,no,no.
i2t,666,Dogs are walking on a camera.,666,Dogs are walking on a camera.,no,no.
i2t,666,a dog is lying on the grass,666,a dog is lying on the grass,no,no.
i2t,666,dog stand,666,dog stand,no,no.
i2t,666,A puppy sits in the background.,666,A puppy sits in the background.,no,no.
i2t,666,A dog standing in the background.,666,A dog standing in the background.,no,no.
i2t,666,The puppy stands in the background.,666,The puppy stands in the background.,no,no.
i2t,666,A puppy stands in a place that isn't a garden.,666,A puppy stands in a place that isn't a garden.,no,no.
i2t,666,A puppy lays in the background,666,A puppy lays in the background,no,no.
i2t,666,A puppy lies in the background,666,A puppy lies in the background,no,no.
i2t,666,A puppy is sitting in the meadow.,666,A puppy is sitting in the meadow.,no,no.
i2t,666,Puppy standing in grass.,666,Puppy standing in grass.,no,no.
i2t,666,Dog sits on lawn,666,Dog sits on lawn,no,no.
i2t,666,A puppy sits in the grass.,666,A puppy sits in the grass.,no,no.
i2t,666,A woman and dog lie on the lawn.,666,A woman and dog lie on the lawn.,no,no.
i2t,666,Dogs sit in a chair.,666,Dogs sit in a chair.,no,no.
i2t,666,Animals sit on the lawn.,666,Animals sit on the lawn.,no,no.
i2t,666,A white puppy sits in a field while a tan puppy stands next to him.,666,A white puppy sits in a field while a tan puppy stands next to him.,no,no.
i2t,5770,The person is sitting in the chair.,5770,The person is sitting in the chair.,yes,yes.
i2t,5770,this person makes the image,5770,this person makes the image,no,no
i2t,5770,The person sits in a chair.,5770,The person sits in a chair.,yes,yes.
i2t,5770,The person sits to the side.,5770,The person sits to the side.,no,no.
i2t,5770,The person displays one image.,5770,The person displays one image.,no,no.
i2t,5770,A PERSON COPIES ANOTHER PERSON'S POSE,5770,A PERSON COPIES ANOTHER PERSON'S POSE,yes,yes.
i2t,5770,A person sitting on their side.,5770,A person sitting on their side.,no,no.
i2t,5770,The man is sitting in a chair.,5770,The man is sitting in a chair.,yes,yes.
i2t,5770,The guy is sitting in the chair.,5770,The guy is sitting in the chair.,yes,yes.
i2t,5770,the person sits towards the front,5770,the person sits towards the front,yes,yes.
i2t,5770,A person showing how to sit on the ground.,5770,A person showing how to sit on the ground.,no,no.
i2t,5770,A man sits with his leg up.,5770,A man sits with his leg up.,no,no.
i2t,5770,A man is posing as a awkward person.,5770,A man is posing as a awkward person.,no,no.
i2t,5770,An actor shows a look in jeans.,5770,An actor shows a look in jeans.,no,no.
i2t,5770,A man sits on a chair with his skateboard.,5770,A man sits on a chair with his skateboard.,no,no.
i2t,5770,man sit the floor,5770,man sit the floor,no,no
i2t,5770,man laugh on the background,5770,man laugh on the background,no,no
i2t,5770,A man sits on his bottom.,5770,A man sits on his bottom.,yes,yes.
i2t,5770,man sit in the room,5770,man sit in the room,no,no.
i2t,5770,An excited man sits in a room with a blue couch.,5770,An excited man sits in a room with a blue couch.,no,no.
i2t,5770,A man leans on the chair.,5770,A man leans on the chair.,no,no.
i2t,5770,A boy sits on the chair,5770,A boy sits on the chair,no,no.
i2t,5770,A man sits on a stool.,5770,A man sits on a stool.,yes,yes.
i2t,5770,The person likes to listen to music made by another person.,5770,The person likes to listen to music made by another person.,no,no.
i2t,5770,person is a dancing person,5770,person is a dancing person,no,no
i2t,5770,The man sits on the floor.,5770,The man sits on the floor.,no,no.
i2t,5770,A boy sitting in a chair.,5770,A boy sitting in a chair.,yes,yes.
i2t,5770,Which person looks like this one?,5770,Which person looks like this one?,no,no.
i2t,5770,A guy sitting in a chair.,5770,A guy sitting in a chair.,yes,yes.
i2t,5770,A man is sitting on the chair.,5770,A man is sitting on the chair.,yes,yes.
i2t,5770,the person poses each day,5770,the person poses each day,no,no.
i2t,5770,The man is sitting on the stool.,5770,The man is sitting on the stool.,yes,yes.
i2t,5770,A person who is a man poses.,5770,A person who is a man poses.,yes,yes.
i2t,5770,One person sits down.,5770,One person sits down.,no,no.
i2t,5770,A man is sitting on a seat.,5770,A man is sitting on a seat.,yes,yes.
i2t,5770,This person is in a man pose.,5770,This person is in a man pose.,no,no.
i2t,5770,A PERSON POSE WITH A MAN,5770,A PERSON POSE WITH A MAN,yes,yes.
i2t,5770,A boy shows a thumbs up.,5770,A boy shows a thumbs up.,no,no.
i2t,5770,A man smiles in front of a yellow background,5770,A man smiles in front of a yellow background,no,no
i2t,5770,A person pose one,5770,A person pose one,no,no.
i2t,5770,A person pose with another person,5770,A person pose with another person,no,no.
i2t,5770,A man points his finger at the camera.,5770,A man points his finger at the camera.,yes,yes.
i2t,5770,The man points his finger.,5770,The man points his finger.,yes,yes.
i2t,5770,A man pointing with his hand.,5770,A man pointing with his hand.,yes,yes.
i2t,5770,man point a hand,5770,man point a hand,yes,yes.
i2t,5770,A man sits in front of a white background,5770,A man sits in front of a white background,yes,yes.
i2t,5770,The man shows his finger.,5770,The man shows his finger.,yes,yes.
i2t,5770,A man shows his finger.,5770,A man shows his finger.,yes,yes.
i2t,2572,One person does a yoga pose.,2572,One person does a yoga pose.,yes,yes.
i2t,2572,A woman practices yoga.,2572,A woman practices yoga.,yes,yes.
i2t,2572,A yoga coach poses for a session,2572,A yoga coach poses for a session,no,no.
i2t,2572,A woman stretching legs.,2572,A woman stretching legs.,no,no.
i2t,2572,The woman sat on the mat.,2572,The woman sat on the mat.,no,no.
i2t,2572,The woman stretches out her hands.,2572,The woman stretches out her hands.,no,no.
i2t,2572,a person stretch the game,2572,a person stretch the game,no,no.
i2t,2572,"The woman, who used to stretch before exercise regularly at the beach.",2572,"The woman, who used to stretch before exercise regularly at the beach.",no,no.
i2t,2572,The woman stretches her hands.,2572,The woman stretches her hands.,yes,yes.
i2t,2572,The woman is kneeling on the floor.,2572,The woman is kneeling on the floor.,no,no.
i2t,2572,A person stretches with a yoga ball.,2572,A person stretches with a yoga ball.,no,no.
i2t,2572,Woman sitting on a mat doing yoga.,2572,Woman sitting on a mat doing yoga.,no,no.
i2t,2572,The person uses her arm to stretch.,2572,The person uses her arm to stretch.,no,no.
i2t,2572,A woman is sitting on a mat.,2572,A woman is sitting on a mat.,no,no.
i2t,2572,A woman sits on a mat.,2572,A woman sits on a mat.,no,no.
i2t,2572,The person is using the ball to stretch.,2572,The person is using the ball to stretch.,no,no.
i2t,2572,a girl stretching her legs,2572,a girl stretching her legs,no,no.
i2t,2572,a person gets down on the floor,2572,a person gets down on the floor,yes,yes.
i2t,2572,The woman lays on the floor.,2572,The woman lays on the floor.,no,no.
i2t,2572,A woman laying on the floor.,2572,A woman laying on the floor.,no,no.
i2t,2572,A woman sitting on a mat.,2572,A woman sitting on a mat.,no,no.
i2t,2572,A woman lying on the floor.,2572,A woman lying on the floor.,no,no.
i2t,2572,A man lying on the floor.,2572,A man lying on the floor.,no,no.
i2t,2572,The woman sits on the floor.,2572,The woman sits on the floor.,no,no.
i2t,2572,A woman sit on the mat,2572,A woman sit on the mat,no,no.
i2t,2572,Woman laying on the floor,2572,Woman laying on the floor,no,no.
i2t,2572,Players stretch during a session.,2572,Players stretch during a session.,no,no.
i2t,2572,A person is bowing their head.,2572,A person is bowing their head.,yes,yes.
i2t,2572,A person pose one,2572,A person pose one,no,no.
i2t,2572,Players have a streching session.,2572,Players have a streching session.,no,no.
i2t,2572,Person using arms to lift themselves,2572,Person using arms to lift themselves,yes,yes.
i2t,2572,A woman stretching in front of a window,2572,A woman stretching in front of a window,no,no.
i2t,2572,woman stretch on her arm,2572,woman stretch on her arm,no,no.
i2t,2572,A woman stretching her arms,2572,A woman stretching her arms,no,no.
i2t,2572,A woman stretches by a window.,2572,A woman stretches by a window.,no,no.
i2t,2572,A woman does a standing stretch on the sand.,2572,A woman does a standing stretch on the sand.,no,no.
i2t,5092,A person takes a photo to practice photography.,5092,A person takes a photo to practice photography.,no,no.
i2t,5092,A person can bring up an emotion with a photo.,5092,A person can bring up an emotion with a photo.,no,no.
i2t,5092,A man uses a camera.,5092,A man uses a camera.,no,no.
i2t,5092,The person takes photographs,5092,The person takes photographs,no,no.
i2t,5092,People capture photographs.,5092,People capture photographs.,no,no.
i2t,5092,The person takes a photograph.,5092,The person takes a photograph.,no,no.
i2t,5092,A person captures a person.,5092,A person captures a person.,no,no.
i2t,5092,A person takes a step on their walk.,5092,A person takes a step on their walk.,no,no.
i2t,5092,A person takes a picture.,5092,A person takes a picture.,no,no.
i2t,5092,A person captures a shot.,5092,A person captures a shot.,no,no.
i2t,5092,A person stands on the track.,5092,A person stands on the track.,no,no.
i2t,5092,A person walks along the track.,5092,A person walks along the track.,yes,yes.
i2t,5092,A person stands on a track.,5092,A person stands on a track.,no,no.
i2t,5092,A girl walks on a train rail.,5092,A girl walks on a train rail.,no,no.
i2t,5092,A boy walking on a train track,5092,A boy walking on a train track,no,no.
i2t,5092,A person standing on a track.,5092,A person standing on a track.,no,no.
i2t,5092,A person walks down a track.,5092,A person walks down a track.,yes,yes.
i2t,5092,A girl walking on the rails.,5092,A girl walking on the rails.,no,no.
i2t,5092,A man walking with a camera,5092,A man walking with a camera,yes,yes.
i2t,5092,A man walking on a trail,5092,A man walking on a trail,no,no.
i2t,5092,A man walking with his briefcase.,5092,A man walking with his briefcase.,no,no.
i2t,5092,A woman walking on some rocks.,5092,A woman walking on some rocks.,no,no.
i2t,5092,a boy walks on the track,5092,a boy walks on the track,no,no.
i2t,5092,A person walking on a trail.,5092,A person walking on a trail.,no,no.
i2t,5092,A person is taking a photograph.,5092,A person is taking a photograph.,no,no.
i2t,5092,The person is taking a photograph.,5092,The person is taking a photograph.,no,no.
i2t,5092,A person is holding a camera.,5092,A person is holding a camera.,no,no.
i2t,5092,Dogs are walking on a camera.,5092,Dogs are walking on a camera.,no,no.
i2t,5092,The person walked the track.,5092,The person walked the track.,yes,yes.
i2t,5092,A person takes a photograph.,5092,A person takes a photograph.,no,no.
i2t,5092,A person holds a camera.,5092,A person holds a camera.,no,no.
i2t,5092,a man walking on an edge,5092,a man walking on an edge,yes,yes.
i2t,5092,A person is walking on the footpath.,5092,A person is walking on the footpath.,no,no.
i2t,5092,Man walking on a road.,5092,Man walking on a road.,no,no.
i2t,5092,The person walks to the site.,5092,The person walks to the site.,no,no.
i2t,5092,The man will walk across the footbridge,5092,The man will walk across the footbridge,no,no.
i2t,5092,A person walks along a road.,5092,A person walks along a road.,no,no.
i2t,5092,A man walks with the sun in the background.,5092,A man walks with the sun in the background.,no,no.
i2t,5092,A man hiking on the edge of a rock,5092,A man hiking on the edge of a rock,no,no.
i2t,5092,The man walked at sunset.,5092,The man walked at sunset.,no,no.
i2t,5092,A man walks at sunset.,5092,A man walks at sunset.,no,no.
i2t,5092,A man walks along a mountain path.,5092,A man walks along a mountain path.,no,no.
i2t,11943,boat sail a sea,11943,boat sail a sea,yes,yes.
i2t,11943,A boat can moor while at sea.,11943,A boat can moor while at sea.,no,no.
i2t,11943,The boat sails on the water.,11943,The boat sails on the water.,yes,yes.
i2t,11943,A man drives a boat.,11943,A man drives a boat.,no,no.
i2t,11943,The man rests on the boat.,11943,The man rests on the boat.,yes,yes.
i2t,11943,A person sails a boat.,11943,A person sails a boat.,yes,yes.
i2t,11943,The man looks at the ocean.,11943,The man looks at the ocean.,yes,yes.
i2t,11943,A man sits on a boat.,11943,A man sits on a boat.,yes,yes.
i2t,11943,The man is driving the boat.,11943,The man is driving the boat.,no,no.
i2t,11943,"The boat is floating on the water,",11943,"The boat is floating on the water,",yes,yes.
i2t,11943,A man stands on a sail boat.,11943,A man stands on a sail boat.,no,no.
i2t,11943,The man rests near the boat.,11943,The man rests near the boat.,no,no.
i2t,11943,The man rests on his boat.,11943,The man rests on his boat.,yes,yes.
i2t,11943,The man is standing on the deck of the ship.,11943,The man is standing on the deck of the ship.,no,no.
i2t,11943,The man sits by the sea.,11943,The man sits by the sea.,no,no.
i2t,11943,Fisherman sit on a boat.,11943,Fisherman sit on a boat.,no,no.
i2t,11943,A man standing on a boat.,11943,A man standing on a boat.,no,no.
i2t,11943,The woman drives the boat.,11943,The woman drives the boat.,no,no.
i2t,11943,A woman sitting on a boat.,11943,A woman sitting on a boat.,no,no.
i2t,11943,A man is driving a boat.,11943,A man is driving a boat.,no,no.
i2t,11943,person ride on the boat,11943,person ride on the boat,yes,yes.
i2t,11943,A woman driving a boat.,11943,A woman driving a boat.,no,no.
i2t,11943,A person sailing on a boat,11943,A person sailing on a boat,yes,yes.
i2t,11943,A main sailing a boat.,11943,A main sailing a boat.,yes,yes.
i2t,11943,A person drives a boat.,11943,A person drives a boat.,no,no.
i2t,11943,A man stands on a boat in the water.,11943,A man stands on a boat in the water.,no,no.
i2t,11943,The yacht is floating out to sea.,11943,The yacht is floating out to sea.,yes,yes.
i2t,11943,The boat is sailing on the sea.,11943,The boat is sailing on the sea.,yes,yes.
i2t,11943,The boat is sailing in the sea.,11943,The boat is sailing in the sea.,yes,yes.
i2t,11943,A man looks at the ocean.,11943,A man looks at the ocean.,yes,yes.
i2t,11943,A fisherman sails a boat.,11943,A fisherman sails a boat.,no,no.
i2t,12105,the person looks nice,12105,the person looks nice,yes,yes.
i2t,12105,Which person looks like this one?,12105,Which person looks like this one?,no,no.
i2t,12105,this person makes the image,12105,this person makes the image,no,no
i2t,12105,A man goes to kiss his girlfriend.,12105,A man goes to kiss his girlfriend.,yes,yes.
i2t,12105,A couple is embracing each other.,12105,A couple is embracing each other.,yes,yes.
i2t,12105,A person enjoys another person.,12105,A person enjoys another person.,no,no.
i2t,12105,A person kisses another person.,12105,A person kisses another person.,yes,yes.
i2t,12105,A person is a player,12105,A person is a player,no,no.
i2t,12105,man holding girlfriend,12105,man holding girlfriend,yes,yes.
i2t,12105,A person kisses the cheek of another person.,12105,A person kisses the cheek of another person.,no,no.
i2t,12105,A couple kisses in the park.,12105,A couple kisses in the park.,yes,yes.
i2t,12105,A couple kiss in the park.,12105,A couple kiss in the park.,yes,yes.
i2t,12105,a couple cuddle in the park,12105,a couple cuddle in the park,yes,yes.
i2t,12105,A couple hugging at the park,12105,A couple hugging at the park,no,no.
i2t,12105,A couple embraces by the tree.,12105,A couple embraces by the tree.,no,no.
i2t,12105,A couple is embracing near a tree.,12105,A couple is embracing near a tree.,no,no.
i2t,12105,A couple hugs against a tree.,12105,A couple hugs against a tree.,no,no.
i2t,12105,A man kisses his girlfriend.,12105,A man kisses his girlfriend.,yes,yes.
i2t,12105,A couple are hugging in the park.,12105,A couple are hugging in the park.,no,no.
i2t,12105,A couple kisses near the street.,12105,A couple kisses near the street.,no,no.
i2t,12105,A man kissing a woman.,12105,A man kissing a woman.,yes,yes.
i2t,12105,A couple is standing near trees.,12105,A couple is standing near trees.,no,no.
i2t,12105,A man is embracing a woman.,12105,A man is embracing a woman.,yes,yes.
i2t,12105,A man is hugging a woman,12105,A man is hugging a woman,yes,yes.
i2t,12105,A man and woman are kissing.,12105,A man and woman are kissing.,yes,yes.
i2t,12105,A woman is hugging a man.,12105,A woman is hugging a man.,yes,yes.
i2t,12105,A man rests his head on the woman.,12105,A man rests his head on the woman.,no,no.
i2t,12105,A couple are kissing under the tree.,12105,A couple are kissing under the tree.,no,no.
i2t,12105,The man kisses his girlfriend.,12105,The man kisses his girlfriend.,yes,yes.
i2t,12105,A woman kisses a man.,12105,A woman kisses a man.,yes,yes.
i2t,12105,A couple kisses the other.,12105,A couple kisses the other.,yes,yes.
i2t,12105,A couple kissing in the street.,12105,A couple kissing in the street.,yes,yes.
i2t,12105,A couple hugs each other.,12105,A couple hugs each other.,no,no.
i2t,12105,The couple embraces each other.,12105,The couple embraces each other.,yes,yes.
i2t,12105,A couple kisses under the tree.,12105,A couple kisses under the tree.,no,no.
i2t,12105,a couple kissing on a street,12105,a couple kissing on a street,yes,yes.
i2t,3906,person stand in the room,3906,person stand in the room,no,no
i2t,3906,A person wants to sit on a couch.,3906,A person wants to sit on a couch.,yes,yes.
i2t,3906,the person sits towards the front,3906,the person sits towards the front,no,no
i2t,3906,A person sitting on their side.,3906,A person sitting on their side.,no,no.
i2t,3906,A person sits on the couch.,3906,A person sits on the couch.,yes,yes.
i2t,3906,The person sits to the side.,3906,The person sits to the side.,no,no.
i2t,3906,The woman is standing on one leg.,3906,The woman is standing on one leg.,no,no.
i2t,3906,The person sits on the couch.,3906,The person sits on the couch.,yes,yes.
i2t,3906,the person enters the room,3906,the person enters the room,no,no
i2t,3906,The person uses her arm to stretch.,3906,The person uses her arm to stretch.,no,no.
i2t,3906,A woman sits and crosses her leg.,3906,A woman sits and crosses her leg.,no,no.
i2t,3906,a woman sits with her leg up.,3906,a woman sits with her leg up.,no,no.
i2t,3906,A woman is sitting sideways in an armchair.,3906,A woman is sitting sideways in an armchair.,no,no.
i2t,3906,A businesswoman uses a chair to sit down.,3906,A businesswoman uses a chair to sit down.,no,no.
i2t,3906,A woman sites in the chair.,3906,A woman sites in the chair.,no,no.
i2t,3906,A woman is sitting on a sofa.,3906,A woman is sitting on a sofa.,yes,yes.
i2t,3906,A woman sits on a chair.,3906,A woman sits on a chair.,no,no.
i2t,3906,A woman sits on a sofa.,3906,A woman sits on a sofa.,yes,yes.
i2t,3906,A woman sits in an armchair.,3906,A woman sits in an armchair.,no,no.
i2t,3906,Mother sits on a couch.,3906,Mother sits on a couch.,yes,yes.
i2t,3906,A woman is sitting on the sofa,3906,A woman is sitting on the sofa,yes,yes.
i2t,3906,The woman sits on a couch.,3906,The woman sits on a couch.,yes,yes.
i2t,3906,A woman sitting on a sofa.,3906,A woman sitting on a sofa.,yes,yes.
i2t,3906,A woman is sitting on the couch,3906,A woman is sitting on the couch,yes,yes.
i2t,3906,A woman sitting in an armchair.,3906,A woman sitting in an armchair.,no,no.
i2t,3906,A woman resting on a couch.,3906,A woman resting on a couch.,yes,yes.
i2t,3906,A mother is sitting on the couch.,3906,A mother is sitting on the couch.,yes,yes.
i2t,3906,A woman sitting on a couch.,3906,A woman sitting on a couch.,yes,yes.
i2t,3906,This person is sitting on the edge of the sofa.,3906,This person is sitting on the edge of the sofa.,yes,yes.
i2t,3906,A person sits on a couch.,3906,A person sits on a couch.,yes,yes.
i2t,3906,A woman sits on a couch.,3906,A woman sits on a couch.,yes,yes.
i2t,3906,A person sits at home.,3906,A person sits at home.,no,no.
i2t,3906,Man sitting on sofa,3906,Man sitting on sofa,no,no.
i2t,3906,Elderly woman resting in a chair.,3906,Elderly woman resting in a chair.,no,no.
i2t,3906,woman sit on the sofa,3906,woman sit on the sofa,yes,yes.
i2t,3906,The woman sits in a wheelchair.,3906,The woman sits in a wheelchair.,no,no.
i2t,3906,A woman sitting in a wheelchair.,3906,A woman sitting in a wheelchair.,no,no.
i2t,3906,A woman sits in a wheelchair.,3906,A woman sits in a wheelchair.,no,no.
i2t,3906,woman standing by chair,3906,woman standing by chair,no,no.
i2t,3906,A woman is sitting on a wheelchair.,3906,A woman is sitting on a wheelchair.,no,no.
i2t,3906,A brunette woman lies comfortably on a sofa.,3906,A brunette woman lies comfortably on a sofa.,no,no.
i2t,3906,A woman is sitting on a couch.,3906,A woman is sitting on a couch.,yes,yes.
i2t,3906,The person looks comfortable sitting on a couch at home.,3906,The person looks comfortable sitting on a couch at home.,yes,yes.
i2t,3906,The woman is sitting on the sofa.,3906,The woman is sitting on the sofa.,yes,yes.
i2t,3745,The person looks at the team.,3745,The person looks at the team.,no,no.
i2t,3745,are those players starching at practice?,3745,are those players starching at practice?,no,no.
i2t,3745,The players look at the session.,3745,The players look at the session.,no,no.
i2t,3745,A player directs a team.,3745,A player directs a team.,no,no.
i2t,3745,The player stands by the touchline.,3745,The player stands by the touchline.,no,no.
i2t,3745,players are stand in the pitch,3745,players are stand in the pitch,yes,yes.
i2t,3745,A player looks at the touchline.,3745,A player looks at the touchline.,no,no.
i2t,3745,The person talking to the players is their coach.,3745,The person talking to the players is their coach.,no,no.
i2t,3745,The coach looks at a the player.,3745,The coach looks at a the player.,no,no.
i2t,3745,players celebration,3745,players celebration,no,no
i2t,3745,person on pitch with team,3745,person on pitch with team,yes,yes.
i2t,3745,team warm a game,3745,team warm a game,no,no
i2t,3745,Players speaking with other players,3745,Players speaking with other players,yes,yes.
i2t,3745,The team warms up before the game.,3745,The team warms up before the game.,yes,yes.
i2t,3745,Soccer players warming for a game,3745,Soccer players warming for a game,no,no.
i2t,3745,Players walk by the pitch.,3745,Players walk by the pitch.,no,no.
i2t,3745,Players see each other before the game.,3745,Players see each other before the game.,yes,yes.
i2t,3745,the coach encourges the team,3745,the coach encourges the team,no,no
i2t,3745,Players looking on a field.,3745,Players looking on a field.,yes,yes.
i2t,3745,Players are looking from the sideline.,3745,Players are looking from the sideline.,no,no.
i2t,3745,players looking at the field,3745,players looking at the field,no,no
i2t,3745,Players walking on the sideline.,3745,Players walking on the sideline.,no,no.
i2t,3745,Players are walking on the pitch.,3745,Players are walking on the pitch.,no,no.
i2t,3745,Players stands on the sideline,3745,Players stands on the sideline,no,no.
i2t,3745,Players are walking on the sideline.,3745,Players are walking on the sideline.,no,no.
i2t,3745,A coach near team players.,3745,A coach near team players.,yes,yes.
i2t,3745,A coach is talking to his team,3745,A coach is talking to his team,yes,yes.
i2t,3745,the players stand in the sideline,3745,the players stand in the sideline,no,no.
i2t,3745,half of the players reaction after the game.,3745,half of the players reaction after the game.,no,no.
i2t,3745,coach react the team,3745,coach react the team,no,no
i2t,3745,The players look at each other on the pitch.,3745,The players look at each other on the pitch.,yes,yes.
i2t,3745,Players are standing on a sideline.,3745,Players are standing on a sideline.,no,no.
i2t,3745,Players attend a training session.,3745,Players attend a training session.,yes,yes.
i2t,3745,Players prepare a session.,3745,Players prepare a session.,yes,yes.
i2t,3745,Players walking to a session.,3745,Players walking to a session.,no,no.
i2t,3745,Players have a practice session,3745,Players have a practice session,yes,yes.
i2t,3745,Players walk before the match.,3745,Players walk before the match.,yes,yes.
i2t,3745,Players stand by the sidelines.,3745,Players stand by the sidelines.,yes,yes.
i2t,3745,The Players are walking the field before the match.,3745,The Players are walking the field before the match.,yes,yes.
i2t,3745,A coach talks to players.,3745,A coach talks to players.,yes,yes.
i2t,3745,The players walk before the session.,3745,The players walk before the session.,no,no.
i2t,3745,Players prepare for their next soccer session.,3745,Players prepare for their next soccer session.,yes,yes.
i2t,3745,A coach talks to his players.,3745,A coach talks to his players.,yes,yes.
i2t,3745,A league team prepares to play their game.,3745,A league team prepares to play their game.,no,no.
i2t,3745,Players stand in a circle before a soccer match.,3745,Players stand in a circle before a soccer match.,no,no.
i2t,3745,A player discussing something with another man before playing a match.,3745,A player discussing something with another man before playing a match.,no,no.
i2t,3745,A team huddling together before a game,3745,A team huddling together before a game,no,no.
i2t,3745,The coach is talking to the team.,3745,The coach is talking to the team.,yes,yes.
i2t,591,A player you can set to play.,591,A player you can set to play.,no,no.
i2t,591,The players win the league.,591,The players win the league.,no,no.
i2t,591,a goalie is a person who saves the ball from entering the goal.,591,a goalie is a person who saves the ball from entering the goal.,no,no.
i2t,591,These players would like to win the tournament.,591,These players would like to win the tournament.,yes,yes.
i2t,591,The person plays this season.,591,The person plays this season.,no,no.
i2t,591,player save the goal,591,player save the goal,no,no
i2t,591,A footballer in a jersey is going to compete,591,A footballer in a jersey is going to compete,no,no.
i2t,591,A competing footballer player.,591,A competing footballer player.,no,no.
i2t,591,The stars are shining in the sky.,591,The stars are shining in the sky.,no,no.
i2t,591,A team player runs in the game.,591,A team player runs in the game.,no,no.
i2t,591,The players in the picture are on different teams.,591,The players in the picture are on different teams.,yes,yes.
i2t,591,Pictures of players from different teams.,591,Pictures of players from different teams.,yes,yes.
i2t,591,the players from their league are celebrating,591,the players from their league are celebrating,no,no.
i2t,591,Several players celebrate being a footballer.,591,Several players celebrate being a footballer.,no,no.
i2t,591,Soccer athletes are celebrating a postseason run.,591,Soccer athletes are celebrating a postseason run.,no,no.
i2t,591,The player will celebrate with his team.,591,The player will celebrate with his team.,no,no.
i2t,591,Soccer players want to meet and greet fans and other players.,591,Soccer players want to meet and greet fans and other players.,no,no.
i2t,591,The players have won the tournament.,591,The players have won the tournament.,no,no.
i2t,591,The player will celebrate with the team after the game.,591,The player will celebrate with the team after the game.,no,no.
i2t,591,A player wanted to leave the team,591,A player wanted to leave the team,no,no.
i2t,591,The player had to leave the game.,591,The player had to leave the game.,no,no.
i2t,591,The player is vying a footballer.,591,The player is vying a footballer.,no,no.
i2t,591,the game is very interest.,591,the game is very interest.,no,no.
i2t,591,How to a player who can defend the goal.,591,How to a player who can defend the goal.,no,no.
i2t,591,The player saved a goal.,591,The player saved a goal.,no,no.
i2t,591,The player is looking for praise from the players on his team.,591,The player is looking for praise from the players on his team.,no,no.
i2t,591,Players are hits the player,591,Players are hits the player,no,no.
i2t,591,does this person looking at player?,591,does this person looking at player?,no,no.
i2t,591,The players react at the half.,591,The players react at the half.,no,no.
i2t,591,Fans and players are celebrating.,591,Fans and players are celebrating.,no,no.
i2t,591,half of the players reaction after the game.,591,half of the players reaction after the game.,no,no.
i2t,591,A footballer and player are celebrating.,591,A footballer and player are celebrating.,no,no.
i2t,591,People are celebrating the player.,591,People are celebrating the player.,no,no.
i2t,591,how a person greet a player,591,how a person greet a player,no,no.
i2t,591,The players react as a team.,591,The players react as a team.,no,no.
i2t,591,Three soccer players.,591,Three soccer players.,yes,yes.
i2t,591,soccer players play,591,soccer players play,yes,yes.
i2t,591,A person completes against other soccer players.,591,A person completes against other soccer players.,no,no.
i2t,591,"soccer, ball, men",591,"soccer, ball, men",no,no.
i2t,591,Footballer players celebrating,591,Footballer players celebrating,no,no
i2t,591,Players celebrate the league.,591,Players celebrate the league.,no,no.
i2t,591,a players celebrating a game,591,a players celebrating a game,no,no.
i2t,591,Footballers celebrating with other players.,591,Footballers celebrating with other players.,no,no.
i2t,591,A soccer player blocks a shot and saves the goal.,591,A soccer player blocks a shot and saves the goal.,no,no.
i2t,591,A soccer player is saving the shot.,591,A soccer player is saving the shot.,no,no.
i2t,591,A soccer player saves the ball.,591,A soccer player saves the ball.,no,no.
i2t,591,Book cover of a soccer player getting a goal,591,Book cover of a soccer player getting a goal,no,no.
i2t,591,The soccer player hits the goal.,591,The soccer player hits the goal.,no,no.
i2t,591,The player shoots the ball toward the goal in the soccer match.,591,The player shoots the ball toward the goal in the soccer match.,no,no.
i2t,58,A person looks ready for a show.,58,A person looks ready for a show.,yes,yes.
i2t,58,artist performs at show,58,artist performs at show,yes,yes.
i2t,58,person performs final act,58,person performs final act,no,no.
i2t,58,girl jump in the air,58,girl jump in the air,no,no.
i2t,58,person fly in the sky,58,person fly in the sky,no,no.
i2t,58,A person shows at an event.,58,A person shows at an event.,no,no.
i2t,58,person play on the stage,58,person play on the stage,no,no.
i2t,58,A person jumps in the air,58,A person jumps in the air,no,no.
i2t,58,this person makes the image,58,this person makes the image,no,no
i2t,58,The person displays one image.,58,The person displays one image.,no,no.
i2t,58,Dancer performing on stage,58,Dancer performing on stage,yes,yes.
i2t,58,The woman performs on stage.,58,The woman performs on stage.,yes,yes.
i2t,58,A girl is performing a dance.,58,A girl is performing a dance.,no,no.
i2t,58,A dancer leaping in the air.,58,A dancer leaping in the air.,no,no.
i2t,58,The artist plays jump-rope in the show.,58,The artist plays jump-rope in the show.,no,no.
i2t,58,An entertainer is performing on stage.,58,An entertainer is performing on stage.,yes,yes.
i2t,58,An athlete performing on stage.,58,An athlete performing on stage.,yes,yes.
i2t,58,A dancer is performing at an event.,58,A dancer is performing at an event.,yes,yes.
i2t,58,An athlete performs on a stage.,58,An athlete performs on a stage.,yes,yes.
i2t,58,Artists are performing in a show.,58,Artists are performing in a show.,yes,yes.
i2t,58,A person performing in the theater.,58,A person performing in the theater.,yes,yes.
i2t,58,A person performing at a venue.,58,A person performing at a venue.,yes,yes.
i2t,58,A dancer is performing at a concert,58,A dancer is performing at a concert,no,no.
i2t,58,People are performing at a fest.,58,People are performing at a fest.,yes,yes.
i2t,58,An artist is performing for a person,58,An artist is performing for a person,no,no.
i2t,58,A person did perform for the crowd,58,A person did perform for the crowd,yes,yes.
i2t,58,The artist is performing at a celebration.,58,The artist is performing at a celebration.,no,no.
i2t,58,An artist performs a show.,58,An artist performs a show.,yes,yes.
i2t,58,The people perform a show.,58,The people perform a show.,yes,yes.
i2t,58,An athlete performs at the festival.,58,An athlete performs at the festival.,yes,yes.
i2t,58,An athlete performs at a festival.,58,An athlete performs at a festival.,no,no.
i2t,58,Actors performing a show,58,Actors performing a show,no,no.
i2t,58,The artist performs the show.,58,The artist performs the show.,yes,yes.
i2t,58,A girl stands on her hand.,58,A girl stands on her hand.,no,no.
i2t,58,A person performs a show for another person.,58,A person performs a show for another person.,no,no.
i2t,58,A girl walking on her hands.,58,A girl walking on her hands.,no,no.
i2t,58,A man stands on his head in a park.,58,A man stands on his head in a park.,no,no.
i2t,58,A woman stands on her arms.,58,A woman stands on her arms.,no,no.
i2t,58,A man balances on a ball.,58,A man balances on a ball.,no,no.
i2t,58,An athlete performs on stage.,58,An athlete performs on stage.,yes,yes.
i2t,58,A woman dances on stage.,58,A woman dances on stage.,no,no.
i2t,58,A dancer is leaping in the air.,58,A dancer is leaping in the air.,no,no.
i2t,58,A woman performs on stage.,58,A woman performs on stage.,yes,yes.
i2t,58,A woman dancing in a dark background.,58,A woman dancing in a dark background.,no,no.
i2t,58,The woman hangs from a glider above the city.,58,The woman hangs from a glider above the city.,no,no.
i2t,8904,The person looks like she is heading to work.,8904,The person looks like she is heading to work.,no,no.
i2t,8904,The girl is sitting in a classroom.,8904,The girl is sitting in a classroom.,no,no.
i2t,8904,the person enters the room,8904,the person enters the room,yes,yes.
i2t,8904,A person enters a room.,8904,A person enters a room.,yes,yes.
i2t,8904,A person is walking near a window.,8904,A person is walking near a window.,no,no.
i2t,8904,the person looks nice,8904,the person looks nice,yes,yes.
i2t,8904,A girl opens the door.,8904,A girl opens the door.,no,no.
i2t,8904,person stand in the room,8904,person stand in the room,no,no
i2t,8904,Person in an open room,8904,Person in an open room,no,no.
i2t,8904,The man hears a knock and opens his door.,8904,The man hears a knock and opens his door.,no,no.
i2t,8904,A girl stands in the room.,8904,A girl stands in the room.,no,no.
i2t,8904,A person walks down the hallway,8904,A person walks down the hallway,yes,yes.
i2t,8904,A woman stands in the doorway.,8904,A woman stands in the doorway.,yes,yes.
i2t,8904,A woman stands by a door.,8904,A woman stands by a door.,yes,yes.
i2t,8904,a girl stood at the door,8904,a girl stood at the door,yes,yes.
i2t,8904,A woman stands in a doorway.,8904,A woman stands in a doorway.,yes,yes.
i2t,8904,A person walks down a hallway.,8904,A person walks down a hallway.,yes,yes.
i2t,8904,A person stands before the door.,8904,A person stands before the door.,yes,yes.
i2t,8904,A person stands near the door.,8904,A person stands near the door.,yes,yes.
i2t,8904,The woman stands in the house.,8904,The woman stands in the house.,yes,yes.
i2t,8904,The woman stands in the doorway.,8904,The woman stands in the doorway.,yes,yes.
i2t,8904,The girl stands in the room.,8904,The girl stands in the room.,no,no.
i2t,8904,a woman stands in the room.,8904,a woman stands in the room.,no,no.
i2t,8904,A woman stands in the room.,8904,A woman stands in the room.,no,no.
i2t,8904,The woman stands at the mirror.,8904,The woman stands at the mirror.,no,no.
i2t,8904,The person stands in the room.,8904,The person stands in the room.,yes,yes.
i2t,8904,person stands on the room,8904,person stands on the room,no,no.
i2t,8904,A woman hol,8904,A woman hol,yes,yes.
i2t,8904,woman  open a door,8904,woman  open a door,no,no.
i2t,8904,The girl stood in front of the doorway.,8904,The girl stood in front of the doorway.,yes,yes.
i2t,8904,A girl walks with a travel bag.,8904,A girl walks with a travel bag.,yes,yes.
i2t,8904,A woman opens the door.,8904,A woman opens the door.,no,no.
i2t,8904,A woman is opening a door.,8904,A woman is opening a door.,no,no.
i2t,8904,A girl opening a door.,8904,A girl opening a door.,no,no.
i2t,12594,Artists are act their play in theater,12594,Artists are act their play in theater,yes,yes.
i2t,12594,"dance, stage, lights",12594,"dance, stage, lights",yes,yes.
i2t,12594,Artists are performing in a show.,12594,Artists are performing in a show.,yes,yes.
i2t,12594,The people are performing a dance.,12594,The people are performing a dance.,yes,yes.
i2t,12594,The dancers perform on stage,12594,The dancers perform on stage,yes,yes.
i2t,12594,The artists wows the crowd,12594,The artists wows the crowd,yes,yes.
i2t,12594,Dancers perform on stage.,12594,Dancers perform on stage.,yes,yes.
i2t,12594,A group of dancers perform a show,12594,A group of dancers perform a show,yes,yes.
i2t,12594,People dance in a concert.,12594,People dance in a concert.,yes,yes.
i2t,12594,Actors are performing a part.,12594,Actors are performing a part.,yes,yes.
i2t,12594,Women perform a dance.,12594,Women perform a dance.,yes,yes.
i2t,12594,Dancer performing on stage,12594,Dancer performing on stage,no,no.
i2t,12594,People perform in a theater.,12594,People perform in a theater.,yes,yes.
i2t,12594,A dancer leaping in the air.,12594,A dancer leaping in the air.,no,no.
i2t,12594,A woman dances on stage.,12594,A woman dances on stage.,no,no.
i2t,12594,An actor was cast to be on stage.,12594,An actor was cast to be on stage.,no,no.
i2t,12594,The artists performed a show.,12594,The artists performed a show.,yes,yes.
i2t,12594,An actor performing at a concert.,12594,An actor performing at a concert.,no,no.
i2t,12594,A person performing in the theater.,12594,A person performing in the theater.,no,no.
i2t,12594,An event is looking for artists to perform.,12594,An event is looking for artists to perform.,no,no.
i2t,12594,person is a dancing person,12594,person is a dancing person,yes,yes.
i2t,12594,People are performing at a fest.,12594,People are performing at a fest.,yes,yes.
i2t,12594,The person will sing on the stage.,12594,The person will sing on the stage.,no,no.
i2t,12594,Actors performing in a performance.,12594,Actors performing in a performance.,yes,yes.
i2t,12594,Athletes performing on stage.,12594,Athletes performing on stage.,no,no.
i2t,12594,People perform a play on stage.,12594,People perform a play on stage.,no,no.
i2t,12594,The actors perform on stage.,12594,The actors perform on stage.,yes,yes.
i2t,12594,Artists perform a play on the stage.,12594,Artists perform a play on the stage.,no,no.
i2t,12594,People perform on a stage.,12594,People perform on a stage.,yes,yes.
i2t,12594,A dancer is performing at an event.,12594,A dancer is performing at an event.,yes,yes.
i2t,12594,The people perform a show.,12594,The people perform a show.,yes,yes.
i2t,12594,People are practicing their routine on a cheer and dance team.,12594,People are practicing their routine on a cheer and dance team.,no,no.
i2t,12594,Ballet dancers performing at night,12594,Ballet dancers performing at night,no,no.
i2t,8872,The girl eats chocolate.,8872,The girl eats chocolate.,yes,yes.
i2t,8872,A girl eats chocolate.,8872,A girl eats chocolate.,yes,yes.
i2t,8872,The girl is eating chocolate.,8872,The girl is eating chocolate.,yes,yes.
i2t,8872,A person can bring up an emotion with a photo.,8872,A person can bring up an emotion with a photo.,yes,yes.
i2t,8872,One person communicates with another.,8872,One person communicates with another.,no,no.
i2t,8872,The girl is drinking a chocolate drink.,8872,The girl is drinking a chocolate drink.,no,no.
i2t,8872,an actor will portray a character,8872,an actor will portray a character,no,no.
i2t,8872,A person enjoys another person.,8872,A person enjoys another person.,no,no.
i2t,8872,Which person looks like this one?,8872,Which person looks like this one?,no,no.
i2t,8872,A person is having a play day.,8872,A person is having a play day.,no,no.
i2t,8872,The girl is drinking chocolate milk.,8872,The girl is drinking chocolate milk.,no,no.
i2t,8872,A girl prepares to wrap a gift.,8872,A girl prepares to wrap a gift.,no,no.
i2t,8872,A girl opening a gift.,8872,A girl opening a gift.,no,no.
i2t,8872,A girl places a condom with her hand.,8872,A girl places a condom with her hand.,no,no.
i2t,8872,The girl opens a gift.,8872,The girl opens a gift.,no,no.
i2t,8872,The girl prepares to give a gift.,8872,The girl prepares to give a gift.,no,no.
i2t,8872,A girl wears clothes.,8872,A girl wears clothes.,yes,yes.
i2t,8872,The cloth of the girl's dress is very good quality.,8872,The cloth of the girl's dress is very good quality.,no,no.
i2t,8872,A daughter will take things from her mother,8872,A daughter will take things from her mother,no,no.
i2t,8872,A girl is looking at a phone.,8872,A girl is looking at a phone.,no,no.
i2t,8872,The kid will play music.,8872,The kid will play music.,no,no.
i2t,8872,Someone brushes the girl's hair.,8872,Someone brushes the girl's hair.,no,no.
i2t,8872,A person won a medal.,8872,A person won a medal.,no,no.
i2t,8872,A girl holds a bunch.,8872,A girl holds a bunch.,no,no.
i2t,8872,a person holding a baby,8872,a person holding a baby,no,no.
i2t,8872,Young girl kissing her mother.,8872,Young girl kissing her mother.,no,no.
i2t,8872,The girl made a face.,8872,The girl made a face.,no,no.
i2t,8872,The girl makes a silly face.,8872,The girl makes a silly face.,no,no.
i2t,8872,A girl kisses her mother.,8872,A girl kisses her mother.,no,no.
i2t,8872,A girl is hugger her mother.,8872,A girl is hugger her mother.,no,no.
i2t,8872,A little girl plays with a pink balloon.,8872,A little girl plays with a pink balloon.,no,no.
i2t,8872,A girl enjoys the sand,8872,A girl enjoys the sand,no,no.
i2t,545,A father walks on the beach,545,A father walks on the beach,yes,yes.
i2t,545,A man walks on the beach.,545,A man walks on the beach.,yes,yes.
i2t,545,A man walks on a beach.,545,A man walks on a beach.,yes,yes.
i2t,545,A father walks on the beach.,545,A father walks on the beach.,yes,yes.
i2t,545,Man enjoys beach,545,Man enjoys beach,yes,yes.
i2t,545,The man walks to the ocean.,545,The man walks to the ocean.,yes,yes.
i2t,545,A man walks in the sea.,545,A man walks in the sea.,no,no.
i2t,545,A man is walking near the ocean,545,A man is walking near the ocean,yes,yes.
i2t,545,the businessman  walks on the beach,545,the businessman  walks on the beach,no,no.
i2t,545,A man enjoys the beach.,545,A man enjoys the beach.,yes,yes.
i2t,545,A man going for a walk along the seashore.,545,A man going for a walk along the seashore.,yes,yes.
i2t,545,A man takes a walk on the seashore,545,A man takes a walk on the seashore,yes,yes.
i2t,545,A man is walking on the seashore.,545,A man is walking on the seashore.,yes,yes.
i2t,545,A man i run on the beach.,545,A man i run on the beach.,no,no.
i2t,545,A father walking on the beach.,545,A father walking on the beach.,yes,yes.
i2t,545,A man runs the beach.,545,A man runs the beach.,no,no.
i2t,545,A man is walking to the sea.,545,A man is walking to the sea.,no,no.
i2t,545,The man is walking on the beach.,545,The man is walking on the beach.,yes,yes.
i2t,545,A man walks down the seashore.,545,A man walks down the seashore.,yes,yes.
i2t,545,The man is walking down the beach.,545,The man is walking down the beach.,yes,yes.
i2t,545,The man stands on the beach.,545,The man stands on the beach.,no,no.
i2t,545,A boy walking on the beach.,545,A boy walking on the beach.,no,no.
i2t,545,A man is walking near the ocean.,545,A man is walking near the ocean.,yes,yes.
i2t,545,The man walks near the water,545,The man walks near the water,yes,yes.
i2t,545,The man looks at the ocean.,545,The man looks at the ocean.,no,no.
i2t,545,A man standing on the beach.,545,A man standing on the beach.,no,no.
i2t,545,A person took a walk on the beach.,545,A person took a walk on the beach.,yes,yes.
i2t,545,The man was standing by the beach.,545,The man was standing by the beach.,no,no.
i2t,545,The man walked along the coast.,545,The man walked along the coast.,yes,yes.
i2t,545,A man walks along the sea shore.,545,A man walks along the sea shore.,yes,yes.
i2t,545,A man walks along the seashore.,545,A man walks along the seashore.,yes,yes.
i2t,545,a person stroll on the beach,545,a person stroll on the beach,yes,yes.
i2t,545,a man standing cn a beach,545,a man standing cn a beach,no,no.
i2t,545,A person strolls the beach.,545,A person strolls the beach.,yes,yes.
i2t,545,A man walks near the seashore.,545,A man walks near the seashore.,yes,yes.
i2t,545,A man walks on the seashore.,545,A man walks on the seashore.,yes,yes.
i2t,1553,"The boat is floating on the water,",1553,"The boat is floating on the water,",no,no.
i2t,1553,A woman is paddling the boat.,1553,A woman is paddling the boat.,yes,yes.
i2t,1553,A MAN RUN THE WATER,1553,A MAN RUN THE WATER,no,no.
i2t,1553,A person enjoys some water sports.,1553,A person enjoys some water sports.,yes,yes.
i2t,1553,A girls stands on a paddle board in a lake.,1553,A girls stands on a paddle board in a lake.,yes,yes.
i2t,1553,A man wades in the water,1553,A man wades in the water,no,no.
i2t,1553,The woman paddles a boat.,1553,The woman paddles a boat.,yes,yes.
i2t,1553,A woman floats on water.,1553,A woman floats on water.,yes,yes.
i2t,1553,the fisherman paddle the boat,1553,the fisherman paddle the boat,no,no.
i2t,1553,A person posting a picture.,1553,A person posting a picture.,no,no.
i2t,1553,A girl stands on a paddleboard on the lake.,1553,A girl stands on a paddleboard on the lake.,yes,yes.
i2t,1553,A man stands on a surfboard and rows himself along a lake.,1553,A man stands on a surfboard and rows himself along a lake.,no,no.
i2t,1553,A woman is kayaking on the lake.,1553,A woman is kayaking on the lake.,no,no.
i2t,1553,A person using a canoe on a lake,1553,A person using a canoe on a lake,no,no.
i2t,1553,A woman kayaking in a lake.,1553,A woman kayaking in a lake.,no,no.
i2t,1553,A woman paddles the boat.,1553,A woman paddles the boat.,no,no.
i2t,1553,The woman kayaks across the lake.,1553,The woman kayaks across the lake.,no,no.
i2t,1553,A person canoeing on a lake.,1553,A person canoeing on a lake.,no,no.
i2t,1553,A woman standing on the lake.,1553,A woman standing on the lake.,yes,yes.
i2t,1553,A girl driving a boat,1553,A girl driving a boat,no,no.
i2t,1553,A woman is standing on a lake.,1553,A woman is standing on a lake.,yes,yes.
i2t,1553,A woman sitting on a boat.,1553,A woman sitting on a boat.,no,no.
i2t,1553,The woman drives the boat.,1553,The woman drives the boat.,no,no.
i2t,1553,A girl is playing on the lake.,1553,A girl is playing on the lake.,yes,yes.
i2t,1553,A woman wades on the water.,1553,A woman wades on the water.,no,no.
i2t,1553,A girl floats on the water.,1553,A girl floats on the water.,no,no.
i2t,1553,A girl walks down the middle of the river,1553,A girl walks down the middle of the river,no,no.
i2t,1553,A girl has swim in the water,1553,A girl has swim in the water,no,no.
i2t,1553,The girl walked on the river.,1553,The girl walked on the river.,no,no.
i2t,1553,The person is kayaking in the lake.,1553,The person is kayaking in the lake.,no,no.
i2t,1553,A person is kayaking at a lake.,1553,A person is kayaking at a lake.,no,no.
i2t,4505,A cat rests on the grass,4505,A cat rests on the grass,yes,yes.
i2t,4505,A cat sitting on the ground.,4505,A cat sitting on the ground.,yes,yes.
i2t,4505,A cat sitting on grass.,4505,A cat sitting on grass.,yes,yes.
i2t,4505,A cat laying before the background.,4505,A cat laying before the background.,no,no.
i2t,4505,A cat lying on grass.,4505,A cat lying on grass.,yes,yes.
i2t,4505,A cat sits on grass.,4505,A cat sits on grass.,yes,yes.
i2t,4505,A cat sits on the grass.,4505,A cat sits on the grass.,yes,yes.
i2t,4505,A cat is sitting on grass.,4505,A cat is sitting on grass.,yes,yes.
i2t,4505,A cat sits in the grass.,4505,A cat sits in the grass.,yes,yes.
i2t,4505,A cat lies in some grass.,4505,A cat lies in some grass.,yes,yes.
i2t,4505,Kitten lies in grass,4505,Kitten lies in grass,no,no.
i2t,4505,A cat lies in the grass.,4505,A cat lies in the grass.,yes,yes.
i2t,4505,Kitten sits on grass,4505,Kitten sits on grass,no,no.
i2t,4505,A kitten lies in the grass.,4505,A kitten lies in the grass.,no,no.
i2t,4505,the cat lays in the grass,4505,the cat lays in the grass,yes,yes.
i2t,4505,An animal resting on the grass.,4505,An animal resting on the grass.,yes,yes.
i2t,4505,The animal lays in the grass.,4505,The animal lays in the grass.,yes,yes.
i2t,4505,The kitten lies in the grass.,4505,The kitten lies in the grass.,no,no.
i2t,4505,The kitten sits in the grass.,4505,The kitten sits in the grass.,yes,yes.
i2t,4505,Two cats are lying in the grass.,4505,Two cats are lying in the grass.,no,no.
i2t,4505,The cat lies in the grass.,4505,The cat lies in the grass.,yes,yes.
i2t,4505,Cat lies on the grass.,4505,Cat lies on the grass.,yes,yes.
i2t,4505,Cats sit on grass.,4505,Cats sit on grass.,yes,yes.
i2t,11829,A person is going to hang from a tree.,11829,A person is going to hang from a tree.,no,no.
i2t,11829,A man has hiked to the top,11829,A man has hiked to the top,no,no.
i2t,11829,The guy is sitting in the chair.,11829,The guy is sitting in the chair.,yes,yes.
i2t,11829,The person is walking on the top.,11829,The person is walking on the top.,no,no.
i2t,11829,Two people saw down a tree.,11829,Two people saw down a tree.,no,no.
i2t,11829,The person leads the shoot team.,11829,The person leads the shoot team.,no,no.
i2t,11829,this person goes through the forest,11829,this person goes through the forest,no,no.
i2t,11829,The woman is using a camera.,11829,The woman is using a camera.,no,no.
i2t,11829,species hang a tree,11829,species hang a tree,no,no.
i2t,11829,A person standing on top.,11829,A person standing on top.,no,no.
i2t,11829,A person stands high in the tree.,11829,A person stands high in the tree.,yes,yes.
i2t,11829,A man climbs a tree.,11829,A man climbs a tree.,no,no.
i2t,11829,A man jumps over a tree.,11829,A man jumps over a tree.,no,no.
i2t,11829,A man is climbing a tree.,11829,A man is climbing a tree.,no,no.
i2t,11829,A person walking in the trees.,11829,A person walking in the trees.,no,no.
i2t,11829,a person sawing a tree,11829,a person sawing a tree,no,no.
i2t,11829,the person climbs in the tree,11829,the person climbs in the tree,yes,yes.
i2t,11829,The person will walk on the trail.,11829,The person will walk on the trail.,no,no.
i2t,11829,The person cuts the tree down.,11829,The person cuts the tree down.,no,no.
i2t,11829,A person is perched in a tree.,11829,A person is perched in a tree.,yes,yes.
i2t,11829,A man standing in the forest.,11829,A man standing in the forest.,no,no.
i2t,11829,A person walking in the woods.,11829,A person walking in the woods.,no,no.
i2t,11829,The people are hanging from the tree.,11829,The people are hanging from the tree.,no,no.
i2t,11829,A person sitting on a tree.,11829,A person sitting on a tree.,no,no.
i2t,11829,A person perches on a tree.,11829,A person perches on a tree.,yes,yes.
i2t,11829,Children climb a tree.,11829,Children climb a tree.,no,no.
i2t,11829,a person playing a swing,11829,a person playing a swing,no,no.
i2t,11829,A man standing in a forest.,11829,A man standing in a forest.,no,no.
i2t,11829,A man hikes in a forest.,11829,A man hikes in a forest.,no,no.
i2t,11829,A man hikes in the forest.,11829,A man hikes in the forest.,no,no.
i2t,11829,A person stands in a forest,11829,A person stands in a forest,no,no.
i2t,11829,A boy climbs in a tree.,11829,A boy climbs in a tree.,no,no.
i2t,2909,A woman is looking at the view.,2909,A woman is looking at the view.,yes,yes.
i2t,2909,A person looks at the view.,2909,A person looks at the view.,yes,yes.
i2t,2909,A person waiting for another person.,2909,A person waiting for another person.,no,no.
i2t,2909,The person enjoys the view.,2909,The person enjoys the view.,yes,yes.
i2t,2909,A woman enjoying the view,2909,A woman enjoying the view,yes,yes.
i2t,2909,A girl sit on the edge,2909,A girl sit on the edge,no,no.
i2t,2909,the person looks nice,2909,the person looks nice,no,no.
i2t,2909,A person pose one,2909,A person pose one,no,no.
i2t,2909,A woman turns her head to the side.,2909,A woman turns her head to the side.,no,no.
i2t,2909,A girl sits at the edge.,2909,A girl sits at the edge.,no,no.
i2t,2909,A woman sits looking at a field.,2909,A woman sits looking at a field.,yes,yes.
i2t,2909,a woman sit at the meadow,2909,a woman sit at the meadow,no,no.
i2t,2909,This woman is enjoying looking out at the view.,2909,This woman is enjoying looking out at the view.,yes,yes.
i2t,2909,girl stand on the edge,2909,girl stand on the edge,no,no.
i2t,2909,A girl stands in the meadow.,2909,A girl stands in the meadow.,no,no.
i2t,2909,A girl standing on the meadow,2909,A girl standing on the meadow,no,no.
i2t,2909,A girl is going flower picking in a field.,2909,A girl is going flower picking in a field.,no,no.
i2t,2909,a girl standing on a meadow,2909,a girl standing on a meadow,no,no.
i2t,2909,A girl sitting on the rail.,2909,A girl sitting on the rail.,yes,yes.
i2t,2909,The girl sits on the bench.,2909,The girl sits on the bench.,no,no.
i2t,2909,The girl sits near the rails.,2909,The girl sits near the rails.,yes,yes.
i2t,2909,The girl sits by the rails.,2909,The girl sits by the rails.,yes,yes.
i2t,2909,The girl sits on the fence.,2909,The girl sits on the fence.,no,no.
i2t,2909,The girl was leaning on the fence.,2909,The girl was leaning on the fence.,yes,yes.
i2t,2909,The girl sat on the fence.,2909,The girl sat on the fence.,no,no.
i2t,2909,A girl is walking on a bridge.,2909,A girl is walking on a bridge.,no,no.
i2t,2909,A girl sits on the fence.,2909,A girl sits on the fence.,no,no.
i2t,2909,the person take the view,2909,the person take the view,yes,yes.
i2t,2909,The women are leaning on the rail.,2909,The women are leaning on the rail.,yes,yes.
i2t,2909,Two people sit in the background.,2909,Two people sit in the background.,no,no.
i2t,2909,The man enjoys the view.,2909,The man enjoys the view.,no,no.
i2t,2909,A man admiring the view.,2909,A man admiring the view.,no,no.
i2t,2909,A woman sits on a hill.,2909,A woman sits on a hill.,no,no.
i2t,2909,A woman standing on a hill.,2909,A woman standing on a hill.,no,no.
i2t,2909,Woman standing in a park,2909,Woman standing in a park,yes,yes.
i2t,2909,A woman is admiring the sunset.,2909,A woman is admiring the sunset.,no,no.
i2t,2909,A woman sits in a meadow smelling flowers.,2909,A woman sits in a meadow smelling flowers.,no,no.
i2t,2909,A woman enjoys the sunset.,2909,A woman enjoys the sunset.,no,no.
i2t,2909,A girl sits pensively in a meadow overlooking the sea.,2909,A girl sits pensively in a meadow overlooking the sea.,no,no.
i2t,2909,A girl looks at a flower.,2909,A girl looks at a flower.,no,no.
i2t,2909,A woman standing in a meadow.,2909,A woman standing in a meadow.,no,no.
i2t,1844,The player is vying a footballer.,1844,The player is vying a footballer.,no,no
i2t,1844,A footballer vies for another player.,1844,A footballer vies for another player.,yes,yes.
i2t,1844,midfielder vies with another player,1844,midfielder vies with another player,yes,yes.
i2t,1844,The person is trying to evade the tackle.,1844,The person is trying to evade the tackle.,yes,yes.
i2t,1844,a footballer competes with another player.,1844,a footballer competes with another player.,yes,yes.
i2t,1844,The player started the game with a hard kick to his teamate.,1844,The player started the game with a hard kick to his teamate.,no,no
i2t,1844,The players in the picture are on different teams.,1844,The players in the picture are on different teams.,yes,yes.
i2t,1844,One player runs past the other player.,1844,One player runs past the other player.,no,no
i2t,1844,A competing footballer player.,1844,A competing footballer player.,yes,yes.
i2t,1844,A player colliding with another player.,1844,A player colliding with another player.,no,no.
i2t,1844,A player fights for the ball during a soccer match.,1844,A player fights for the ball during a soccer match.,yes,yes.
i2t,1844,A defender vies for a ball with another player,1844,A defender vies for a ball with another player,yes,yes.
i2t,1844,A player and a defender vie for the ball.,1844,A player and a defender vie for the ball.,yes,yes.
i2t,1844,A player is seeing the action of another player with the soccer ball.,1844,A player is seeing the action of another player with the soccer ball.,yes,yes.
i2t,1844,A football player vies for the ball with another footballer.,1844,A football player vies for the ball with another footballer.,yes,yes.
i2t,1844,A midfielder vies for the ball against another player.,1844,A midfielder vies for the ball against another player.,yes,yes.
i2t,1844,The player vies against the defender.,1844,The player vies against the defender.,yes,yes.
i2t,1844,A person vies with another person for the ball.,1844,A person vies with another person for the ball.,yes,yes.
i2t,1844,A player is trying to get the ball in a match.,1844,A player is trying to get the ball in a match.,yes,yes.
i2t,1844,A player is running from the defender,1844,A player is running from the defender,no,no
i2t,1844,The player cross the ball,1844,The player cross the ball,no,no
i2t,1844,A player guards another player,1844,A player guards another player,yes,yes.
i2t,1844,Players are running in the match,1844,Players are running in the match,yes,yes
i2t,1844,A team plays on the field,1844,A team plays on the field,yes,yes
i2t,1844,The player did advance the ball,1844,The player did advance the ball,yes,yes
i2t,1844,A player rushing the ball,1844,A player rushing the ball,yes,yes.
i2t,1844,The player scored the goal.,1844,The player scored the goal.,no,no
i2t,1844,player moves warm to game,1844,player moves warm to game,no,no
i2t,1844,A player running from another player.,1844,A player running from another player.,no,no.
i2t,1844,A player vies against a defender,1844,A player vies against a defender,yes,yes.
i2t,1844,A midfielder vies for the ball.,1844,A midfielder vies for the ball.,yes,yes.
i2t,1844,A footballer vies for the ball.,1844,A footballer vies for the ball.,yes,yes.
i2t,1844,Players struggle for the ball.,1844,Players struggle for the ball.,yes,yes.
i2t,1844,Two players chase the ball.,1844,Two players chase the ball.,yes,yes.
i2t,1844,The footballer kicks the ball while being pursued by the other team.,1844,The footballer kicks the ball while being pursued by the other team.,yes,yes.
i2t,1844,Players compete for the ball.,1844,Players compete for the ball.,yes,yes.
i2t,1844,The players struggle for the ball.,1844,The players struggle for the ball.,yes,yes.
i2t,1844,A midfielder runs into another player chasing a ball.,1844,A midfielder runs into another player chasing a ball.,yes,yes.
i2t,1844,A soccer player intends to steal the ball.,1844,A soccer player intends to steal the ball.,no,no
i2t,1549,A man is jumping off a cliff.,1549,A man is jumping off a cliff.,yes,yes.
i2t,1549,A man jumps off a rock,1549,A man jumps off a rock,yes,yes.
i2t,1549,a man walking on an edge,1549,a man walking on an edge,no,no.
i2t,1549,Boy is jumping from a rock.,1549,Boy is jumping from a rock.,yes,yes.
i2t,1549,A man is climbing a cliff.,1549,A man is climbing a cliff.,no,no.
i2t,1549,The man is standing at the edge of a cliff.,1549,The man is standing at the edge of a cliff.,no,no.
i2t,1549,a man is about to jump into the water,1549,a man is about to jump into the water,yes,yes.
i2t,1549,A man jumps off a rock.,1549,A man jumps off a rock.,yes,yes.
i2t,1549,A person climbing to the top of a cliff,1549,A person climbing to the top of a cliff,no,no.
i2t,1549,a person takes a jump,1549,a person takes a jump,yes,yes.
i2t,1549,A person jumps near the sea.,1549,A person jumps near the sea.,yes,yes.
i2t,1549,Boys jumping off of a rock,1549,Boys jumping off of a rock,yes,yes.
i2t,1549,couple jump on the beach,1549,couple jump on the beach,no,no.
i2t,1549,The woman jumps off the rock.,1549,The woman jumps off the rock.,no,no.
i2t,1549,A couple jumps on the beach.,1549,A couple jumps on the beach.,no,no.
i2t,1549,A person jumps at the sea.,1549,A person jumps at the sea.,yes,yes.
i2t,1549,A man takes a jump into the sea.,1549,A man takes a jump into the sea.,yes,yes.
i2t,1549,The woman jumps the cliff.,1549,The woman jumps the cliff.,no,no.
i2t,1549,The couple jumps on the beach.,1549,The couple jumps on the beach.,no,no.
i2t,1549,The man sits on the rock.,1549,The man sits on the rock.,no,no.
i2t,1549,A man stands on the rock.,1549,A man stands on the rock.,no,no.
i2t,1549,the person rests on the rock,1549,the person rests on the rock,no,no
i2t,1549,A man is climbing a rock.,1549,A man is climbing a rock.,no,no.
i2t,1549,a man jumping in the background,1549,a man jumping in the background,no,no.
i2t,1549,The girl is climbing a rock.,1549,The girl is climbing a rock.,no,no.
i2t,1549,A person sitting on a cliff,1549,A person sitting on a cliff,no,no.
i2t,1549,A man is jumping into the sea.,1549,A man is jumping into the sea.,yes,yes.
i2t,1549,The man jumps into the sea.,1549,The man jumps into the sea.,no,no.
i2t,1549,A man jumps into the sea.,1549,A man jumps into the sea.,no,no.
i2t,1549,A person jumps into the sea.,1549,A person jumps into the sea.,yes,yes.
i2t,1549,A woman jumps off a cliff.,1549,A woman jumps off a cliff.,no,no.
i2t,1549,A man jumps into the water at sea.,1549,A man jumps into the water at sea.,no,no.
i2t,1549,A man jumps across a cliff in the sunset.,1549,A man jumps across a cliff in the sunset.,no,no.
i2t,1549,Boy jumps in sea,1549,Boy jumps in sea,no,no.
i2t,2384,a dog is lying on the grass,2384,a dog is lying on the grass,yes,yes.
i2t,2384,A dog is resting in the grass,2384,A dog is resting in the grass,yes,yes.
i2t,2384,dog rests on the grass,2384,dog rests on the grass,yes,yes.
i2t,2384,dog lie on the grass,2384,dog lie on the grass,yes,yes.
i2t,2384,a dog lying on the lawn,2384,a dog lying on the lawn,yes,yes.
i2t,2384,A dog lies on the ground.,2384,A dog lies on the ground.,yes,yes.
i2t,2384,A dog is laying down on the lawn.,2384,A dog is laying down on the lawn.,yes,yes.
i2t,2384,A dog rests on the grass.,2384,A dog rests on the grass.,yes,yes.
i2t,2384,A dog is laying on the grass.,2384,A dog is laying on the grass.,yes,yes.
i2t,2384,A dog lies on the grass.,2384,A dog lies on the grass.,yes,yes.
i2t,2384,THE DOG REST IN THE GRASS,2384,THE DOG REST IN THE GRASS,yes,yes.
i2t,2384,dog rest in the field,2384,dog rest in the field,yes,yes.
i2t,2384,A dog rests in the grass.,2384,A dog rests in the grass.,yes,yes.
i2t,2384,A dog lies in grass.,2384,A dog lies in grass.,yes,yes.
i2t,2384,The dog is rolling in the grass.,2384,The dog is rolling in the grass.,no,no.
i2t,2384,An animal resting on the grass.,2384,An animal resting on the grass.,yes,yes.
i2t,2384,The animal lays in the grass.,2384,The animal lays in the grass.,yes,yes.
i2t,2384,An animal lying in the grass.,2384,An animal lying in the grass.,yes,yes.
i2t,2384,The animal rests in the grass.,2384,The animal rests in the grass.,yes,yes.
i2t,2384,An animal laying in the grass.,2384,An animal laying in the grass.,yes,yes.
i2t,2384,The dog lies in the grass.,2384,The dog lies in the grass.,yes,yes.
i2t,2384,A dog lies over the front.,2384,A dog lies over the front.,yes,yes.
i2t,2384,A dog rests on the field,2384,A dog rests on the field,yes,yes.
i2t,2384,A dog rests on the lawn.,2384,A dog rests on the lawn.,yes,yes.
i2t,2384,A dog rests in the lawn.,2384,A dog rests in the lawn.,yes,yes.
i2t,2384,A dog is lying on the lawn.,2384,A dog is lying on the lawn.,yes,yes.
i2t,2384,A puppy lays in the background,2384,A puppy lays in the background,no,no.
i2t,2384,Dog lies on the ground with a pink background.,2384,Dog lies on the ground with a pink background.,no,no.
i2t,2384,A pug lies in the grass panting.,2384,A pug lies in the grass panting.,no,no.
i2t,2384,the dog lie on the floor,2384,the dog lie on the floor,yes,yes.
i2t,2384,A dog lies on the floor.,2384,A dog lies on the floor.,yes,yes.
i2t,2384,the dog lies on the floor.,2384,the dog lies on the floor.,yes,yes.
i2t,2384,A dog lying on the floor.,2384,A dog lying on the floor.,yes,yes.
i2t,2384,A dog rests on a lawn.,2384,A dog rests on a lawn.,yes,yes.
i2t,2384,A dog lays in the grass.,2384,A dog lays in the grass.,yes,yes.
i2t,2081,A person sits at a window.,2081,A person sits at a window.,yes,yes.
i2t,2081,A person sitting at a window.,2081,A person sitting at a window.,yes,yes.
i2t,2081,The person sits by the window.,2081,The person sits by the window.,yes,yes.
i2t,2081,The woman is sitting on the windowsill.,2081,The woman is sitting on the windowsill.,yes,yes.
i2t,2081,A person standing by a window.,2081,A person standing by a window.,no,no.
i2t,2081,A person sitting at home,2081,A person sitting at home,yes,yes.
i2t,2081,A person stands at the window.,2081,A person stands at the window.,no,no.
i2t,2081,A person sits at home.,2081,A person sits at home.,yes,yes.
i2t,2081,person standing at window,2081,person standing at window,no,no.
i2t,2081,A woman is looking at the view.,2081,A woman is looking at the view.,yes,yes.
i2t,2081,A woman sits in the windowsill.,2081,A woman sits in the windowsill.,yes,yes.
i2t,2081,A woman sits on a windowsill.,2081,A woman sits on a windowsill.,yes,yes.
i2t,2081,A woman sits in a window sill.,2081,A woman sits in a window sill.,yes,yes.
i2t,2081,A girl is sitting by the window.,2081,A girl is sitting by the window.,yes,yes.
i2t,2081,A girl sits by a window.,2081,A girl sits by a window.,yes,yes.
i2t,2081,A woman leans looking out the window.,2081,A woman leans looking out the window.,yes,yes.
i2t,2081,A woman stretches by a window.,2081,A woman stretches by a window.,yes,yes.
i2t,2081,A girl sits at a window,2081,A girl sits at a window,yes,yes.
i2t,2081,A girl can be seen sitting by the window.,2081,A girl can be seen sitting by the window.,yes,yes.
i2t,2081,A woman walks over and discovers there's a window.,2081,A woman walks over and discovers there's a window.,no,no.
i2t,2081,A man sits near to the windowsill,2081,A man sits near to the windowsill,no,no.
i2t,2081,A MAN SITS IN THE WINDOWSILL,2081,A MAN SITS IN THE WINDOWSILL,no,no.
i2t,2081,A woman staring out a window.,2081,A woman staring out a window.,yes,yes.
i2t,2081,The woman stands at the window.,2081,The woman stands at the window.,no,no.
i2t,2081,Woman staring out window,2081,Woman staring out window,yes,yes.
i2t,2081,A person staring out the window,2081,A person staring out the window,yes,yes.
i2t,2081,A woman sits in a window.,2081,A woman sits in a window.,yes,yes.
i2t,2081,A woman looks out a window.,2081,A woman looks out a window.,yes,yes.
i2t,10959,The boat sails on the water.,10959,The boat sails on the water.,yes,yes.
i2t,10959,A boat can moor while at sea.,10959,A boat can moor while at sea.,no,no.
i2t,10959,boat sail a sea,10959,boat sail a sea,yes,yes.
i2t,10959,The boat is sailing on the sea.,10959,The boat is sailing on the sea.,yes,yes.
i2t,10959,The boat sails on the river.,10959,The boat sails on the river.,no,no.
i2t,10959,A person stands on a boat.,10959,A person stands on a boat.,yes,yes.
i2t,10959,A person sails a boat.,10959,A person sails a boat.,yes,yes.
i2t,10959,A main sailing a boat.,10959,A main sailing a boat.,yes,yes.
i2t,10959,The boat is sailing on the water.,10959,The boat is sailing on the water.,yes,yes.
i2t,10959,The boat is sailing in the sea.,10959,The boat is sailing in the sea.,yes,yes.
i2t,10959,A man stands on a sail boat.,10959,A man stands on a sail boat.,yes,yes.
i2t,10959,A person sailing on a boat,10959,A person sailing on a boat,yes,yes.
i2t,10959,A man stands on a boat in the water.,10959,A man stands on a boat in the water.,yes,yes.
i2t,10959,person jumps on a boat,10959,person jumps on a boat,no,no.
i2t,10959,A man standing on a boat.,10959,A man standing on a boat.,yes,yes.
i2t,10959,The man is standing on the deck of the ship.,10959,The man is standing on the deck of the ship.,yes,yes.
i2t,10959,A person jumps from the boat.,10959,A person jumps from the boat.,no,no.
i2t,10959,A businessman stands in a boat.,10959,A businessman stands in a boat.,yes,yes.
i2t,10959,The man looks at the ocean.,10959,The man looks at the ocean.,yes,yes.
i2t,10959,A person looking at the sea.,10959,A person looking at the sea.,yes,yes.
i2t,10959,A person is looking at the ocean.,10959,A person is looking at the ocean.,yes,yes.
i2t,10959,A person looking at the ocean.,10959,A person looking at the ocean.,yes,yes.
i2t,10959,A person drives a boat.,10959,A person drives a boat.,no,no.
i2t,10959,A boat with a sail is on the water.,10959,A boat with a sail is on the water.,yes,yes.
i2t,10959,Man standing near boat,10959,Man standing near boat,no,no.
i2t,10959,A fisherman sails a boat.,10959,A fisherman sails a boat.,no,no.
i2t,10959,The boat sailed on open water.,10959,The boat sailed on open water.,yes,yes.
i2t,10959,The boat sailed the sea,10959,The boat sailed the sea,yes,yes.
i2t,0,the person looks nice,0,the person looks nice,yes,yes.
i2t,0,Girl is standing in the grass.,0,Girl is standing in the grass.,yes,yes.
i2t,0,The woman stood in the grass.,0,The woman stood in the grass.,yes,yes.
i2t,0,The girl is standing in the grass.,0,The girl is standing in the grass.,yes,yes.
i2t,0,girl stands in field,0,girl stands in field,yes,yes.
i2t,0,A girl stands in a field.,0,A girl stands in a field.,yes,yes.
i2t,0,the girl  look is very nice.,0,the girl  look is very nice.,yes,yes.
i2t,0,A person posting a picture.,0,A person posting a picture.,no,no.
i2t,0,A person stands in a field.,0,A person stands in a field.,yes,yes.
i2t,0,A person standing in a field.,0,A person standing in a field.,yes,yes.
i2t,0,The girl is standing in the meadow.,0,The girl is standing in the meadow.,yes,yes.
i2t,0,A girl standing on the meadow,0,A girl standing on the meadow,yes,yes.
i2t,0,A girl stands in the meadow.,0,A girl stands in the meadow.,yes,yes.
i2t,0,The girl stands in the field.,0,The girl stands in the field.,yes,yes.
i2t,0,A girl is walking in the field.,0,A girl is walking in the field.,no,no.
i2t,0,The girl sits in the field,0,The girl sits in the field,no,no.
i2t,0,The woman will walk in the meadow.,0,The woman will walk in the meadow.,yes,yes.
i2t,0,A girl is sitting in the meadow.,0,A girl is sitting in the meadow.,no,no.
i2t,0,a girl standing on a meadow,0,a girl standing on a meadow,yes,yes.
i2t,0,girl standing in field,0,girl standing in field,yes,yes.
i2t,0,The woman is sitting in the field.,0,The woman is sitting in the field.,no,no.
i2t,0,A girl sitting in the field.,0,A girl sitting in the field.,no,no.
i2t,0,A woman stand in the grass,0,A woman stand in the grass,yes,yes.
i2t,0,A woman walking in a field,0,A woman walking in a field,no,no.
i2t,0,A woman is standing in a meadow.,0,A woman is standing in a meadow.,yes,yes.
i2t,0,A girl stands in the grass.,0,A girl stands in the grass.,yes,yes.
i2t,0,A girl is standing on the field.,0,A girl is standing on the field.,yes,yes.
i2t,0,A girl stands in a meadow.,0,A girl stands in a meadow.,yes,yes.
i2t,0,A woman stands in the field.,0,A woman stands in the field.,yes,yes.
i2t,0,A girl standing in grass.,0,A girl standing in grass.,yes,yes.
i2t,0,A girl sitting in a field.,0,A girl sitting in a field.,no,no.
i2t,0,A girl stands in grass.,0,A girl stands in grass.,yes,yes.
i2t,0,A woman stands in a meadow.,0,A woman stands in a meadow.,yes,yes.
i2t,0,A woman standing in a meadow.,0,A woman standing in a meadow.,yes,yes.
i2t,0,A little girl standing in a meadow,0,A little girl standing in a meadow,no,no.
i2t,0,A girl sits in a meadow.,0,A girl sits in a meadow.,yes,yes.
i2t,1452,girl run on the road,1452,girl run on the road,yes,yes.
i2t,1452,A GIRL WALKS IN THE ROAD,1452,A GIRL WALKS IN THE ROAD,yes,yes.
i2t,1452,A girl runs on a path.,1452,A girl runs on a path.,yes,yes.
i2t,1452,A woman runs on the road.,1452,A woman runs on the road.,no,no.
i2t,1452,The girl runs on the hill,1452,The girl runs on the hill,no,no.
i2t,1452,The girl runs on the trail.,1452,The girl runs on the trail.,yes,yes.
i2t,1452,A girl runs down a road.,1452,A girl runs down a road.,yes,yes.
i2t,1452,A girls is walking to a car,1452,A girls is walking to a car,no,no.
i2t,1452,A person takes a step on their walk.,1452,A person takes a step on their walk.,no,no.
i2t,1452,A person takes the road.,1452,A person takes the road.,yes,yes.
i2t,1452,A girl walks down the road.,1452,A girl walks down the road.,yes,yes.
i2t,1452,A woman standing in the middle of a dirt road.,1452,A woman standing in the middle of a dirt road.,no,no.
i2t,1452,A girl is walking on a road,1452,A girl is walking on a road,yes,yes.
i2t,1452,A girl hitchikes by the road,1452,A girl hitchikes by the road,no,no.
i2t,1452,A girl hitchhikes on the side of the road.,1452,A girl hitchhikes on the side of the road.,no,no.
i2t,1452,There is a woman walking down the road.,1452,There is a woman walking down the road.,yes,yes.
i2t,1452,A woman is walking on the road.,1452,A woman is walking on the road.,yes,yes.
i2t,1452,A girl walks on a road,1452,A girl walks on a road,yes,yes.
i2t,1452,A girl hitchhikes on the road.,1452,A girl hitchhikes on the road.,no,no.
i2t,1452,A person running the trail,1452,A person running the trail,no,no
i2t,1452,A person walking on a trail.,1452,A person walking on a trail.,yes,yes.
i2t,1452,A man walking on a trail,1452,A man walking on a trail,no,no.
i2t,1452,A person running down the road,1452,A person running down the road,no,no
i2t,1452,A woman is running on a trail.,1452,A woman is running on a trail.,no,no.
i2t,1452,People walking on a trail.,1452,People walking on a trail.,yes,yes.
i2t,1452,Men are walking on a trail.,1452,Men are walking on a trail.,no,no.
i2t,1452,A person walks down the mountain.,1452,A person walks down the mountain.,no,no.
i2t,1452,A man running on the trail.,1452,A man running on the trail.,no,no.
i2t,1452,A man is running up the hill.,1452,A man is running up the hill.,no,no.
i2t,1452,Many people take to the road.,1452,Many people take to the road.,no,no.
i2t,1452,Multiple persons walking a trail.,1452,Multiple persons walking a trail.,yes,yes.
i2t,1452,A woman walks towards the hill.,1452,A woman walks towards the hill.,no,no.
i2t,1452,a girl hitchikke on the road,1452,a girl hitchikke on the road,no,no
i2t,1452,The person is walking the trail.,1452,The person is walking the trail.,yes,yes.
i2t,1452,A woman walks down the road.,1452,A woman walks down the road.,yes,yes.
i2t,1452,The girls run down the hill.,1452,The girls run down the hill.,no,no.
i2t,1452,The person rides on the trail.,1452,The person rides on the trail.,yes,yes.
i2t,1452,person walk on the hill,1452,person walk on the hill,yes,yes.
i2t,1452,A man goes for a walk on a path.,1452,A man goes for a walk on a path.,no,no.
i2t,1452,A person walks down a road towards a motorcycle.,1452,A person walks down a road towards a motorcycle.,yes,yes.
i2t,1452,A woman walks on a hill.,1452,A woman walks on a hill.,no,no.
i2t,1452,A woman walks along a trail.,1452,A woman walks along a trail.,yes,yes.
i2t,1452,They took a walk on the road in the forest,1452,They took a walk on the road in the forest,no,no.
i2t,1452,Man walks on a path.,1452,Man walks on a path.,no,no.
i2t,1452,A women walks across the desert.,1452,A women walks across the desert.,no,no.
i2t,1452,A couple walks in the desert,1452,A couple walks in the desert,no,no
i2t,1452,A woman runs of a road.,1452,A woman runs of a road.,no,no.
i2t,1452,A couple hiking in a desert.,1452,A couple hiking in a desert.,no,no.
i2t,1452,A woman is running down a road at sunset.,1452,A woman is running down a road at sunset.,no,no.
i2t,1452,A woman running down a road.,1452,A woman running down a road.,no,no.
i2t,1452,A person runs on a road through a mountain pass.,1452,A person runs on a road through a mountain pass.,no,no.
i2t,1452,A woman running on a hill.,1452,A woman running on a hill.,no,no.
i2t,6299,A PICTURE OF A TEAM PLAYER BRINGS UNITY,6299,A PICTURE OF A TEAM PLAYER BRINGS UNITY,no,no.
i2t,6299,A team takes the ball from the other team.,6299,A team takes the ball from the other team.,no,no.
i2t,6299,One person wins against another person,6299,One person wins against another person,no,no.
i2t,6299,a man will pass a wall,6299,a man will pass a wall,no,no.
i2t,6299,people make a team.,6299,people make a team.,yes,yes.
i2t,6299,A person is pulling another person.,6299,A person is pulling another person.,yes,yes.
i2t,6299,The person will carry the other person.,6299,The person will carry the other person.,no,no.
i2t,6299,the person is running in a Team,6299,the person is running in a Team,no,no.
i2t,6299,A person working with a team,6299,A person working with a team,no,no.
i2t,6299,The teacher helps the student.,6299,The teacher helps the student.,no,no.
i2t,6299,A person pulls another person.,6299,A person pulls another person.,yes,yes.
i2t,6299,A man climbs a wall.,6299,A man climbs a wall.,yes,yes.
i2t,6299,A man climbs up a wall.,6299,A man climbs up a wall.,no,no.
i2t,6299,A person helps another person climb.,6299,A person helps another person climb.,yes,yes.
i2t,6299,a man walking on an edge,6299,a man walking on an edge,no,no.
i2t,6299,The woman pulls the man.,6299,The woman pulls the man.,no,no.
i2t,6299,A man climns a wall.,6299,A man climns a wall.,no,no.
i2t,6299,A woman climbs a wall.,6299,A woman climbs a wall.,no,no.
i2t,6299,a man jumping in the background,6299,a man jumping in the background,no,no
i2t,6299,a person hangs the wall,6299,a person hangs the wall,no,no.
i2t,6299,man stand behind the wall,6299,man stand behind the wall,no,no.
i2t,6299,A man leaning on a wall,6299,A man leaning on a wall,no,no.
i2t,6299,The boy is standing behind the wall.,6299,The boy is standing behind the wall.,no,no.
i2t,6299,this person makes the image,6299,this person makes the image,no,no
i2t,6299,The boy stands against the wall.,6299,The boy stands against the wall.,no,no.
i2t,6299,a person sitting on the wall,6299,a person sitting on the wall,no,no.
i2t,6299,The man did a wall sit.,6299,The man did a wall sit.,no,no.
i2t,6299,A person is accompanying another person.,6299,A person is accompanying another person.,yes,yes.
i2t,6299,A person is encouraging another person,6299,A person is encouraging another person,yes,yes.
i2t,6299,The woman pushes the man to do better.,6299,The woman pushes the man to do better.,no,no.
i2t,6299,The woman pushes the man.,6299,The woman pushes the man.,no,no.
i2t,6299,A person supports another person.,6299,A person supports another person.,yes,yes.
i2t,6299,Man stepping Up,6299,Man stepping Up,no,no.
i2t,6299,A man carrying another person.,6299,A man carrying another person.,no,no.
i2t,6299,A person walks on the building's edge.,6299,A person walks on the building's edge.,no,no.
i2t,6299,A person climbs over a wall,6299,A person climbs over a wall,no,no.
i2t,6299,woman clim the wall,6299,woman clim the wall,no,no.
i2t,6299,A man is climbing to the top of a cliff.,6299,A man is climbing to the top of a cliff.,no,no.
